sample_matrix_group;sample_matrix;analysis_group;analysis_item_name_vi;analysis_item_name_en;public_group_code;Equipment_type;LOD;LOQ;TAT_Normal;TAT_Fast;TAT_Urgent; unit_price ; Analysis Group Whole group standard 
BAO BÌ;Bao bì;;Hàm lượng Germani;Germani (Ge) content;QCVN 12-1:2011/BYT;ICP-MS;;0.05 µg/mL;72;;; 140.000 ; NA 
BAO BÌ;Bao bì dụng cụ bằng cao su tiếp xúc với thực phẩm;;Hàm lượng Chì (Pb);Lead (Pb) content;QCVN 12-2: 2011/BYT;ICP-MS;;0,25 µg/g;120;;; 140.000 ; NA 
BAO BÌ;Bao bì dụng cụ bằng cao su tiếp xúc với thực phẩm;;Hàm lượng Cadimi (Cd);Cadmium (Cd) content;QCVN 12-2: 2011/BYT;ICP-MS;;0,25 µg/g;120;;; 140.000 ; NA 
BAO BÌ;Bao bì dụng cụ bằng cao su tiếp xúc với thực phẩm;;Hàm lượng Kẽm (Zn) (Dung dịch ngâm thôi axit acetic 4%);Zinc (Zn) content (Immersion in acetic acid 4%);QCVN 12-2: 2011/BYT;F-AAS;;0.1µg/ml;120;;; 140.000 ; NA 
BAO BÌ;Bao bì dụng cụ bằng kim loại tiếp xúc với thực phẩm;;Hàm lượng Cadimi (Cd) (Dung dịch ngâm thôi nước);Cadmium (Cd) content (Immersion in water);QCVN 12-3: 2011/BYT;F-AAS;;0.05 µg/ml;120;;; 140.000 ; NA 
BAO BÌ;Bao bì dụng cụ bằng kim loại tiếp xúc với thực phẩm;;Hàm lượng Cadimi (Cd) (Dung dịch ngâm thôi axit citric);Cadmium (Cd) content (Immersion in citric acid);QCVN 12-3: 2011/BYT;F-AAS;;0.05 µg/ml;120;;; 140.000 ; NA 
BAO BÌ;Bao bì dụng cụ bằng kim loại tiếp xúc với thực phẩm;;Hàm lượng Chì (Pb) (Dung dịch ngâm thôi nước);Lead (Pb) content (Immersion in water);QCVN 12-3: 2011/BYT;F-AAS;;0.2µg/ml;120;;; 140.000 ; NA 
BAO BÌ;Bao bì dụng cụ bằng kim loại tiếp xúc với thực phẩm;;Hàm lượng Chì (Pb) (Dung dịch ngâm thôi axit citric);Lead (Pb) content (Immersion in citric acid);QCVN 12-3: 2011/BYT;F-AAS;;0.2µg/ml;120;;; 140.000 ; NA 
BAO BÌ;Bao bì dụng cụ bằng kim loại tiếp xúc với thực phẩm;;Hàm lượng Asen (As) (Dung dịch ngâm thôi nước);Arsenic (As) content (Immersion in water);QCVN 12-3: 2011/BYT;GF-AAS;;0.01 µg/ml;120;;; 140.000 ; NA 
BAO BÌ;Bao bì dụng cụ bằng kim loại tiếp xúc với thực phẩm;;Hàm lượng Asen (As) (Dung dịch ngâm thôi axit citric);Arsenic (As) content (Immersion in citric acid);QCVN 12-3: 2011/BYT;GF-AAS;;0.01 µg/ml;120;;; 140.000 ; NA 
BAO BÌ;Bao bì dụng cụ bằng nhựa tiếp xúc với thực phẩm;;Hàm lượng KMnO4 tiêu tốn trong nhựa;Potassium permanganate consumed content;QCVN 12-1: 2011/BYT;-;;3.0 µg/ml;120;;; 140.000 ; NA 
BAO BÌ;Bao bì dụng cụ bằng nhựa tiếp xúc với thực phẩm;;Hàm lượng Antinmon (Sb) (Dung dịch ngâm thôi Axit acetic 4%);Antimon (Sb) content (Immersion in acetic acid 4%);QCVN 12-1: 2011/BYT;GF-AAS;;0.01 µg/ml;120;;; 140.000 ; NA 
BAO BÌ;Bao bì dụng cụ bằng nhựa, cao su tiếp xúc với thực phẩm;;Hàm lượng Cadimi (Cd) trong vật liệu;Cadmium (Cd) content (in materials);"QCVN 12-1: 2011/BYT
QCVN 12-2:2011/BYT";F-AAS;;5 µg/g;120;;; 140.000 ; NA 
BAO BÌ;Bao bì dụng cụ bằng nhựa, cao su tiếp xúc với thực phẩm;;Hàm lượng Chì (Pb) trong vật liệu;Lead (Pb) content (in materials);"QCVN 12-1: 2011/BYT
QCVN 12-2:2011/BYT";F-AAS;;10 µg/g;120;;; 140.000 ; NA 
BAO BÌ;Bao bì dụng cụ bằng nhựa, cao su tiếp xúc với thực phẩm;;Hàm lượng kim loại nặng quy ra chì (Dung dịch ngâm thôi Axit Axetic 4%);Migrated heavy metal content (as Lead content) Immersion in acetic acid 4% ;"QCVN 12-1: 2011/BYT
QCVN 12-2:2011/BYT";Định tính;;1 µg/ml;120;;; 140.000 ; NA 
BAO BÌ;Bao bì dụng cụ bằng nhựa, cao su tiếp xúc với thực phẩm;;Hàm lượng Phenol thôi nhiễm;Migrated phenol content;"QCVN 12-1: 2011/BYT
QCVN 12-2:2011/BYT";UV-Vis;;5 µg/mL;120;;; 350.000 ; NA 
BAO BÌ;Bao bì dụng cụ bằng nhựa, cao su, kim loại tiếp xúc với thực phẩm;;Hàm lượng cặn khô (Tiếp xúc với ethanol 20%);Dried residue content (Immersion in Ethanol 20%);"QCVN 12-1: 2011/BYT 
QCVN 12-2: 2011/BYT
QCVN 12-3: 2011/BYT";Trọng lượng;;10 µg/ml;120;;; 140.000 ; NA 
BAO BÌ;Bao bì dụng cụ bằng nhựa, cao su, kim loại tiếp xúc với thực phẩm;;Hàm lượng cặn khô (Tiếp xúc với nước cất);Dried residue content (Immersion in water);"QCVN 12-1: 2011/BYT 
QCVN 12-2: 2011/BYT
QCVN 12-3: 2011/BYT";Trọng lượng;;10 µg/ml;120;;; 140.000 ; NA 
BAO BÌ;Bao bì dụng cụ bằng nhựa, cao su, kim loại tiếp xúc với thực phẩm;;Hàm  lượng cặn  khô  (Tiếp xúc với axit axetic 4%);Dried residue content (Immersion   in acetic acid 4%);"QCVN 12-1: 2011/BYT 
QCVN 12-2: 2011/BYT
QCVN 12-3: 2011/BYT";Trọng lượng;;10 µg/ml;120;;; 140.000 ; NA 
BAO BÌ;Bao bì dụng cụ bằng nhựa, cao su, kim loại tiếp xúc với thực phẩm;;Hàm lượng cặn khô  (Tiếp xúc với n-Heptan);Dried residue content (Immersion in n-Heptane);"QCVN 12-1: 2011/BYT 
QCVN 12-2: 2011/BYT
QCVN 12-3: 2011/BYT";Trọng lượng;;10 µg/ml;120;;; 140.000 ; NA 
BAO BÌ;Bao bì dụng cụ bằng nhựa, cao su, kim loại tiếp xúc với thực phẩm;;Formaldehyd thôi nhiễm;Formaldehyde content;"QCVN 12-1: 2011/BYT 
QCVN 12-2: 2011/BYT
QCVN 12-3: 2011/BYT";Định tính;;0.5 µg/mL;120;;; 350.000 ; NA 
BAO BÌ;Bao bì dụng cụ làm bằng thủy tinh có lòng sâu;;Hàm lượng Cadimi (Cd) (Dung dịch ngâm thôi axit citric);Cadmium (Cd) content (Immersion in citric acid);"QCVN 12-4: 2015/BYT
TCVN 7147-1: 2002";F-AAS;;0,05 µg/ml;120;;; 140.000 ; NA 
BAO BÌ;Bao bì dụng cụ làm bằng thủy tinh có lòng sâu;;Hàm lượng Chì (Pb) (Dung dịch ngâm thôi axit citric);Lead (Pb) content (Immersion in citric acid);"QCVN 12-4: 2015/BYT
TCVN 7147-1: 2002";F-AAS;;0,2 µg/ml;120;;; 140.000 ; NA 
BAO BÌ;Bao bì dụng cụ làm bằng thủy tinh, gốm, gốm thuỷ tinh tiếp xúc trực tiếp với thực phẩm;;Hàm lượng Cadimi (Cd) (Dung dịch ngâm thôi axit citric);Cadmium (Cd) content (Immersion in citric acid);"QCVN 12-4: 2015/BYT
TCVN 7146-1: 2002";F-AAS;;"Lòng nông phẳng: 0.05 mg/dm2
Lòng sâu: 0.05 µg/ml
Vành uống: 0,05 mg/vành uống";120;;; 140.000 ; NA 
BAO BÌ;Bao bì dụng cụ làm bằng thủy tinh, gốm, gốm thuỷ tinh tiếp xúc trực tiếp với thực phẩm;;Hàm lượng Chì (Pb) (Dung dịch ngâm thôi axit citric);Lead (Pb) content (Immersion in citric acid);"QCVN 12-4: 2015/BYT
TCVN 7146-1: 2002";F-AAS;;"Lòng nông phẳng: 0.2 mg/dm2
Lòng sâu: 0.2 µg/ml
Vành uống: 0,2 mg/vành uống";120;;; 140.000 ; NA 
BAO BÌ;Bao bì dụng cụ tráng men;;Hàm lượng Cadimi (Cd) (Dung dịch ngâm thôi axit citric);Cadmium (Cd) content (Immersion in citric acid);"QCVN 12-4: 2015/BYT
TCVN 7542-1: 2005";F-AAS;;"Lòng nông phẳng: 0.05 mg/dm2
Lòng sâu: 0.05 µg/ml
Vành uống: 0,05 mg/vành uống";120;;; 140.000 ; NA 
BAO BÌ;Bao bì dụng cụ tráng men;;Hàm lượng Chì (Pb) (Dung dịch ngâm thôi axit citric);Lead (Pb) content (Immersion in citric acid);"QCVN 12-4: 2015/BYT
TCVN 7542-1: 2005";F-AAS;;"Lòng nông phẳng: 0.2 mg/dm2
Lòng sâu: 0.2 µg/ml
Vành uống: 0,2 mg/vành uống";120;;; 140.000 ; NA 
BAO BÌ;Bao bì giấy, bao bì nhựa;METAL/ICP-MS;Hàm lượng Antimon (Sb);Antimon (Sb) content;VLAB-CH-TP-042;ICP-MS;;0.002 mg/kg;72;;; 140.000 ; NA 
BAO BÌ;Bao bì giấy, bao bì nhựa;METAL/ICP-MS;Hàm lượng Crom (Cr);Chromium (Cr) content;VLAB-CH-TP-042;ICP-MS;;0.002 mg/kg;72;;; 140.000 ; NA 
BAO BÌ;Bao bì giấy, bao bì nhựa;METAL/ICP-MS;Hàm lượng Mangan (Mn);Manganese (Mn) content;VLAB-CH-TP-042;ICP-MS;;0.002 mg/kg;72;;; 140.000 ; NA 
BAO BÌ;Bao bì giấy, bao bì nhựa;METAL/ICP-MS;Hàm lượng Lanthan (La);Lanthanium (La) content;VLAB-CH-TP-042;ICP-MS;;0.001 mg/kg;72;;; 140.000 ; NA 
BAO BÌ;Bao bì giấy, bao bì nhựa;METAL/ICP-MS;Hàm lượng Europi (Eu);Europu (Eu) content;VLAB-CH-TP-042;ICP-MS;;0.001 mg/kg;72;;; 140.000 ; NA 
BAO BÌ;Bao bì giấy, bao bì nhựa;METAL/ICP-MS;Hàm lượng Gadolini (Gd);Gadolinium (Gd) content;VLAB-CH-TP-042;ICP-MS;;0.001 mg/kg;72;;; 140.000 ; NA 
BAO BÌ;Bao bì giấy, bao bì nhựa;METAL/ICP-MS;Hàm lượng Terbi (Tb);Terbi (Tb) content;VLAB-CH-TP-042;ICP-MS;;0.001 mg/kg;72;;; 140.000 ; NA 
BAO BÌ;Bao bì giấy, bao bì nhựa;METAL/ICP-MS;Hàm lượng Chì (Pb);Lead (Pb) content;VLAB-CH-TP-042;ICP-MS;;0.0005 mg/kg;72;;; 140.000 ; NA 
BAO BÌ;Bao bì giấy, bao bì nhựa;METAL/ICP-MS;Hàm lượng Cadimi (Cd);Cadmium (Cd) content;VLAB-CH-TP-042;ICP-MS;;0.0005 mg/kg;72;;; 140.000 ; NA 
BAO BÌ;Bao bì giấy, bao bì nhựa;METAL/ICP-MS;Hàm lượng Asen (As);Arsenic (As) content;VLAB-CH-TP-042;ICP-MS;;0.0005 mg/kg;72;;; 140.000 ; NA 
BAO BÌ;Bao bì giấy, bao bì nhựa;METAL/ICP-MS;Hàm lượng Bari (Ba);Barium (Ba) content;VLAB-CH-TP-042;ICP-MS;;0.02 mg/kg;72;;; 140.000 ; NA 
BAO BÌ;Bao bì giấy, bao bì nhựa;METAL/ICP-MS;Hàm lượng Đồng (Cu);Copper (Cu) content;VLAB-CH-TP-042;ICP-MS;;0.02 mg/kg;72;;; 140.000 ; NA 
BAO BÌ;Bao bì giấy, bao bì nhựa;METAL/ICP-MS;Hàm lượng Nhôm (Al);Aluminum (Al) content;VLAB-CH-TP-042;ICP-MS;;0.02 mg/kg;72;;; 140.000 ; NA 
BAO BÌ;Bao bì giấy, bao bì nhựa;METAL/ICP-MS;Hàm lượng Kẽm (Zn);Zinc (Zn) content;VLAB-CH-TP-042;ICP-MS;;0.02 mg/kg;72;;; 140.000 ; NA 
BAO BÌ;Bao bì giấy, bao bì nhựa;METAL/ICP-MS;Hàm lượng Sắt (Fe);Iron (Fe) content;VLAB-CH-TP-042;ICP-MS;;0.02 mg/kg;72;;; 140.000 ; NA 
BAO BÌ;Bao bì giấy, bao bì nhựa;METAL/ICP-MS;Hàm lượng Magie (Mg);Magnesium (Mg) content;VLAB-CH-TP-042;ICP-MS;;0.1 mg/kg;72;;; 140.000 ; NA 
BAO BÌ;Bao bì giấy, bao bì nhựa;METAL/ICP-MS;Hàm lượng Canxi (Ca);Calcium (Ca) content;VLAB-CH-TP-042;ICP-MS;;0.1 mg/kg;72;;; 140.000 ; NA 
BAO BÌ;Bao bì giấy, bao bì nhựa;METAL/ICP-MS;Hàm lượng Natri (Na);Sodium (Na) content;VLAB-CH-TP-042;ICP-MS;;0.1 mg/kg;72;;; 140.000 ; NA 
BAO BÌ;Bao bì giấy, bao bì nhựa;METAL/ICP-MS;Hàm lượng Kali (K);Potassium (K) content;VLAB-CH-TP-042;ICP-MS;;0.1 mg/kg;72;;; 140.000 ; NA 
BAO BÌ;Bao bì giấy, bao bì nhựa;METAL/ICP-MS;Hàm lượng Thủy ngân (Hg);Mercury (Hg) content;VLAB-CH-TP-042;ICP-MS;;0.0001 mg/kg;72;;; 140.000 ; NA 
BAO BÌ;Bao bì tiếp xúc thực phẩm từ nhựa nylon (PA);;Caprolactam thỗi nhiễm trong Ethanol 20% từ trong bao bì, dụng cụ tiếp xúc trực tiếp với thực phẩm;;QCVN 12-1: 2011/BYT;GC-MS/MS;;1µg/mL;72;;; 350.000 ; NA 
BAO BÌ;Bao bì tiếp xúc thực phẩm từ nhựa polycarbonat (PC);;Triethylamine;;QCVN 12-1: 2011/BYT;GC-MS/MS;;1mg/g;72;;; 490.000 ; NA 
BAO BÌ;Bao bì tiếp xúc thực phẩm từ nhựa polycarbonat (PC);;Tributylamine;;QCVN 12-1: 2011/BYT;GC-MS/MS;;1mg/g;72;;; 490.000 ; NA 
BAO BÌ;Bao bì tiếp xúc thực phẩm từ nhựa polycarbonat (PC) ;;Bisphenol A (phenol, tert butyl phenol)/thôi nhiễm trong nước;;QCVN 12-1: 2011/BYT;HPLC-PDA;;0.3 µg/mL;72;;; 350.000 ; NA 
BAO BÌ;Bao bì tiếp xúc thực phẩm từ nhựa polycarbonat (PC) ;;"Bisphenol A (phenol, tert butyl phenol)/ thôi nhiễm trong Heptan; Ethanol; acid acetic";;QCVN 12-1: 2011/BYT;HPLC-PDA;;0.3 µg/mL;72;;; 350.000 ; NA 
BAO BÌ;Bao bì tiếp xúc thực phẩm từ nhựa polycarbonat (PC) ;;Bisphenol A (phenol, tert butyl phenol) trong vật liệu;;QCVN 12-1: 2011/BYT;HPLC-PDA;;10 µg/g;72;;; 350.000 ; NA 
BAO BÌ;Bao bì tiếp xúc thực phẩm từ nhựa polycarbonat (PC) ;;Các Amin (Triethylamine, Tributylamine) trong bao bì, dụng cụ tiếp xúc trực tiếp với thực phẩm;;QCVN 12-1: 2011/BYT;GC-MS/MS;;1mg/g;72;;; 490.000 ; NA 
BAO BÌ;Bao bì tiếp xúc thực phẩm từ nhựa polymethyl Metacrylat (PMMA);;Methyl methacrylat thôi nhiễm trong Ethanol 20% từ trong bao bì, dụng cụ tiếp xúc trực tiếp với thực phẩm;;QCVN 12-1: 2011/BYT;GC-MS/MS;;1µg/ml;72;;; 350.000 ; NA 
BAO BÌ;Bao bì tiếp xúc thực phẩm từ nhựa polystyren (PS);;các chất bay hơi (Styrene, Toluene, Ethylbenzene, Isopropylbenzebe, Propylbenzene) trong bao bì, dụng cụ tiếp xúc trực tiếp với thực phẩm;;QCVN 12-1: 2011/BYT;GC-MS/MS;;1µg/g;72;;; 350.000 ; NA 
BAO BÌ;Bao bì tiếp xúc thực phẩm từ nhựa polystyren (PS);;Styrene;;QCVN 12-1: 2011/BYT;GC-MS/MS;;1mg/g;72;;; 350.000 ; NA 
BAO BÌ;Bao bì tiếp xúc thực phẩm từ nhựa polystyren (PS);;Toluene;;QCVN 12-1: 2011/BYT;GC-MS/MS;;1mg/g;72;;; 350.000 ; NA 
BAO BÌ;Bao bì tiếp xúc thực phẩm từ nhựa polystyren (PS);;Ethylbenzene;;QCVN 12-1: 2011/BYT;GC-MS/MS;;1mg/g;72;;; 350.000 ; NA 
BAO BÌ;Bao bì tiếp xúc thực phẩm từ nhựa polystyren (PS);;Isopropylbenzene;;QCVN 12-1: 2011/BYT;GC-MS/MS;;1mg/g;72;;; 350.000 ; NA 
BAO BÌ;Bao bì tiếp xúc thực phẩm từ nhựa polystyren (PS);;Propylbenzene;;QCVN 12-1: 2011/BYT;GC-MS/MS;;1mg/g;72;;; 350.000 ; NA 
BAO BÌ;Bao bì tiếp xúc thực phẩm từ nhựa polyvinyl clorid (PVC);;Cresyl phosphate;;QCVN 12-1: 2011/BYT;HPLC-PDA;;0.3 µg/g;72;;; 350.000 ; NA 
BAO BÌ;Bao bì tiếp xúc thực phẩm từ nhựa polyvinyl clorid (PVC);;Vinyl clorid trong bao bì, dụng cụ tiếp xúc trực tiếp với thực phẩm;;QCVN 12-1: 2011/BYT;GC-MS/MS;;1µg/g;72;;; 350.000 ; NA 
BAO BÌ;Bao bì tiếp xúc thực phẩm từ nhựa polyvinyl clorid (PVC);;Dibutyl Thiếc trong bao bì, dụng cụ tiếp xúc trực tiếp với thực phẩm;;QCVN 12-1: 2011/BYT;GC-MS/MS;;1µg/g;72;;; 700.000 ; NA 
BAO BÌ;Bao bì tiếp xúc thực phẩm từ nhựa Polyvinylden Clorid (PVDC);;Vinyliden chloride trong bao bì, dụng cụ tiếp xúc trực tiếp với thực phẩm;;QCVN 12-1: 2011/BYT;GC-MS/MS;;1mg/g;72;;; 350.000 ; NA 
BAO BÌ;Bao bì, dụng cụ đun nấu (trừ gốm, thủy tinh) ;;Hàm lượng Chì (Pb);Lead (Pb) content;Quyết định số 46/2007/QĐ-BYT;ICP-MS;;0.1 mg/kg;72;;; 140.000 ; NA 
BAO BÌ;Bao bì, dụng cụ đun nấu (trừ gốm, thủy tinh) ;;Hàm lượng Cadimi (Cd);Cadmium (Cd) content;Quyết định số 46/2007/QĐ-BYT;ICP-MS;;0.05 mg/kg;72;;; 140.000 ; NA 
BAO BÌ;Bao bì, dụng cụ đun nấu (trừ gốm, thủy tinh) ;;Hàm lượng Asen (As);Arsenic (As) content;Quyết định số 46/2007/QĐ-BYT;ICP-MS;;0.05 mg/kg;72;;; 140.000 ; NA 
BAO BÌ;Bao bì, dụng cụ đun nấu (trừ gốm, thủy tinh) ;;Hàm lượng Antimon (Sb);Antimon (Sb) content;Quyết định số 46/2007/QĐ-BYT;ICP-MS;;0.1 mg/kg;72;;; 140.000 ; NA 
BAO BÌ;Bao bì, dụng cụ tiếp xúc trực tiếp với thực phẩm;;Vinyliden chloride ;;VLAB-CH-TP-632 (QCVN 12-1:2011/BYT);-;;;72;;; 350.000 ; NA 
BAO BÌ;Bao bì, dụng cụ tiếp xúc trực tiếp với thực phẩm;;Amin (triethylamin, tributylamin);;VLAB-CH-TP-633 (QCVN 12-1:2011/BYT);-;;;72;;; 350.000 ; NA 
BAO BÌ;Bao bì, dụng cụ tiếp xúc trực tiếp với thực phẩm;;Methyl methacrylate;;VLAB-CH-TP-634 (QCVN 12-1:2011/BYT);-;;;72;;; 350.000 ; NA 
BAO BÌ;Bao bì, dụng cụ tiếp xúc trực tiếp với thực phẩm;;Acid lactic tổng số;;VLAB-CH-TP-761;-;;;72;;; 350.000 ; NA 
BAO BÌ;Bao bì, vật liệu nhựa tiếp xúc thực phẩm;;Hàm lượng Chì (Pb);Lead (Pb) content;QCVN 12-1: 2011/BYT;ICP-MS;;0,25 mg/kg;120;;; 140.000 ; NA 
BAO BÌ;Bao bì, vật liệu nhựa tiếp xúc thực phẩm;;Hàm lượng Cadimi (Cd);Cadmium (Cd) content;QCVN 12-1: 2011/BYT;ICP-MS;;0,25 mg/kg;120;;; 140.000 ; NA 
BAO BÌ;Bao bì, vật liệu vật dụng bằng gốm, gốm thủy tinh tiếp xúc trực tiếp với thực phẩm;;Hàm lượng Chì (Pb) thôi nhiễm (Chiết trong acid acetic 4%);Migrated Lead (Pb) content (Leaching solution: 4% Acetic acid);"QCVN 12-4: 2015/BYT 
TCVN 7146-1:2002 ";ICP-MS;;"Lòng sâu: 0,005 mg/L
Lòng nông phẳng: 0,0005 mg/dm2 ";72;;; 140.000 ; NA 
BAO BÌ;Bao bì, vật liệu vật dụng bằng gốm, gốm thủy tinh tiếp xúc trực tiếp với thực phẩm;;Hàm lượng Cadimi (Cd) thôi nhiễm (Chiết trong acid acetic 4%);Migrated Cadmium (Cd) content (Leaching solution: 4% Acetic acid);"QCVN 12-4: 2015/BYT 
TCVN 7146-1:2002 ";ICP-MS;;"Lòng sâu: 0,0025 mg/L
Lòng nông phẳng: 0,00025 mg/dm2 ";72;;; 140.000 ; NA 
BAO BÌ;Bao bì, vật liệu vật dụng bằng kim loại tiếp xúc trực tiếp với thực phẩm;;Hàm lượng Chì (Pb) thôi nhiễm (Chiết trong acid acetic 0,5%);Migrated Lead (Pb) content (Leaching solution: 0,5% Acetic acid);QCVN 12-3: 2011/BYT ;ICP-MS;;0,005 mg/L;72;;; 140.000 ; NA 
BAO BÌ;Bao bì, vật liệu vật dụng bằng kim loại tiếp xúc trực tiếp với thực phẩm;;Hàm lượng Cadimi (Cd) thôi nhiễm (Chiết trong acid acetic 0,5%);Migrated Cadmium (Cd) content (Leaching solution: 0,5% Acetic acid);QCVN 12-3: 2011/BYT ;ICP-MS;;0,0025 mg/L;72;;; 140.000 ; NA 
BAO BÌ;Bao bì, vật liệu vật dụng bằng kim loại tiếp xúc trực tiếp với thực phẩm;;Hàm lượng Asen (As) thôi nhiễm (Chiết trong acid acetic 0,5%);Migrated  Arsenic (As) content (Leaching solution: 0,5% Acetic acid);QCVN 12-3: 2011/BYT ;ICP-MS;;0,0025 mg/L;72;;; 140.000 ; NA 
BAO BÌ;Bao bì, vật liệu vật dụng bằng kim loại tiếp xúc trực tiếp với thực phẩm;;Hàm lượng Chì (Pb) thôi nhiễm (Chiết trong nước);Migrated Lead (Pb) content (Leaching solution: water);QCVN 12-3: 2011/BYT ;ICP-MS;;0,005 mg/L;72;;; 140.000 ; NA 
BAO BÌ;Bao bì, vật liệu vật dụng bằng kim loại tiếp xúc trực tiếp với thực phẩm;;Hàm lượng Cadimi (Cd) thôi nhiễm (Chiết trong nước);Migrated Cadmium (Cd) content (Leaching solution: water);QCVN 12-3: 2011/BYT;ICP-MS;;0,0025 mg/L;72;;; 140.000 ; NA 
BAO BÌ;Bao bì, vật liệu vật dụng bằng kim loại tiếp xúc trực tiếp với thực phẩm;;Hàm lượng Asen (As) thôi nhiễm (Chiết trong nước);Migrated  Arsenic (As) content (Leaching solution: water);QCVN 12-3: 2011/BYT ;ICP-MS;;0,0025 mg/L;72;;; 140.000 ; NA 
BAO BÌ;Bao bì, vật liệu vật dụng bằng thuỷ tinh tiếp xúc trực tiếp với thực phẩm;;Hàm lượng Chì (Pb) thôi nhiễm (Chiết trong acid acetic 4%);Migrated Lead (Pb) content (Leaching solution: 4% Acetic acid);"QCVN 12-4: 2015/BYT 
TCVN 7147-1: 2002";ICP-MS;;0,005 mg/L;72;;; 140.000 ; NA 
BAO BÌ;Bao bì, vật liệu vật dụng bằng thuỷ tinh tiếp xúc trực tiếp với thực phẩm;;Hàm lượng Cadimi (Cd) thôi nhiễm (Chiết trong acid acetic 4%);Migrated Cadmium (Cd) content (Leaching solution: 4% Acetic acid);"QCVN 12-4: 2015/BYT 
TCVN 7147-1: 2002 ";ICP-MS;;0,0025 mg/L;72;;; 140.000 ; NA 
BAO BÌ;Bao bì, vật liệu vật dụng tráng men thuỷ tinh, men sứ tiếp xúc trực tiếp với thực phẩm;;Hàm lượng Chì (Pb) thôi nhiễm (Chiết trong acid acetic 4%);Migrated Lead (Pb) content (Leaching solution: 4% Acetic acid);"QCVN 12-4: 2015/BYT 
TCVN 7542-1: 2005";ICP-MS;;"Lòng sâu: 0,005 mg/L
Lòng nông phẳng: 0,0005 mg/dm2 ";72;;; 140.000 ; NA 
BAO BÌ;Bao bì, vật liệu vật dụng tráng men thuỷ tinh, men sứ tiếp xúc trực tiếp với thực phẩm;;Hàm lượng Cadimi (Cd) thôi nhiễm (Chiết trong acid acetic 4%);Migrated Cadmium (Cd) content (Leaching solution: 4% Acetic acid);"QCVN 12-4: 2015/BYT 
TCVN 7542-1: 2005";ICP-MS;;"Lòng sâu: 0,0025 mg/L
Lòng nông phẳng: 0,00025 mg/dm2 ";72;;; 140.000 ; NA 
BAO BÌ;Bao bì, vật liệu, vật dụng bằng cao su tiếp xúc trực tiếp với thực phẩm;;Hàm lượng Chì (Pb);Lead (Pb) content;QCVN 12-2: 2011/BYT;ICP-MS;;0.25 mg/kg;72;;; 140.000 ; NA 
BAO BÌ;Bao bì, vật liệu, vật dụng bằng cao su tiếp xúc trực tiếp với thực phẩm;;Hàm lượng Cadimi (Cd);Cadmium (Cd) content;QCVN 12-2: 2011/BYT;ICP-MS;;0.25 mg/kg;72;;; 140.000 ; NA 
BAO BÌ;Bao bì, vật liệu, vật dụng bằng nhựa tiếp xúc trực tiếp với thực phẩm;;Hàm lượng Chì (Pb);Lead (Pb) content;QCVN 12-1: 2011/BYT;ICP-MS;;0.25 mg/kg;72;;; 140.000 ; NA 
BAO BÌ;Bao bì, vật liệu, vật dụng bằng nhựa tiếp xúc trực tiếp với thực phẩm;;Hàm lượng Cadimi (Cd);Cadmium (Cd) content;QCVN 12-1: 2011/BYT;ICP-MS;;0.25 mg/kg;72;;; 140.000 ; NA 
BAO BÌ;Bề mặt bao bì thực phẩm và các loại bao bì khác;;Phát hiện virus SARS COV-2;;VLAB-MI-TP-041; Realtime RT-PCR;/sample;;72;;; 700.000 ;NA
BAO BÌ;Mỹ phẩm;;Hàm lượng Chì (Pb);Lead (Pb) content;TCVN 10088:2013;ICP-MS;;0.01 mg/kg;72;;; 140.000 ; NA 
BAO BÌ;Mỹ phẩm;;Hàm lượng Cadimi (Cd);Cadmium (Cd) content;TCVN 10088:2013;ICP-MS;;0.01 mg/kg;72;;; 140.000 ; NA 
BAO BÌ;Mỹ phẩm;;Hàm lượng Thủy ngân (Hg);Mercury (Hg) content;TCVN 10088:2013;ICP-MS;;0.01 mg/kg;72;;; 140.000 ; NA 
BAO BÌ;Mỹ phẩm;;Hàm lượng Crom (Cr);Chromium (Cr) content;TCVN 10088:2013;ICP-MS;;0.01 mg/kg;72;;; 140.000 ; NA 
BAO BÌ;Mỹ phẩm;METAL/ICP-MS;Hàm lượng Niken (Ni);Nickel (Ni) content;VLAB-CH-TP-042;ICP-MS;;0.002 mg/kg;72;;; 140.000 ; NA 
BAO BÌ;Mỹ phẩm;METAL/ICP-MS;Hàm lượng Coban (Co);Cobalt (Co) content;VLAB-CH-TP-042;ICP-MS;;0,002 mg/kg;72;;; 140.000 ; NA 
BAO BÌ;Thuốc Thú Y;;Styrene;;VLAB-CH-TP-631/ (QCVN 12-1:2011/BYT);-;;;72;;; 350.000 ; NA 
CHẾ PHẨM SINH HỌC;Chế phẩm sinh học, nước ao;;Định lượng Lactobacillus;Enumeration of Lactobacillus;VLAB-MI-TP-023;Đếm khuẩn lạc;Cfu/ml;<1;72;;; 140.000 ;NA
CHẾ PHẨM SINH HỌC;Phân bón;AMINO ACIDS;Aspartic acid;Aspartic acid;VLAB-CH-TP-595;Biochrom;;0,02%;120;;; 350.000 ; 1.400.000 
CHẾ PHẨM SINH HỌC;Phân bón;AMINO ACIDS;Threonine;Threonine;VLAB-CH-TP-595;Biochrom;;0,02%;120;;; 350.000 ; 1.400.000 
CHẾ PHẨM SINH HỌC;Phân bón;AMINO ACIDS;Serine;Serine;VLAB-CH-TP-595;Biochrom;;0,02%;120;;; 350.000 ; 1.400.000 
CHẾ PHẨM SINH HỌC;Phân bón;AMINO ACIDS;Glutamic acid;Glutamic acid;VLAB-CH-TP-595;Biochrom;;0,02%;120;;; 350.000 ; 1.400.000 
CHẾ PHẨM SINH HỌC;Phân bón;AMINO ACIDS;Proline;Proline;VLAB-CH-TP-595;Biochrom;;0,02%;120;;; 350.000 ; 1.400.000 
CHẾ PHẨM SINH HỌC;Phân bón;AMINO ACIDS;Glycine;Glycine;VLAB-CH-TP-595;Biochrom;;0,02%;120;;; 350.000 ; 1.400.000 
CHẾ PHẨM SINH HỌC;Phân bón;AMINO ACIDS;Alanine;Alanine;VLAB-CH-TP-595;Biochrom;;0,02%;120;;; 350.000 ; 1.400.000 
CHẾ PHẨM SINH HỌC;Phân bón;AMINO ACIDS;Valine;Valine;VLAB-CH-TP-595;Biochrom;;0,02%;120;;; 350.000 ; 1.400.000 
CHẾ PHẨM SINH HỌC;Phân bón;AMINO ACIDS;Isoleucine;Isoleucine;VLAB-CH-TP-595;Biochrom;;0,02%;120;;; 350.000 ; 1.400.000 
CHẾ PHẨM SINH HỌC;Phân bón;AMINO ACIDS;Leucine;Leucine;VLAB-CH-TP-595;Biochrom;;0,02%;120;;; 350.000 ; 1.400.000 
CHẾ PHẨM SINH HỌC;Phân bón;AMINO ACIDS;Tyrosine;Tyrosine;VLAB-CH-TP-595;Biochrom;;0,02%;120;;; 350.000 ; 1.400.000 
CHẾ PHẨM SINH HỌC;Phân bón;AMINO ACIDS;Phenylalanie;Phenylalanie;VLAB-CH-TP-595;Biochrom;;0,02%;120;;; 350.000 ; 1.400.000 
CHẾ PHẨM SINH HỌC;Phân bón;AMINO ACIDS;Lysine;Lysine;VLAB-CH-TP-595;Biochrom;;0,02%;120;;; 350.000 ; 1.400.000 
CHẾ PHẨM SINH HỌC;Phân bón;AMINO ACIDS;Histidine;Histidine;VLAB-CH-TP-595;Biochrom;;0,02%;120;;; 350.000 ; 1.400.000 
CHẾ PHẨM SINH HỌC;Phân bón;AMINO ACIDS;Agrinine;Agrinine;VLAB-CH-TP-595;Biochrom;;0,02%;120;;; 350.000 ; 1.400.000 
CHẾ PHẨM SINH HỌC;Phân bón;AMINO ACIDS;Cystine (L-Cystine);Cystine (L-Cystine);VLAB-CH-TP-595;Biochrom;;0,02%;120;;; 350.000 ; 1.400.000 
CHẾ PHẨM SINH HỌC;Phân bón;AMINO ACIDS;Methionine (L-Methionin);Methionine (L-Methionin);VLAB-CH-TP-595;Biochrom;;0,02%;120;;; 350.000 ; 1.400.000 
CHẾ PHẨM SINH HỌC;Phân bón;;Phát hiện Escherichia coli giả định;"Detection of presumptive 
Escherichia coli ";VLAB-MI-TP-003;MPN;/ml;;72;;; 70.000 ;NA
CHẾ PHẨM SINH HỌC;Phân bón;;Phát hiện Escherichia coli giả định;"Detection of presumptive 
Escherichia coli ";VLAB-MI-TP-003;MPN;/g ;;72;;; 70.000 ;NA
CHẾ PHẨM SINH HỌC;Phân bón;;Định lượng Escherichia coli giả định;"Enumeration of presumptive 
Escherichia coli ";VLAB-MI-TP-003;MPN;MPN/ml;0;72;;; 70.000 ;NA
CHẾ PHẨM SINH HỌC;Phân bón;;Định lượng Escherichia coli giả định;"Enumeration of presumptive 
Escherichia coli ";VLAB-MI-TP-003;MPN;MPN/g ;0;72;;; 70.000 ;NA
CHẾ PHẨM SINH HỌC;Phân bón vi sinh;;Trichoderma. spp;;VLAB-MI-TP-040;Đếm khuẩn lạc;CFU/g;<10;168;;; 1.050.000 ;NA
CHẾ PHẨM SINH HỌC;Phân bón vi sinh;;Trichoderma. spp;;VLAB-MI-TP-040;Đếm khuẩn lạc;CFU/ml;<1;168;;; 1.050.000 ;NA
CHẾ PHẨM SINH HỌC;Phân bón vi sinh;;Định lượng Bacillus circulans, Bacillus coagulans, Bacillus lichenniformis, Bacillus megaterium, Bacillus polymyxa, Bacillus pumilus, Bacillus subtilis và Bacillus spp;;-;Đếm khuẩn lạc;CFU/g;<10;120;;; 140.000 ;NA
CHẾ PHẨM SINH HỌC;Phân bón vi sinh;;Streptomyces. spp;;VLAB-MI-TP-040;Đếm khuẩn lạc;CFU/g;<10;168;;; 2.450.000 ;NA
CHẾ PHẨM SINH HỌC;Phân bón vi sinh;;Streptomyces. spp;;VLAB-MI-TP-040;Đếm khuẩn lạc;CFU/ml;<1;168;;; 2.450.000 ;NA
CHẾ PHẨM SINH HỌC;Phân bón vi sinh;;Azotobacter ;;VLAB-MI-TP-045;Đếm khuẩn lạc;CFU/g;<10;168;;; 280.000 ;NA
CHẾ PHẨM SINH HỌC;Phân bón vi sinh;;Azotobacter ;;VLAB-MI-TP-045;Đếm khuẩn lạc;CFU/ml;<1;168;;; 280.000 ;NA
CHẾ PHẨM SINH HỌC;;; Định lượng huyền phù;;VLAB-MI-TP-069;Đếm khuẩn lạc;;;48;;; 140.000 ;NA
ĐẤT, NƯỚC (MÔI TRƯỜNG);Bùn, Đất;PES-LC/MS/MS;Acephate;Acephate;VLAB-CH-TP-674;LC-MS/MS;0.003 mg/kg;0.01 mg/kg;72;;; 350.000 ; 1.050.000 
ĐẤT, NƯỚC (MÔI TRƯỜNG);Bùn, Đất;PES-LC/MS/MS;Acetamiprid;Acetamiprid;VLAB-CH-TP-674;LC-MS/MS;0.003 mg/kg;0.01 mg/kg;72;;; 350.000 ; 1.050.000 
ĐẤT, NƯỚC (MÔI TRƯỜNG);Bùn, Đất;PES-LC/MS/MS;Acibenzolar-S-methyl;Acibenzolar-S-methyl;VLAB-CH-TP-674;LC-MS/MS;0.003 mg/kg;0.01 mg/kg;72;;; 350.000 ; 1.050.000 
ĐẤT, NƯỚC (MÔI TRƯỜNG);Bùn, Đất;PES-LC/MS/MS;Albendazole;Albendazole;VLAB-CH-TP-674;LC-MS/MS;0.003 mg/kg;0.01 mg/kg;72;;; 350.000 ; 1.050.000 
ĐẤT, NƯỚC (MÔI TRƯỜNG);Bùn, Đất;PES-LC/MS/MS;Aldicarb;Aldicarb;VLAB-CH-TP-674;LC-MS/MS;0.003 mg/kg;0.01 mg/kg;72;;; 350.000 ; 1.050.000 
ĐẤT, NƯỚC (MÔI TRƯỜNG);Bùn, Đất;PES-LC/MS/MS;Aldicarb sulfone;Aldicarb sulfone;VLAB-CH-TP-674;LC-MS/MS;0.003 mg/kg;0.01 mg/kg;72;;; 350.000 ; 1.050.000 
ĐẤT, NƯỚC (MÔI TRƯỜNG);Bùn, Đất;PES-LC/MS/MS;Aldicarb sulfoxide;Aldicarb sulfoxide;VLAB-CH-TP-674;LC-MS/MS;0.003 mg/kg;0.01 mg/kg;72;;; 350.000 ; 1.050.000 
ĐẤT, NƯỚC (MÔI TRƯỜNG);Bùn, Đất;PES-LC/MS/MS;Ametryn;Ametryn;VLAB-CH-TP-674;LC-MS/MS;0.003 mg/kg;0.01 mg/kg;72;;; 350.000 ; 1.050.000 
ĐẤT, NƯỚC (MÔI TRƯỜNG);Bùn, Đất;PES-LC/MS/MS;Ametoctradin;Ametoctradin;VLAB-CH-TP-674;LC-MS/MS;0.003 mg/kg;0.01 mg/kg;72;;; 350.000 ; 1.050.000 
ĐẤT, NƯỚC (MÔI TRƯỜNG);Bùn, Đất;PES-LC/MS/MS;Aminocarb;Aminocarb;VLAB-CH-TP-674;LC-MS/MS;0.003 mg/kg;0.01 mg/kg;72;;; 350.000 ; 1.050.000 
ĐẤT, NƯỚC (MÔI TRƯỜNG);Bùn, Đất;PES-LC/MS/MS;Amitraz;Amitraz;VLAB-CH-TP-674;LC-MS/MS;0.003 mg/kg;0.01 mg/kg;72;;; 350.000 ; 1.050.000 
ĐẤT, NƯỚC (MÔI TRƯỜNG);Bùn, Đất;PES-LC/MS/MS;Azoxystrobin;Azoxystrobin;VLAB-CH-TP-674;LC-MS/MS;0.003 mg/kg;0.01 mg/kg;72;;; 350.000 ; 1.050.000 
ĐẤT, NƯỚC (MÔI TRƯỜNG);Bùn, Đất;PES-LC/MS/MS;Benalaxyl;Benalaxyl;VLAB-CH-TP-674;LC-MS/MS;0.003 mg/kg;0.01 mg/kg;72;;; 350.000 ; 1.050.000 
ĐẤT, NƯỚC (MÔI TRƯỜNG);Bùn, Đất;PES-LC/MS/MS;Bendiocarb;Bendiocarb;VLAB-CH-TP-674;LC-MS/MS;0.003 mg/kg;0.01 mg/kg;72;;; 350.000 ; 1.050.000 
ĐẤT, NƯỚC (MÔI TRƯỜNG);Bùn, Đất;PES-LC/MS/MS;Benomyl;Benomyl;VLAB-CH-TP-674;LC-MS/MS;0.003 mg/kg;0.01 mg/kg;72;;; 350.000 ; 1.050.000 
ĐẤT, NƯỚC (MÔI TRƯỜNG);Bùn, Đất;PES-LC/MS/MS;Benzoximate;Benzoximate;VLAB-CH-TP-674;LC-MS/MS;0.003 mg/kg;0.01 mg/kg;72;;; 350.000 ; 1.050.000 
ĐẤT, NƯỚC (MÔI TRƯỜNG);Bùn, Đất;PES-LC/MS/MS;Bifenazate;Bifenazate;VLAB-CH-TP-674;LC-MS/MS;0.003 mg/kg;0.01 mg/kg;72;;; 350.000 ; 1.050.000 
ĐẤT, NƯỚC (MÔI TRƯỜNG);Bùn, Đất;PES-LC/MS/MS;Bitertanol (Baycor);Bitertanol (Baycor);VLAB-CH-TP-674;LC-MS/MS;0.003 mg/kg;0.01 mg/kg;72;;; 350.000 ; 1.050.000 
ĐẤT, NƯỚC (MÔI TRƯỜNG);Bùn, Đất;PES-LC/MS/MS;Boscalid;Boscalid;VLAB-CH-TP-674;LC-MS/MS;0.003 mg/kg;0.01 mg/kg;72;;; 350.000 ; 1.050.000 
ĐẤT, NƯỚC (MÔI TRƯỜNG);Bùn, Đất;PES-LC/MS/MS;Bromuconazole;Bromuconazole;VLAB-CH-TP-674;LC-MS/MS;0.003 mg/kg;0.01 mg/kg;72;;; 350.000 ; 1.050.000 
ĐẤT, NƯỚC (MÔI TRƯỜNG);Bùn, Đất;PES-LC/MS/MS;Buprofezin;Buprofezin;VLAB-CH-TP-674;LC-MS/MS;0.003 mg/kg;0.01 mg/kg;72;;; 350.000 ; 1.050.000 
ĐẤT, NƯỚC (MÔI TRƯỜNG);Bùn, Đất;PES-LC/MS/MS;Bupirimate;Bupirimate;VLAB-CH-TP-674;LC-MS/MS;0.003 mg/kg;0.01 mg/kg;72;;; 350.000 ; 1.050.000 
ĐẤT, NƯỚC (MÔI TRƯỜNG);Bùn, Đất;PES-LC/MS/MS;Butafenacil;Butafenacil;VLAB-CH-TP-674;LC-MS/MS;0.003 mg/kg;0.01 mg/kg;72;;; 350.000 ; 1.050.000 
ĐẤT, NƯỚC (MÔI TRƯỜNG);Bùn, Đất;PES-LC/MS/MS;Butoxycarboxim;Butoxycarboxim;VLAB-CH-TP-674;LC-MS/MS;0.003 mg/kg;0.01 mg/kg;72;;; 350.000 ; 1.050.000 
ĐẤT, NƯỚC (MÔI TRƯỜNG);Bùn, Đất;PES-LC/MS/MS;Butocarboxim;Butocarboxim;VLAB-CH-TP-674;LC-MS/MS;0.003 mg/kg;0.01 mg/kg;72;;; 350.000 ; 1.050.000 
ĐẤT, NƯỚC (MÔI TRƯỜNG);Bùn, Đất;PES-LC/MS/MS;Carbaryl (sevin);Carbaryl (sevin);VLAB-CH-TP-674;LC-MS/MS;0.003 mg/kg;0.01 mg/kg;72;;; 350.000 ; 1.050.000 
ĐẤT, NƯỚC (MÔI TRƯỜNG);Bùn, Đất;PES-LC/MS/MS;Carbendazim;Carbendazim;VLAB-CH-TP-674;LC-MS/MS;0.003 mg/kg;0.01 mg/kg;72;;; 350.000 ; 1.050.000 
ĐẤT, NƯỚC (MÔI TRƯỜNG);Bùn, Đất;PES-LC/MS/MS;Carbetamide;Carbetamide;VLAB-CH-TP-674;LC-MS/MS;0.003 mg/kg;0.01 mg/kg;72;;; 350.000 ; 1.050.000 
ĐẤT, NƯỚC (MÔI TRƯỜNG);Bùn, Đất;PES-LC/MS/MS;Carbofuran;Carbofuran;VLAB-CH-TP-674;LC-MS/MS;0.003 mg/kg;0.01 mg/kg;72;;; 350.000 ; 1.050.000 
ĐẤT, NƯỚC (MÔI TRƯỜNG);Bùn, Đất;PES-LC/MS/MS;Carbofuran-3-hydroxy;Carbofuran-3-hydroxy;VLAB-CH-TP-674;LC-MS/MS;0.003 mg/kg;0.01 mg/kg;72;;; 350.000 ; 1.050.000 
ĐẤT, NƯỚC (MÔI TRƯỜNG);Bùn, Đất;PES-LC/MS/MS;Carboxin;Carboxin;VLAB-CH-TP-674;LC-MS/MS;0.003 mg/kg;0.01 mg/kg;72;;; 350.000 ; 1.050.000 
ĐẤT, NƯỚC (MÔI TRƯỜNG);Bùn, Đất;PES-LC/MS/MS;Chlorantraniliprole;Chlorantraniliprole;VLAB-CH-TP-674;LC-MS/MS;0.003 mg/kg;0.01 mg/kg;72;;; 350.000 ; 1.050.000 
ĐẤT, NƯỚC (MÔI TRƯỜNG);Bùn, Đất;PES-LC/MS/MS;Chloroxuron;Chloroxuron;VLAB-CH-TP-674;LC-MS/MS;0.003 mg/kg;0.01 mg/kg;72;;; 350.000 ; 1.050.000 
ĐẤT, NƯỚC (MÔI TRƯỜNG);Bùn, Đất;PES-LC/MS/MS;Clethodim;Clethodim;VLAB-CH-TP-674;LC-MS/MS;0.003 mg/kg;0.01 mg/kg;72;;; 350.000 ; 1.050.000 
ĐẤT, NƯỚC (MÔI TRƯỜNG);Bùn, Đất;PES-LC/MS/MS;Clofentezine;Clofentezine;VLAB-CH-TP-674;LC-MS/MS;0.003 mg/kg;0.01 mg/kg;72;;; 350.000 ; 1.050.000 
ĐẤT, NƯỚC (MÔI TRƯỜNG);Bùn, Đất;PES-LC/MS/MS;Clothianidin;Clothianidin;VLAB-CH-TP-674;LC-MS/MS;0.003 mg/kg;0.01 mg/kg;72;;; 350.000 ; 1.050.000 
ĐẤT, NƯỚC (MÔI TRƯỜNG);Bùn, Đất;PES-LC/MS/MS;Cyazofamid;Cyazofamid;VLAB-CH-TP-674;LC-MS/MS;0.003 mg/kg;0.01 mg/kg;72;;; 350.000 ; 1.050.000 
ĐẤT, NƯỚC (MÔI TRƯỜNG);Bùn, Đất;PES-LC/MS/MS;Cycluron;Cycluron;VLAB-CH-TP-674;LC-MS/MS;0.003 mg/kg;0.01 mg/kg;72;;; 350.000 ; 1.050.000 
ĐẤT, NƯỚC (MÔI TRƯỜNG);Bùn, Đất;PES-LC/MS/MS;Cyhexatin;Cyhexatin;VLAB-CH-TP-674;LC-MS/MS;0.003 mg/kg;0.01 mg/kg;72;;; 350.000 ; 1.050.000 
ĐẤT, NƯỚC (MÔI TRƯỜNG);Bùn, Đất;PES-LC/MS/MS;Cymoxanil;Cymoxanil;VLAB-CH-TP-674;LC-MS/MS;0.003 mg/kg;0.01 mg/kg;72;;; 350.000 ; 1.050.000 
ĐẤT, NƯỚC (MÔI TRƯỜNG);Bùn, Đất;PES-LC/MS/MS;Cyproconazole;Cyproconazole;VLAB-CH-TP-674;LC-MS/MS;0.003 mg/kg;0.01 mg/kg;72;;; 350.000 ; 1.050.000 
ĐẤT, NƯỚC (MÔI TRƯỜNG);Bùn, Đất;PES-LC/MS/MS;Cycloxydim;Cycloxydim;VLAB-CH-TP-674;LC-MS/MS;0.003 mg/kg;0.01 mg/kg;72;;; 350.000 ; 1.050.000 
ĐẤT, NƯỚC (MÔI TRƯỜNG);Bùn, Đất;PES-LC/MS/MS;Cyromazine;Cyromazine;VLAB-CH-TP-674;LC-MS/MS;0.003 mg/kg;0.01 mg/kg;72;;; 350.000 ; 1.050.000 
ĐẤT, NƯỚC (MÔI TRƯỜNG);Bùn, Đất;PES-LC/MS/MS;Cyprodinil;Cyprodinil;VLAB-CH-TP-674;LC-MS/MS;0.003 mg/kg;0.01 mg/kg;72;;; 350.000 ; 1.050.000 
ĐẤT, NƯỚC (MÔI TRƯỜNG);Bùn, Đất;PES-LC/MS/MS;Diafenthiuron;Diafenthiuron;VLAB-CH-TP-674;LC-MS/MS;0.003 mg/kg;0.01 mg/kg;72;;; 350.000 ; 1.050.000 
ĐẤT, NƯỚC (MÔI TRƯỜNG);Bùn, Đất;PES-LC/MS/MS;Dichlofluanid;Dichlofluanid;VLAB-CH-TP-674;LC-MS/MS;0.003 mg/kg;0.01 mg/kg;72;;; 350.000 ; 1.050.000 
ĐẤT, NƯỚC (MÔI TRƯỜNG);Bùn, Đất;PES-LC/MS/MS;Desmedipham;Desmedipham;VLAB-CH-TP-674;LC-MS/MS;0.003 mg/kg;0.01 mg/kg;72;;; 350.000 ; 1.050.000 
ĐẤT, NƯỚC (MÔI TRƯỜNG);Bùn, Đất;PES-LC/MS/MS;Dichlobutrazol;Dichlobutrazol;VLAB-CH-TP-674;LC-MS/MS;0.003 mg/kg;0.01 mg/kg;72;;; 350.000 ; 1.050.000 
ĐẤT, NƯỚC (MÔI TRƯỜNG);Bùn, Đất;PES-LC/MS/MS;Dicrotophos;Dicrotophos;VLAB-CH-TP-674;LC-MS/MS;0.003 mg/kg;0.01 mg/kg;72;;; 350.000 ; 1.050.000 
ĐẤT, NƯỚC (MÔI TRƯỜNG);Bùn, Đất;PES-LC/MS/MS;Diethofencarb;Diethofencarb;VLAB-CH-TP-674;LC-MS/MS;0.003 mg/kg;0.01 mg/kg;72;;; 350.000 ; 1.050.000 
ĐẤT, NƯỚC (MÔI TRƯỜNG);Bùn, Đất;PES-LC/MS/MS;Diflufenican;Diflufenican;VLAB-CH-TP-674;LC-MS/MS;0.003 mg/kg;0.01 mg/kg;72;;; 350.000 ; 1.050.000 
ĐẤT, NƯỚC (MÔI TRƯỜNG);Bùn, Đất;PES-LC/MS/MS;Difenoconazole;Difenoconazole;VLAB-CH-TP-674;LC-MS/MS;0.003 mg/kg;0.01 mg/kg;72;;; 350.000 ; 1.050.000 
ĐẤT, NƯỚC (MÔI TRƯỜNG);Bùn, Đất;PES-LC/MS/MS;Dimethirimol;Dimethirimol;VLAB-CH-TP-674;LC-MS/MS;0.003 mg/kg;0.01 mg/kg;72;;; 350.000 ; 1.050.000 
ĐẤT, NƯỚC (MÔI TRƯỜNG);Bùn, Đất;PES-LC/MS/MS;Dimethoate;Dimethoate;VLAB-CH-TP-674;LC-MS/MS;0.003 mg/kg;0.01 mg/kg;72;;; 350.000 ; 1.050.000 
ĐẤT, NƯỚC (MÔI TRƯỜNG);Bùn, Đất;PES-LC/MS/MS;Dimethomorph;Dimethomorph;VLAB-CH-TP-674;LC-MS/MS;0.003 mg/kg;0.01 mg/kg;72;;; 350.000 ; 1.050.000 
ĐẤT, NƯỚC (MÔI TRƯỜNG);Bùn, Đất;PES-LC/MS/MS;Dimoxystrobin;Dimoxystrobin;VLAB-CH-TP-674;LC-MS/MS;0.003 mg/kg;0.01 mg/kg;72;;; 350.000 ; 1.050.000 
ĐẤT, NƯỚC (MÔI TRƯỜNG);Bùn, Đất;PES-LC/MS/MS;N,N-Dimethyl-N'-p-tolylsulphamide (DMST);N,N-Dimethyl-N'-p-tolylsulphamide (DMST);VLAB-CH-TP-674;LC-MS/MS;0.003 mg/kg;0.01 mg/kg;72;;; 350.000 ; 1.050.000 
ĐẤT, NƯỚC (MÔI TRƯỜNG);Bùn, Đất;PES-LC/MS/MS;N,N-Dimethylaminosulfanilide (DMSA);N,N-Dimethylaminosulfanilide (DMSA);VLAB-CH-TP-674;LC-MS/MS;0.003 mg/kg;0.01 mg/kg;72;;; 350.000 ; 1.050.000 
ĐẤT, NƯỚC (MÔI TRƯỜNG);Bùn, Đất;PES-LC/MS/MS;Diniconazole;Diniconazole;VLAB-CH-TP-674;LC-MS/MS;0.003 mg/kg;0.01 mg/kg;72;;; 350.000 ; 1.050.000 
ĐẤT, NƯỚC (MÔI TRƯỜNG);Bùn, Đất;PES-LC/MS/MS;Dinotefuran;Dinotefuran;VLAB-CH-TP-674;LC-MS/MS;0.003 mg/kg;0.01 mg/kg;72;;; 350.000 ; 1.050.000 
ĐẤT, NƯỚC (MÔI TRƯỜNG);Bùn, Đất;PES-LC/MS/MS;Dioxacarb;Dioxacarb;VLAB-CH-TP-674;LC-MS/MS;0.003 mg/kg;0.01 mg/kg;72;;; 350.000 ; 1.050.000 
ĐẤT, NƯỚC (MÔI TRƯỜNG);Bùn, Đất;PES-LC/MS/MS;Diuron;Diuron;VLAB-CH-TP-674;LC-MS/MS;0.003 mg/kg;0.01 mg/kg;72;;; 350.000 ; 1.050.000 
ĐẤT, NƯỚC (MÔI TRƯỜNG);Bùn, Đất;PES-LC/MS/MS;Dodine;Dodine;VLAB-CH-TP-674;LC-MS/MS;0.003 mg/kg;0.01 mg/kg;72;;; 350.000 ; 1.050.000 
ĐẤT, NƯỚC (MÔI TRƯỜNG);Bùn, Đất;PES-LC/MS/MS;Emamectin Benzoate (Proclaim);Emamectin Benzoate (Proclaim);VLAB-CH-TP-674;LC-MS/MS;0.003 mg/kg;0.01 mg/kg;72;;; 350.000 ; 1.050.000 
ĐẤT, NƯỚC (MÔI TRƯỜNG);Bùn, Đất;PES-LC/MS/MS;Epoxiconazole;Epoxiconazole;VLAB-CH-TP-674;LC-MS/MS;0.003 mg/kg;0.01 mg/kg;72;;; 350.000 ; 1.050.000 
ĐẤT, NƯỚC (MÔI TRƯỜNG);Bùn, Đất;PES-LC/MS/MS;Ethoxyquin;Ethoxyquin;VLAB-CH-TP-674;LC-MS/MS;0.003 mg/kg;0.01 mg/kg;72;;; 350.000 ; 1.050.000 
ĐẤT, NƯỚC (MÔI TRƯỜNG);Bùn, Đất;PES-LC/MS/MS;Etaconazole;Etaconazole;VLAB-CH-TP-674;LC-MS/MS;0.003 mg/kg;0.01 mg/kg;72;;; 350.000 ; 1.050.000 
ĐẤT, NƯỚC (MÔI TRƯỜNG);Bùn, Đất;PES-LC/MS/MS;Ethiofencarb;Ethiofencarb;VLAB-CH-TP-674;LC-MS/MS;0.003 mg/kg;0.01 mg/kg;72;;; 350.000 ; 1.050.000 
ĐẤT, NƯỚC (MÔI TRƯỜNG);Bùn, Đất;PES-LC/MS/MS;Ethiprole;Ethiprole;VLAB-CH-TP-674;LC-MS/MS;0.003 mg/kg;0.01 mg/kg;72;;; 350.000 ; 1.050.000 
ĐẤT, NƯỚC (MÔI TRƯỜNG);Bùn, Đất;PES-LC/MS/MS;Ethofumesate;Ethofumesate;VLAB-CH-TP-674;LC-MS/MS;0.003 mg/kg;0.01 mg/kg;72;;; 350.000 ; 1.050.000 
ĐẤT, NƯỚC (MÔI TRƯỜNG);Bùn, Đất;PES-LC/MS/MS;Fenamidone;Fenamidone;VLAB-CH-TP-674;LC-MS/MS;0.003 mg/kg;0.01 mg/kg;72;;; 350.000 ; 1.050.000 
ĐẤT, NƯỚC (MÔI TRƯỜNG);Bùn, Đất;PES-LC/MS/MS;Fenarimol;Fenarimol;VLAB-CH-TP-674;LC-MS/MS;0.003 mg/kg;0.01 mg/kg;72;;; 350.000 ; 1.050.000 
ĐẤT, NƯỚC (MÔI TRƯỜNG);Bùn, Đất;PES-LC/MS/MS;Fenazaquin;Fenazaquin;VLAB-CH-TP-674;LC-MS/MS;0.003 mg/kg;0.01 mg/kg;72;;; 350.000 ; 1.050.000 
ĐẤT, NƯỚC (MÔI TRƯỜNG);Bùn, Đất;PES-LC/MS/MS;Fenbuconazole;Fenbuconazole;VLAB-CH-TP-674;LC-MS/MS;0.003 mg/kg;0.01 mg/kg;72;;; 350.000 ; 1.050.000 
ĐẤT, NƯỚC (MÔI TRƯỜNG);Bùn, Đất;PES-LC/MS/MS;Fenbutatin oxide;Fenbutatin oxide;VLAB-CH-TP-674;LC-MS/MS;0.003 mg/kg;0.01 mg/kg;72;;; 350.000 ; 1.050.000 
ĐẤT, NƯỚC (MÔI TRƯỜNG);Bùn, Đất;PES-LC/MS/MS;Fenbendazole;Fenbendazole;VLAB-CH-TP-674;LC-MS/MS;0.003 mg/kg;0.01 mg/kg;72;;; 350.000 ; 1.050.000 
ĐẤT, NƯỚC (MÔI TRƯỜNG);Bùn, Đất;PES-LC/MS/MS;Fenhexamid;Fenhexamid;VLAB-CH-TP-674;LC-MS/MS;0.003 mg/kg;0.01 mg/kg;72;;; 350.000 ; 1.050.000 
ĐẤT, NƯỚC (MÔI TRƯỜNG);Bùn, Đất;PES-LC/MS/MS;Fenobucarb;Fenobucarb;VLAB-CH-TP-674;LC-MS/MS;0.003 mg/kg;0.01 mg/kg;72;;; 350.000 ; 1.050.000 
ĐẤT, NƯỚC (MÔI TRƯỜNG);Bùn, Đất;PES-LC/MS/MS;Fenoxycarb;Fenoxycarb;VLAB-CH-TP-674;LC-MS/MS;0.003 mg/kg;0.01 mg/kg;72;;; 350.000 ; 1.050.000 
ĐẤT, NƯỚC (MÔI TRƯỜNG);Bùn, Đất;PES-LC/MS/MS;Fenpropimorph;Fenpropimorph;VLAB-CH-TP-674;LC-MS/MS;0.003 mg/kg;0.01 mg/kg;72;;; 350.000 ; 1.050.000 
ĐẤT, NƯỚC (MÔI TRƯỜNG);Bùn, Đất;PES-LC/MS/MS;Fenpyroximate;Fenpyroximate;VLAB-CH-TP-674;LC-MS/MS;0.003 mg/kg;0.01 mg/kg;72;;; 350.000 ; 1.050.000 
ĐẤT, NƯỚC (MÔI TRƯỜNG);Bùn, Đất;PES-LC/MS/MS;Fenuron;Fenuron;VLAB-CH-TP-674;LC-MS/MS;0.003 mg/kg;0.01 mg/kg;72;;; 350.000 ; 1.050.000 
ĐẤT, NƯỚC (MÔI TRƯỜNG);Bùn, Đất;PES-LC/MS/MS;Flonicamid;Flonicamid;VLAB-CH-TP-674;LC-MS/MS;0.003 mg/kg;0.01 mg/kg;72;;; 350.000 ; 1.050.000 
ĐẤT, NƯỚC (MÔI TRƯỜNG);Bùn, Đất;PES-LC/MS/MS;Flubendiamide;Flubendiamide;VLAB-CH-TP-674;LC-MS/MS;0.003 mg/kg;0.01 mg/kg;72;;; 350.000 ; 1.050.000 
ĐẤT, NƯỚC (MÔI TRƯỜNG);Bùn, Đất;PES-LC/MS/MS;Flubendazole;Flubendazole;VLAB-CH-TP-674;LC-MS/MS;0.003 mg/kg;0.01 mg/kg;72;;; 350.000 ; 1.050.000 
ĐẤT, NƯỚC (MÔI TRƯỜNG);Bùn, Đất;PES-LC/MS/MS;Fludioxonil;Fludioxonil;VLAB-CH-TP-674;LC-MS/MS;0.003 mg/kg;0.01 mg/kg;72;;; 350.000 ; 1.050.000 
ĐẤT, NƯỚC (MÔI TRƯỜNG);Bùn, Đất;PES-LC/MS/MS;Flufenoxuron;Flufenoxuron;VLAB-CH-TP-674;LC-MS/MS;0.003 mg/kg;0.01 mg/kg;72;;; 350.000 ; 1.050.000 
ĐẤT, NƯỚC (MÔI TRƯỜNG);Bùn, Đất;PES-LC/MS/MS;Flufenacet;Flufenacet;VLAB-CH-TP-674;LC-MS/MS;0.003 mg/kg;0.01 mg/kg;72;;; 350.000 ; 1.050.000 
ĐẤT, NƯỚC (MÔI TRƯỜNG);Bùn, Đất;PES-LC/MS/MS;Fluometuron (Fluomethuron);Fluometuron (Fluomethuron);VLAB-CH-TP-674;LC-MS/MS;0.003 mg/kg;0.01 mg/kg;72;;; 350.000 ; 1.050.000 
ĐẤT, NƯỚC (MÔI TRƯỜNG);Bùn, Đất;PES-LC/MS/MS;Fluopyram;Fluopyram;VLAB-CH-TP-674;LC-MS/MS;0.003 mg/kg;0.01 mg/kg;72;;; 350.000 ; 1.050.000 
ĐẤT, NƯỚC (MÔI TRƯỜNG);Bùn, Đất;PES-LC/MS/MS;Fluoxastrobin;Fluoxastrobin;VLAB-CH-TP-674;LC-MS/MS;0.003 mg/kg;0.01 mg/kg;72;;; 350.000 ; 1.050.000 
ĐẤT, NƯỚC (MÔI TRƯỜNG);Bùn, Đất;PES-LC/MS/MS;Fluquinconazole;Fluquinconazole;VLAB-CH-TP-674;LC-MS/MS;0.003 mg/kg;0.01 mg/kg;72;;; 350.000 ; 1.050.000 
ĐẤT, NƯỚC (MÔI TRƯỜNG);Bùn, Đất;PES-LC/MS/MS;Fluxapyroxad;Fluxapyroxad;VLAB-CH-TP-674;LC-MS/MS;0.003 mg/kg;0.01 mg/kg;72;;; 350.000 ; 1.050.000 
ĐẤT, NƯỚC (MÔI TRƯỜNG);Bùn, Đất;PES-LC/MS/MS;Flusilazole;Flusilazole;VLAB-CH-TP-674;LC-MS/MS;0.003 mg/kg;0.01 mg/kg;72;;; 350.000 ; 1.050.000 
ĐẤT, NƯỚC (MÔI TRƯỜNG);Bùn, Đất;PES-LC/MS/MS;Flutriafol;Flutriafol;VLAB-CH-TP-674;LC-MS/MS;0.003 mg/kg;0.01 mg/kg;72;;; 350.000 ; 1.050.000 
ĐẤT, NƯỚC (MÔI TRƯỜNG);Bùn, Đất;PES-LC/MS/MS;Fluopicolide;Fluopicolide;VLAB-CH-TP-674;LC-MS/MS;0.003 mg/kg;0.01 mg/kg;72;;; 350.000 ; 1.050.000 
ĐẤT, NƯỚC (MÔI TRƯỜNG);Bùn, Đất;PES-LC/MS/MS;Forchlorfenuron;Forchlorfenuron;VLAB-CH-TP-674;LC-MS/MS;0.003 mg/kg;0.01 mg/kg;72;;; 350.000 ; 1.050.000 
ĐẤT, NƯỚC (MÔI TRƯỜNG);Bùn, Đất;PES-LC/MS/MS;Formetanate;Formetanate;VLAB-CH-TP-674;LC-MS/MS;0.003 mg/kg;0.01 mg/kg;72;;; 350.000 ; 1.050.000 
ĐẤT, NƯỚC (MÔI TRƯỜNG);Bùn, Đất;PES-LC/MS/MS;Fuberidazole;Fuberidazole;VLAB-CH-TP-674;LC-MS/MS;0.003 mg/kg;0.01 mg/kg;72;;; 350.000 ; 1.050.000 
ĐẤT, NƯỚC (MÔI TRƯỜNG);Bùn, Đất;PES-LC/MS/MS;Furalaxyl;Furalaxyl;VLAB-CH-TP-674;LC-MS/MS;0.003 mg/kg;0.01 mg/kg;72;;; 350.000 ; 1.050.000 
ĐẤT, NƯỚC (MÔI TRƯỜNG);Bùn, Đất;PES-LC/MS/MS;Furathiocarb;Furathiocarb;VLAB-CH-TP-674;LC-MS/MS;0.003 mg/kg;0.01 mg/kg;72;;; 350.000 ; 1.050.000 
ĐẤT, NƯỚC (MÔI TRƯỜNG);Bùn, Đất;PES-LC/MS/MS;Halofenozide;Halofenozide;VLAB-CH-TP-674;LC-MS/MS;0.003 mg/kg;0.01 mg/kg;72;;; 350.000 ; 1.050.000 
ĐẤT, NƯỚC (MÔI TRƯỜNG);Bùn, Đất;PES-LC/MS/MS;Hexaconazole;Hexaconazole;VLAB-CH-TP-674;LC-MS/MS;0.003 mg/kg;0.01 mg/kg;72;;; 350.000 ; 1.050.000 
ĐẤT, NƯỚC (MÔI TRƯỜNG);Bùn, Đất;PES-LC/MS/MS;Haloxyfop;Haloxyfop;VLAB-CH-TP-674;LC-MS/MS;0.003 mg/kg;0.01 mg/kg;72;;; 350.000 ; 1.050.000 
ĐẤT, NƯỚC (MÔI TRƯỜNG);Bùn, Đất;PES-LC/MS/MS;Hexythiazox;Hexythiazox;VLAB-CH-TP-674;LC-MS/MS;0.003 mg/kg;0.01 mg/kg;72;;; 350.000 ; 1.050.000 
ĐẤT, NƯỚC (MÔI TRƯỜNG);Bùn, Đất;PES-LC/MS/MS;Hydramethylnon;Hydramethylnon;VLAB-CH-TP-674;LC-MS/MS;0.003 mg/kg;0.01 mg/kg;72;;; 350.000 ; 1.050.000 
ĐẤT, NƯỚC (MÔI TRƯỜNG);Bùn, Đất;PES-LC/MS/MS;Imazalil;Imazalil;VLAB-CH-TP-674;LC-MS/MS;0.003 mg/kg;0.01 mg/kg;72;;; 350.000 ; 1.050.000 
ĐẤT, NƯỚC (MÔI TRƯỜNG);Bùn, Đất;PES-LC/MS/MS;Imidacloprid;Imidacloprid;VLAB-CH-TP-674;LC-MS/MS;0.003 mg/kg;0.01 mg/kg;72;;; 350.000 ; 1.050.000 
ĐẤT, NƯỚC (MÔI TRƯỜNG);Bùn, Đất;PES-LC/MS/MS;Indoxacarb;Indoxacarb;VLAB-CH-TP-674;LC-MS/MS;0.003 mg/kg;0.01 mg/kg;72;;; 350.000 ; 1.050.000 
ĐẤT, NƯỚC (MÔI TRƯỜNG);Bùn, Đất;PES-LC/MS/MS;Ipconazole;Ipconazole;VLAB-CH-TP-674;LC-MS/MS;0.003 mg/kg;0.01 mg/kg;72;;; 350.000 ; 1.050.000 
ĐẤT, NƯỚC (MÔI TRƯỜNG);Bùn, Đất;PES-LC/MS/MS;Iprovalicarb;Iprovalicarb;VLAB-CH-TP-674;LC-MS/MS;0.003 mg/kg;0.01 mg/kg;72;;; 350.000 ; 1.050.000 
ĐẤT, NƯỚC (MÔI TRƯỜNG);Bùn, Đất;PES-LC/MS/MS;Isoprocarb;Isoprocarb;VLAB-CH-TP-674;LC-MS/MS;0.003 mg/kg;0.01 mg/kg;72;;; 350.000 ; 1.050.000 
ĐẤT, NƯỚC (MÔI TRƯỜNG);Bùn, Đất;PES-LC/MS/MS;Iprodione;Iprodione;VLAB-CH-TP-674;LC-MS/MS;0.003 mg/kg;0.01 mg/kg;72;;; 350.000 ; 1.050.000 
ĐẤT, NƯỚC (MÔI TRƯỜNG);Bùn, Đất;PES-LC/MS/MS;Isoproturon;Isoproturon;VLAB-CH-TP-674;LC-MS/MS;0.003 mg/kg;0.01 mg/kg;72;;; 350.000 ; 1.050.000 
ĐẤT, NƯỚC (MÔI TRƯỜNG);Bùn, Đất;PES-LC/MS/MS;Isoxaflutole;Isoxaflutole;VLAB-CH-TP-674;LC-MS/MS;0.003 mg/kg;0.01 mg/kg;72;;; 350.000 ; 1.050.000 
ĐẤT, NƯỚC (MÔI TRƯỜNG);Bùn, Đất;PES-LC/MS/MS;Kresoxim-methyl;Kresoxim-methyl;VLAB-CH-TP-674;LC-MS/MS;0.003 mg/kg;0.01 mg/kg;72;;; 350.000 ; 1.050.000 
ĐẤT, NƯỚC (MÔI TRƯỜNG);Bùn, Đất;PES-LC/MS/MS;Linuron;Linuron;VLAB-CH-TP-674;LC-MS/MS;0.003 mg/kg;0.01 mg/kg;72;;; 350.000 ; 1.050.000 
ĐẤT, NƯỚC (MÔI TRƯỜNG);Bùn, Đất;PES-LC/MS/MS;Lufenuron;Lufenuron;VLAB-CH-TP-674;LC-MS/MS;0.003 mg/kg;0.01 mg/kg;72;;; 350.000 ; 1.050.000 
ĐẤT, NƯỚC (MÔI TRƯỜNG);Bùn, Đất;PES-LC/MS/MS;Mandipropamid;Mandipropamid;VLAB-CH-TP-674;LC-MS/MS;0.003 mg/kg;0.01 mg/kg;72;;; 350.000 ; 1.050.000 
ĐẤT, NƯỚC (MÔI TRƯỜNG);Bùn, Đất;PES-LC/MS/MS;Mecarbam;Mecarbam;VLAB-CH-TP-674;LC-MS/MS;0.003 mg/kg;0.01 mg/kg;72;;; 350.000 ; 1.050.000 
ĐẤT, NƯỚC (MÔI TRƯỜNG);Bùn, Đất;PES-LC/MS/MS;Mefenacet;Mefenacet;VLAB-CH-TP-674;LC-MS/MS;0.003 mg/kg;0.01 mg/kg;72;;; 350.000 ; 1.050.000 
ĐẤT, NƯỚC (MÔI TRƯỜNG);Bùn, Đất;PES-LC/MS/MS;Mepanipyrim;Mepanipyrim;VLAB-CH-TP-674;LC-MS/MS;0.003 mg/kg;0.01 mg/kg;72;;; 350.000 ; 1.050.000 
ĐẤT, NƯỚC (MÔI TRƯỜNG);Bùn, Đất;PES-LC/MS/MS;Mepronil;Mepronil;VLAB-CH-TP-674;LC-MS/MS;0.003 mg/kg;0.01 mg/kg;72;;; 350.000 ; 1.050.000 
ĐẤT, NƯỚC (MÔI TRƯỜNG);Bùn, Đất;PES-LC/MS/MS;Mesotrione;Mesotrione;VLAB-CH-TP-674;LC-MS/MS;0.003 mg/kg;0.01 mg/kg;72;;; 350.000 ; 1.050.000 
ĐẤT, NƯỚC (MÔI TRƯỜNG);Bùn, Đất;PES-LC/MS/MS;Metalaxyl;Metalaxyl;VLAB-CH-TP-674;LC-MS/MS;0.003 mg/kg;0.01 mg/kg;72;;; 350.000 ; 1.050.000 
ĐẤT, NƯỚC (MÔI TRƯỜNG);Bùn, Đất;PES-LC/MS/MS;Metconazole;Metconazole;VLAB-CH-TP-674;LC-MS/MS;0.003 mg/kg;0.01 mg/kg;72;;; 350.000 ; 1.050.000 
ĐẤT, NƯỚC (MÔI TRƯỜNG);Bùn, Đất;PES-LC/MS/MS;Methabenzthiazuron;Methabenzthiazuron;VLAB-CH-TP-674;LC-MS/MS;0.003 mg/kg;0.01 mg/kg;72;;; 350.000 ; 1.050.000 
ĐẤT, NƯỚC (MÔI TRƯỜNG);Bùn, Đất;PES-LC/MS/MS;Methamidophos;Methamidophos;VLAB-CH-TP-674;LC-MS/MS;0.003 mg/kg;0.01 mg/kg;72;;; 350.000 ; 1.050.000 
ĐẤT, NƯỚC (MÔI TRƯỜNG);Bùn, Đất;PES-LC/MS/MS;Methiocarb;Methiocarb;VLAB-CH-TP-674;LC-MS/MS;0.003 mg/kg;0.01 mg/kg;72;;; 350.000 ; 1.050.000 
ĐẤT, NƯỚC (MÔI TRƯỜNG);Bùn, Đất;PES-LC/MS/MS;Methomyl;Methomyl;VLAB-CH-TP-674;LC-MS/MS;0.003 mg/kg;0.01 mg/kg;72;;; 350.000 ; 1.050.000 
ĐẤT, NƯỚC (MÔI TRƯỜNG);Bùn, Đất;PES-LC/MS/MS;Methoprotryne;Methoprotryne;VLAB-CH-TP-674;LC-MS/MS;0.003 mg/kg;0.01 mg/kg;72;;; 350.000 ; 1.050.000 
ĐẤT, NƯỚC (MÔI TRƯỜNG);Bùn, Đất;PES-LC/MS/MS;Methoxyfenozide;Methoxyfenozide;VLAB-CH-TP-674;LC-MS/MS;0.003 mg/kg;0.01 mg/kg;72;;; 350.000 ; 1.050.000 
ĐẤT, NƯỚC (MÔI TRƯỜNG);Bùn, Đất;PES-LC/MS/MS;Metobromuron;Metobromuron;VLAB-CH-TP-674;LC-MS/MS;0.003 mg/kg;0.01 mg/kg;72;;; 350.000 ; 1.050.000 
ĐẤT, NƯỚC (MÔI TRƯỜNG);Bùn, Đất;PES-LC/MS/MS;Metribuzin;Metribuzin;VLAB-CH-TP-674;LC-MS/MS;0.003 mg/kg;0.01 mg/kg;72;;; 350.000 ; 1.050.000 
ĐẤT, NƯỚC (MÔI TRƯỜNG);Bùn, Đất;PES-LC/MS/MS;Mexacarbate (Zectran);Mexacarbate (Zectran);VLAB-CH-TP-674;LC-MS/MS;0.003 mg/kg;0.01 mg/kg;72;;; 350.000 ; 1.050.000 
ĐẤT, NƯỚC (MÔI TRƯỜNG);Bùn, Đất;PES-LC/MS/MS;Mevinphos;Mevinphos;VLAB-CH-TP-674;LC-MS/MS;0.003 mg/kg;0.01 mg/kg;72;;; 350.000 ; 1.050.000 
ĐẤT, NƯỚC (MÔI TRƯỜNG);Bùn, Đất;PES-LC/MS/MS;Monocrotophos;Monocrotophos;VLAB-CH-TP-674;LC-MS/MS;0.003 mg/kg;0.01 mg/kg;72;;; 350.000 ; 1.050.000 
ĐẤT, NƯỚC (MÔI TRƯỜNG);Bùn, Đất;PES-LC/MS/MS;Monolinuron;Monolinuron;VLAB-CH-TP-674;LC-MS/MS;0.003 mg/kg;0.01 mg/kg;72;;; 350.000 ; 1.050.000 
ĐẤT, NƯỚC (MÔI TRƯỜNG);Bùn, Đất;PES-LC/MS/MS;Neburon;Neburon;VLAB-CH-TP-674;LC-MS/MS;0.003 mg/kg;0.01 mg/kg;72;;; 350.000 ; 1.050.000 
ĐẤT, NƯỚC (MÔI TRƯỜNG);Bùn, Đất;PES-LC/MS/MS;Nitenpyram;Nitenpyram;VLAB-CH-TP-674;LC-MS/MS;0.003 mg/kg;0.01 mg/kg;72;;; 350.000 ; 1.050.000 
ĐẤT, NƯỚC (MÔI TRƯỜNG);Bùn, Đất;PES-LC/MS/MS;Novaluron;Novaluron;VLAB-CH-TP-674;LC-MS/MS;0.003 mg/kg;0.01 mg/kg;72;;; 350.000 ; 1.050.000 
ĐẤT, NƯỚC (MÔI TRƯỜNG);Bùn, Đất;PES-LC/MS/MS;Nuarimol;Nuarimol;VLAB-CH-TP-674;LC-MS/MS;0.003 mg/kg;0.01 mg/kg;72;;; 350.000 ; 1.050.000 
ĐẤT, NƯỚC (MÔI TRƯỜNG);Bùn, Đất;PES-LC/MS/MS;Omethoate;Omethoate;VLAB-CH-TP-674;LC-MS/MS;0.003 mg/kg;0.01 mg/kg;72;;; 350.000 ; 1.050.000 
ĐẤT, NƯỚC (MÔI TRƯỜNG);Bùn, Đất;PES-LC/MS/MS;Oxadixyl;Oxadixyl;VLAB-CH-TP-674;LC-MS/MS;0.003 mg/kg;0.01 mg/kg;72;;; 350.000 ; 1.050.000 
ĐẤT, NƯỚC (MÔI TRƯỜNG);Bùn, Đất;PES-LC/MS/MS;Paclobutrazol;Paclobutrazol;VLAB-CH-TP-674;LC-MS/MS;0.003 mg/kg;0.01 mg/kg;72;;; 350.000 ; 1.050.000 
ĐẤT, NƯỚC (MÔI TRƯỜNG);Bùn, Đất;PES-LC/MS/MS;Oxamyl;Oxamyl;VLAB-CH-TP-674;LC-MS/MS;0.003 mg/kg;0.01 mg/kg;72;;; 350.000 ; 1.050.000 
ĐẤT, NƯỚC (MÔI TRƯỜNG);Bùn, Đất;PES-LC/MS/MS;Penconazole;Penconazole;VLAB-CH-TP-674;LC-MS/MS;0.003 mg/kg;0.01 mg/kg;72;;; 350.000 ; 1.050.000 
ĐẤT, NƯỚC (MÔI TRƯỜNG);Bùn, Đất;PES-LC/MS/MS;Penthipyorad;Penthipyorad;VLAB-CH-TP-674;LC-MS/MS;0.003 mg/kg;0.01 mg/kg;72;;; 350.000 ; 1.050.000 
ĐẤT, NƯỚC (MÔI TRƯỜNG);Bùn, Đất;PES-LC/MS/MS;Phenmedipham;Phenmedipham;VLAB-CH-TP-674;LC-MS/MS;0.003 mg/kg;0.01 mg/kg;72;;; 350.000 ; 1.050.000 
ĐẤT, NƯỚC (MÔI TRƯỜNG);Bùn, Đất;PES-LC/MS/MS;Picoxystrobin;Picoxystrobin;VLAB-CH-TP-674;LC-MS/MS;0.003 mg/kg;0.01 mg/kg;72;;; 350.000 ; 1.050.000 
ĐẤT, NƯỚC (MÔI TRƯỜNG);Bùn, Đất;PES-GC-MS/MS;Piperonyl butoxide;Piperonyl butoxide;VLAB-CH-TP-614;GC-MS/MS;0.003 mg/kg;0.01 mg/kg;72;;; 350.000 ; 1.050.000 
ĐẤT, NƯỚC (MÔI TRƯỜNG);Bùn, Đất;PES-LC/MS/MS;Pirimicarb;Pirimicarb;VLAB-CH-TP-674;LC-MS/MS;0.003 mg/kg;0.01 mg/kg;72;;; 350.000 ; 1.050.000 
ĐẤT, NƯỚC (MÔI TRƯỜNG);Bùn, Đất;PES-LC/MS/MS;Prochloraz;Prochloraz;VLAB-CH-TP-674;LC-MS/MS;0.003 mg/kg;0.01 mg/kg;72;;; 350.000 ; 1.050.000 
ĐẤT, NƯỚC (MÔI TRƯỜNG);Bùn, Đất;PES-LC/MS/MS;Promecarb;Promecarb;VLAB-CH-TP-674;LC-MS/MS;0.003 mg/kg;0.01 mg/kg;72;;; 350.000 ; 1.050.000 
ĐẤT, NƯỚC (MÔI TRƯỜNG);Bùn, Đất;PES-LC/MS/MS;Prometon;Prometon;VLAB-CH-TP-674;LC-MS/MS;0.003 mg/kg;0.01 mg/kg;72;;; 350.000 ; 1.050.000 
ĐẤT, NƯỚC (MÔI TRƯỜNG);Bùn, Đất;PES-LC/MS/MS;Prometryne;Prometryne;VLAB-CH-TP-674;LC-MS/MS;0.003 mg/kg;0.01 mg/kg;72;;; 350.000 ; 1.050.000 
ĐẤT, NƯỚC (MÔI TRƯỜNG);Bùn, Đất;PES-LC/MS/MS;Propamocarb;Propamocarb;VLAB-CH-TP-674;LC-MS/MS;0.003 mg/kg;0.01 mg/kg;72;;; 350.000 ; 1.050.000 
ĐẤT, NƯỚC (MÔI TRƯỜNG);Bùn, Đất;PES-GC-MS/MS;Propargite;Propargite;VLAB-CH-TP-614;GC-MS/MS;0.003 mg/kg;0.01 mg/kg;72;;; 350.000 ; 1.050.000 
ĐẤT, NƯỚC (MÔI TRƯỜNG);Bùn, Đất;PES-LC/MS/MS;Propham;Propham;VLAB-CH-TP-674;LC-MS/MS;0.003 mg/kg;0.01 mg/kg;72;;; 350.000 ; 1.050.000 
ĐẤT, NƯỚC (MÔI TRƯỜNG);Bùn, Đất;PES-LC/MS/MS;Propetamphos;Propetamphos;VLAB-CH-TP-674;LC-MS/MS;0.003 mg/kg;0.01 mg/kg;72;;; 350.000 ; 1.050.000 
ĐẤT, NƯỚC (MÔI TRƯỜNG);Bùn, Đất;PES-LC/MS/MS;Propiconazole;Propiconazole;VLAB-CH-TP-674;LC-MS/MS;0.003 mg/kg;0.01 mg/kg;72;;; 350.000 ; 1.050.000 
ĐẤT, NƯỚC (MÔI TRƯỜNG);Bùn, Đất;PES-LC/MS/MS;Propoxur;Propoxur;VLAB-CH-TP-674;LC-MS/MS;0.003 mg/kg;0.01 mg/kg;72;;; 350.000 ; 1.050.000 
ĐẤT, NƯỚC (MÔI TRƯỜNG);Bùn, Đất;PES-LC/MS/MS;Prothioconazole;Prothioconazole;VLAB-CH-TP-674;LC-MS/MS;0.003 mg/kg;0.01 mg/kg;72;;; 350.000 ; 1.050.000 
ĐẤT, NƯỚC (MÔI TRƯỜNG);Bùn, Đất;PES-LC/MS/MS;Pymetrozine;Pymetrozine;VLAB-CH-TP-674;LC-MS/MS;0.003 mg/kg;0.01 mg/kg;72;;; 350.000 ; 1.050.000 
ĐẤT, NƯỚC (MÔI TRƯỜNG);Bùn, Đất;PES-LC/MS/MS;Pyraclostrobin;Pyraclostrobin;VLAB-CH-TP-674;LC-MS/MS;0.003 mg/kg;0.01 mg/kg;72;;; 350.000 ; 1.050.000 
ĐẤT, NƯỚC (MÔI TRƯỜNG);Bùn, Đất;PES-LC/MS/MS;Pyracarbolid;Pyracarbolid;VLAB-CH-TP-674;LC-MS/MS;0.003 mg/kg;0.01 mg/kg;72;;; 350.000 ; 1.050.000 
ĐẤT, NƯỚC (MÔI TRƯỜNG);Bùn, Đất;PES-GC-MS/MS;Pyridaben;Pyridaben;VLAB-CH-TP-614;GC-MS/MS;0.003 mg/kg;0.01 mg/kg;72;;; 350.000 ; 1.050.000 
ĐẤT, NƯỚC (MÔI TRƯỜNG);Bùn, Đất;PES-GC-MS/MS;Pyrimethanil;Pyrimethanil;VLAB-CH-TP-614;GC-MS/MS;0.003 mg/kg;0.01 mg/kg;72;;; 350.000 ; 1.050.000 
ĐẤT, NƯỚC (MÔI TRƯỜNG);Bùn, Đất;PES-LC/MS/MS;Quinoxyfen;Quinoxyfen;VLAB-CH-TP-674;LC-MS/MS;0.003 mg/kg;0.01 mg/kg;72;;; 350.000 ; 1.050.000 
ĐẤT, NƯỚC (MÔI TRƯỜNG);Bùn, Đất;PES-LC/MS/MS;Rotenone;Rotenone;VLAB-CH-TP-674;LC-MS/MS;0.003 mg/kg;0.01 mg/kg;72;;; 350.000 ; 1.050.000 
ĐẤT, NƯỚC (MÔI TRƯỜNG);Bùn, Đất;PES-LC/MS/MS;Secbumeton;Secbumeton;VLAB-CH-TP-674;LC-MS/MS;0.003 mg/kg;0.01 mg/kg;72;;; 350.000 ; 1.050.000 
ĐẤT, NƯỚC (MÔI TRƯỜNG);Bùn, Đất;PES-LC/MS/MS;Siduron;Siduron;VLAB-CH-TP-674;LC-MS/MS;0.003 mg/kg;0.01 mg/kg;72;;; 350.000 ; 1.050.000 
ĐẤT, NƯỚC (MÔI TRƯỜNG);Bùn, Đất;PES-LC/MS/MS;Simetryn;Simetryn;VLAB-CH-TP-674;LC-MS/MS;0.003 mg/kg;0.01 mg/kg;72;;; 350.000 ; 1.050.000 
ĐẤT, NƯỚC (MÔI TRƯỜNG);Bùn, Đất;PES-LC/MS/MS;Sulfentrazone;Sulfentrazone;VLAB-CH-TP-674;LC-MS/MS;0.003 mg/kg;0.01 mg/kg;72;;; 350.000 ; 1.050.000 
ĐẤT, NƯỚC (MÔI TRƯỜNG);Bùn, Đất;PES-LC/MS/MS;Spinetoram (J&L);Spinetoram (J&L);VLAB-CH-TP-674;LC-MS/MS;0.003 mg/kg;0.01 mg/kg;72;;; 350.000 ; 1.050.000 
ĐẤT, NƯỚC (MÔI TRƯỜNG);Bùn, Đất;PES-LC/MS/MS;Spinosad (Spinosyn A);Spinosad (Spinosyn A);VLAB-CH-TP-674;LC-MS/MS;0.003 mg/kg;0.01 mg/kg;72;;; 350.000 ; 1.050.000 
ĐẤT, NƯỚC (MÔI TRƯỜNG);Bùn, Đất;PES-LC/MS/MS;Spinosad (Spinosyn D);Spinosad (Spinosyn D);VLAB-CH-TP-674;LC-MS/MS;0.003 mg/kg;0.01 mg/kg;72;;; 350.000 ; 1.050.000 
ĐẤT, NƯỚC (MÔI TRƯỜNG);Bùn, Đất;PES-LC/MS/MS;Spiromesifen;Spiromesifen;VLAB-CH-TP-674;LC-MS/MS;0.003 mg/kg;0.01 mg/kg;72;;; 350.000 ; 1.050.000 
ĐẤT, NƯỚC (MÔI TRƯỜNG);Bùn, Đất;PES-LC/MS/MS;Spirotetramat;Spirotetramat;VLAB-CH-TP-674;LC-MS/MS;0.003 mg/kg;0.01 mg/kg;72;;; 350.000 ; 1.050.000 
ĐẤT, NƯỚC (MÔI TRƯỜNG);Bùn, Đất;PES-LC/MS/MS;Spiroxamin;Spiroxamin;VLAB-CH-TP-674;LC-MS/MS;0.003 mg/kg;0.01 mg/kg;72;;; 350.000 ; 1.050.000 
ĐẤT, NƯỚC (MÔI TRƯỜNG);Bùn, Đất;PES-LC/MS/MS;Saflufenacil;Saflufenacil;VLAB-CH-TP-674;LC-MS/MS;0.003 mg/kg;0.01 mg/kg;72;;; 350.000 ; 1.050.000 
ĐẤT, NƯỚC (MÔI TRƯỜNG);Bùn, Đất;PES-LC/MS/MS;Sulfoxaflor;Sulfoxaflor;VLAB-CH-TP-674;LC-MS/MS;0.003 mg/kg;0.01 mg/kg;72;;; 350.000 ; 1.050.000 
ĐẤT, NƯỚC (MÔI TRƯỜNG);Bùn, Đất;PES-LC/MS/MS;Tebuconazole;Tebuconazole;VLAB-CH-TP-674;LC-MS/MS;0.003 mg/kg;0.01 mg/kg;72;;; 350.000 ; 1.050.000 
ĐẤT, NƯỚC (MÔI TRƯỜNG);Bùn, Đất;PES-LC/MS/MS;Tebufenozide;Tebufenozide;VLAB-CH-TP-674;LC-MS/MS;0.003 mg/kg;0.01 mg/kg;72;;; 350.000 ; 1.050.000 
ĐẤT, NƯỚC (MÔI TRƯỜNG);Bùn, Đất;PES-LC/MS/MS;Tebufenpyrad;Tebufenpyrad;VLAB-CH-TP-674;LC-MS/MS;0.003 mg/kg;0.01 mg/kg;72;;; 350.000 ; 1.050.000 
ĐẤT, NƯỚC (MÔI TRƯỜNG);Bùn, Đất;PES-LC/MS/MS;Tebuthiuron;Tebuthiuron;VLAB-CH-TP-674;LC-MS/MS;0.003 mg/kg;0.01 mg/kg;72;;; 350.000 ; 1.050.000 
ĐẤT, NƯỚC (MÔI TRƯỜNG);Bùn, Đất;PES-LC/MS/MS;Teflubenzuron;Teflubenzuron;VLAB-CH-TP-674;LC-MS/MS;0.003 mg/kg;0.01 mg/kg;72;;; 350.000 ; 1.050.000 
ĐẤT, NƯỚC (MÔI TRƯỜNG);Bùn, Đất;PES-LC/MS/MS;Temephos (Abate);Temephos (Abate);VLAB-CH-TP-674;LC-MS/MS;0.003 mg/kg;0.01 mg/kg;72;;; 350.000 ; 1.050.000 
ĐẤT, NƯỚC (MÔI TRƯỜNG);Bùn, Đất;PES-LC/MS/MS;Terbumeton;Terbumeton;VLAB-CH-TP-674;LC-MS/MS;0.003 mg/kg;0.01 mg/kg;72;;; 350.000 ; 1.050.000 
ĐẤT, NƯỚC (MÔI TRƯỜNG);Bùn, Đất;PES-LC/MS/MS;Terbutryn;Terbutryn;VLAB-CH-TP-674;LC-MS/MS;0.003 mg/kg;0.01 mg/kg;72;;; 350.000 ; 1.050.000 
ĐẤT, NƯỚC (MÔI TRƯỜNG);Bùn, Đất;PES-LC/MS/MS;Tolyfluanid;Tolyfluanid;VLAB-CH-TP-674;LC-MS/MS;0.003 mg/kg;0.01 mg/kg;72;;; 350.000 ; 1.050.000 
ĐẤT, NƯỚC (MÔI TRƯỜNG);Bùn, Đất;PES-LC/MS/MS;Tetraconazole;Tetraconazole;VLAB-CH-TP-674;LC-MS/MS;0.003 mg/kg;0.01 mg/kg;72;;; 350.000 ; 1.050.000 
ĐẤT, NƯỚC (MÔI TRƯỜNG);Bùn, Đất;PES-LC/MS/MS;Thiabendazole;Thiabendazole;VLAB-CH-TP-674;LC-MS/MS;0.003 mg/kg;0.01 mg/kg;72;;; 350.000 ; 1.050.000 
ĐẤT, NƯỚC (MÔI TRƯỜNG);Bùn, Đất;PES-LC/MS/MS;Thiacloprid;Thiacloprid;VLAB-CH-TP-674;LC-MS/MS;0.003 mg/kg;0.01 mg/kg;72;;; 350.000 ; 1.050.000 
ĐẤT, NƯỚC (MÔI TRƯỜNG);Bùn, Đất;PES-LC/MS/MS;Thiamethoxam;Thiamethoxam;VLAB-CH-TP-674;LC-MS/MS;0.003 mg/kg;0.01 mg/kg;72;;; 350.000 ; 1.050.000 
ĐẤT, NƯỚC (MÔI TRƯỜNG);Bùn, Đất;PES-LC/MS/MS;Thidiazuron;Thidiazuron;VLAB-CH-TP-674;LC-MS/MS;0.003 mg/kg;0.01 mg/kg;72;;; 350.000 ; 1.050.000 
ĐẤT, NƯỚC (MÔI TRƯỜNG);Bùn, Đất;PES-LC/MS/MS;Thiobencarb (Benthiocarb);Thiobencarb (Benthiocarb);VLAB-CH-TP-674;LC-MS/MS;0.003 mg/kg;0.01 mg/kg;72;;; 350.000 ; 1.050.000 
ĐẤT, NƯỚC (MÔI TRƯỜNG);Bùn, Đất;PES-LC/MS/MS;Thiofanox;Thiofanox;VLAB-CH-TP-674;LC-MS/MS;0.003 mg/kg;0.01 mg/kg;72;;; 350.000 ; 1.050.000 
ĐẤT, NƯỚC (MÔI TRƯỜNG);Bùn, Đất;PES-LC/MS/MS;Thiophanate-methyl;Thiophanate-methyl;VLAB-CH-TP-674;LC-MS/MS;0.003 mg/kg;0.01 mg/kg;72;;; 350.000 ; 1.050.000 
ĐẤT, NƯỚC (MÔI TRƯỜNG);Bùn, Đất;PES-LC/MS/MS;Triadimenol;Triadimenol;VLAB-CH-TP-674;LC-MS/MS;0.003 mg/kg;0.01 mg/kg;72;;; 350.000 ; 1.050.000 
ĐẤT, NƯỚC (MÔI TRƯỜNG);Bùn, Đất;PES-LC/MS/MS;Trichlorfon;Trichlorfon;VLAB-CH-TP-674;LC-MS/MS;0.003 mg/kg;0.01 mg/kg;72;;; 350.000 ; 1.050.000 
ĐẤT, NƯỚC (MÔI TRƯỜNG);Bùn, Đất;PES-LC/MS/MS;Tricyclazole;Tricyclazole;VLAB-CH-TP-674;LC-MS/MS;0.003 mg/kg;0.01 mg/kg;72;;; 350.000 ; 1.050.000 
ĐẤT, NƯỚC (MÔI TRƯỜNG);Bùn, Đất;PES-LC/MS/MS;Trifloxystrobin;Trifloxystrobin;VLAB-CH-TP-674;LC-MS/MS;0.003 mg/kg;0.01 mg/kg;72;;; 350.000 ; 1.050.000 
ĐẤT, NƯỚC (MÔI TRƯỜNG);Bùn, Đất;PES-LC/MS/MS;Triflumuron;Triflumuron;VLAB-CH-TP-674;LC-MS/MS;0.003 mg/kg;0.01 mg/kg;72;;; 350.000 ; 1.050.000 
ĐẤT, NƯỚC (MÔI TRƯỜNG);Bùn, Đất;PES-LC/MS/MS;Triticonazole;Triticonazole;VLAB-CH-TP-674;LC-MS/MS;0.003 mg/kg;0.01 mg/kg;72;;; 350.000 ; 1.050.000 
ĐẤT, NƯỚC (MÔI TRƯỜNG);Bùn, Đất;PES-LC/MS/MS;Triforine;Triforine;VLAB-CH-TP-674;LC-MS/MS;0.003 mg/kg;0.01 mg/kg;72;;; 350.000 ; 1.050.000 
ĐẤT, NƯỚC (MÔI TRƯỜNG);Bùn, Đất;PES-LC/MS/MS;XMC (3,5-dimethylphenyl N-methylcarbamate);XMC (3,5-dimethylphenyl N-methylcarbamate);VLAB-CH-TP-674;LC-MS/MS;0.003 mg/kg;0.01 mg/kg;72;;; 350.000 ; 1.050.000 
ĐẤT, NƯỚC (MÔI TRƯỜNG);Bùn, Đất;PES-LC/MS/MS;Zoxamide;Zoxamide;VLAB-CH-TP-674;LC-MS/MS;0.003 mg/Kg;0.01 mg/Kg;72;;; 350.000 ; 1.050.000 
ĐẤT, NƯỚC (MÔI TRƯỜNG);Đất;PHENOXY ACID HERBICIDES;2,4,5-T;2,4,5-T;VLAB-CH-TP-660;LC-MS/MS;0.033 mg/kg;0.1 mg/kg;72;;; 350.000 ; 1.050.000 
ĐẤT, NƯỚC (MÔI TRƯỜNG);Đất;PHENOXY ACID HERBICIDES;Dichloprop;Dichloprop;VLAB-CH-TP-660;LC-MS/MS;0.033 mg/kg;0.1 mg/kg;72;;; 350.000 ; 1.050.000 
ĐẤT, NƯỚC (MÔI TRƯỜNG);Đất;PHENOXY ACID HERBICIDES;Fenoprop;Fenoprop;VLAB-CH-TP-660;LC-MS/MS;0.033 mg/kg;0.1 mg/kg;72;;; 350.000 ; 1.050.000 
ĐẤT, NƯỚC (MÔI TRƯỜNG);Đất;PHENOXY ACID HERBICIDES;2,4D;2,4D;VLAB-CH-TP-660;LC-MS/MS;3.33 µg/kg;10 µg/L;72;;; 350.000 ; 1.050.000 
ĐẤT, NƯỚC (MÔI TRƯỜNG);Đất;PES-GC-MS/MS;2,3,5,6-Tetrachloroaniline;2,3,5,6-Tetrachloroaniline;VLAB-CH-TP-614;GC-MS/MS;0.003 mg/kg;0.01 mg/kg;72;;; 350.000 ; 1.050.000 
ĐẤT, NƯỚC (MÔI TRƯỜNG);Đất;PES-GC-MS/MS;2,6-dichlorobenzonitrile;2,6-dichlorobenzonitrile;VLAB-CH-TP-614;GC-MS/MS;0.003 mg/kg;0.01 mg/kg;72;;; 350.000 ; 1.050.000 
ĐẤT, NƯỚC (MÔI TRƯỜNG);Đất;PES-GC-MS/MS;2-phenylphenol;2-phenylphenol;VLAB-CH-TP-614;GC-MS/MS;0.003 mg/kg;0.01 mg/kg;72;;; 350.000 ; 1.050.000 
ĐẤT, NƯỚC (MÔI TRƯỜNG);Đất;PES-GC-MS/MS;3,4-Dichloroaniline;3,4-Dichloroaniline;VLAB-CH-TP-614;GC-MS/MS;0.003 mg/kg;0.01 mg/kg;72;;; 350.000 ; 1.050.000 
ĐẤT, NƯỚC (MÔI TRƯỜNG);Đất;PES-GC-MS/MS;4,4'-Dichlorobenzophenone;4,4'-Dichlorobenzophenone;VLAB-CH-TP-614;GC-MS/MS;0.003 mg/kg;0.01 mg/kg;72;;; 350.000 ; 1.050.000 
ĐẤT, NƯỚC (MÔI TRƯỜNG);Đất;PES-GC-MS/MS;Acetochlor;Acetochlor;VLAB-CH-TP-614;GC-MS/MS;0.003 mg/kg;0.01 mg/kg;72;;; 350.000 ; 1.050.000 
ĐẤT, NƯỚC (MÔI TRƯỜNG);Đất;PES-GC-MS/MS;Acibenzolar-S-methyl;Acibenzolar-S-methyl;VLAB-CH-TP-614;GC-MS/MS;0.003 mg/kg;0.01 mg/kg;72;;; 350.000 ; 1.050.000 
ĐẤT, NƯỚC (MÔI TRƯỜNG);Đất;PES-GC-MS/MS;Aclonifen;Aclonifen;VLAB-CH-TP-614;GC-MS/MS;0.003 mg/kg;0.01 mg/kg;72;;; 350.000 ; 1.050.000 
ĐẤT, NƯỚC (MÔI TRƯỜNG);Đất;PES-GC-MS/MS;Acrinathrin;Acrinathrin;VLAB-CH-TP-614;GC-MS/MS;0.003 mg/kg;0.01 mg/kg;72;;; 350.000 ; 1.050.000 
ĐẤT, NƯỚC (MÔI TRƯỜNG);Đất;PES-GC-MS/MS;Alachlor;Alachlor;VLAB-CH-TP-614;GC-MS/MS;0.003 mg/kg;0.01 mg/kg;72;;; 350.000 ; 1.050.000 
ĐẤT, NƯỚC (MÔI TRƯỜNG);Đất;PES-GC-MS/MS;Aldrin;Aldrin;VLAB-CH-TP-614;GC-MS/MS;0.003 mg/kg;0.01 mg/kg;72;;; 350.000 ; 1.050.000 
ĐẤT, NƯỚC (MÔI TRƯỜNG);Đất;PES-GC-MS/MS;Allidochlor;Allidochlor;VLAB-CH-TP-614;GC-MS/MS;0.003 mg/kg;0.01 mg/kg;72;;; 350.000 ; 1.050.000 
ĐẤT, NƯỚC (MÔI TRƯỜNG);Đất;PES-GC-MS/MS;alpha-BHC (benzene hexachloride);alpha-BHC (benzene hexachloride);VLAB-CH-TP-614;GC-MS/MS;0.003 mg/kg;0.01 mg/kg;72;;; 350.000 ; 1.050.000 
ĐẤT, NƯỚC (MÔI TRƯỜNG);Đất;PES-GC-MS/MS;Anilofos;Anilofos;VLAB-CH-TP-614;GC-MS/MS;0.003 mg/kg;0.01 mg/kg;72;;; 350.000 ; 1.050.000 
ĐẤT, NƯỚC (MÔI TRƯỜNG);Đất;PES-GC-MS/MS;Anthraquinone;Anthraquinone;VLAB-CH-TP-614;GC-MS/MS;0.003 mg/kg;0.01 mg/kg;72;;; 350.000 ; 1.050.000 
ĐẤT, NƯỚC (MÔI TRƯỜNG);Đất;PES-GC-MS/MS;Aspon (Tetrapropyl thiodiphosphate);Aspon (Tetrapropyl thiodiphosphate);VLAB-CH-TP-614;GC-MS/MS;0.003 mg/kg;0.01 mg/kg;72;;; 350.000 ; 1.050.000 
ĐẤT, NƯỚC (MÔI TRƯỜNG);Đất;PES-GC-MS/MS;Atrazine;Atrazine;VLAB-CH-TP-614;GC-MS/MS;0.003 mg/kg;0.01 mg/kg;72;;; 350.000 ; 1.050.000 
ĐẤT, NƯỚC (MÔI TRƯỜNG);Đất;PES-GC-MS/MS;Atrazine-desethyl;Atrazine-desethyl;VLAB-CH-TP-614;GC-MS/MS;0.003 mg/kg;0.01 mg/kg;72;;; 350.000 ; 1.050.000 
ĐẤT, NƯỚC (MÔI TRƯỜNG);Đất;PES-GC-MS/MS;Azinphos-ethyl;Azinphos-ethyl;VLAB-CH-TP-614;GC-MS/MS;0.003 mg/kg;0.01 mg/kg;72;;; 350.000 ; 1.050.000 
ĐẤT, NƯỚC (MÔI TRƯỜNG);Đất;PES-GC-MS/MS;Benfluralin;Benfluralin;VLAB-CH-TP-614;GC-MS/MS;0.003 mg/kg;0.01 mg/kg;72;;; 350.000 ; 1.050.000 
ĐẤT, NƯỚC (MÔI TRƯỜNG);Đất;PES-GC-MS/MS;beta-BHC;beta-BHC;VLAB-CH-TP-614;GC-MS/MS;0.003 mg/kg;0.01 mg/kg;72;;; 350.000 ; 1.050.000 
ĐẤT, NƯỚC (MÔI TRƯỜNG);Đất;PES-GC-MS/MS;Bifenthrin;Bifenthrin;VLAB-CH-TP-614;GC-MS/MS;0.003 mg/kg;0.01 mg/kg;72;;; 350.000 ; 1.050.000 
ĐẤT, NƯỚC (MÔI TRƯỜNG);Đất;PES-GC-MS/MS;Biphenyl;Biphenyl;VLAB-CH-TP-614;GC-MS/MS;0.003 mg/kg;0.01 mg/kg;72;;; 350.000 ; 1.050.000 
ĐẤT, NƯỚC (MÔI TRƯỜNG);Đất;PES-GC-MS/MS;Bromfenvinfos;Bromfenvinfos;VLAB-CH-TP-614;GC-MS/MS;0.003 mg/kg;0.01 mg/kg;72;;; 350.000 ; 1.050.000 
ĐẤT, NƯỚC (MÔI TRƯỜNG);Đất;PES-GC-MS/MS;Bromfenvinfos-methyl;Bromfenvinfos-methyl;VLAB-CH-TP-614;GC-MS/MS;0.003 mg/kg;0.01 mg/kg;72;;; 350.000 ; 1.050.000 
ĐẤT, NƯỚC (MÔI TRƯỜNG);Đất;PES-GC-MS/MS;Bromophos;Bromophos;VLAB-CH-TP-614;GC-MS/MS;0.003 mg/kg;0.01 mg/kg;72;;; 350.000 ; 1.050.000 
ĐẤT, NƯỚC (MÔI TRƯỜNG);Đất;PES-GC-MS/MS;Bromophos-ethyl;Bromophos-ethyl;VLAB-CH-TP-614;GC-MS/MS;0.003 mg/kg;0.01 mg/kg;72;;; 350.000 ; 1.050.000 
ĐẤT, NƯỚC (MÔI TRƯỜNG);Đất;PES-GC-MS/MS;Bromopropylate;Bromopropylate;VLAB-CH-TP-614;GC-MS/MS;0.003 mg/kg;0.01 mg/kg;72;;; 350.000 ; 1.050.000 
ĐẤT, NƯỚC (MÔI TRƯỜNG);Đất;PES-GC-MS/MS;Bupirimate;Bupirimate;VLAB-CH-TP-614;GC-MS/MS;0.003 mg/kg;0.01 mg/kg;72;;; 350.000 ; 1.050.000 
ĐẤT, NƯỚC (MÔI TRƯỜNG);Đất;PES-GC-MS/MS;Buprofezin (Buprofenzin);Buprofezin (Buprofenzin);VLAB-CH-TP-614;GC-MS/MS;0.003 mg/kg;0.01 mg/kg;72;;; 350.000 ; 1.050.000 
ĐẤT, NƯỚC (MÔI TRƯỜNG);Đất;PES-GC-MS/MS;Butachlor;Butachlor;VLAB-CH-TP-614;GC-MS/MS;0.003 mg/kg;0.01 mg/kg;72;;; 350.000 ; 1.050.000 
ĐẤT, NƯỚC (MÔI TRƯỜNG);Đất;PES-GC-MS/MS;Cadusafos;Cadusafos;VLAB-CH-TP-614;GC-MS/MS;0.003 mg/kg;0.01 mg/kg;72;;; 350.000 ; 1.050.000 
ĐẤT, NƯỚC (MÔI TRƯỜNG);Đất;PES-GC-MS/MS;Captan;Captan;VLAB-CH-TP-614;GC-MS/MS;0.003 mg/kg;0.01 mg/kg;72;;; 350.000 ; 1.050.000 
ĐẤT, NƯỚC (MÔI TRƯỜNG);Đất;PES-GC-MS/MS;Carbophenothion;Carbophenothion;VLAB-CH-TP-614;GC-MS/MS;0.003 mg/kg;0.01 mg/kg;72;;; 350.000 ; 1.050.000 
ĐẤT, NƯỚC (MÔI TRƯỜNG);Đất;PES-GC-MS/MS;Carbosulfan;Carbosulfan;VLAB-CH-TP-614;GC-MS/MS;0.003 mg/kg;0.01 mg/kg;72;;; 350.000 ; 1.050.000 
ĐẤT, NƯỚC (MÔI TRƯỜNG);Đất;PES-GC-MS/MS;Carfentrazone-ethyl;Carfentrazone-ethyl;VLAB-CH-TP-614;GC-MS/MS;0.003 mg/kg;0.01 mg/kg;72;;; 350.000 ; 1.050.000 
ĐẤT, NƯỚC (MÔI TRƯỜNG);Đất;PES-GC-MS/MS;Chinomethionate (Oxythioquinox);Chinomethionate (Oxythioquinox);VLAB-CH-TP-614;GC-MS/MS;0.003 mg/kg;0.01 mg/kg;72;;; 350.000 ; 1.050.000 
ĐẤT, NƯỚC (MÔI TRƯỜNG);Đất;PES-GC-MS/MS;Chlorbenside;Chlorbenside;VLAB-CH-TP-614;GC-MS/MS;0.003 mg/kg;0.01 mg/kg;72;;; 350.000 ; 1.050.000 
ĐẤT, NƯỚC (MÔI TRƯỜNG);Đất;PES-GC-MS/MS;Chlorfenapyr;Chlorfenapyr;VLAB-CH-TP-614;GC-MS/MS;0.003 mg/kg;0.01 mg/kg;72;;; 350.000 ; 1.050.000 
ĐẤT, NƯỚC (MÔI TRƯỜNG);Đất;PES-GC-MS/MS;Chlorfenson;Chlorfenson;VLAB-CH-TP-614;GC-MS/MS;0.003 mg/kg;0.01 mg/kg;72;;; 350.000 ; 1.050.000 
ĐẤT, NƯỚC (MÔI TRƯỜNG);Đất;PES-GC-MS/MS;Chlorfenvinphos;Chlorfenvinphos;VLAB-CH-TP-614;GC-MS/MS;0.003 mg/kg;0.01 mg/kg;72;;; 350.000 ; 1.050.000 
ĐẤT, NƯỚC (MÔI TRƯỜNG);Đất;PES-GC-MS/MS;Chlorobenzilate;Chlorobenzilate;VLAB-CH-TP-614;GC-MS/MS;0.003 mg/kg;0.01 mg/kg;72;;; 350.000 ; 1.050.000 
ĐẤT, NƯỚC (MÔI TRƯỜNG);Đất;PES-GC-MS/MS;Chloroneb;Chloroneb;VLAB-CH-TP-614;GC-MS/MS;0.003 mg/kg;0.01 mg/kg;72;;; 350.000 ; 1.050.000 
ĐẤT, NƯỚC (MÔI TRƯỜNG);Đất;PES-GC-MS/MS;Chloropropylate;Chloropropylate;VLAB-CH-TP-614;GC-MS/MS;0.003 mg/kg;0.01 mg/kg;72;;; 350.000 ; 1.050.000 
ĐẤT, NƯỚC (MÔI TRƯỜNG);Đất;PES-GC-MS/MS;Chlorothalonil;Chlorothalonil;VLAB-CH-TP-614;GC-MS/MS;0.003 mg/kg;0.01 mg/kg;72;;; 350.000 ; 1.050.000 
ĐẤT, NƯỚC (MÔI TRƯỜNG);Đất;PES-GC-MS/MS;Chlorpropham;Chlorpropham;VLAB-CH-TP-614;GC-MS/MS;0.003 mg/kg;0.01 mg/kg;72;;; 350.000 ; 1.050.000 
ĐẤT, NƯỚC (MÔI TRƯỜNG);Đất;PES-GC-MS/MS;Chlorpyrifos (Chlorpyrifos ethyl);Chlorpyrifos (Chlorpyrifos ethyl);VLAB-CH-TP-614;GC-MS/MS;0.003 mg/kg;0.01 mg/kg;72;;; 350.000 ; 1.050.000 
ĐẤT, NƯỚC (MÔI TRƯỜNG);Đất;PES-GC-MS/MS;Chlorpyrifos-methyl;Chlorpyrifos-methyl;VLAB-CH-TP-614;GC-MS/MS;0.003 mg/kg;0.01 mg/kg;72;;; 350.000 ; 1.050.000 
ĐẤT, NƯỚC (MÔI TRƯỜNG);Đất;PES-GC-MS/MS;Chlorthiophos;Chlorthiophos;VLAB-CH-TP-614;GC-MS/MS;0.003 mg/kg;0.01 mg/kg;72;;; 350.000 ; 1.050.000 
ĐẤT, NƯỚC (MÔI TRƯỜNG);Đất;PES-GC-MS/MS;Chlozolinate;Chlozolinate;VLAB-CH-TP-614;GC-MS/MS;0.003 mg/kg;0.01 mg/kg;72;;; 350.000 ; 1.050.000 
ĐẤT, NƯỚC (MÔI TRƯỜNG);Đất;PES-GC-MS/MS;cis-1,2,3,6-Tetrahydrophthalimide;cis-1,2,3,6-Tetrahydrophthalimide;VLAB-CH-TP-614;GC-MS/MS;0.003 mg/kg;0.01 mg/kg;72;;; 350.000 ; 1.050.000 
ĐẤT, NƯỚC (MÔI TRƯỜNG);Đất;PES-GC-MS/MS;cis-Chlordane;cis-Chlordane;VLAB-CH-TP-614;GC-MS/MS;0.003 mg/kg;0.01 mg/kg;72;;; 350.000 ; 1.050.000 
ĐẤT, NƯỚC (MÔI TRƯỜNG);Đất;PES-GC-MS/MS;cis-Nonachlor;cis-Nonachlor;VLAB-CH-TP-614;GC-MS/MS;0.003 mg/kg;0.01 mg/kg;72;;; 350.000 ; 1.050.000 
ĐẤT, NƯỚC (MÔI TRƯỜNG);Đất;PES-GC-MS/MS;Clomazone;Clomazone;VLAB-CH-TP-614;GC-MS/MS;0.003 mg/kg;0.01 mg/kg;72;;; 350.000 ; 1.050.000 
ĐẤT, NƯỚC (MÔI TRƯỜNG);Đất;PES-GC-MS/MS;Cloquintocet-mexyl;Cloquintocet-mexyl;VLAB-CH-TP-614;GC-MS/MS;0.003 mg/kg;0.01 mg/kg;72;;; 350.000 ; 1.050.000 
ĐẤT, NƯỚC (MÔI TRƯỜNG);Đất;PES-GC-MS/MS;Coumaphos;Coumaphos;VLAB-CH-TP-614;GC-MS/MS;0.003 mg/kg;0.01 mg/kg;72;;; 350.000 ; 1.050.000 
ĐẤT, NƯỚC (MÔI TRƯỜNG);Đất;PES-GC-MS/MS;Crimidine;Crimidine;VLAB-CH-TP-614;GC-MS/MS;0.003 mg/kg;0.01 mg/kg;72;;; 350.000 ; 1.050.000 
ĐẤT, NƯỚC (MÔI TRƯỜNG);Đất;PES-GC-MS/MS;Cyanofenphos;Cyanofenphos;VLAB-CH-TP-614;GC-MS/MS;0.003 mg/kg;0.01 mg/kg;72;;; 350.000 ; 1.050.000 
ĐẤT, NƯỚC (MÔI TRƯỜNG);Đất;PES-GC-MS/MS;Cyanophos;Cyanophos;VLAB-CH-TP-614;GC-MS/MS;0.003 mg/kg;0.01 mg/kg;72;;; 350.000 ; 1.050.000 
ĐẤT, NƯỚC (MÔI TRƯỜNG);Đất;PES-GC-MS/MS;Cycloate;Cycloate;VLAB-CH-TP-614;GC-MS/MS;0.003 mg/kg;0.01 mg/kg;72;;; 350.000 ; 1.050.000 
ĐẤT, NƯỚC (MÔI TRƯỜNG);Đất;PES-GC-MS/MS;Cyfluthrin;Cyfluthrin;VLAB-CH-TP-614;GC-MS/MS;0.003 mg/kg;0.01 mg/kg;72;;; 350.000 ; 1.050.000 
ĐẤT, NƯỚC (MÔI TRƯỜNG);Đất;PES-GC-MS/MS;Cyhalofop-butyl;Cyhalofop-butyl;VLAB-CH-TP-614;GC-MS/MS;0.003 mg/kg;0.01 mg/kg;72;;; 350.000 ; 1.050.000 
ĐẤT, NƯỚC (MÔI TRƯỜNG);Đất;PES-GC-MS/MS;Cyhalothrin (Gamma);Cyhalothrin (Gamma);VLAB-CH-TP-614;GC-MS/MS;0.003 mg/kg;0.01 mg/kg;72;;; 350.000 ; 1.050.000 
ĐẤT, NƯỚC (MÔI TRƯỜNG);Đất;PES-GC-MS/MS;Cyhalothrin (Lambda);Cyhalothrin (Lambda);VLAB-CH-TP-614;GC-MS/MS;0.003 mg/kg;0.01 mg/kg;72;;; 350.000 ; 1.050.000 
ĐẤT, NƯỚC (MÔI TRƯỜNG);Đất;PES-GC-MS/MS;Cypermethrin;Cypermethrin;VLAB-CH-TP-614;GC-MS/MS;0.003 mg/kg;0.01 mg/kg;72;;; 350.000 ; 1.050.000 
ĐẤT, NƯỚC (MÔI TRƯỜNG);Đất;PES-LC/MS/MS-1;Cyproconazole;Cyproconazole;VLAB-CH-TP-674;LC-MS/MS;0.003 mg/kg;0.01 mg/kg;72;;; 350.000 ; 1.050.000 
ĐẤT, NƯỚC (MÔI TRƯỜNG);Đất;PES-GC-MS/MS;Cyprodinil;Cyprodinil;VLAB-CH-TP-614;GC-MS/MS;0.003 mg/kg;0.01 mg/kg;72;;; 350.000 ; 1.050.000 
ĐẤT, NƯỚC (MÔI TRƯỜNG);Đất;PES-GC-MS/MS;DCPA (Dacthal, Chlorthal-dimethyl);DCPA (Dacthal, Chlorthal-dimethyl);VLAB-CH-TP-614;GC-MS/MS;0.003 mg/kg;0.01 mg/kg;72;;; 350.000 ; 1.050.000 
ĐẤT, NƯỚC (MÔI TRƯỜNG);Đất;PES-GC-MS/MS;DDD-o,p' (2,4'-DDD);DDD-o,p' (2,4'-DDD);VLAB-CH-TP-614;GC-MS/MS;0.003 mg/kg;0.01 mg/kg;72;;; 350.000 ; 1.050.000 
ĐẤT, NƯỚC (MÔI TRƯỜNG);Đất;PES-GC-MS/MS;DDD-p,p' (4,4'-DDD);DDD-p,p' (4,4'-DDD);VLAB-CH-TP-614;GC-MS/MS;0.003 mg/kg;0.01 mg/kg;72;;; 350.000 ; 1.050.000 
ĐẤT, NƯỚC (MÔI TRƯỜNG);Đất;PES-GC-MS/MS;DDE-o,p' (2,4'-DDE);DDE-o,p' (2,4'-DDE);VLAB-CH-TP-614;GC-MS/MS;0.003 mg/kg;0.01 mg/kg;72;;; 350.000 ; 1.050.000 
ĐẤT, NƯỚC (MÔI TRƯỜNG);Đất;PES-GC-MS/MS;DDE-p,p' (4,4'-DDE);DDE-p,p' (4,4'-DDE);VLAB-CH-TP-614;GC-MS/MS;0.003 mg/kg;0.01 mg/kg;72;;; 350.000 ; 1.050.000 
ĐẤT, NƯỚC (MÔI TRƯỜNG);Đất;PES-GC-MS/MS;DDT-o,p' (2,4'-DDT);DDT-o,p' (2,4'-DDT);VLAB-CH-TP-614;GC-MS/MS;0.003 mg/kg;0.01 mg/kg;72;;; 350.000 ; 1.050.000 
ĐẤT, NƯỚC (MÔI TRƯỜNG);Đất;PES-GC-MS/MS;DDT-p,p' (4,4'-DDT);DDT-p,p' (4,4'-DDT);VLAB-CH-TP-614;GC-MS/MS;0.003 mg/kg;0.01 mg/kg;72;;; 350.000 ; 1.050.000 
ĐẤT, NƯỚC (MÔI TRƯỜNG);Đất;PES-GC-MS/MS;DEF (Tribufos);DEF (Tribufos);VLAB-CH-TP-614;GC-MS/MS;0.003 mg/kg;0.01 mg/kg;72;;; 350.000 ; 1.050.000 
ĐẤT, NƯỚC (MÔI TRƯỜNG);Đất;PES-GC-MS/MS;delta-BHC;delta-BHC;VLAB-CH-TP-614;GC-MS/MS;0.003 mg/kg;0.01 mg/kg;72;;; 350.000 ; 1.050.000 
ĐẤT, NƯỚC (MÔI TRƯỜNG);Đất;PES-GC-MS/MS;Deltamethrin;Deltamethrin;VLAB-CH-TP-614;GC-MS/MS;0.003 mg/kg;0.01 mg/kg;72;;; 350.000 ; 1.050.000 
ĐẤT, NƯỚC (MÔI TRƯỜNG);Đất;PES-GC-MS/MS;Desmetryn;Desmetryn;VLAB-CH-TP-614;GC-MS/MS;0.003 mg/kg;0.01 mg/kg;72;;; 350.000 ; 1.050.000 
ĐẤT, NƯỚC (MÔI TRƯỜNG);Đất;PES-GC-MS/MS;Dialifos;Dialifos;VLAB-CH-TP-614;GC-MS/MS;0.003 mg/kg;0.01 mg/kg;72;;; 350.000 ; 1.050.000 
ĐẤT, NƯỚC (MÔI TRƯỜNG);Đất;PES-GC-MS/MS;Diallate;Diallate;VLAB-CH-TP-614;GC-MS/MS;0.003 mg/kg;0.01 mg/kg;72;;; 350.000 ; 1.050.000 
ĐẤT, NƯỚC (MÔI TRƯỜNG);Đất;PES-GC-MS/MS;Diazinon;Diazinon;VLAB-CH-TP-614;GC-MS/MS;0.003 mg/kg;0.01 mg/kg;72;;; 350.000 ; 1.050.000 
ĐẤT, NƯỚC (MÔI TRƯỜNG);Đất;PES-GC-MS/MS;Dichlofenthion;Dichlofenthion;VLAB-CH-TP-614;GC-MS/MS;0.003 mg/kg;0.01 mg/kg;72;;; 350.000 ; 1.050.000 
ĐẤT, NƯỚC (MÔI TRƯỜNG);Đất;PES-GC-MS/MS;Dichloran;Dichloran;VLAB-CH-TP-614;GC-MS/MS;0.003 mg/kg;0.01 mg/kg;72;;; 350.000 ; 1.050.000 
ĐẤT, NƯỚC (MÔI TRƯỜNG);Đất;PES-GC-MS/MS;Dichlorvos;Dichlorvos;VLAB-CH-TP-614;GC-MS/MS;0.003 mg/kg;0.01 mg/kg;72;;; 350.000 ; 1.050.000 
ĐẤT, NƯỚC (MÔI TRƯỜNG);Đất;PES-GC-MS/MS;Diclobutrazol (Dichlobutrazol);Diclobutrazol (Dichlobutrazol);VLAB-CH-TP-614;GC-MS/MS;0.003 mg/kg;0.01 mg/kg;72;;; 350.000 ; 1.050.000 
ĐẤT, NƯỚC (MÔI TRƯỜNG);Đất;PES-GC-MS/MS;Diclofop-methyl;Diclofop-methyl;VLAB-CH-TP-614;GC-MS/MS;0.003 mg/kg;0.01 mg/kg;72;;; 350.000 ; 1.050.000 
ĐẤT, NƯỚC (MÔI TRƯỜNG);Đất;PES-GC-MS/MS;Dieldrin;Dieldrin;VLAB-CH-TP-614;GC-MS/MS;0.003 mg/kg;0.01 mg/kg;72;;; 350.000 ; 1.050.000 
ĐẤT, NƯỚC (MÔI TRƯỜNG);Đất;PES-GC-MS/MS;Dimethachlor;Dimethachlor;VLAB-CH-TP-614;GC-MS/MS;0.003 mg/kg;0.01 mg/kg;72;;; 350.000 ; 1.050.000 
ĐẤT, NƯỚC (MÔI TRƯỜNG);Đất;PES-GC-MS/MS;Dimethenamid-P;Dimethenamid-P;VLAB-CH-TP-614;GC-MS/MS;0.003 mg/kg;0.01 mg/kg;72;;; 350.000 ; 1.050.000 
ĐẤT, NƯỚC (MÔI TRƯỜNG);Đất;PES-GC-MS/MS;Diofenolan;Diofenolan;VLAB-CH-TP-614;GC-MS/MS;0.003 mg/kg;0.01 mg/kg;72;;; 350.000 ; 1.050.000 
ĐẤT, NƯỚC (MÔI TRƯỜNG);Đất;PES-GC-MS/MS;Diphenamid;Diphenamid;VLAB-CH-TP-614;GC-MS/MS;0.003 mg/kg;0.01 mg/kg;72;;; 350.000 ; 1.050.000 
ĐẤT, NƯỚC (MÔI TRƯỜNG);Đất;PES-GC-MS/MS;Diphenylamine;Diphenylamine;VLAB-CH-TP-614;GC-MS/MS;0.003 mg/kg;0.01 mg/kg;72;;; 350.000 ; 1.050.000 
ĐẤT, NƯỚC (MÔI TRƯỜNG);Đất;PES-GC-MS/MS;Disulfoton;Disulfoton;VLAB-CH-TP-614;GC-MS/MS;0.003 mg/kg;0.01 mg/kg;72;;; 350.000 ; 1.050.000 
ĐẤT, NƯỚC (MÔI TRƯỜNG);Đất;PES-GC-MS/MS;Disulfoton-sulfoxide;Disulfoton-sulfoxide;VLAB-CH-TP-614;GC-MS/MS;0.003 mg/kg;0.01 mg/kg;72;;; 350.000 ; 1.050.000 
ĐẤT, NƯỚC (MÔI TRƯỜNG);Đất;PES-GC-MS/MS;Ditalimfos;Ditalimfos;VLAB-CH-TP-614;GC-MS/MS;0.003 mg/kg;0.01 mg/kg;72;;; 350.000 ; 1.050.000 
ĐẤT, NƯỚC (MÔI TRƯỜNG);Đất;PES-GC-MS/MS;Dithiopyr;Dithiopyr;VLAB-CH-TP-614;GC-MS/MS;0.003 mg/kg;0.01 mg/kg;72;;; 350.000 ; 1.050.000 
ĐẤT, NƯỚC (MÔI TRƯỜNG);Đất;PES-GC-MS/MS;Endosulfan ether;Endosulfan ether;VLAB-CH-TP-614;GC-MS/MS;0.003 mg/kg;0.01 mg/kg;72;;; 350.000 ; 1.050.000 
ĐẤT, NƯỚC (MÔI TRƯỜNG);Đất;PES-GC-MS/MS;Endosulfan I (alpha isomer);Endosulfan I (alpha isomer);VLAB-CH-TP-614;GC-MS/MS;0.003 mg/kg;0.01 mg/kg;72;;; 350.000 ; 1.050.000 
ĐẤT, NƯỚC (MÔI TRƯỜNG);Đất;PES-GC-MS/MS;Endosulfan II (beta isomer);Endosulfan II (beta isomer);VLAB-CH-TP-614;GC-MS/MS;0.003 mg/kg;0.01 mg/kg;72;;; 350.000 ; 1.050.000 
ĐẤT, NƯỚC (MÔI TRƯỜNG);Đất;PES-GC-MS/MS;Endosulfan sulfate;Endosulfan sulfate;VLAB-CH-TP-614;GC-MS/MS;0.003 mg/kg;0.01 mg/kg;72;;; 350.000 ; 1.050.000 
ĐẤT, NƯỚC (MÔI TRƯỜNG);Đất;PES-GC-MS/MS;Endrin;Endrin;VLAB-CH-TP-614;GC-MS/MS;0.003 mg/kg;0.01 mg/kg;72;;; 350.000 ; 1.050.000 
ĐẤT, NƯỚC (MÔI TRƯỜNG);Đất;PES-GC-MS/MS;EPN (O-Ethyl O-(4-nitrophenyl) phenylphosphonothioate);EPN (O-Ethyl O-(4-nitrophenyl) phenylphosphonothioate);VLAB-CH-TP-614;GC-MS/MS;0.003 mg/kg;0.01 mg/kg;72;;; 350.000 ; 1.050.000 
ĐẤT, NƯỚC (MÔI TRƯỜNG);Đất;PES-GC-MS/MS;Ethalfluralin;Ethalfluralin;VLAB-CH-TP-614;GC-MS/MS;0.003 mg/kg;0.01 mg/kg;72;;; 350.000 ; 1.050.000 
ĐẤT, NƯỚC (MÔI TRƯỜNG);Đất;PES-GC-MS/MS;Ethion;Ethion;VLAB-CH-TP-614;GC-MS/MS;0.003 mg/kg;0.01 mg/kg;72;;; 350.000 ; 1.050.000 
ĐẤT, NƯỚC (MÔI TRƯỜNG);Đất;PES-GC-MS/MS;Ethofenprox (Etofenprox);Ethofenprox (Etofenprox);VLAB-CH-TP-614;GC-MS/MS;0.003 mg/kg;0.01 mg/kg;72;;; 350.000 ; 1.050.000 
ĐẤT, NƯỚC (MÔI TRƯỜNG);Đất;PES-GC-MS/MS;Ethofumesate;Ethofumesate;VLAB-CH-TP-614;GC-MS/MS;0.003 mg/kg;0.01 mg/kg;72;;; 350.000 ; 1.050.000 
ĐẤT, NƯỚC (MÔI TRƯỜNG);Đất;PES-GC-MS/MS;Ethylan (Perthane);Ethylan (Perthane);VLAB-CH-TP-614;GC-MS/MS;0.003 mg/kg;0.01 mg/kg;72;;; 350.000 ; 1.050.000 
ĐẤT, NƯỚC (MÔI TRƯỜNG);Đất;PES-GC-MS/MS;Fenamiphos;Fenamiphos;VLAB-CH-TP-614;GC-MS/MS;0.003 mg/kg;0.01 mg/kg;72;;; 350.000 ; 1.050.000 
ĐẤT, NƯỚC (MÔI TRƯỜNG);Đất;PES-GC-MS/MS;Fenarimol;Fenarimol;VLAB-CH-TP-614;GC-MS/MS;0.003 mg/kg;0.01 mg/kg;72;;; 350.000 ; 1.050.000 
ĐẤT, NƯỚC (MÔI TRƯỜNG);Đất;PES-GC-MS/MS;Fenitrothion;Fenitrothion;VLAB-CH-TP-614;GC-MS/MS;0.003 mg/kg;0.01 mg/kg;72;;; 350.000 ; 1.050.000 
ĐẤT, NƯỚC (MÔI TRƯỜNG);Đất;PES-GC-MS/MS;Fenpropathrin;Fenpropathrin;VLAB-CH-TP-614;GC-MS/MS;0.003 mg/kg;0.01 mg/kg;72;;; 350.000 ; 1.050.000 
ĐẤT, NƯỚC (MÔI TRƯỜNG);Đất;PES-GC-MS/MS;Fenpropimorph;Fenpropimorph;VLAB-CH-TP-614;GC-MS/MS;0.003 mg/kg;0.01 mg/kg;72;;; 350.000 ; 1.050.000 
ĐẤT, NƯỚC (MÔI TRƯỜNG);Đất;PES-GC-MS/MS;Fenson;Fenson;VLAB-CH-TP-614;GC-MS/MS;0.003 mg/kg;0.01 mg/kg;72;;; 350.000 ; 1.050.000 
ĐẤT, NƯỚC (MÔI TRƯỜNG);Đất;PES-GC-MS/MS;Fensulfothion;Fensulfothion;VLAB-CH-TP-614;GC-MS/MS;0.003 mg/kg;0.01 mg/kg;72;;; 350.000 ; 1.050.000 
ĐẤT, NƯỚC (MÔI TRƯỜNG);Đất;PES-GC-MS/MS;Fenthion;Fenthion;VLAB-CH-TP-614;GC-MS/MS;0.003 mg/kg;0.01 mg/kg;72;;; 350.000 ; 1.050.000 
ĐẤT, NƯỚC (MÔI TRƯỜNG);Đất;PES-GC-MS/MS;Fenthion sulfone;Fenthion sulfone;VLAB-CH-TP-614;GC-MS/MS;0.003 mg/kg;0.01 mg/kg;72;;; 350.000 ; 1.050.000 
ĐẤT, NƯỚC (MÔI TRƯỜNG);Đất;PES-GC-MS/MS;Fenvalerate;Fenvalerate;VLAB-CH-TP-614;GC-MS/MS;0.003 mg/kg;0.01 mg/kg;72;;; 350.000 ; 1.050.000 
ĐẤT, NƯỚC (MÔI TRƯỜNG);Đất;PES-GC-MS/MS;Fipronil;Fipronil;VLAB-CH-TP-614;GC-MS/MS;0.003 mg/kg;0.01 mg/kg;72;;; 350.000 ; 1.050.000 
ĐẤT, NƯỚC (MÔI TRƯỜNG);Đất;PES-GC-MS/MS;Fipronil sulfide;Fipronil sulfide;VLAB-CH-TP-614;GC-MS/MS;0.003 mg/kg;0.01 mg/kg;72;;; 350.000 ; 1.050.000 
ĐẤT, NƯỚC (MÔI TRƯỜNG);Đất;PES-GC-MS/MS;Fipronil sulfone;Fipronil sulfone;VLAB-CH-TP-614;GC-MS/MS;0.003 mg/kg;0.01 mg/kg;72;;; 350.000 ; 1.050.000 
ĐẤT, NƯỚC (MÔI TRƯỜNG);Đất;PES-GC-MS/MS;Fluazifop-p-butyl;Fluazifop-p-butyl;VLAB-CH-TP-614;GC-MS/MS;0.003 mg/kg;0.01 mg/kg;72;;; 350.000 ; 1.050.000 
ĐẤT, NƯỚC (MÔI TRƯỜNG);Đất;PES-GC-MS/MS;Fluchloralin;Fluchloralin;VLAB-CH-TP-614;GC-MS/MS;0.003 mg/kg;0.01 mg/kg;72;;; 350.000 ; 1.050.000 
ĐẤT, NƯỚC (MÔI TRƯỜNG);Đất;PES-GC-MS/MS;Flucythrinate;Flucythrinate;VLAB-CH-TP-614;GC-MS/MS;0.003 mg/kg;0.01 mg/kg;72;;; 350.000 ; 1.050.000 
ĐẤT, NƯỚC (MÔI TRƯỜNG);Đất;PES-GC-MS/MS;Fludioxonil;Fludioxonil;VLAB-CH-TP-614;GC-MS/MS;0.003 mg/kg;0.01 mg/kg;72;;; 350.000 ; 1.050.000 
ĐẤT, NƯỚC (MÔI TRƯỜNG);Đất;PES-GC-MS/MS;Flufenacet;Flufenacet;VLAB-CH-TP-614;GC-MS/MS;0.003 mg/kg;0.01 mg/kg;72;;; 350.000 ; 1.050.000 
ĐẤT, NƯỚC (MÔI TRƯỜNG);Đất;PES-GC-MS/MS;Flumetralin;Flumetralin;VLAB-CH-TP-614;GC-MS/MS;0.003 mg/kg;0.01 mg/kg;72;;; 350.000 ; 1.050.000 
ĐẤT, NƯỚC (MÔI TRƯỜNG);Đất;PES-GC-MS/MS;Fluquinconazole;Fluquinconazole;VLAB-CH-TP-614;GC-MS/MS;0.003 mg/kg;0.01 mg/kg;72;;; 350.000 ; 1.050.000 
ĐẤT, NƯỚC (MÔI TRƯỜNG);Đất;PES-GC-MS/MS;Flusilazole;Flusilazole;VLAB-CH-TP-614;GC-MS/MS;0.003 mg/kg;0.01 mg/kg;72;;; 350.000 ; 1.050.000 
ĐẤT, NƯỚC (MÔI TRƯỜNG);Đất;PES-GC-MS/MS;Flutolanil;Flutolanil;VLAB-CH-TP-614;GC-MS/MS;0.003 mg/kg;0.01 mg/kg;72;;; 350.000 ; 1.050.000 
ĐẤT, NƯỚC (MÔI TRƯỜNG);Đất;PES-GC-MS/MS;Flutriafol;Flutriafol;VLAB-CH-TP-614;GC-MS/MS;0.003 mg/kg;0.01 mg/kg;72;;; 350.000 ; 1.050.000 
ĐẤT, NƯỚC (MÔI TRƯỜNG);Đất;PES-GC-MS/MS;Folpet;Folpet;VLAB-CH-TP-614;GC-MS/MS;0.003 mg/kg;0.01 mg/kg;72;;; 350.000 ; 1.050.000 
ĐẤT, NƯỚC (MÔI TRƯỜNG);Đất;PES-GC-MS/MS;Fonofos (Dyfonate);Fonofos (Dyfonate);VLAB-CH-TP-614;GC-MS/MS;0.003 mg/kg;0.01 mg/kg;72;;; 350.000 ; 1.050.000 
ĐẤT, NƯỚC (MÔI TRƯỜNG);Đất;PES-GC-MS/MS;Formothion;Formothion;VLAB-CH-TP-614;GC-MS/MS;0.003 mg/kg;0.01 mg/kg;72;;; 350.000 ; 1.050.000 
ĐẤT, NƯỚC (MÔI TRƯỜNG);Đất;PES-GC-MS/MS;Furalaxyl;Furalaxyl;VLAB-CH-TP-614;GC-MS/MS;0.003 mg/kg;0.01 mg/kg;72;;; 350.000 ; 1.050.000 
ĐẤT, NƯỚC (MÔI TRƯỜNG);Đất;PES-GC-MS/MS;gamma-BHC- (Lindane, gamma HCH);gamma-BHC- (Lindane, gamma HCH);VLAB-CH-TP-614;GC-MS/MS;0.003 mg/kg;0.01 mg/kg;72;;; 350.000 ; 1.050.000 
ĐẤT, NƯỚC (MÔI TRƯỜNG);Đất;PES-GC-MS/MS;Haloxyfop-methyl;Haloxyfop-methyl;VLAB-CH-TP-614;GC-MS/MS;0.003 mg/kg;0.01 mg/kg;72;;; 350.000 ; 1.050.000 
ĐẤT, NƯỚC (MÔI TRƯỜNG);Đất;PES-GC-MS/MS;Heptachlor;Heptachlor;VLAB-CH-TP-614;GC-MS/MS;0.003 mg/kg;0.01 mg/kg;72;;; 350.000 ; 1.050.000 
ĐẤT, NƯỚC (MÔI TRƯỜNG);Đất;PES-GC-MS/MS;Heptachlor endo-epoxide (isomer A);Heptachlor endo-epoxide (isomer A);VLAB-CH-TP-614;GC-MS/MS;0.003 mg/kg;0.01 mg/kg;72;;; 350.000 ; 1.050.000 
ĐẤT, NƯỚC (MÔI TRƯỜNG);Đất;PES-GC-MS/MS;Heptachlor exo-epoxide (Heptachlor epoxide);Heptachlor exo-epoxide (Heptachlor epoxide);VLAB-CH-TP-614;GC-MS/MS;0.003 mg/kg;0.01 mg/kg;72;;; 350.000 ; 1.050.000 
ĐẤT, NƯỚC (MÔI TRƯỜNG);Đất;PES-GC-MS/MS;Heptenophos;Heptenophos;VLAB-CH-TP-614;GC-MS/MS;0.003 mg/kg;0.01 mg/kg;72;;; 350.000 ; 1.050.000 
ĐẤT, NƯỚC (MÔI TRƯỜNG);Đất;PES-GC-MS/MS;Hexachlorobenzene (HCB);Hexachlorobenzene (HCB);VLAB-CH-TP-614;GC-MS/MS;0.003 mg/kg;0.01 mg/kg;72;;; 350.000 ; 1.050.000 
ĐẤT, NƯỚC (MÔI TRƯỜNG);Đất;PES-LC/MS/MS-1;Hexaconazole;Hexaconazole;VLAB-CH-TP-674;LC-MS/MS;0.003 mg/kg;0.01 mg/kg;72;;; 350.000 ; 1.050.000 
ĐẤT, NƯỚC (MÔI TRƯỜNG);Đất;PES-GC-MS/MS;Iodofenphos;Iodofenphos;VLAB-CH-TP-614;GC-MS/MS;0.003 mg/kg;0.01 mg/kg;72;;; 350.000 ; 1.050.000 
ĐẤT, NƯỚC (MÔI TRƯỜNG);Đất;PES-GC-MS/MS;Iprobenfos;Iprobenfos;VLAB-CH-TP-614;GC-MS/MS;0.003 mg/kg;0.01 mg/kg;72;;; 350.000 ; 1.050.000 
ĐẤT, NƯỚC (MÔI TRƯỜNG);Đất;PES-GC-MS/MS;Isazofos (Isazophos);Isazofos (Isazophos);VLAB-CH-TP-614;GC-MS/MS;0.003 mg/kg;0.01 mg/kg;72;;; 350.000 ; 1.050.000 
ĐẤT, NƯỚC (MÔI TRƯỜNG);Đất;PES-GC-MS/MS;Isobenzan;Isobenzan;VLAB-CH-TP-614;GC-MS/MS;0.003 mg/kg;0.01 mg/kg;72;;; 350.000 ; 1.050.000 
ĐẤT, NƯỚC (MÔI TRƯỜNG);Đất;PES-GC-MS/MS;Isodrin;Isodrin;VLAB-CH-TP-614;GC-MS/MS;0.003 mg/kg;0.01 mg/kg;72;;; 350.000 ; 1.050.000 
ĐẤT, NƯỚC (MÔI TRƯỜNG);Đất;PES-GC-MS/MS;Isopropalin;Isopropalin;VLAB-CH-TP-614;GC-MS/MS;0.003 mg/kg;0.01 mg/kg;72;;; 350.000 ; 1.050.000 
ĐẤT, NƯỚC (MÔI TRƯỜNG);Đất;PES-GC-MS/MS;Kresoxim-methyl;Kresoxim-methyl;VLAB-CH-TP-614;GC-MS/MS;0.003 mg/kg;0.01 mg/kg;72;;; 350.000 ; 1.050.000 
ĐẤT, NƯỚC (MÔI TRƯỜNG);Đất;PES-GC-MS/MS;Lenacil;Lenacil;VLAB-CH-TP-614;GC-MS/MS;0.003 mg/kg;0.01 mg/kg;72;;; 350.000 ; 1.050.000 
ĐẤT, NƯỚC (MÔI TRƯỜNG);Đất;PES-GC-MS/MS;Leptophos;Leptophos;VLAB-CH-TP-614;GC-MS/MS;0.003 mg/kg;0.01 mg/kg;72;;; 350.000 ; 1.050.000 
ĐẤT, NƯỚC (MÔI TRƯỜNG);Đất;PES-GC-MS/MS;Malathion;Malathion;VLAB-CH-TP-614;GC-MS/MS;0.003 mg/kg;0.01 mg/kg;72;;; 350.000 ; 1.050.000 
ĐẤT, NƯỚC (MÔI TRƯỜNG);Đất;PES-GC-MS/MS;Mecarbam;Mecarbam;VLAB-CH-TP-614;GC-MS/MS;0.003 mg/kg;0.01 mg/kg;72;;; 350.000 ; 1.050.000 
ĐẤT, NƯỚC (MÔI TRƯỜNG);Đất;PES-GC-MS/MS;Mefenpyr-diethyl;Mefenpyr-diethyl;VLAB-CH-TP-614;GC-MS/MS;0.003 mg/kg;0.01 mg/kg;72;;; 350.000 ; 1.050.000 
ĐẤT, NƯỚC (MÔI TRƯỜNG);Đất;PES-GC-MS/MS;Mepronil;Mepronil;VLAB-CH-TP-614;GC-MS/MS;0.003 mg/kg;0.01 mg/kg;72;;; 350.000 ; 1.050.000 
ĐẤT, NƯỚC (MÔI TRƯỜNG);Đất;PES-GC-MS/MS;Metalaxyl (Mefenoxam);Metalaxyl (Mefenoxam);VLAB-CH-TP-614;GC-MS/MS;0.003 mg/kg;0.01 mg/kg;72;;; 350.000 ; 1.050.000 
ĐẤT, NƯỚC (MÔI TRƯỜNG);Đất;PES-GC-MS/MS;Metazachlor;Metazachlor;VLAB-CH-TP-614;GC-MS/MS;0.003 mg/kg;0.01 mg/kg;72;;; 350.000 ; 1.050.000 
ĐẤT, NƯỚC (MÔI TRƯỜNG);Đất;PES-GC-MS/MS;Methacrifos;Methacrifos;VLAB-CH-TP-614;GC-MS/MS;0.003 mg/kg;0.01 mg/kg;72;;; 350.000 ; 1.050.000 
ĐẤT, NƯỚC (MÔI TRƯỜNG);Đất;PES-GC-MS/MS;Methidathion;Methidathion;VLAB-CH-TP-614;GC-MS/MS;0.003 mg/kg;0.01 mg/kg;72;;; 350.000 ; 1.050.000 
ĐẤT, NƯỚC (MÔI TRƯỜNG);Đất;PES-GC-MS/MS;Methoxychlor olefin;Methoxychlor olefin;VLAB-CH-TP-614;GC-MS/MS;0.003 mg/kg;0.01 mg/kg;72;;; 350.000 ; 1.050.000 
ĐẤT, NƯỚC (MÔI TRƯỜNG);Đất;PES-GC-MS/MS;Metolachlor;Metolachlor;VLAB-CH-TP-614;GC-MS/MS;0.003 mg/kg;0.01 mg/kg;72;;; 350.000 ; 1.050.000 
ĐẤT, NƯỚC (MÔI TRƯỜNG);Đất;PES-GC-MS/MS;Metrafenone;Metrafenone;VLAB-CH-TP-614;GC-MS/MS;0.003 mg/kg;0.01 mg/kg;72;;; 350.000 ; 1.050.000 
ĐẤT, NƯỚC (MÔI TRƯỜNG);Đất;PES-GC-MS/MS;Metribuzin;Metribuzin;VLAB-CH-TP-614;GC-MS/MS;0.003 mg/kg;0.01 mg/kg;72;;; 350.000 ; 1.050.000 
ĐẤT, NƯỚC (MÔI TRƯỜNG);Đất;PES-GC-MS/MS;Mevinphos;Mevinphos;VLAB-CH-TP-614;GC-MS/MS;0.003 mg/kg;0.01 mg/kg;72;;; 350.000 ; 1.050.000 
ĐẤT, NƯỚC (MÔI TRƯỜNG);Đất;PES-GC-MS/MS;MGK-264 (N-Octyl bicycloheptene dicarboximide);MGK-264 (N-Octyl bicycloheptene dicarboximide);VLAB-CH-TP-614;GC-MS/MS;0.003 mg/kg;0.01 mg/kg;72;;; 350.000 ; 1.050.000 
ĐẤT, NƯỚC (MÔI TRƯỜNG);Đất;PES-GC-MS/MS;Molinate;Molinate;VLAB-CH-TP-614;GC-MS/MS;0.003 mg/kg;0.01 mg/kg;72;;; 350.000 ; 1.050.000 
ĐẤT, NƯỚC (MÔI TRƯỜNG);Đất;PES-GC-MS/MS;Myclobutanil;Myclobutanil;VLAB-CH-TP-614;GC-MS/MS;0.003 mg/kg;0.01 mg/kg;72;;; 350.000 ; 1.050.000 
ĐẤT, NƯỚC (MÔI TRƯỜNG);Đất;PES-GC-MS/MS;N-(2,4-dimethylphenyl) formamide;N-(2,4-dimethylphenyl) formamide;VLAB-CH-TP-614;GC-MS/MS;0.003 mg/kg;0.01 mg/kg;72;;; 350.000 ; 1.050.000 
ĐẤT, NƯỚC (MÔI TRƯỜNG);Đất;PES-GC-MS/MS;Napropamide;Napropamide;VLAB-CH-TP-614;GC-MS/MS;0.003 mg/kg;0.01 mg/kg;72;;; 350.000 ; 1.050.000 
ĐẤT, NƯỚC (MÔI TRƯỜNG);Đất;PES-GC-MS/MS;Nitrothal-isopropyl;Nitrothal-isopropyl;VLAB-CH-TP-614;GC-MS/MS;0.003 mg/kg;0.01 mg/kg;72;;; 350.000 ; 1.050.000 
ĐẤT, NƯỚC (MÔI TRƯỜNG);Đất;PES-GC-MS/MS;Norflurazon;Norflurazon;VLAB-CH-TP-614;GC-MS/MS;0.003 mg/kg;0.01 mg/kg;72;;; 350.000 ; 1.050.000 
ĐẤT, NƯỚC (MÔI TRƯỜNG);Đất;PES-GC-MS/MS;Nuarimol;Nuarimol;VLAB-CH-TP-614;GC-MS/MS;0.003 mg/kg;0.01 mg/kg;72;;; 350.000 ; 1.050.000 
ĐẤT, NƯỚC (MÔI TRƯỜNG);Đất;PES-GC-MS/MS;o, p'-Dicofol;o, p'-Dicofol;VLAB-CH-TP-614;GC-MS/MS;0.003 mg/kg;0.01 mg/kg;72;;; 350.000 ; 1.050.000 
ĐẤT, NƯỚC (MÔI TRƯỜNG);Đất;PES-GC-MS/MS;Oxadiazon;Oxadiazon;VLAB-CH-TP-614;GC-MS/MS;0.003 mg/kg;0.01 mg/kg;72;;; 350.000 ; 1.050.000 
ĐẤT, NƯỚC (MÔI TRƯỜNG);Đất;PES-GC-MS/MS;oxy-Chlordane;oxy-Chlordane;VLAB-CH-TP-614;GC-MS/MS;0.003 mg/kg;0.01 mg/kg;72;;; 350.000 ; 1.050.000 
ĐẤT, NƯỚC (MÔI TRƯỜNG);Đất;PES-GC-MS/MS;Oxyfluorfen;Oxyfluorfen;VLAB-CH-TP-614;GC-MS/MS;0.003 mg/kg;0.01 mg/kg;72;;; 350.000 ; 1.050.000 
ĐẤT, NƯỚC (MÔI TRƯỜNG);Đất;PES-GC-MS/MS;Paclobutrazol;Paclobutrazol;VLAB-CH-TP-614;GC-MS/MS;0.003 mg/kg;0.01 mg/kg;72;;; 350.000 ; 1.050.000 
ĐẤT, NƯỚC (MÔI TRƯỜNG);Đất;PES-GC-MS/MS;Parathion (Ethyl parathion);Parathion (Ethyl parathion);VLAB-CH-TP-614;GC-MS/MS;0.003 mg/kg;0.01 mg/kg;72;;; 350.000 ; 1.050.000 
ĐẤT, NƯỚC (MÔI TRƯỜNG);Đất;PES-GC-MS/MS;Parathion-methyl;Parathion-methyl;VLAB-CH-TP-614;GC-MS/MS;0.003 mg/kg;0.01 mg/kg;72;;; 350.000 ; 1.050.000 
ĐẤT, NƯỚC (MÔI TRƯỜNG);Đất;PES-GC-MS/MS;Pebulate;Pebulate;VLAB-CH-TP-614;GC-MS/MS;0.003 mg/kg;0.01 mg/kg;72;;; 350.000 ; 1.050.000 
ĐẤT, NƯỚC (MÔI TRƯỜNG);Đất;PES-GC-MS/MS;Penconazole;Penconazole;VLAB-CH-TP-614;GC-MS/MS;0.003 mg/kg;0.01 mg/kg;72;;; 350.000 ; 1.050.000 
ĐẤT, NƯỚC (MÔI TRƯỜNG);Đất;PES-GC-MS/MS;Pencycuron (Monceren);Pencycuron (Monceren);VLAB-CH-TP-614;GC-MS/MS;0.003 mg/kg;0.01 mg/kg;72;;; 350.000 ; 1.050.000 
ĐẤT, NƯỚC (MÔI TRƯỜNG);Đất;PES-GC-MS/MS;Pendimethalin;Pendimethalin;VLAB-CH-TP-614;GC-MS/MS;0.003 mg/kg;0.01 mg/kg;72;;; 350.000 ; 1.050.000 
ĐẤT, NƯỚC (MÔI TRƯỜNG);Đất;PES-GC-MS/MS;Pentachloroaniline;Pentachloroaniline;VLAB-CH-TP-614;GC-MS/MS;0.003 mg/kg;0.01 mg/kg;72;;; 350.000 ; 1.050.000 
ĐẤT, NƯỚC (MÔI TRƯỜNG);Đất;PES-GC-MS/MS;Pentachloroanisole;Pentachloroanisole;VLAB-CH-TP-614;GC-MS/MS;0.003 mg/kg;0.01 mg/kg;72;;; 350.000 ; 1.050.000 
ĐẤT, NƯỚC (MÔI TRƯỜNG);Đất;PES-GC-MS/MS;Pentachlorobenzene;Pentachlorobenzene;VLAB-CH-TP-614;GC-MS/MS;0.003 mg/kg;0.01 mg/kg;72;;; 350.000 ; 1.050.000 
ĐẤT, NƯỚC (MÔI TRƯỜNG);Đất;PES-GC-MS/MS;Pentachlorobenzonitrile;Pentachlorobenzonitrile;VLAB-CH-TP-614;GC-MS/MS;0.003 mg/kg;0.01 mg/kg;72;;; 350.000 ; 1.050.000 
ĐẤT, NƯỚC (MÔI TRƯỜNG);Đất;PES-GC-MS/MS;Pentachloronitrobenzene;Pentachloronitrobenzene;VLAB-CH-TP-614;GC-MS/MS;0.003 mg/kg;0.01 mg/kg;72;;; 350.000 ; 1.050.000 
ĐẤT, NƯỚC (MÔI TRƯỜNG);Đất;PES-GC-MS/MS;Pentachlorothioanisole;Pentachlorothioanisole;VLAB-CH-TP-614;GC-MS/MS;0.003 mg/kg;0.01 mg/kg;72;;; 350.000 ; 1.050.000 
ĐẤT, NƯỚC (MÔI TRƯỜNG);Đất;PES-GC-MS/MS;Permethrin-cis-trans;Permethrin-cis-trans;VLAB-CH-TP-614;GC-MS/MS;0.003 mg/kg;0.01 mg/kg;72;;; 350.000 ; 1.050.000 
ĐẤT, NƯỚC (MÔI TRƯỜNG);Đất;PES-GC-MS/MS;Phenothrin;Phenothrin;VLAB-CH-TP-614;GC-MS/MS;0.003 mg/kg;0.01 mg/kg;72;;; 350.000 ; 1.050.000 
ĐẤT, NƯỚC (MÔI TRƯỜNG);Đất;PES-GC-MS/MS;Phenthoate;Phenthoate;VLAB-CH-TP-614;GC-MS/MS;0.003 mg/kg;0.01 mg/kg;72;;; 350.000 ; 1.050.000 
ĐẤT, NƯỚC (MÔI TRƯỜNG);Đất;PES-GC-MS/MS;Phorate;Phorate;VLAB-CH-TP-614;GC-MS/MS;0.003 mg/kg;0.01 mg/kg;72;;; 350.000 ; 1.050.000 
ĐẤT, NƯỚC (MÔI TRƯỜNG);Đất;PES-GC-MS/MS;Phorate sulfone;Phorate sulfone;VLAB-CH-TP-614;GC-MS/MS;0.003 mg/kg;0.01 mg/kg;72;;; 350.000 ; 1.050.000 
ĐẤT, NƯỚC (MÔI TRƯỜNG);Đất;PES-GC-MS/MS;Phosalone;Phosalone;VLAB-CH-TP-614;GC-MS/MS;0.003 mg/kg;0.01 mg/kg;72;;; 350.000 ; 1.050.000 
ĐẤT, NƯỚC (MÔI TRƯỜNG);Đất;PES-GC-MS/MS;Picolinafen;Picolinafen;VLAB-CH-TP-614;GC-MS/MS;0.003 mg/kg;0.01 mg/kg;72;;; 350.000 ; 1.050.000 
ĐẤT, NƯỚC (MÔI TRƯỜNG);Đất;PES-GC-MS/MS;Piperonyl butoxide;Piperonyl butoxide;VLAB-CH-TP-614;GC-MS/MS;0.003 mg/kg;0.01 mg/kg;72;;; 350.000 ; 1.050.000 
ĐẤT, NƯỚC (MÔI TRƯỜNG);Đất;PES-GC-MS/MS;Piperophos;Piperophos;VLAB-CH-TP-614;GC-MS/MS;0.003 mg/kg;0.01 mg/kg;72;;; 350.000 ; 1.050.000 
ĐẤT, NƯỚC (MÔI TRƯỜNG);Đất;PES-GC-MS/MS;Pirimiphos-ethyl;Pirimiphos-ethyl;VLAB-CH-TP-614;GC-MS/MS;0.003 mg/kg;0.01 mg/kg;72;;; 350.000 ; 1.050.000 
ĐẤT, NƯỚC (MÔI TRƯỜNG);Đất;PES-GC-MS/MS;Pirimiphos-methyl;Pirimiphos-methyl;VLAB-CH-TP-614;GC-MS/MS;0.003 mg/kg;0.01 mg/kg;72;;; 350.000 ; 1.050.000 
ĐẤT, NƯỚC (MÔI TRƯỜNG);Đất;PES-GC-MS/MS;Pretilachlor;Pretilachlor;VLAB-CH-TP-614;GC-MS/MS;0.003 mg/kg;0.01 mg/kg;72;;; 350.000 ; 1.050.000 
ĐẤT, NƯỚC (MÔI TRƯỜNG);Đất;PES-LC/MS/MS-1;Prochloraz;Prochloraz;VLAB-CH-TP-674;LC-MS/MS;0.003 mg/kg;0.01 mg/kg;72;;; 350.000 ; 1.050.000 
ĐẤT, NƯỚC (MÔI TRƯỜNG);Đất;PES-GC-MS/MS;Procymidone;Procymidone;VLAB-CH-TP-614;GC-MS/MS;0.003 mg/kg;0.01 mg/kg;72;;; 350.000 ; 1.050.000 
ĐẤT, NƯỚC (MÔI TRƯỜNG);Đất;PES-GC-MS/MS;Prodiamine;Prodiamine;VLAB-CH-TP-614;GC-MS/MS;0.003 mg/kg;0.01 mg/kg;72;;; 350.000 ; 1.050.000 
ĐẤT, NƯỚC (MÔI TRƯỜNG);Đất;PES-GC-MS/MS;Profenofos;Profenofos;VLAB-CH-TP-614;GC-MS/MS;0.003 mg/kg;0.01 mg/kg;72;;; 350.000 ; 1.050.000 
ĐẤT, NƯỚC (MÔI TRƯỜNG);Đất;PES-GC-MS/MS;Profluralin;Profluralin;VLAB-CH-TP-614;GC-MS/MS;0.003 mg/kg;0.01 mg/kg;72;;; 350.000 ; 1.050.000 
ĐẤT, NƯỚC (MÔI TRƯỜNG);Đất;PES-LC/MS/MS-1;Prometryn;Prometryn;VLAB-CH-TP-674;LC-MS/MS;0.003 mg/kg;0.01 mg/kg;72;;; 350.000 ; 1.050.000 
ĐẤT, NƯỚC (MÔI TRƯỜNG);Đất;PES-GC-MS/MS;Propachlor;Propachlor;VLAB-CH-TP-614;GC-MS/MS;0.003 mg/kg;0.01 mg/kg;72;;; 350.000 ; 1.050.000 
ĐẤT, NƯỚC (MÔI TRƯỜNG);Đất;PES-GC-MS/MS;Propanil;Propanil;VLAB-CH-TP-614;GC-MS/MS;0.003 mg/kg;0.01 mg/kg;72;;; 350.000 ; 1.050.000 
ĐẤT, NƯỚC (MÔI TRƯỜNG);Đất;PES-GC-MS/MS;Propargite;Propargite;VLAB-CH-TP-614;GC-MS/MS;0.003 mg/kg;0.01 mg/kg;72;;; 350.000 ; 1.050.000 
ĐẤT, NƯỚC (MÔI TRƯỜNG);Đất;PES-GC-MS/MS;Propazine;Propazine;VLAB-CH-TP-614;GC-MS/MS;0.003 mg/kg;0.01 mg/kg;72;;; 350.000 ; 1.050.000 
ĐẤT, NƯỚC (MÔI TRƯỜNG);Đất;PES-GC-MS/MS;Propetamphos;Propetamphos;VLAB-CH-TP-614;GC-MS/MS;0.003 mg/kg;0.01 mg/kg;72;;; 350.000 ; 1.050.000 
ĐẤT, NƯỚC (MÔI TRƯỜNG);Đất;PES-GC-MS/MS;Propham;Propham;VLAB-CH-TP-614;GC-MS/MS;0.003 mg/kg;0.01 mg/kg;72;;; 350.000 ; 1.050.000 
ĐẤT, NƯỚC (MÔI TRƯỜNG);Đất;PES-GC-MS/MS;Propisochlor;Propisochlor;VLAB-CH-TP-614;GC-MS/MS;0.003 mg/kg;0.01 mg/kg;72;;; 350.000 ; 1.050.000 
ĐẤT, NƯỚC (MÔI TRƯỜNG);Đất;PES-GC-MS/MS;Propyzamide;Propyzamide;VLAB-CH-TP-614;GC-MS/MS;0.003 mg/kg;0.01 mg/kg;72;;; 350.000 ; 1.050.000 
ĐẤT, NƯỚC (MÔI TRƯỜNG);Đất;PES-GC-MS/MS;Prothiofos;Prothiofos;VLAB-CH-TP-614;GC-MS/MS;0.003 mg/kg;0.01 mg/kg;72;;; 350.000 ; 1.050.000 
ĐẤT, NƯỚC (MÔI TRƯỜNG);Đất;PES-GC-MS/MS;Pyraclofos;Pyraclofos;VLAB-CH-TP-614;GC-MS/MS;0.003 mg/kg;0.01 mg/kg;72;;; 350.000 ; 1.050.000 
ĐẤT, NƯỚC (MÔI TRƯỜNG);Đất;PES-GC-MS/MS;Pyrazophos;Pyrazophos;VLAB-CH-TP-614;GC-MS/MS;0.003 mg/kg;0.01 mg/kg;72;;; 350.000 ; 1.050.000 
ĐẤT, NƯỚC (MÔI TRƯỜNG);Đất;PES-GC-MS/MS;Pyridaben;Pyridaben;VLAB-CH-TP-614;GC-MS/MS;0.003 mg/kg;0.01 mg/kg;72;;; 350.000 ; 1.050.000 
ĐẤT, NƯỚC (MÔI TRƯỜNG);Đất;PES-GC-MS/MS;Pyridaphenthion;Pyridaphenthion;VLAB-CH-TP-614;GC-MS/MS;0.003 mg/kg;0.01 mg/kg;72;;; 350.000 ; 1.050.000 
ĐẤT, NƯỚC (MÔI TRƯỜNG);Đất;PES-GC-MS/MS;Pyrifenox;Pyrifenox;VLAB-CH-TP-614;GC-MS/MS;0.003 mg/kg;0.01 mg/kg;72;;; 350.000 ; 1.050.000 
ĐẤT, NƯỚC (MÔI TRƯỜNG);Đất;PES-GC-MS/MS;Pyrimethanil;Pyrimethanil;VLAB-CH-TP-614;GC-MS/MS;0.003 mg/kg;0.01 mg/kg;72;;; 350.000 ; 1.050.000 
ĐẤT, NƯỚC (MÔI TRƯỜNG);Đất;PES-GC-MS/MS;Pyriproxyfen;Pyriproxyfen;VLAB-CH-TP-614;GC-MS/MS;0.003 mg/kg;0.01 mg/kg;72;;; 350.000 ; 1.050.000 
ĐẤT, NƯỚC (MÔI TRƯỜNG);Đất;PES-GC-MS/MS;Pyroquilon;Pyroquilon;VLAB-CH-TP-614;GC-MS/MS;0.003 mg/kg;0.01 mg/kg;72;;; 350.000 ; 1.050.000 
ĐẤT, NƯỚC (MÔI TRƯỜNG);Đất;PES-GC-MS/MS;Quinalphos;Quinalphos;VLAB-CH-TP-614;GC-MS/MS;0.003 mg/kg;0.01 mg/kg;72;;; 350.000 ; 1.050.000 
ĐẤT, NƯỚC (MÔI TRƯỜNG);Đất;PES-GC-MS/MS;Quintozene (Pentachloronitrobenzene);Quintozene (Pentachloronitrobenzene);VLAB-CH-TP-614;GC-MS/MS;0.003 mg/kg;0.01 mg/kg;72;;; 350.000 ; 1.050.000 
ĐẤT, NƯỚC (MÔI TRƯỜNG);Đất;PES-GC-MS/MS;Ronnel (Fenchlorphos);Ronnel (Fenchlorphos);VLAB-CH-TP-614;GC-MS/MS;0.003 mg/kg;0.01 mg/kg;72;;; 350.000 ; 1.050.000 
ĐẤT, NƯỚC (MÔI TRƯỜNG);Đất;PES-GC-MS/MS;Simazine;Simazine;VLAB-CH-TP-614;GC-MS/MS;0.003 mg/kg;0.01 mg/kg;72;;; 350.000 ; 1.050.000 
ĐẤT, NƯỚC (MÔI TRƯỜNG);Đất;PES-GC-MS/MS;Simeconazole;Simeconazole;VLAB-CH-TP-614;GC-MS/MS;0.003 mg/kg;0.01 mg/kg;72;;; 350.000 ; 1.050.000 
ĐẤT, NƯỚC (MÔI TRƯỜNG);Đất;PES-GC-MS/MS;Sulfotep;Sulfotep;VLAB-CH-TP-614;GC-MS/MS;0.003 mg/kg;0.01 mg/kg;72;;; 350.000 ; 1.050.000 
ĐẤT, NƯỚC (MÔI TRƯỜNG);Đất;PES-GC-MS/MS;Sulprofos;Sulprofos;VLAB-CH-TP-614;GC-MS/MS;0.003 mg/kg;0.01 mg/kg;72;;; 350.000 ; 1.050.000 
ĐẤT, NƯỚC (MÔI TRƯỜNG);Đất;PES-GC-MS/MS;tau-Fluvalinate;tau-Fluvalinate;VLAB-CH-TP-614;GC-MS/MS;0.003 mg/kg;0.01 mg/kg;72;;; 350.000 ; 1.050.000 
ĐẤT, NƯỚC (MÔI TRƯỜNG);Đất;PES-GC-MS/MS;Tebufenpyrad;Tebufenpyrad;VLAB-CH-TP-614;GC-MS/MS;0.003 mg/kg;0.01 mg/kg;72;;; 350.000 ; 1.050.000 
ĐẤT, NƯỚC (MÔI TRƯỜNG);Đất;PES-GC-MS/MS;Tebupirimfos;Tebupirimfos;VLAB-CH-TP-614;GC-MS/MS;0.003 mg/kg;0.01 mg/kg;72;;; 350.000 ; 1.050.000 
ĐẤT, NƯỚC (MÔI TRƯỜNG);Đất;PES-GC-MS/MS;Tecnazene;Tecnazene;VLAB-CH-TP-614;GC-MS/MS;0.003 mg/kg;0.01 mg/kg;72;;; 350.000 ; 1.050.000 
ĐẤT, NƯỚC (MÔI TRƯỜNG);Đất;PES-GC-MS/MS;Tefluthrin;Tefluthrin;VLAB-CH-TP-614;GC-MS/MS;0.003 mg/kg;0.01 mg/kg;72;;; 350.000 ; 1.050.000 
ĐẤT, NƯỚC (MÔI TRƯỜNG);Đất;PES-GC-MS/MS;Terbacil;Terbacil;VLAB-CH-TP-614;GC-MS/MS;0.003 mg/kg;0.01 mg/kg;72;;; 350.000 ; 1.050.000 
ĐẤT, NƯỚC (MÔI TRƯỜNG);Đất;PES-GC-MS/MS;Terbufos;Terbufos;VLAB-CH-TP-614;GC-MS/MS;0.003 mg/kg;0.01 mg/kg;72;;; 350.000 ; 1.050.000 
ĐẤT, NƯỚC (MÔI TRƯỜNG);Đất;PES-GC-MS/MS;Terbumeton;Terbumeton;VLAB-CH-TP-614;GC-MS/MS;0.003 mg/kg;0.01 mg/kg;72;;; 350.000 ; 1.050.000 
ĐẤT, NƯỚC (MÔI TRƯỜNG);Đất;PES-GC-MS/MS;Terbuthylazine;Terbuthylazine;VLAB-CH-TP-614;GC-MS/MS;0.003 mg/kg;0.01 mg/kg;72;;; 350.000 ; 1.050.000 
ĐẤT, NƯỚC (MÔI TRƯỜNG);Đất;PES-GC-MS/MS;Tetradifon;Tetradifon;VLAB-CH-TP-614;GC-MS/MS;0.003 mg/kg;0.01 mg/kg;72;;; 350.000 ; 1.050.000 
ĐẤT, NƯỚC (MÔI TRƯỜNG);Đất;PES-GC-MS/MS;Tetramethrin;Tetramethrin;VLAB-CH-TP-614;GC-MS/MS;0.003 mg/kg;0.01 mg/kg;72;;; 350.000 ; 1.050.000 
ĐẤT, NƯỚC (MÔI TRƯỜNG);Đất;PES-GC-MS/MS;Tetrasul;Tetrasul;VLAB-CH-TP-614;GC-MS/MS;0.003 mg/kg;0.01 mg/kg;72;;; 350.000 ; 1.050.000 
ĐẤT, NƯỚC (MÔI TRƯỜNG);Đất;PES-GC-MS/MS;Thiazopyr;Thiazopyr;VLAB-CH-TP-614;GC-MS/MS;0.003 mg/kg;0.01 mg/kg;72;;; 350.000 ; 1.050.000 
ĐẤT, NƯỚC (MÔI TRƯỜNG);Đất;PES-GC-MS/MS;Tolclofos-methyl;Tolclofos-methyl;VLAB-CH-TP-614;GC-MS/MS;0.003 mg/kg;0.01 mg/kg;72;;; 350.000 ; 1.050.000 
ĐẤT, NƯỚC (MÔI TRƯỜNG);Đất;PES-GC-MS/MS;trans-Chlordane;trans-Chlordane;VLAB-CH-TP-614;GC-MS/MS;0.003 mg/kg;0.01 mg/kg;72;;; 350.000 ; 1.050.000 
ĐẤT, NƯỚC (MÔI TRƯỜNG);Đất;PES-GC-MS/MS;Transfluthrin;Transfluthrin;VLAB-CH-TP-614;GC-MS/MS;0.003 mg/kg;0.01 mg/kg;72;;; 350.000 ; 1.050.000 
ĐẤT, NƯỚC (MÔI TRƯỜNG);Đất;PES-GC-MS/MS;trans-Nonachlor;trans-Nonachlor;VLAB-CH-TP-614;GC-MS/MS;0.003 mg/kg;0.01 mg/kg;72;;; 350.000 ; 1.050.000 
ĐẤT, NƯỚC (MÔI TRƯỜNG);Đất;PES-GC-MS/MS;Triadimefon;Triadimefon;VLAB-CH-TP-614;GC-MS/MS;0.003 mg/kg;0.01 mg/kg;72;;; 350.000 ; 1.050.000 
ĐẤT, NƯỚC (MÔI TRƯỜNG);Đất;PES-GC-MS/MS;Triadimenol;Triadimenol;VLAB-CH-TP-614;GC-MS/MS;0.003 mg/kg;0.01 mg/kg;72;;; 350.000 ; 1.050.000 
ĐẤT, NƯỚC (MÔI TRƯỜNG);Đất;PES-GC-MS/MS;Triallate;Triallate;VLAB-CH-TP-614;GC-MS/MS;0.003 mg/kg;0.01 mg/kg;72;;; 350.000 ; 1.050.000 
ĐẤT, NƯỚC (MÔI TRƯỜNG);Đất;PES-GC-MS/MS;Triazophos;Triazophos;VLAB-CH-TP-614;GC-MS/MS;0.003 mg/kg;0.01 mg/kg;72;;; 350.000 ; 1.050.000 
ĐẤT, NƯỚC (MÔI TRƯỜNG);Đất;PES-GC-MS/MS;Triflumizole;Triflumizole;VLAB-CH-TP-614;GC-MS/MS;0.003 mg/kg;0.01 mg/kg;72;;; 350.000 ; 1.050.000 
ĐẤT, NƯỚC (MÔI TRƯỜNG);Đất;PES-GC-MS/MS;Trifluralin;Trifluralin;VLAB-CH-TP-614;GC-MS/MS;0.003 mg/kg;0.01 mg/kg;72;;; 350.000 ; 1.050.000 
ĐẤT, NƯỚC (MÔI TRƯỜNG);Đất;PES-GC-MS/MS;Vinclozolin;Vinclozolin;VLAB-CH-TP-614;GC-MS/MS;0.003 mg/kg;0.01 mg/kg;72;;; 350.000 ; 1.050.000 
ĐẤT, NƯỚC (MÔI TRƯỜNG);Đất;PES-GC-MS/MS;Fipronil disulfinyl;Fipronil disulfinyl;VLAB-CH-TP-614;GC-MS/MS;0.003 mg/kg;0.01 mg/kg;72;;; 350.000 ; 1.050.000 
ĐẤT, NƯỚC (MÔI TRƯỜNG);Đất;;Hàm lượng Asen (As);Arsenic (As) content;US EPA Method 200.8 (1994);ICP-MS;;;72;;; 140.000 ; NA 
ĐẤT, NƯỚC (MÔI TRƯỜNG);Đất;;Hàm lượng Beri (Be);Berium (Be) content;US EPA Method 200.8 (1994);ICP-MS;;;72;;; 140.000 ; NA 
ĐẤT, NƯỚC (MÔI TRƯỜNG);Đất;;Hàm lượng Cadimi (Cd);Cadmium (Cd) content;US EPA Method 200.8 (1994);ICP-MS;;;72;;; 140.000 ; NA 
ĐẤT, NƯỚC (MÔI TRƯỜNG);Đất;;Hàm lượng Crom (Cr);Chromium (Cr) content;US EPA Method 200.8 (1994);ICP-MS;;;72;;; 140.000 ; NA 
ĐẤT, NƯỚC (MÔI TRƯỜNG);Đất;;Hàm lượng Đồng (Cu);Copper (Cu) content;US EPA Method 200.8 (1994);ICP-MS;;;72;;; 140.000 ; NA 
ĐẤT, NƯỚC (MÔI TRƯỜNG);Đất;;Hàm lượng Sắt (Fe);Iron (Fe) content;US EPA Method 200.8 (1994);ICP-MS;;;72;;; 140.000 ; NA 
ĐẤT, NƯỚC (MÔI TRƯỜNG);Đất;;Hàm lượng Thủy ngân (Hg);Mercury (Hg) content;US EPA Method 200.8 (1994);ICP-MS;;;72;;; 140.000 ; NA 
ĐẤT, NƯỚC (MÔI TRƯỜNG);Đất;;Hàm lượng Niken (Ni);Nickel (Ni) content;US EPA Method 200.8 (1994);ICP-MS;;;72;;; 140.000 ; NA 
ĐẤT, NƯỚC (MÔI TRƯỜNG);Đất;;Hàm lượng Chì (Pb);Lead (Pb) content;US EPA Method 200.8 (1994);ICP-MS;;;72;;; 140.000 ; NA 
ĐẤT, NƯỚC (MÔI TRƯỜNG);Đất;;Hàm lượng Antimon (Sb);Antimon (Sb) content;US EPA Method 200.8 (1994);ICP-MS;;;72;;; 140.000 ; NA 
ĐẤT, NƯỚC (MÔI TRƯỜNG);Đất;;Hàm lượng Selen (Se);Selenium (Se) content;US EPA Method 200.8 (1994);ICP-MS;;;72;;; 140.000 ; NA 
ĐẤT, NƯỚC (MÔI TRƯỜNG);Đất;;Hàm lượng Kẽm (Zn);Zinc (Zn) content;US EPA Method 200.8 (1994);ICP-MS;;;72;;; 140.000 ; NA 
ĐẤT, NƯỚC (MÔI TRƯỜNG);Đất;;Hàm lượng photpho dễ tiêu;Bio-available phosphorus pentoxide content;TCVN 8661 : 2011;UV-Vis;;4 mg/kg;96;;; 140.000 ; NA 
ĐẤT, NƯỚC (MÔI TRƯỜNG);Đất;;Hàm lượng kali dễ tiêu;Bio-available potassium content;TCVN 8662 : 2011;F-AAS;;4 mg/kg;96;;; 140.000 ; NA 
ĐẤT, NƯỚC (MÔI TRƯỜNG);Đất;;Hàm lượng Chì (Pb);Lead (Pb) content;TCVN 6649:2000/ TCVN 6496: 2009 ;F-AAS;;25 mg/kg;96;;; 140.000 ; NA 
ĐẤT, NƯỚC (MÔI TRƯỜNG);Đất;;Hàm lượng Cadimi (Cd);Cadmium (Cd) content;TCVN 6649:2000/ TCVN 6496: 2009 ;F-AAS;;1 mg/kg;96;;; 140.000 ; NA 
ĐẤT, NƯỚC (MÔI TRƯỜNG);Đất;;Hàm lượng Asen (As);Arsenic (As) content;TCVN 6649:2000/TCVN 8467:2010 ;HG-AAS;;2.5 mg/kg;96;;; 140.000 ; NA 
ĐẤT, NƯỚC (MÔI TRƯỜNG);Đất;;Hàm lượng Đồng (Cu);Copper (Cu) content;TCVN 6649:2000/ TCVN 6496: 2009 ;F-AAS;;12.5 mg/kg;96;;; 140.000 ; NA 
ĐẤT, NƯỚC (MÔI TRƯỜNG);Đất;;Hàm lượng Kẽm (Zn);Zinc (Zn) content;TCVN 6649:2000/ TCVN 6496: 2009 ;F-AAS;;2.5 mg/kg;96;;; 140.000 ; NA 
ĐẤT, NƯỚC (MÔI TRƯỜNG);Đất;;Hàm lượng Crom (Cr);Chromium (Cr) content;TCVN 6649:2000/ TCVN 6496: 2009 ;F-AAS;;12.5 mg/kg;96;;; 140.000 ; NA 
ĐẤT, NƯỚC (MÔI TRƯỜNG);Đất;;Hàm lượng Thủy ngân (Hg);Mercury (Hg) content;TCVN 6649:2000/ TCVN 8882 : 2011;HG-AAS;;0.25 mg/kg;96;;; 140.000 ; NA 
ĐẤT, NƯỚC (MÔI TRƯỜNG);Đất;;Hàm lượng Niken (Ni);Nickel (Ni) content;TCVN 6649:2000/ TCVN 6496: 2009 ;F-AAS;;25 mg/kg;96;;; 140.000 ; NA 
ĐẤT, NƯỚC (MÔI TRƯỜNG);Đất;;Hàm lượng Nitơ tổng số (Nts);Total nitrogen content;TCVN 6498 : 1999;Chuẩn độ;;0,10%;72;;; 140.000 ; NA 
ĐẤT, NƯỚC (MÔI TRƯỜNG);Đất;;Hàm lượng Photpho tổng số (P2O5 ts);Total phosphorus  pentoxide content;TCVN 8940:2011;UV-Vis;;0,03%;72;;; 140.000 ; NA 
ĐẤT, NƯỚC (MÔI TRƯỜNG);Đất;;Hàm lượng Kali tổng số (K2Ots);Total potassium (K2Ots) content;TCVN 8660 : 2011;F-AAS;;0,10%;72;;; 140.000 ; NA 
ĐẤT, NƯỚC (MÔI TRƯỜNG);Đất;;Hàm lượng Chất hữu cơ;Organic matter content;TCVN 8941:2011;Chuẩn độ;;0,30%;72;;; 140.000 ; NA 
ĐẤT, NƯỚC (MÔI TRƯỜNG);Đất;;pH;pH Value;TCVN 5979:2021;-;;-;72;;; 70.000 ; NA 
ĐẤT, NƯỚC (MÔI TRƯỜNG);Đất;;Hàm lượng Crom(VI);Chromium VI (Cr VI) content;US EPA Method 3060A + US EPA Method 7196A;UV-Vis;;8 mg/kg;168;;; 140.000 ; NA 
ĐẤT, NƯỚC (MÔI TRƯỜNG);Mẫu nước thải chăn nuôi;;Pasteurella multocida;;VLAB-MI-TP-046;Kiểm tra hình thái vi khuẩn;/sample;;48;;; 140.000 ;NA
ĐẤT, NƯỚC (MÔI TRƯỜNG);Mẫu nước thải chăn nuôi;;Phát hiện virus gây bệnh dịch tả lợn Châu Phi (ASFV);;VLAB-MI-TP-047;Realtime PCR;/sample;;48;;; 280.000 ;NA
ĐẤT, NƯỚC (MÔI TRƯỜNG);Mẫu nước thải chăn nuôi;;Phát hiện virus gây hội chứng rối loạn sinh sản và hô hấp ở lợn (PRRSV);;VLAB-MI-TP-048;Realtime PCR;/sample;;48;;; 280.000 ;NA
ĐẤT, NƯỚC (MÔI TRƯỜNG);Nước mặt, Nước thải;;Hàm lượng Nitơ;Nitrogen content;TCVN 6638: 2000;Chuẩn độ;;1.0 mg/L;120;;; 140.000 ; NA 
ĐẤT, NƯỚC (MÔI TRƯỜNG);Nước mặt, Nước thải;;Tổng chất rắn lơ lửng (TSS);Total Suspended Solids (TS);SMEWW 2540D:2023;Khối lượng;;6.0 mg/L;72;;; 105.000 ; NA 
ĐẤT, NƯỚC (MÔI TRƯỜNG);Nước mặt, Nước thải;;Hàm lượng Photpho;Total phosphorus content;SMEWW 4500-P-B:2023 / SMEWW 4500-P-E:2023;UV-Vis;;0.10 mg/L;120;;; 105.000 ; NA 
ĐẤT, NƯỚC (MÔI TRƯỜNG);Nước thải;;Phát hiện Salmonella spp.;Detection of Salmonella spp.;VLAB-MI-TP-031;Phân lập;/100ml;;120;;; 140.000 ;NA
ĐẤT, NƯỚC (MÔI TRƯỜNG);Nước thải;;Vibrio spp;;VLAB-MI-TP-030;Phân lập;/100ml;;120;;; 140.000 ;NA
ĐẤT, NƯỚC (MÔI TRƯỜNG);Nước thải ;;Định lượng Coliforms;Enumeration of  Coliforms;VLAB-MI-TP-025;MPN;MPN/100ml;<1,8;72;;; 70.000 ;NA
ĐẤT, NƯỚC (MÔI TRƯỜNG);Nước thải ;;Định lượng Coliform chịu nhiệt (Fecal coliform);Enumeration of  Thermotolerant (Fecal) Coliform;VLAB-MI-TP-025;MPN;MPN/100ml;<1,8;72;;; 70.000 ;NA
ĐẤT, NƯỚC (MÔI TRƯỜNG);Nước thải ;;Định lượng Escherichia coli;Enumeration of  Escherichia coli;VLAB-MI-TP-025;MPN;MPN/100ml;<1,8;72;;; 70.000 ;NA
ĐẤT, NƯỚC (MÔI TRƯỜNG);Nước thải ;;Định lượng Clostridium perfringens;Enumeration of  Clostridium perfringens;VLAB-MI-TP-113;Màng lọc;CFU/100ml;0;72;;; 70.000 ;NA
DẪU MỠ ĐỘNG THỰC VẬT;Bột, tinh bột;;Định lượng Coliforms;Enumeration of Colifoms;VLAB-MI-TP-001;Đếm khuẩn lạc;CFU/ml;<1;48;;; 70.000 ;NA
DẪU MỠ ĐỘNG THỰC VẬT;Bột, tinh bột;;Định lượng Coliforms;Enumeration of  Coliforms;VLAB-MI-TP-010;MPN;MPN/ml;0;48;;; 70.000 ;NA
DẪU MỠ ĐỘNG THỰC VẬT;Bột, tinh bột;;Phát hiện Salmonella spp.;Detection of Salmonella spp.;VLAB-MI-TP-004;Phân lập; /25ml;;120;;; 140.000 ;NA
DẪU MỠ ĐỘNG THỰC VẬT;Dầu mỡ động vật và thực vật;;Chỉ số Peroxide;Peroxide Value;TCVN 6121:2018;Chuẩn độ;;0.5 Meq/kg;96;;; 140.000 ; NA 
DẪU MỠ ĐỘNG THỰC VẬT;Dầu mỡ động vật và thực vật;;Độ ẩm và hàm lượng chất bay hơi;Moisture and other volative matter content;TCVN 6120:2018;Sấy;;0,03%;96;;; 140.000 ; NA 
DẪU MỠ ĐỘNG THỰC VẬT;Dầu mỡ động vật và thực vật;;Tạp chất không hòa tan;Insoluble impurities content;TCVN 6125:2020;Khối lượng;;0,03%;96;;; 140.000 ; NA 
DẪU MỠ ĐỘNG THỰC VẬT;Dầu mỡ động vật và thực vật;;Chỉ số Xà phòng;Saponification Value;TCVN 6126:2015;Chuẩn độ;;2.0 mg KOH/g;96;;; 140.000 ; NA 
DẪU MỠ ĐỘNG THỰC VẬT;Dầu mỡ động vật và thực vật;;Chỉ số Iot;Iodine value;TCVN 6122:2015;Chuẩn độ;;1.5 g/100g;96;;; 140.000 ; NA 
DẪU MỠ ĐỘNG THỰC VẬT;Dầu mỡ động vật và thực vật;;Hàm lượng chất không xà phòng hóa;Unsaponifiable matter;TCVN 6123:2007;Dùng chất chiết;;0.5 g/kg;96;;; 140.000 ; NA 
DẪU MỠ ĐỘNG THỰC VẬT;Dầu mỡ động vật và thực vật;;Chỉ số axit hoặc độ axit;Acid value or  Acidity;TCVN 6127: 2010;Chuẩn độ;;0,05%;120;;; 140.000 ; NA 
DẪU MỠ ĐỘNG THỰC VẬT;Dầu thực vật ;;Định lượng  tổng vi sinh vật hiếu khí;"Enumeration of aerobic microorganism
";VLAB-MI-TP-005;Đếm khuẩn lạc;CFU/ml;<1;72;;; 70.000 ;NA
DẪU MỠ ĐỘNG THỰC VẬT;Dầu thực vật ;;Định lượng E.coli dương tính với β-glucuronidase;Enumeration Escherichia coli  β-glucuronidase positive;VLAB-MI-TP-002;Đếm khuẩn lạc;CFU/ml;<1;48;;; 70.000 ;NA
DẪU MỠ ĐỘNG THỰC VẬT;Dầu thực vật ;;Định lượng Escherichia coli giả định;"Enumeration of presumptive 
Escherichia coli ";VLAB-MI-TP-003;MPN;MPN/ml;0;72;;; 70.000 ;NA
DẪU MỠ ĐỘNG THỰC VẬT;Dầu thực vật ;;Định lượng nấm men và nấm mốc;"Enumeration of 
yeasts and moulds ";VLAB-MI-TP-013;Đếm khuẩn lạc;CFU/ml;<1;120;;; 70.000 ;NA
DẪU MỠ ĐỘNG THỰC VẬT;Dầu thực vật ;;Định lượng Staphylococci có phản ứng dương tính với coagulase (Staphylococcus aureus và các loài khác);"Enumeration of coagulase-positive Staphylococci (Staphylococcus
aureus and other species)";VLAB-MI-TP-008;Đếm khuẩn lạc;CFU/ml;<1;72;;; 70.000 ;NA
DẪU MỠ ĐỘNG THỰC VẬT;Dầu thực vật ;;Định lượng Clostridium perfringens;Enumeration of  Clostridium perfringens;VLAB-MI-TP-017;Đếm khuẩn lạc;CFU/ml;<1;48;;; 70.000 ;NA
DẪU MỠ ĐỘNG THỰC VẬT;Dầu thực vật ;;Định lượng Bacillus cereus giả định;Enumeration of presumptive Bacillus cereus;VLAB-MI-TP-016;Đếm khuẩn lạc;CFU/ml;<1;72;;; 70.000 ;NA
HÓA CHẤT;Thuốc thú Y ;; Cephalexin (Cefalexin);;VLAB-CH-TP-716;LC-MS/MS;;;72;;; 350.000 ; NA 
HÓA CHẤT;Thuốc thú Y ;; Ciprofloxacin;;VLAB-CH-TP-717;LC-MS/MS;-;5 µg/kg;72;;; 350.000 ; NA 
HÓA CHẤT;Thuốc thú y, thuốc thú y thủy sản, nguyên liệu thuốc thú y, thuốc thú y thủy sản;;Paracetamol (acetaminophen);;TCVN 8686-6:2011;LC-MS/MS;;10 µg/kg;72;;; 350.000 ; NA 
KHÁC;Sản phẩm dệt;;Khả năng kháng khuẩn của các sản phẩm dệt;;VLAB-MI-TP-068;Kháng vi khuẩn;;;48;;; 280.000 ;NA
KHÁC;Vải, sản phẩm dệt may, cotton và sản phẩm từ cotton.;;Phát hiện sản phẩm biến đổi gen;;VLAB-MI-TP-088;PCR;/sample;;72;;; 1.400.000 ;NA
MẬT ONG;Mật ong;;Độ ẩm;Moisture content;TCVN 5263:1990;-;;-;120;;; 120.000 ; NA 
MẬT ONG;Mật ong;;Hàm lượng Chất rắn không tan trong nước;Water Insoluble Solids Content;TCVN 5264:1990;-;;0,03%;120;;; 200.000 ; NA 
MẬT ONG;Mật ong;;Cảm quan (độ trong, mùi vị, màu sắc, trạng thái);Sensory (Clarity, taste, odor , Color, Appearance );TCVN 5262: 1990;-;;-;120;;; 100.000 ; NA 
MẬT ONG;Mật ong;;Độ ẩm;Moisture content;TCVN 5263:1990;-;;0,03%;120;;; 120.000 ; NA 
MẬT ONG;Mật ong;;Hàm lượng Chất rắn không tan trong nước;Water Insoluble Solids Content;TCVN 5264:1990;-;;0,03%;120;;; 200.000 ; NA 
MẬT ONG;Mật ong;;Hàm lượng Sacaroza;Sacharose content or Sucrose content;TCVN 5269:1990;-;;-;120;;; 400.000 ; NA 
MẬT ONG;Mật ong;;Hàm lượng đường khử tự do hoặc Tổng hàm lượng Fructose và Glucose;Reduction sugar content or Total Fructose và Glucose content;TCVN 5266:1990;-;;-;120;;; 200.000 ; NA 
MẪU BÊNH PHẨM THÚ Y;Huyết thanh gia cầm;;Phát hiện kháng thể kháng virus gây bệnh viêm phế quản truyền nhiễm;;VLAB-MI-TP-049; Elisa;/sample;;48;;; 280.000 ;NA
MẪU BÊNH PHẨM THÚ Y;Huyết thanh gia cầm;;Phát hiện kháng thể kháng virus gây bệnh Newcastle trên gà;;VLAB-MI-TP-050; Elisa;/sample;;48;;; 280.000 ;NA
MẪU BÊNH PHẨM THÚ Y;Huyết thanh gia cầm;;Phát hiện kháng thể kháng virus gây bệnh Gumboro ở gia cầm;;VLAB-MI-TP-051; Elisa;/sample;;48;;; 280.000 ;NA
MẪU BÊNH PHẨM THÚ Y;Huyết thanh gia cầm;;Phát hiện kháng thể kháng virus gây bệnh cúm gia cầm H5N1;;VLAB-MI-TP-053; Elisa;/sample;;48;;; 280.000 ;NA
MẪU BÊNH PHẨM THÚ Y;Huyết thanh lợn;;Phát hiện kháng thể kháng virus gây hội chứng rối loạn sinh sản và hô hấp ở lợn (PRRS);;VLAB-MI-TP-052; Elisa;/sample;;48;;; 280.000 ;NA
MẪU BÊNH PHẨM THÚ Y;Mẫu bệnh phẩm gia cầm. Mẫu quét bề mặt chuồng trại, mẫu nước thải  chăn nuôi;;Phân lập nấm phổi Aspergillus spp;;VLAB-MI-TP-059;Phân lập;/sample;;48;;; 140.000 ;NA
MẪU BÊNH PHẨM THÚ Y;Mẫu bệnh phẩm gia súc, gia cầm;;Pasteurella multocida;;VLAB-MI-TP-046;Kiểm tra hình thái vi khuẩn;/sample;;48;;; 140.000 ;NA
MẪU BÊNH PHẨM THÚ Y;Mẫu bệnh phẩm gia súc, gia cầm. Mẫu quét bề mặt chuồng trại, mẫu nước thải chăn nuôi.;;Phân lập Staphylococcus spp;;VLAB-MI-TP-060;Phân lập;/sample;;48;;; 140.000 ;NA
MẪU BÊNH PHẨM THÚ Y;Mẫu bệnh phẩm gia súc, gia cầm. Mẫu quét bề mặt chuồng trại, mẫu nước thải chăn nuôi.;;Phân lập Streptococcus spp;;VLAB-MI-TP-061;Phân lập;/sample;;48;;; 140.000 ;NA
MẪU BÊNH PHẨM THÚ Y;Mẫu bệnh phẩm gia súc, gia cầm. Mẫu quét bề mặt chuồng trại, mẫu nước thải chăn nuôi.;;Phân lập Clostridium spp;;VLAB-MI-TP-062;Phân lập;/sample;;48;;; 140.000 ;NA
MẪU BÊNH PHẨM THÚ Y;Mẫu bệnh phẩm từ gà, mẫu quét bề mặt chuồng trại, mẫu nước thải trong chăn nuôi.;;Phát hiện virus gây bệnh Marek ở gà;;VLAB-MI-TP-056;Realtime PCR;/sample;;48;;; 280.000 ;NA
MẪU BÊNH PHẨM THÚ Y;Mẫu bệnh phẩm từ gà, mẫu quét bề mặt chuồng trại, mẫu nước thải trong chăn nuôi.;;Phát hiện virus gây bệnh Newcastle;;VLAB-MI-TP-054;Realtime PCR;/sample;;48;;; 280.000 ;NA
MẪU BÊNH PHẨM THÚ Y;Mẫu bệnh phẩm từ gà, mẫu quét bề mặt chuồng trại, mẫu nước thải trong chăn nuôi.;;Phát hiện virus gây bệnh viêm phế quản truyền nhiễm;;VLAB-MI-TP-055;Realtime PCR;/sample;;48;;; 280.000 ;NA
MẪU BÊNH PHẨM THÚ Y;Mẫu bệnh phẩm từ gà, mẫu quét bề mặt chuồng trại, mẫu nước thải trong chăn nuôi.;;Phát hiện virus gây bệnh cúm gia cầm H5N1;;VLAB-MI-TP-057;Realtime PCR;/sample;;48;;; 280.000 ;NA
MẪU BÊNH PHẨM THÚ Y;Mẫu bệnh phẩm, mẫu máu, mẫu huyết thanh từ lợn;;Phát hiện virus gây hội chứng rối loạn sinh sản và hô hấp ở lợn (PRRSV);;VLAB-MI-TP-048;Realtime PCR;/sample;;48;;; 280.000 ;NA
MẪU BÊNH PHẨM THÚ Y;Mẫu bệnh phẩm, mẫu máu, mẫu huyết thanh từ lợn.;;Phát hiện virus gây bệnh dịch tả lợn Châu Phi (ASFV);;VLAB-MI-TP-047;Realtime PCR;/sample;;48;;; 280.000 ;NA
MỸ PHẨM;Mỹ phẩm;HEAVY METAL-ICP/MS;Hàm lượng Chì (Pb);Lead (Pb) content;VLAB-CH-TP-427;ICP-MS;;0.2 mg/kg;96;;; 140.000 ; NA 
MỸ PHẨM;Mỹ phẩm;HEAVY METAL-ICP/MS;Hàm lượng Cadimi (Cd);Cadmium (Cd) content;VLAB-CH-TP-427;ICP-MS;;0.2 mg/kg;96;;; 140.000 ; NA 
MỸ PHẨM;Mỹ phẩm;HEAVY METAL-ICP/MS;Hàm lượng Asen (As);Arsenic (As) content;VLAB-CH-TP-427;ICP-MS;;0.2 mg/kg;96;;; 140.000 ; NA 
MỸ PHẨM;Mỹ phẩm;HEAVY METAL-ICP/MS;Hàm lượng Thủy ngân (Hg);Mercury (Hg) content;VLAB-CH-TP-427;ICP-MS;;0.2 mg/kg;96;;; 140.000 ; NA 
MỸ PHẨM;Mỹ phẩm;;Phát hiện Candida albicans;;VLAB-MI-TP-096;Phân lập;/g ;;72;;; 140.000 ;NA
MỸ PHẨM;Mỹ phẩm;;Phát hiện Pseudomonas aeruginosa;;VLAB-MI-TP-097;Phân lập;/g;;72;;; 140.000 ;NA
MỸ PHẨM;Mỹ phẩm;;Phát hiện Staphylococcus aureus;;VLAB-MI-TP-095;Phân lập;/g;;72;;; 105.000 ;NA
MỸ PHẨM;Mỹ phẩm;;Phát hiện Escherichia coli;;VLAB-MI-TP-094;Phân lập;/g;;72;;; 105.000 ;NA
MỸ PHẨM;Mỹ phẩm;;Tổng vi sinh vật hiếu khí ưa nhiệt;;VLAB-MI-TP-098;Đếm khuẩn lạc;CFU/g;<10;72;;; 105.000 ;NA
MỸ PHẨM;Mỹ phẩm;;Tổng nấm men, nấm mốc;;VLAB-MI-TP-123 ;Đếm khuẩn lạc;CFU/g;<10;120;;; 105.000 ;NA
NÔNG SẢN & SẢN PHẨM NÔNG SẢN;Bột mì và lúa mì;;Hàm lượng Gluten ướt;Wet gluten content;TCVN 7871-1:2008;-;;0,10%;120;;; 140.000 ; NA 
NÔNG SẢN & SẢN PHẨM NÔNG SẢN;Bột ngũ cốc;;Cronobacter spp;;VLAB-MI-TP-072;Phân lập ;/sample;;72;;; 140.000 ;NA
NÔNG SẢN & SẢN PHẨM NÔNG SẢN;Bột, tinh bột;;Định lượng  tổng vi sinh vật hiếu khí;"Enumeration of aerobic microorganism
";VLAB-MI-TP-005;Đếm khuẩn lạc;CFU/g;<10;72;;; 70.000 ;NA
NÔNG SẢN & SẢN PHẨM NÔNG SẢN;Bột, tinh bột;;Định lượng Coliforms;Enumeration of Colifoms;VLAB-MI-TP-001;Đếm khuẩn lạc;CFU/g;<10;48;;; 70.000 ;NA
NÔNG SẢN & SẢN PHẨM NÔNG SẢN;Bột, tinh bột;;Định lượng Coliforms;Enumeration of  Coliforms;VLAB-MI-TP-010;MPN;MPN/g ;0;48;;; 70.000 ;NA
NÔNG SẢN & SẢN PHẨM NÔNG SẢN;Bột, tinh bột;;Định lượng Staphylococci có phản ứng dương tính với coagulase (Staphylococcus aureus và các loài khác);"Enumeration of coagulase-positive Staphylococci (Staphylococcus
aureus and other species)";VLAB-MI-TP-008;Đếm khuẩn lạc;CFU/g;<10;72;;; 70.000 ;NA
NÔNG SẢN & SẢN PHẨM NÔNG SẢN;Bột, tinh bột;;Định lượng Staphylococci có phản ứng dương tính với coagulase (Staphylococcus aureus và các loài khác);"Enumeration of coagulase-positive Staphylococci (Staphylococcus
aureus and other species)";VLAB-MI-TP-033;MPN;MPN/g ;0;72;;; 70.000 ;NA
NÔNG SẢN & SẢN PHẨM NÔNG SẢN;Bột, tinh bột;;Định lượng Clostridium perfringens;Enumeration of  Clostridium perfringens;VLAB-MI-TP-017;Đếm khuẩn lạc;CFU/g;<10;48;;; 70.000 ;NA
NÔNG SẢN & SẢN PHẨM NÔNG SẢN;Bột, tinh bột;;Phát hiện Salmonella spp.;Detection of Salmonella spp.;VLAB-MI-TP-004;Phân lập; /25g;;120;;; 140.000 ;NA
NÔNG SẢN & SẢN PHẨM NÔNG SẢN;Bột, tinh bột;;Định lượng Bacillus cereus giả định;Enumeration of presumptive Bacillus cereus;VLAB-MI-TP-016;Đếm khuẩn lạc;CFU/g;<10;72;;; 70.000 ;NA
NÔNG SẢN & SẢN PHẨM NÔNG SẢN;Bột, tinh bột;;Phát hiện Listeria monocytogenes;Detection of Listeria monocytogenes;VLAB-MI-TP-015;Phân lập; /25g;;168;;; 140.000 ;NA
NÔNG SẢN & SẢN PHẨM NÔNG SẢN;Bột, tinh bột;;Định lượng Listeria monocytogenes ;Enumeration of  Listeria monocytogenes ;VLAB-MI-TP-070;Đếm khuẩn lạc;CFU/g;<10;120;;; 140.000 ;NA
NÔNG SẢN & SẢN PHẨM NÔNG SẢN;Bột, tinh bột;;Định lượng Enterobacteriaceae;Enumeration of Enterobacteriaceae;VLAB-MI-TP-006;Đếm khuẩn lạc;CFU/g;<10;96;;; 70.000 ;NA
NÔNG SẢN & SẢN PHẨM NÔNG SẢN;Cà phê;;Cafein (Caffein);Caffein;TCVN 9723:2013;HPLC-UV;-;100 mg/kg;72;;; 350.000 ; NA 
NÔNG SẢN & SẢN PHẨM NÔNG SẢN;Cà phê;;Hàm lượng tro tổng;Total ash content;TCVN 5253:1990;Khối lượng;;0,10%;96;;; 140.000 ; NA 
NÔNG SẢN & SẢN PHẨM NÔNG SẢN;Cà phê bột;;Độ ẩm;Moisture content;TCVN 7035:2002;Sấy;;0,30%;96;;; 120.000 ; NA 
NÔNG SẢN & SẢN PHẨM NÔNG SẢN;Cà phê bột;;Hàm lượng tro không tan trong HCl ;Insoluble ash in hydrochloric acid;TCVN 5253:1990;Khối lượng;;0,10%;96;;; 140.000 ; NA 
NÔNG SẢN & SẢN PHẨM NÔNG SẢN;Cà phê bột;;Độ mịn qua rây 0.56mm;Particle size through 0,56mm;TCVN 10821:2015;-;;-;96;;; 140.000 ; NA 
NÔNG SẢN & SẢN PHẨM NÔNG SẢN;Cà phê bột;;Độ mịn trên rây 0.25mm;Particle size on 0.25mm;TCVN 10821:2015;-;;-;96;;; 140.000 ; NA 
NÔNG SẢN & SẢN PHẨM NÔNG SẢN;Cà phê hạt;;Hạt tốt;Good bean;TCVN 5250:2015;-;;-;96;;; 140.000 ; NA 
NÔNG SẢN & SẢN PHẨM NÔNG SẢN;Cà phê hạt;;Hạt lỗi;Defective bean;TCVN 5250:2015;-;;-;96;;; 140.000 ; NA 
NÔNG SẢN & SẢN PHẨM NÔNG SẢN;Cà phê hạt;;Mảnh vỡ;Broken piece;TCVN 5250:2015;-;;-;96;;; 140.000 ; NA 
NÔNG SẢN & SẢN PHẨM NÔNG SẢN;Cà phê hạt;;Tạp chất;Foreign matter;TCVN 5250:2015;-;;-;96;;; 140.000 ; NA 
NÔNG SẢN & SẢN PHẨM NÔNG SẢN;Cà phê hòa tan;;Độ ẩm;Moisture content;TCVN 5567:1991;Sấy;;0,30%;96;;; 120.000 ; NA 
NÔNG SẢN & SẢN PHẨM NÔNG SẢN;Cà phê hòa tan;;Độ hòa tan hoặc Khả năng hòa tan trong nước nóng;Solubility or Solubility in hot water;TCVN 12459:2018;-;;-;72;;; 140.000 ; NA 
NÔNG SẢN & SẢN PHẨM NÔNG SẢN;Cà phê nhân;;Độ ẩm;Moisture content;TCVN 6928 : 2007;Sấy;;0,30%;96;;; 120.000 ; NA 
NÔNG SẢN & SẢN PHẨM NÔNG SẢN;Cà phê rang xay;;Độ ẩm;Moisture content;TCVN 10706:2015;Sấy;;0,30%;96;;; 120.000 ; NA 
NÔNG SẢN & SẢN PHẨM NÔNG SẢN;Các loại hạt;;Định lượng nấm men và nấm mốc;"Enumeration of 
yeasts and moulds ";VLAB-MI-TP-014;Đếm khuẩn lạc;CFU/g;<10;120;;; 70.000 ;NA
NÔNG SẢN & SẢN PHẨM NÔNG SẢN;Chè và sản phẩm chè;;Hàm lượng Polyphenol tổng số;Total polyphenol content;TCVN 9745-1:2013;-;;-;120;;; 350.000 ; NA 
NÔNG SẢN & SẢN PHẨM NÔNG SẢN;Dầu thực vật ;;Định lượng E.coli dương tính với β-glucuronidase;Enumeration Escherichia coli  β-glucuronidase positive;VLAB-MI-TP-002;Đếm khuẩn lạc;CFU/g;<10;48;;; 70.000 ;NA
NÔNG SẢN & SẢN PHẨM NÔNG SẢN;Dầu thực vật ;;Định lượng Escherichia coli giả định;"Enumeration of presumptive 
Escherichia coli ";VLAB-MI-TP-003;MPN;MPN/g ;0;72;;; 70.000 ;NA
NÔNG SẢN & SẢN PHẨM NÔNG SẢN;Gạo;;Chiều dài trung bình;Average length;TCVN 11888:2017;-;;-;120;;; 140.000 ; NA 
NÔNG SẢN & SẢN PHẨM NÔNG SẢN;Gạo;;Hạt bạc phấn;Chalky kernel;TCVN 11888:2017;-;;-;120;;; 140.000 ; NA 
NÔNG SẢN & SẢN PHẨM NÔNG SẢN;Gạo;;Hạt bị hư hỏng;Damage kernel;TCVN 11888:2017;-;;-;120;;; 140.000 ; NA 
NÔNG SẢN & SẢN PHẨM NÔNG SẢN;Gạo;;Hạt nguyên;Whole kernel;TCVN 11888:2017;-;;-;120;;; 140.000 ; NA 
NÔNG SẢN & SẢN PHẨM NÔNG SẢN;Gạo;;Hạt vàng;Yellow kernel;TCVN 11888:2017;-;;-;120;;; 140.000 ; NA 
NÔNG SẢN & SẢN PHẨM NÔNG SẢN;Gạo;;Mức xát;Milling degree of rice;TCVN 11888:2017;-;;-;120;;; 140.000 ; NA 
NÔNG SẢN & SẢN PHẨM NÔNG SẢN;Gạo;;Hạt xanh non;Green immature kernel;TCVN 11888:2017;-;;-;120;;; 140.000 ; NA 
NÔNG SẢN & SẢN PHẨM NÔNG SẢN;Gạo;;Tỉ lệ tấm;Broken rice ratio;TCVN 11888:2017;-;;-;120;;; 140.000 ; NA 
NÔNG SẢN & SẢN PHẨM NÔNG SẢN;Gạo;;Tỉ lệ thóc lẫn;Mixed rice ratio;TCVN 11888:2017;-;;-;120;;; 140.000 ; NA 
NÔNG SẢN & SẢN PHẨM NÔNG SẢN;Gạo;;Độ ẩm;Moisture content;TCVN 11888:2017;-;;-;120;;; 120.000 ; NA 
NÔNG SẢN & SẢN PHẨM NÔNG SẢN;Gạo;;Hàm lượng Asen vô cơ;Inorganic Arsenic (As) content;VLAB-CH-TP-425;ICP-MS;;0.05 mg/kg;72;;; 140.000 ; NA 
NÔNG SẢN & SẢN PHẨM NÔNG SẢN;Ngũ cốc, đậu đỗ và sản phẩm ngũ cốc;;Hàm lượng nitơ tổng số và protein thô;Total nitrogen content or Protein content;TCVN 8125:2015;Kjeldahl;;0,30%;96;;; 140.000 ; NA 
NÔNG SẢN & SẢN PHẨM NÔNG SẢN;Ngũ cốc, đậu đỗ và sản phẩm ngũ cốc;;Hàm lượng tro tổng;Total ash content;TCVN 8124: 2009;Khối lượng;;0,30%;96;;; 140.000 ; NA 
NÔNG SẢN & SẢN PHẨM NÔNG SẢN;NÔNG SẢN & SẢN PHẨM NÔNG SẢN;PHENOXY ACID HERBICIDES;2,4,5-T;2,4,5-T;VLAB-CH-TP-660;LC-MS/MS;3.33 µg/kg;10 µg/kg;72;;; 315.000 ; 840.000 
NÔNG SẢN & SẢN PHẨM NÔNG SẢN;NÔNG SẢN & SẢN PHẨM NÔNG SẢN;PHENOXY ACID HERBICIDES;Dichloprop;Dichloprop;VLAB-CH-TP-660;LC-MS/MS;3.33 µg/kg;10 µg/kg;72;;; 315.000 ; 840.000 
NÔNG SẢN & SẢN PHẨM NÔNG SẢN;NÔNG SẢN & SẢN PHẨM NÔNG SẢN;PHENOXY ACID HERBICIDES;Fenoprop;Fenoprop;VLAB-CH-TP-660;LC-MS/MS;3.33 µg/kg;10 µg/kg;72;;; 315.000 ; 840.000 
NÔNG SẢN & SẢN PHẨM NÔNG SẢN;NÔNG SẢN & SẢN PHẨM NÔNG SẢN;MYCOTOXINS;Aflatoxin (B1, B2, G1, G2);Aflatoxin (B1, B2, G1, G2);VLAB-CH-TP-599;LC-MS/MS;0.167 µg/kg;0.5 µg/kg;72;24;; 350.000 ; NA 
NÔNG SẢN & SẢN PHẨM NÔNG SẢN;NÔNG SẢN & SẢN PHẨM NÔNG SẢN;MYCOTOXINS;Aflatoxin tổng số;Aflatoxin total;VLAB-CH-TP-599;LC-MS/MS;0.667 µg/kg;2 µg/kg;72;24;; 350.000 ; NA 
NÔNG SẢN & SẢN PHẨM NÔNG SẢN;NÔNG SẢN & SẢN PHẨM NÔNG SẢN;MYCOTOXINS;Aflatoxin M1;Aflatoxin M1;VLAB-CH-TP-599;LC-MS/MS;0.017 µg/kg;0.05 µg/kg;72;24;; 350.000 ; NA 
NÔNG SẢN & SẢN PHẨM NÔNG SẢN;NÔNG SẢN & SẢN PHẨM NÔNG SẢN;MYCOTOXINS;Fumonisin B1;Fumonisin B1;VLAB-CH-TP-599;LC-MS/MS;0.833 µg/kg;2.5 µg/kg;72;24;; 350.000 ; NA 
NÔNG SẢN & SẢN PHẨM NÔNG SẢN;NÔNG SẢN & SẢN PHẨM NÔNG SẢN;MYCOTOXINS;Fumonision B2;Fumonision B2;VLAB-CH-TP-599;LC-MS/MS;0.833 µg/kg;2.5 µg/kg;72;24;; 350.000 ; NA 
NÔNG SẢN & SẢN PHẨM NÔNG SẢN;NÔNG SẢN & SẢN PHẨM NÔNG SẢN;MYCOTOXINS;Deoxynivalenol (DON);Deoxynivalenol (DON);VLAB-CH-TP-599;LC-MS/MS;0.167 µg/kg;0.5 µg/kg;72;24;; 350.000 ; NA 
NÔNG SẢN & SẢN PHẨM NÔNG SẢN;NÔNG SẢN & SẢN PHẨM NÔNG SẢN;MYCOTOXINS;Zearalenone (ZEN);Zearalenone (ZEN);VLAB-CH-TP-599;LC-MS/MS;0.167 µg/kg;0.5 µg/kg;72;24;; 350.000 ; NA 
NÔNG SẢN & SẢN PHẨM NÔNG SẢN;NÔNG SẢN & SẢN PHẨM NÔNG SẢN;MYCOTOXINS;Ochratoxin A (OTA);Ochratoxin A (OTA);VLAB-CH-TP-599;LC-MS/MS;0.167 µg/kg;0.5 µg/kg;72;24;; 350.000 ; NA 
NÔNG SẢN & SẢN PHẨM NÔNG SẢN;NÔNG SẢN & SẢN PHẨM NÔNG SẢN;PES-LC/MS/MS;Acephate;Acephate;VLAB-CH-TP-674;LC-MS/MS;0.003 mg/kg;0.01 mg/kg;72;;; 315.000 ; 840.000 
NÔNG SẢN & SẢN PHẨM NÔNG SẢN;NÔNG SẢN & SẢN PHẨM NÔNG SẢN;PES-LC/MS/MS;Acetamiprid;Acetamiprid;VLAB-CH-TP-674;LC-MS/MS;0.003 mg/kg;0.01 mg/kg;72;;; 315.000 ; 840.000 
NÔNG SẢN & SẢN PHẨM NÔNG SẢN;NÔNG SẢN & SẢN PHẨM NÔNG SẢN;PES-LC/MS/MS;Acibenzolar-S-methyl;Acibenzolar-S-methyl;VLAB-CH-TP-674;LC-MS/MS;0.003 mg/kg;0.01 mg/kg;72;;; 315.000 ; 840.000 
NÔNG SẢN & SẢN PHẨM NÔNG SẢN;NÔNG SẢN & SẢN PHẨM NÔNG SẢN;PES-LC/MS/MS;Albendazole;Albendazole;VLAB-CH-TP-674;LC-MS/MS;0.003 mg/kg;0.01 mg/kg;72;;; 315.000 ; 840.000 
NÔNG SẢN & SẢN PHẨM NÔNG SẢN;NÔNG SẢN & SẢN PHẨM NÔNG SẢN;PES-LC/MS/MS;Aldicarb;Aldicarb;VLAB-CH-TP-674;LC-MS/MS;0.003 mg/kg;0.01 mg/kg;72;;; 315.000 ; 840.000 
NÔNG SẢN & SẢN PHẨM NÔNG SẢN;NÔNG SẢN & SẢN PHẨM NÔNG SẢN;PES-LC/MS/MS;Aldicarb sulfone;Aldicarb sulfone;VLAB-CH-TP-674;LC-MS/MS;0.003 mg/kg;0.01 mg/kg;72;;; 315.000 ; 840.000 
NÔNG SẢN & SẢN PHẨM NÔNG SẢN;NÔNG SẢN & SẢN PHẨM NÔNG SẢN;PES-LC/MS/MS;Aldicarb sulfoxide;Aldicarb sulfoxide;VLAB-CH-TP-674;LC-MS/MS;0.003 mg/kg;0.01 mg/kg;72;;; 315.000 ; 840.000 
NÔNG SẢN & SẢN PHẨM NÔNG SẢN;NÔNG SẢN & SẢN PHẨM NÔNG SẢN;PES-LC/MS/MS;Ametryn;Ametryn;VLAB-CH-TP-674;LC-MS/MS;0.003 mg/kg;0.01 mg/kg;72;;; 315.000 ; 840.000 
NÔNG SẢN & SẢN PHẨM NÔNG SẢN;NÔNG SẢN & SẢN PHẨM NÔNG SẢN;PES-LC/MS/MS;Ametoctradin;Ametoctradin;VLAB-CH-TP-674;LC-MS/MS;0.003 mg/kg;0.01 mg/kg;72;;; 315.000 ; 840.000 
NÔNG SẢN & SẢN PHẨM NÔNG SẢN;NÔNG SẢN & SẢN PHẨM NÔNG SẢN;PES-LC/MS/MS;Aminocarb;Aminocarb;VLAB-CH-TP-674;LC-MS/MS;0.003 mg/kg;0.01 mg/kg;72;;; 315.000 ; 840.000 
NÔNG SẢN & SẢN PHẨM NÔNG SẢN;NÔNG SẢN & SẢN PHẨM NÔNG SẢN;PES-LC/MS/MS;Amitraz;Amitraz;VLAB-CH-TP-674;LC-MS/MS;0.003 mg/kg;0.01 mg/kg;72;;; 315.000 ; 840.000 
NÔNG SẢN & SẢN PHẨM NÔNG SẢN;NÔNG SẢN & SẢN PHẨM NÔNG SẢN;PES-LC/MS/MS;Azoxystrobin;Azoxystrobin;VLAB-CH-TP-674;LC-MS/MS;0.003 mg/kg;0.01 mg/kg;72;;; 315.000 ; 840.000 
NÔNG SẢN & SẢN PHẨM NÔNG SẢN;NÔNG SẢN & SẢN PHẨM NÔNG SẢN;PES-LC/MS/MS;Benalaxyl;Benalaxyl;VLAB-CH-TP-674;LC-MS/MS;0.003 mg/kg;0.01 mg/kg;72;;; 315.000 ; 840.000 
NÔNG SẢN & SẢN PHẨM NÔNG SẢN;NÔNG SẢN & SẢN PHẨM NÔNG SẢN;PES-LC/MS/MS;Bendiocarb;Bendiocarb;VLAB-CH-TP-674;LC-MS/MS;0.003 mg/kg;0.01 mg/kg;72;;; 315.000 ; 840.000 
NÔNG SẢN & SẢN PHẨM NÔNG SẢN;NÔNG SẢN & SẢN PHẨM NÔNG SẢN;PES-LC/MS/MS;Benomyl;Benomyl;VLAB-CH-TP-674;LC-MS/MS;0.003 mg/kg;0.01 mg/kg;72;;; 315.000 ; 840.000 
NÔNG SẢN & SẢN PHẨM NÔNG SẢN;NÔNG SẢN & SẢN PHẨM NÔNG SẢN;PES-LC/MS/MS;Benzoximate;Benzoximate;VLAB-CH-TP-674;LC-MS/MS;0.003 mg/kg;0.01 mg/kg;;;; 315.000 ; 840.000 
NÔNG SẢN & SẢN PHẨM NÔNG SẢN;NÔNG SẢN & SẢN PHẨM NÔNG SẢN;PES-LC/MS/MS;Bifenazate;Bifenazate;VLAB-CH-TP-674;LC-MS/MS;0.003 mg/kg;0.01 mg/kg;72;;; 315.000 ; 840.000 
NÔNG SẢN & SẢN PHẨM NÔNG SẢN;NÔNG SẢN & SẢN PHẨM NÔNG SẢN;PES-LC/MS/MS;Bitertanol (Baycor);Bitertanol (Baycor);VLAB-CH-TP-674;LC-MS/MS;0.003 mg/kg;0.01 mg/kg;72;;; 315.000 ; 840.000 
NÔNG SẢN & SẢN PHẨM NÔNG SẢN;NÔNG SẢN & SẢN PHẨM NÔNG SẢN;PES-LC/MS/MS;Boscalid;Boscalid;VLAB-CH-TP-674;LC-MS/MS;0.003 mg/kg;0.01 mg/kg;72;;; 315.000 ; 840.000 
NÔNG SẢN & SẢN PHẨM NÔNG SẢN;NÔNG SẢN & SẢN PHẨM NÔNG SẢN;PES-LC/MS/MS;Bromuconazole;Bromuconazole;VLAB-CH-TP-674;LC-MS/MS;0.003 mg/kg;0.01 mg/kg;72;;; 315.000 ; 840.000 
NÔNG SẢN & SẢN PHẨM NÔNG SẢN;NÔNG SẢN & SẢN PHẨM NÔNG SẢN;PES-LC/MS/MS;Buprofezin;Buprofezin;VLAB-CH-TP-674;LC-MS/MS;0.003 mg/kg;0.01 mg/kg;72;;; 315.000 ; 840.000 
NÔNG SẢN & SẢN PHẨM NÔNG SẢN;NÔNG SẢN & SẢN PHẨM NÔNG SẢN;PES-LC/MS/MS;Bupirimate;Bupirimate;VLAB-CH-TP-674;LC-MS/MS;0.003 mg/kg;0.01 mg/kg;72;;; 315.000 ; 840.000 
NÔNG SẢN & SẢN PHẨM NÔNG SẢN;NÔNG SẢN & SẢN PHẨM NÔNG SẢN;PES-LC/MS/MS;Butafenacil;Butafenacil;VLAB-CH-TP-674;LC-MS/MS;0.003 mg/kg;0.01 mg/kg;;;; 315.000 ; 840.000 
NÔNG SẢN & SẢN PHẨM NÔNG SẢN;NÔNG SẢN & SẢN PHẨM NÔNG SẢN;PES-LC/MS/MS;Butoxycarboxim;Butoxycarboxim;VLAB-CH-TP-674;LC-MS/MS;0.003 mg/kg;0.01 mg/kg;;;; 315.000 ; 840.000 
NÔNG SẢN & SẢN PHẨM NÔNG SẢN;NÔNG SẢN & SẢN PHẨM NÔNG SẢN;PES-LC/MS/MS;Butocarboxim;Butocarboxim;VLAB-CH-TP-674;LC-MS/MS;0.003 mg/kg;0.01 mg/kg;;;; 315.000 ; 840.000 
NÔNG SẢN & SẢN PHẨM NÔNG SẢN;NÔNG SẢN & SẢN PHẨM NÔNG SẢN;PES-LC/MS/MS;Carbaryl (sevin);Carbaryl (sevin);VLAB-CH-TP-674;LC-MS/MS;0.003 mg/kg;0.01 mg/kg;72;;; 315.000 ; 840.000 
NÔNG SẢN & SẢN PHẨM NÔNG SẢN;NÔNG SẢN & SẢN PHẨM NÔNG SẢN;PES-LC/MS/MS;Carbendazim;Carbendazim;VLAB-CH-TP-674;LC-MS/MS;0.003 mg/kg;0.01 mg/kg;72;;; 315.000 ; 840.000 
NÔNG SẢN & SẢN PHẨM NÔNG SẢN;NÔNG SẢN & SẢN PHẨM NÔNG SẢN;PES-LC/MS/MS;Carbetamide;Carbetamide;VLAB-CH-TP-674;LC-MS/MS;0.003 mg/kg;0.01 mg/kg;72;;; 315.000 ; 840.000 
NÔNG SẢN & SẢN PHẨM NÔNG SẢN;NÔNG SẢN & SẢN PHẨM NÔNG SẢN;PES-LC/MS/MS;Carbofuran;Carbofuran;VLAB-CH-TP-674;LC-MS/MS;0.003 mg/kg;0.01 mg/kg;72;;; 315.000 ; 840.000 
NÔNG SẢN & SẢN PHẨM NÔNG SẢN;NÔNG SẢN & SẢN PHẨM NÔNG SẢN;PES-LC/MS/MS;Carbofuran-3-hydroxy;Carbofuran-3-hydroxy;VLAB-CH-TP-674;LC-MS/MS;0.003 mg/kg;0.01 mg/kg;72;;; 315.000 ; 840.000 
NÔNG SẢN & SẢN PHẨM NÔNG SẢN;NÔNG SẢN & SẢN PHẨM NÔNG SẢN;PES-LC/MS/MS;Carboxin;Carboxin;VLAB-CH-TP-674;LC-MS/MS;0.003 mg/kg;0.01 mg/kg;72;;; 315.000 ; 840.000 
NÔNG SẢN & SẢN PHẨM NÔNG SẢN;NÔNG SẢN & SẢN PHẨM NÔNG SẢN;PES-LC/MS/MS;Chlorantraniliprole;Chlorantraniliprole;VLAB-CH-TP-674;LC-MS/MS;0.003 mg/kg;0.01 mg/kg;72;;; 315.000 ; 840.000 
NÔNG SẢN & SẢN PHẨM NÔNG SẢN;NÔNG SẢN & SẢN PHẨM NÔNG SẢN;PES-LC/MS/MS;Chloroxuron;Chloroxuron;VLAB-CH-TP-674;LC-MS/MS;0.003 mg/kg;0.01 mg/kg;72;;; 315.000 ; 840.000 
NÔNG SẢN & SẢN PHẨM NÔNG SẢN;NÔNG SẢN & SẢN PHẨM NÔNG SẢN;PES-LC/MS/MS;Clethodim;Clethodim;VLAB-CH-TP-674;LC-MS/MS;0.003 mg/kg;0.01 mg/kg;72;;; 315.000 ; 840.000 
NÔNG SẢN & SẢN PHẨM NÔNG SẢN;NÔNG SẢN & SẢN PHẨM NÔNG SẢN;PES-LC/MS/MS;Clofentezine;Clofentezine;VLAB-CH-TP-674;LC-MS/MS;0.003 mg/kg;0.01 mg/kg;;;; 315.000 ; 840.000 
NÔNG SẢN & SẢN PHẨM NÔNG SẢN;NÔNG SẢN & SẢN PHẨM NÔNG SẢN;PES-LC/MS/MS;Clothianidin;Clothianidin;VLAB-CH-TP-674;LC-MS/MS;0.003 mg/kg;0.01 mg/kg;72;;; 315.000 ; 840.000 
NÔNG SẢN & SẢN PHẨM NÔNG SẢN;NÔNG SẢN & SẢN PHẨM NÔNG SẢN;PES-LC/MS/MS;Cyazofamid;Cyazofamid;VLAB-CH-TP-674;LC-MS/MS;0.003 mg/kg;0.01 mg/kg;72;;; 315.000 ; 840.000 
NÔNG SẢN & SẢN PHẨM NÔNG SẢN;NÔNG SẢN & SẢN PHẨM NÔNG SẢN;PES-LC/MS/MS;Cycluron;Cycluron;VLAB-CH-TP-674;LC-MS/MS;0.003 mg/kg;0.01 mg/kg;72;;; 315.000 ; 840.000 
NÔNG SẢN & SẢN PHẨM NÔNG SẢN;NÔNG SẢN & SẢN PHẨM NÔNG SẢN;PES-LC/MS/MS;Cyhexatin;Cyhexatin;VLAB-CH-TP-674;LC-MS/MS;0.003 mg/kg;0.01 mg/kg;;;; 315.000 ; 840.000 
NÔNG SẢN & SẢN PHẨM NÔNG SẢN;NÔNG SẢN & SẢN PHẨM NÔNG SẢN;PES-LC/MS/MS;Cymoxanil;Cymoxanil;VLAB-CH-TP-674;LC-MS/MS;0.003 mg/kg;0.01 mg/kg;72;;; 315.000 ; 840.000 
NÔNG SẢN & SẢN PHẨM NÔNG SẢN;NÔNG SẢN & SẢN PHẨM NÔNG SẢN;PES-LC/MS/MS;Cyproconazole;Cyproconazole;VLAB-CH-TP-674;LC-MS/MS;0.003 mg/kg;0.01 mg/kg;72;;; 315.000 ; 840.000 
NÔNG SẢN & SẢN PHẨM NÔNG SẢN;NÔNG SẢN & SẢN PHẨM NÔNG SẢN;PES-LC/MS/MS;Cycloxydim;Cycloxydim;VLAB-CH-TP-674;LC-MS/MS;0.003 mg/kg;0.01 mg/kg;72;;; 315.000 ; 840.000 
NÔNG SẢN & SẢN PHẨM NÔNG SẢN;NÔNG SẢN & SẢN PHẨM NÔNG SẢN;PES-LC/MS/MS;Cyromazine;Cyromazine;VLAB-CH-TP-674;LC-MS/MS;0.003 mg/kg;0.01 mg/kg;72;;; 315.000 ; 840.000 
NÔNG SẢN & SẢN PHẨM NÔNG SẢN;NÔNG SẢN & SẢN PHẨM NÔNG SẢN;PES-LC/MS/MS;Cyprodinil;Cyprodinil;VLAB-CH-TP-674;LC-MS/MS;0.003 mg/kg;0.01 mg/kg;72;;; 315.000 ; 840.000 
NÔNG SẢN & SẢN PHẨM NÔNG SẢN;NÔNG SẢN & SẢN PHẨM NÔNG SẢN;PES-LC/MS/MS;Diafenthiuron;Diafenthiuron;VLAB-CH-TP-674;LC-MS/MS;0.003 mg/kg;0.01 mg/kg;;;; 315.000 ; 840.000 
NÔNG SẢN & SẢN PHẨM NÔNG SẢN;NÔNG SẢN & SẢN PHẨM NÔNG SẢN;PES-LC/MS/MS;Dichlofluanid;Dichlofluanid;VLAB-CH-TP-674;LC-MS/MS;0.003 mg/kg;0.01 mg/kg;;;; 315.000 ; 840.000 
NÔNG SẢN & SẢN PHẨM NÔNG SẢN;NÔNG SẢN & SẢN PHẨM NÔNG SẢN;PES-LC/MS/MS;Desmedipham;Desmedipham;VLAB-CH-TP-674;LC-MS/MS;0.003 mg/kg;0.01 mg/kg;72;;; 315.000 ; 840.000 
NÔNG SẢN & SẢN PHẨM NÔNG SẢN;NÔNG SẢN & SẢN PHẨM NÔNG SẢN;PES-LC/MS/MS;Dichlobutrazol;Dichlobutrazol;VLAB-CH-TP-674;LC-MS/MS;0.003 mg/kg;0.01 mg/kg;;;; 315.000 ; 840.000 
NÔNG SẢN & SẢN PHẨM NÔNG SẢN;NÔNG SẢN & SẢN PHẨM NÔNG SẢN;PES-LC/MS/MS;Dicrotophos;Dicrotophos;VLAB-CH-TP-674;LC-MS/MS;0.003 mg/kg;0.01 mg/kg;;;; 315.000 ; 840.000 
NÔNG SẢN & SẢN PHẨM NÔNG SẢN;NÔNG SẢN & SẢN PHẨM NÔNG SẢN;PES-LC/MS/MS;Diethofencarb;Diethofencarb;VLAB-CH-TP-674;LC-MS/MS;0.003 mg/kg;0.01 mg/kg;72;;; 315.000 ; 840.000 
NÔNG SẢN & SẢN PHẨM NÔNG SẢN;NÔNG SẢN & SẢN PHẨM NÔNG SẢN;PES-LC/MS/MS;Diflufenican;Diflufenican;VLAB-CH-TP-674;LC-MS/MS;0.003 mg/kg;0.01 mg/kg;;;; 315.000 ; 840.000 
NÔNG SẢN & SẢN PHẨM NÔNG SẢN;NÔNG SẢN & SẢN PHẨM NÔNG SẢN;PES-LC/MS/MS;Difenoconazole;Difenoconazole;VLAB-CH-TP-674;LC-MS/MS;0.003 mg/kg;0.01 mg/kg;72;;; 315.000 ; 840.000 
NÔNG SẢN & SẢN PHẨM NÔNG SẢN;NÔNG SẢN & SẢN PHẨM NÔNG SẢN;PES-LC/MS/MS;Dimethirimol;Dimethirimol;VLAB-CH-TP-674;LC-MS/MS;0.003 mg/kg;0.01 mg/kg;72;;; 315.000 ; 840.000 
NÔNG SẢN & SẢN PHẨM NÔNG SẢN;NÔNG SẢN & SẢN PHẨM NÔNG SẢN;PES-LC/MS/MS;Dimethoate;Dimethoate;VLAB-CH-TP-674;LC-MS/MS;0.003 mg/kg;0.01 mg/kg;72;;; 315.000 ; 840.000 
NÔNG SẢN & SẢN PHẨM NÔNG SẢN;NÔNG SẢN & SẢN PHẨM NÔNG SẢN;PES-LC/MS/MS;Dimethomorph;Dimethomorph;VLAB-CH-TP-674;LC-MS/MS;0.003 mg/kg;0.01 mg/kg;72;;; 315.000 ; 840.000 
NÔNG SẢN & SẢN PHẨM NÔNG SẢN;NÔNG SẢN & SẢN PHẨM NÔNG SẢN;PES-LC/MS/MS;Dimoxystrobin;Dimoxystrobin;VLAB-CH-TP-674;LC-MS/MS;0.003 mg/kg;0.01 mg/kg;72;;; 315.000 ; 840.000 
NÔNG SẢN & SẢN PHẨM NÔNG SẢN;NÔNG SẢN & SẢN PHẨM NÔNG SẢN;PES-LC/MS/MS;N,N-Dimethyl-N'-p-tolylsulphamide (DMST);N,N-Dimethyl-N'-p-tolylsulphamide (DMST);VLAB-CH-TP-674;LC-MS/MS;0.003 mg/kg;0.01 mg/kg;;;; 315.000 ; 840.000 
NÔNG SẢN & SẢN PHẨM NÔNG SẢN;NÔNG SẢN & SẢN PHẨM NÔNG SẢN;PES-LC/MS/MS;N,N-Dimethylaminosulfanilide (DMSA);N,N-Dimethylaminosulfanilide (DMSA);VLAB-CH-TP-674;LC-MS/MS;0.003 mg/kg;0.01 mg/kg;;;; 315.000 ; 840.000 
NÔNG SẢN & SẢN PHẨM NÔNG SẢN;NÔNG SẢN & SẢN PHẨM NÔNG SẢN;PES-LC/MS/MS;Diniconazole;Diniconazole;VLAB-CH-TP-674;LC-MS/MS;0.003 mg/kg;0.01 mg/kg;72;;; 315.000 ; 840.000 
NÔNG SẢN & SẢN PHẨM NÔNG SẢN;NÔNG SẢN & SẢN PHẨM NÔNG SẢN;PES-LC/MS/MS;Dinotefuran;Dinotefuran;VLAB-CH-TP-674;LC-MS/MS;0.003 mg/kg;0.01 mg/kg;72;;; 315.000 ; 840.000 
NÔNG SẢN & SẢN PHẨM NÔNG SẢN;NÔNG SẢN & SẢN PHẨM NÔNG SẢN;PES-LC/MS/MS;Dioxacarb;Dioxacarb;VLAB-CH-TP-674;LC-MS/MS;0.003 mg/kg;0.01 mg/kg;;;; 315.000 ; 840.000 
NÔNG SẢN & SẢN PHẨM NÔNG SẢN;NÔNG SẢN & SẢN PHẨM NÔNG SẢN;PES-LC/MS/MS;Diuron;Diuron;VLAB-CH-TP-674;LC-MS/MS;0.003 mg/kg;0.01 mg/kg;72;;; 315.000 ; 840.000 
NÔNG SẢN & SẢN PHẨM NÔNG SẢN;NÔNG SẢN & SẢN PHẨM NÔNG SẢN;PES-LC/MS/MS;Dodine;Dodine;VLAB-CH-TP-674;LC-MS/MS;0.003 mg/kg;0.01 mg/kg;72;;; 315.000 ; 840.000 
NÔNG SẢN & SẢN PHẨM NÔNG SẢN;NÔNG SẢN & SẢN PHẨM NÔNG SẢN;PES-LC/MS/MS;Emamectin Benzoate (Proclaim);Emamectin Benzoate (Proclaim);VLAB-CH-TP-674;LC-MS/MS;0.003 mg/kg;0.01 mg/kg;72;;; 315.000 ; 840.000 
NÔNG SẢN & SẢN PHẨM NÔNG SẢN;NÔNG SẢN & SẢN PHẨM NÔNG SẢN;PES-LC/MS/MS;Epoxiconazole;Epoxiconazole;VLAB-CH-TP-674;LC-MS/MS;0.003 mg/kg;0.01 mg/kg;72;;; 315.000 ; 840.000 
NÔNG SẢN & SẢN PHẨM NÔNG SẢN;NÔNG SẢN & SẢN PHẨM NÔNG SẢN;PES-LC/MS/MS;Ethoxyquin;Ethoxyquin;VLAB-CH-TP-674;LC-MS/MS;0.003 mg/kg;0.01 mg/kg;72;;; 315.000 ; 840.000 
NÔNG SẢN & SẢN PHẨM NÔNG SẢN;NÔNG SẢN & SẢN PHẨM NÔNG SẢN;PES-LC/MS/MS;Etaconazole;Etaconazole;VLAB-CH-TP-674;LC-MS/MS;0.003 mg/kg;0.01 mg/kg;;;; 315.000 ; 840.000 
NÔNG SẢN & SẢN PHẨM NÔNG SẢN;NÔNG SẢN & SẢN PHẨM NÔNG SẢN;PES-LC/MS/MS;Ethiofencarb;Ethiofencarb;VLAB-CH-TP-674;LC-MS/MS;0.003 mg/kg;0.01 mg/kg;72;;; 315.000 ; 840.000 
NÔNG SẢN & SẢN PHẨM NÔNG SẢN;NÔNG SẢN & SẢN PHẨM NÔNG SẢN;PES-LC/MS/MS;Ethiprole;Ethiprole;VLAB-CH-TP-674;LC-MS/MS;0.003 mg/kg;0.01 mg/kg;;;; 315.000 ; 840.000 
NÔNG SẢN & SẢN PHẨM NÔNG SẢN;NÔNG SẢN & SẢN PHẨM NÔNG SẢN;PES-LC/MS/MS;Ethofumesate;Ethofumesate;VLAB-CH-TP-674;LC-MS/MS;0.003 mg/kg;0.01 mg/kg;72;;; 315.000 ; 840.000 
NÔNG SẢN & SẢN PHẨM NÔNG SẢN;NÔNG SẢN & SẢN PHẨM NÔNG SẢN;PES-LC/MS/MS;Fenamidone;Fenamidone;VLAB-CH-TP-674;LC-MS/MS;0.003 mg/kg;0.01 mg/kg;72;;; 315.000 ; 840.000 
NÔNG SẢN & SẢN PHẨM NÔNG SẢN;NÔNG SẢN & SẢN PHẨM NÔNG SẢN;PES-LC/MS/MS;Fenarimol;Fenarimol;VLAB-CH-TP-674;LC-MS/MS;0.003 mg/kg;0.01 mg/kg;72;;; 315.000 ; 840.000 
NÔNG SẢN & SẢN PHẨM NÔNG SẢN;NÔNG SẢN & SẢN PHẨM NÔNG SẢN;PES-LC/MS/MS;Fenazaquin;Fenazaquin;VLAB-CH-TP-674;LC-MS/MS;0.003 mg/kg;0.01 mg/kg;72;;; 315.000 ; 840.000 
NÔNG SẢN & SẢN PHẨM NÔNG SẢN;NÔNG SẢN & SẢN PHẨM NÔNG SẢN;PES-LC/MS/MS;Fenbuconazole;Fenbuconazole;VLAB-CH-TP-674;LC-MS/MS;0.003 mg/kg;0.01 mg/kg;72;;; 315.000 ; 840.000 
NÔNG SẢN & SẢN PHẨM NÔNG SẢN;NÔNG SẢN & SẢN PHẨM NÔNG SẢN;PES-LC/MS/MS;Fenbutatin oxide;Fenbutatin oxide;VLAB-CH-TP-674;LC-MS/MS;0.003 mg/kg;0.01 mg/kg;;;; 315.000 ; 840.000 
NÔNG SẢN & SẢN PHẨM NÔNG SẢN;NÔNG SẢN & SẢN PHẨM NÔNG SẢN;PES-LC/MS/MS;Fenbendazole;Fenbendazole;VLAB-CH-TP-674;LC-MS/MS;0.003 mg/kg;0.01 mg/kg;72;;; 315.000 ; 840.000 
NÔNG SẢN & SẢN PHẨM NÔNG SẢN;NÔNG SẢN & SẢN PHẨM NÔNG SẢN;PES-LC/MS/MS;Fenhexamid;Fenhexamid;VLAB-CH-TP-674;LC-MS/MS;0.003 mg/kg;0.01 mg/kg;72;;; 315.000 ; 840.000 
NÔNG SẢN & SẢN PHẨM NÔNG SẢN;NÔNG SẢN & SẢN PHẨM NÔNG SẢN;PES-LC/MS/MS;Fenobucarb;Fenobucarb;VLAB-CH-TP-674;LC-MS/MS;0.003 mg/kg;0.01 mg/kg;72;;; 315.000 ; 840.000 
NÔNG SẢN & SẢN PHẨM NÔNG SẢN;NÔNG SẢN & SẢN PHẨM NÔNG SẢN;PES-LC/MS/MS;Fenoxycarb;Fenoxycarb;VLAB-CH-TP-674;LC-MS/MS;0.003 mg/kg;0.01 mg/kg;72;;; 315.000 ; 840.000 
NÔNG SẢN & SẢN PHẨM NÔNG SẢN;NÔNG SẢN & SẢN PHẨM NÔNG SẢN;PES-LC/MS/MS;Fenpropimorph;Fenpropimorph;VLAB-CH-TP-674;LC-MS/MS;0.003 mg/kg;0.01 mg/kg;72;;; 315.000 ; 840.000 
NÔNG SẢN & SẢN PHẨM NÔNG SẢN;NÔNG SẢN & SẢN PHẨM NÔNG SẢN;PES-LC/MS/MS;Fenpyroximate;Fenpyroximate;VLAB-CH-TP-674;LC-MS/MS;0.003 mg/kg;0.01 mg/kg;;;; 315.000 ; 840.000 
NÔNG SẢN & SẢN PHẨM NÔNG SẢN;NÔNG SẢN & SẢN PHẨM NÔNG SẢN;PES-LC/MS/MS;Fenuron;Fenuron;VLAB-CH-TP-674;LC-MS/MS;0.003 mg/kg;0.01 mg/kg;;;; 315.000 ; 840.000 
NÔNG SẢN & SẢN PHẨM NÔNG SẢN;NÔNG SẢN & SẢN PHẨM NÔNG SẢN;PES-LC/MS/MS;Flonicamid;Flonicamid;VLAB-CH-TP-674;LC-MS/MS;0.003 mg/kg;0.01 mg/kg;72;;; 315.000 ; 840.000 
NÔNG SẢN & SẢN PHẨM NÔNG SẢN;NÔNG SẢN & SẢN PHẨM NÔNG SẢN;PES-LC/MS/MS;Flubendiamide;Flubendiamide;VLAB-CH-TP-674;LC-MS/MS;0.003 mg/kg;0.01 mg/kg;;;; 315.000 ; 840.000 
NÔNG SẢN & SẢN PHẨM NÔNG SẢN;NÔNG SẢN & SẢN PHẨM NÔNG SẢN;PES-LC/MS/MS;Flubendazole;Flubendazole;VLAB-CH-TP-674;LC-MS/MS;0.003 mg/kg;0.01 mg/kg;72;;; 315.000 ; 840.000 
NÔNG SẢN & SẢN PHẨM NÔNG SẢN;NÔNG SẢN & SẢN PHẨM NÔNG SẢN;PES-LC/MS/MS;Fludioxonil;Fludioxonil;VLAB-CH-TP-674;LC-MS/MS;0.003 mg/kg;0.01 mg/kg;72;;; 315.000 ; 840.000 
NÔNG SẢN & SẢN PHẨM NÔNG SẢN;NÔNG SẢN & SẢN PHẨM NÔNG SẢN;PES-LC/MS/MS;Flufenoxuron;Flufenoxuron;VLAB-CH-TP-674;LC-MS/MS;0.003 mg/kg;0.01 mg/kg;72;;; 315.000 ; 840.000 
NÔNG SẢN & SẢN PHẨM NÔNG SẢN;NÔNG SẢN & SẢN PHẨM NÔNG SẢN;PES-LC/MS/MS;Flufenacet;Flufenacet;VLAB-CH-TP-674;LC-MS/MS;0.003 mg/kg;0.01 mg/kg;72;;; 315.000 ; 840.000 
NÔNG SẢN & SẢN PHẨM NÔNG SẢN;NÔNG SẢN & SẢN PHẨM NÔNG SẢN;PES-LC/MS/MS;Fluometuron (Fluomethuron);Fluometuron (Fluomethuron);VLAB-CH-TP-674;LC-MS/MS;0.003 mg/kg;0.01 mg/kg;72;;; 315.000 ; 840.000 
NÔNG SẢN & SẢN PHẨM NÔNG SẢN;NÔNG SẢN & SẢN PHẨM NÔNG SẢN;PES-LC/MS/MS;Fluopyram;Fluopyram;VLAB-CH-TP-674;LC-MS/MS;0.003 mg/kg;0.01 mg/kg;72;;; 315.000 ; 840.000 
NÔNG SẢN & SẢN PHẨM NÔNG SẢN;NÔNG SẢN & SẢN PHẨM NÔNG SẢN;PES-LC/MS/MS;Fluoxastrobin;Fluoxastrobin;VLAB-CH-TP-674;LC-MS/MS;0.003 mg/kg;0.01 mg/kg;72;;; 315.000 ; 840.000 
NÔNG SẢN & SẢN PHẨM NÔNG SẢN;NÔNG SẢN & SẢN PHẨM NÔNG SẢN;PES-LC/MS/MS;Fluquinconazole;Fluquinconazole;VLAB-CH-TP-674;LC-MS/MS;0.003 mg/kg;0.01 mg/kg;72;;; 315.000 ; 840.000 
NÔNG SẢN & SẢN PHẨM NÔNG SẢN;NÔNG SẢN & SẢN PHẨM NÔNG SẢN;PES-LC/MS/MS;Fluxapyroxad;Fluxapyroxad;VLAB-CH-TP-674;LC-MS/MS;0.003 mg/kg;0.01 mg/kg;72;;; 315.000 ; 840.000 
NÔNG SẢN & SẢN PHẨM NÔNG SẢN;NÔNG SẢN & SẢN PHẨM NÔNG SẢN;PES-LC/MS/MS;Flusilazole;Flusilazole;VLAB-CH-TP-674;LC-MS/MS;0.003 mg/kg;0.01 mg/kg;72;;; 315.000 ; 840.000 
NÔNG SẢN & SẢN PHẨM NÔNG SẢN;NÔNG SẢN & SẢN PHẨM NÔNG SẢN;PES-LC/MS/MS;Flutriafol;Flutriafol;VLAB-CH-TP-674;LC-MS/MS;0.003 mg/kg;0.01 mg/kg;72;;; 315.000 ; 840.000 
NÔNG SẢN & SẢN PHẨM NÔNG SẢN;NÔNG SẢN & SẢN PHẨM NÔNG SẢN;PES-LC/MS/MS;Fluopicolide;Fluopicolide;VLAB-CH-TP-674;LC-MS/MS;0.003 mg/kg;0.01 mg/kg;72;;; 315.000 ; 840.000 
NÔNG SẢN & SẢN PHẨM NÔNG SẢN;NÔNG SẢN & SẢN PHẨM NÔNG SẢN;PES-LC/MS/MS;Forchlorfenuron;Forchlorfenuron;VLAB-CH-TP-674;LC-MS/MS;0.003 mg/kg;0.01 mg/kg;72;;; 315.000 ; 840.000 
NÔNG SẢN & SẢN PHẨM NÔNG SẢN;NÔNG SẢN & SẢN PHẨM NÔNG SẢN;PES-LC/MS/MS;Formetanate;Formetanate;VLAB-CH-TP-674;LC-MS/MS;0.003 mg/kg;0.01 mg/kg;72;;; 315.000 ; 840.000 
NÔNG SẢN & SẢN PHẨM NÔNG SẢN;NÔNG SẢN & SẢN PHẨM NÔNG SẢN;PES-LC/MS/MS;Fuberidazole;Fuberidazole;VLAB-CH-TP-674;LC-MS/MS;0.003 mg/kg;0.01 mg/kg;72;;; 315.000 ; 840.000 
NÔNG SẢN & SẢN PHẨM NÔNG SẢN;NÔNG SẢN & SẢN PHẨM NÔNG SẢN;PES-LC/MS/MS;Furalaxyl;Furalaxyl;VLAB-CH-TP-674;LC-MS/MS;0.003 mg/kg;0.01 mg/kg;;;; 315.000 ; 840.000 
NÔNG SẢN & SẢN PHẨM NÔNG SẢN;NÔNG SẢN & SẢN PHẨM NÔNG SẢN;PES-LC/MS/MS;Furathiocarb;Furathiocarb;VLAB-CH-TP-674;LC-MS/MS;0.003 mg/kg;0.01 mg/kg;;;; 315.000 ; 840.000 
NÔNG SẢN & SẢN PHẨM NÔNG SẢN;NÔNG SẢN & SẢN PHẨM NÔNG SẢN;PES-LC/MS/MS;Halofenozide;Halofenozide;VLAB-CH-TP-674;LC-MS/MS;0.003 mg/kg;0.01 mg/kg;;;; 315.000 ; 840.000 
NÔNG SẢN & SẢN PHẨM NÔNG SẢN;NÔNG SẢN & SẢN PHẨM NÔNG SẢN;PES-LC/MS/MS;Hexaconazole;Hexaconazole;VLAB-CH-TP-674;LC-MS/MS;0.003 mg/kg;0.01 mg/kg;72;;; 315.000 ; 840.000 
NÔNG SẢN & SẢN PHẨM NÔNG SẢN;NÔNG SẢN & SẢN PHẨM NÔNG SẢN;PES-LC/MS/MS;Haloxyfop;Haloxyfop;VLAB-CH-TP-674;LC-MS/MS;0.003 mg/kg;0.01 mg/kg;72;;; 315.000 ; 840.000 
NÔNG SẢN & SẢN PHẨM NÔNG SẢN;NÔNG SẢN & SẢN PHẨM NÔNG SẢN;PES-LC/MS/MS;Hexythiazox;Hexythiazox;VLAB-CH-TP-674;LC-MS/MS;0.003 mg/kg;0.01 mg/kg;72;;; 315.000 ; 840.000 
NÔNG SẢN & SẢN PHẨM NÔNG SẢN;NÔNG SẢN & SẢN PHẨM NÔNG SẢN;PES-LC/MS/MS;Hydramethylnon;Hydramethylnon;VLAB-CH-TP-674;LC-MS/MS;0.003 mg/kg;0.01 mg/kg;;;; 315.000 ; 840.000 
NÔNG SẢN & SẢN PHẨM NÔNG SẢN;NÔNG SẢN & SẢN PHẨM NÔNG SẢN;PES-LC/MS/MS;Imazalil;Imazalil;VLAB-CH-TP-674;LC-MS/MS;0.003 mg/kg;0.01 mg/kg;72;;; 315.000 ; 840.000 
NÔNG SẢN & SẢN PHẨM NÔNG SẢN;NÔNG SẢN & SẢN PHẨM NÔNG SẢN;PES-LC/MS/MS;Imidacloprid;Imidacloprid;VLAB-CH-TP-674;LC-MS/MS;0.003 mg/kg;0.01 mg/kg;72;;; 315.000 ; 840.000 
NÔNG SẢN & SẢN PHẨM NÔNG SẢN;NÔNG SẢN & SẢN PHẨM NÔNG SẢN;PES-LC/MS/MS;Indoxacarb;Indoxacarb;VLAB-CH-TP-674;LC-MS/MS;0.003 mg/kg;0.01 mg/kg;72;;; 315.000 ; 840.000 
NÔNG SẢN & SẢN PHẨM NÔNG SẢN;NÔNG SẢN & SẢN PHẨM NÔNG SẢN;PES-LC/MS/MS;Ipconazole;Ipconazole;VLAB-CH-TP-674;LC-MS/MS;0.003 mg/kg;0.01 mg/kg;72;;; 315.000 ; 840.000 
NÔNG SẢN & SẢN PHẨM NÔNG SẢN;NÔNG SẢN & SẢN PHẨM NÔNG SẢN;PES-LC/MS/MS;Iprovalicarb;Iprovalicarb;VLAB-CH-TP-674;LC-MS/MS;0.003 mg/kg;0.01 mg/kg;72;;; 315.000 ; 840.000 
NÔNG SẢN & SẢN PHẨM NÔNG SẢN;NÔNG SẢN & SẢN PHẨM NÔNG SẢN;PES-LC/MS/MS;Isoprocarb;Isoprocarb;VLAB-CH-TP-674;LC-MS/MS;0.003 mg/kg;0.01 mg/kg;;;; 315.000 ; 840.000 
NÔNG SẢN & SẢN PHẨM NÔNG SẢN;NÔNG SẢN & SẢN PHẨM NÔNG SẢN;PES-LC/MS/MS;Iprodione;Iprodione;VLAB-CH-TP-674;LC-MS/MS;0.003 mg/kg;0.01 mg/kg;72;;; 315.000 ; 840.000 
NÔNG SẢN & SẢN PHẨM NÔNG SẢN;NÔNG SẢN & SẢN PHẨM NÔNG SẢN;PES-LC/MS/MS;Isoproturon;Isoproturon;VLAB-CH-TP-674;LC-MS/MS;0.003 mg/kg;0.01 mg/kg;72;;; 315.000 ; 840.000 
NÔNG SẢN & SẢN PHẨM NÔNG SẢN;NÔNG SẢN & SẢN PHẨM NÔNG SẢN;PES-LC/MS/MS;Isoxaflutole;Isoxaflutole;VLAB-CH-TP-674;LC-MS/MS;0.003 mg/kg;0.01 mg/kg;72;;; 315.000 ; 840.000 
NÔNG SẢN & SẢN PHẨM NÔNG SẢN;NÔNG SẢN & SẢN PHẨM NÔNG SẢN;PES-LC/MS/MS;Kresoxim-methyl;Kresoxim-methyl;VLAB-CH-TP-674;LC-MS/MS;0.003 mg/kg;0.01 mg/kg;72;;; 315.000 ; 840.000 
NÔNG SẢN & SẢN PHẨM NÔNG SẢN;NÔNG SẢN & SẢN PHẨM NÔNG SẢN;PES-LC/MS/MS;Linuron;Linuron;VLAB-CH-TP-674;LC-MS/MS;0.003 mg/kg;0.01 mg/kg;72;;; 315.000 ; 840.000 
NÔNG SẢN & SẢN PHẨM NÔNG SẢN;NÔNG SẢN & SẢN PHẨM NÔNG SẢN;PES-LC/MS/MS;Lufenuron;Lufenuron;VLAB-CH-TP-674;LC-MS/MS;0.003 mg/kg;0.01 mg/kg;;;; 315.000 ; 840.000 
NÔNG SẢN & SẢN PHẨM NÔNG SẢN;NÔNG SẢN & SẢN PHẨM NÔNG SẢN;PES-LC/MS/MS;Mandipropamid;Mandipropamid;VLAB-CH-TP-674;LC-MS/MS;0.003 mg/kg;0.01 mg/kg;72;;; 315.000 ; 840.000 
NÔNG SẢN & SẢN PHẨM NÔNG SẢN;NÔNG SẢN & SẢN PHẨM NÔNG SẢN;PES-LC/MS/MS;Mecarbam;Mecarbam;VLAB-CH-TP-674;LC-MS/MS;0.003 mg/kg;0.01 mg/kg;72;;; 315.000 ; 840.000 
NÔNG SẢN & SẢN PHẨM NÔNG SẢN;NÔNG SẢN & SẢN PHẨM NÔNG SẢN;PES-LC/MS/MS;Mefenacet;Mefenacet;VLAB-CH-TP-674;LC-MS/MS;0.003 mg/kg;0.01 mg/kg;;;; 315.000 ; 840.000 
NÔNG SẢN & SẢN PHẨM NÔNG SẢN;NÔNG SẢN & SẢN PHẨM NÔNG SẢN;PES-LC/MS/MS;Mepanipyrim;Mepanipyrim;VLAB-CH-TP-674;LC-MS/MS;0.003 mg/kg;0.01 mg/kg;72;;; 315.000 ; 840.000 
NÔNG SẢN & SẢN PHẨM NÔNG SẢN;NÔNG SẢN & SẢN PHẨM NÔNG SẢN;PES-LC/MS/MS;Mepronil;Mepronil;VLAB-CH-TP-674;LC-MS/MS;0.003 mg/kg;0.01 mg/kg;72;;; 315.000 ; 840.000 
NÔNG SẢN & SẢN PHẨM NÔNG SẢN;NÔNG SẢN & SẢN PHẨM NÔNG SẢN;PES-LC/MS/MS;Mesotrione;Mesotrione;VLAB-CH-TP-674;LC-MS/MS;0.003 mg/kg;0.01 mg/kg;72;;; 315.000 ; 840.000 
NÔNG SẢN & SẢN PHẨM NÔNG SẢN;NÔNG SẢN & SẢN PHẨM NÔNG SẢN;PES-LC/MS/MS;Metalaxyl;Metalaxyl;VLAB-CH-TP-674;LC-MS/MS;0.003 mg/kg;0.01 mg/kg;72;;; 315.000 ; 840.000 
NÔNG SẢN & SẢN PHẨM NÔNG SẢN;NÔNG SẢN & SẢN PHẨM NÔNG SẢN;PES-LC/MS/MS;Metconazole;Metconazole;VLAB-CH-TP-674;LC-MS/MS;0.003 mg/kg;0.01 mg/kg;72;;; 315.000 ; 840.000 
NÔNG SẢN & SẢN PHẨM NÔNG SẢN;NÔNG SẢN & SẢN PHẨM NÔNG SẢN;PES-LC/MS/MS;Methabenzthiazuron;Methabenzthiazuron;VLAB-CH-TP-674;LC-MS/MS;0.003 mg/kg;0.01 mg/kg;72;;; 315.000 ; 840.000 
NÔNG SẢN & SẢN PHẨM NÔNG SẢN;NÔNG SẢN & SẢN PHẨM NÔNG SẢN;PES-LC/MS/MS;Methamidophos;Methamidophos;VLAB-CH-TP-674;LC-MS/MS;0.003 mg/kg;0.01 mg/kg;72;;; 315.000 ; 840.000 
NÔNG SẢN & SẢN PHẨM NÔNG SẢN;NÔNG SẢN & SẢN PHẨM NÔNG SẢN;PES-LC/MS/MS;Methiocarb;Methiocarb;VLAB-CH-TP-674;LC-MS/MS;0.003 mg/kg;0.01 mg/kg;72;;; 315.000 ; 840.000 
NÔNG SẢN & SẢN PHẨM NÔNG SẢN;NÔNG SẢN & SẢN PHẨM NÔNG SẢN;PES-LC/MS/MS;Methomyl;Methomyl;VLAB-CH-TP-674;LC-MS/MS;0.003 mg/kg;0.01 mg/kg;72;;; 315.000 ; 840.000 
NÔNG SẢN & SẢN PHẨM NÔNG SẢN;NÔNG SẢN & SẢN PHẨM NÔNG SẢN;PES-LC/MS/MS;Methoprotryne;Methoprotryne;VLAB-CH-TP-674;LC-MS/MS;0.003 mg/kg;0.01 mg/kg;;;; 315.000 ; 840.000 
NÔNG SẢN & SẢN PHẨM NÔNG SẢN;NÔNG SẢN & SẢN PHẨM NÔNG SẢN;PES-LC/MS/MS;Methoxyfenozide;Methoxyfenozide;VLAB-CH-TP-674;LC-MS/MS;0.003 mg/kg;0.01 mg/kg;72;;; 315.000 ; 840.000 
NÔNG SẢN & SẢN PHẨM NÔNG SẢN;NÔNG SẢN & SẢN PHẨM NÔNG SẢN;PES-LC/MS/MS;Metobromuron;Metobromuron;VLAB-CH-TP-674;LC-MS/MS;0.003 mg/kg;0.01 mg/kg;;;; 315.000 ; 840.000 
NÔNG SẢN & SẢN PHẨM NÔNG SẢN;NÔNG SẢN & SẢN PHẨM NÔNG SẢN;PES-LC/MS/MS;Metribuzin;Metribuzin;VLAB-CH-TP-674;LC-MS/MS;0.003 mg/kg;0.01 mg/kg;;;; 315.000 ; 840.000 
NÔNG SẢN & SẢN PHẨM NÔNG SẢN;NÔNG SẢN & SẢN PHẨM NÔNG SẢN;PES-LC/MS/MS;Mexacarbate (Zectran);Mexacarbate (Zectran);VLAB-CH-TP-674;LC-MS/MS;0.003 mg/kg;0.01 mg/kg;72;;; 315.000 ; 840.000 
NÔNG SẢN & SẢN PHẨM NÔNG SẢN;NÔNG SẢN & SẢN PHẨM NÔNG SẢN;PES-LC/MS/MS;Mevinphos;Mevinphos;VLAB-CH-TP-674;LC-MS/MS;0.003 mg/kg;0.01 mg/kg;72;;; 315.000 ; 840.000 
NÔNG SẢN & SẢN PHẨM NÔNG SẢN;NÔNG SẢN & SẢN PHẨM NÔNG SẢN;PES-LC/MS/MS;Monocrotophos;Monocrotophos;VLAB-CH-TP-674;LC-MS/MS;0.003 mg/kg;0.01 mg/kg;72;;; 315.000 ; 840.000 
NÔNG SẢN & SẢN PHẨM NÔNG SẢN;NÔNG SẢN & SẢN PHẨM NÔNG SẢN;PES-LC/MS/MS;Monolinuron;Monolinuron;VLAB-CH-TP-674;LC-MS/MS;0.003 mg/kg;0.01 mg/kg;72;;; 315.000 ; 840.000 
NÔNG SẢN & SẢN PHẨM NÔNG SẢN;NÔNG SẢN & SẢN PHẨM NÔNG SẢN;PES-LC/MS/MS;Neburon;Neburon;VLAB-CH-TP-674;LC-MS/MS;0.003 mg/kg;0.01 mg/kg;;;; 315.000 ; 840.000 
NÔNG SẢN & SẢN PHẨM NÔNG SẢN;NÔNG SẢN & SẢN PHẨM NÔNG SẢN;PES-LC/MS/MS;Nitenpyram;Nitenpyram;VLAB-CH-TP-674;LC-MS/MS;0.003 mg/kg;0.01 mg/kg;;;; 315.000 ; 840.000 
NÔNG SẢN & SẢN PHẨM NÔNG SẢN;NÔNG SẢN & SẢN PHẨM NÔNG SẢN;PES-LC/MS/MS;Novaluron;Novaluron;VLAB-CH-TP-674;LC-MS/MS;0.003 mg/kg;0.01 mg/kg;;;; 315.000 ; 840.000 
NÔNG SẢN & SẢN PHẨM NÔNG SẢN;NÔNG SẢN & SẢN PHẨM NÔNG SẢN;PES-LC/MS/MS;Nuarimol;Nuarimol;VLAB-CH-TP-674;LC-MS/MS;0.003 mg/kg;0.01 mg/kg;;;; 315.000 ; 840.000 
NÔNG SẢN & SẢN PHẨM NÔNG SẢN;NÔNG SẢN & SẢN PHẨM NÔNG SẢN;PES-LC/MS/MS;Omethoate;Omethoate;VLAB-CH-TP-674;LC-MS/MS;0.003 mg/kg;0.01 mg/kg;72;;; 315.000 ; 840.000 
NÔNG SẢN & SẢN PHẨM NÔNG SẢN;NÔNG SẢN & SẢN PHẨM NÔNG SẢN;PES-LC/MS/MS;Oxadixyl;Oxadixyl;VLAB-CH-TP-674;LC-MS/MS;0.003 mg/kg;0.01 mg/kg;;;; 315.000 ; 840.000 
NÔNG SẢN & SẢN PHẨM NÔNG SẢN;NÔNG SẢN & SẢN PHẨM NÔNG SẢN;PES-LC/MS/MS;Paclobutrazol;Paclobutrazol;VLAB-CH-TP-674;LC-MS/MS;0.003 mg/kg;0.01 mg/kg;72;;; 315.000 ; 840.000 
NÔNG SẢN & SẢN PHẨM NÔNG SẢN;NÔNG SẢN & SẢN PHẨM NÔNG SẢN;PES-LC/MS/MS;Oxamyl;Oxamyl;VLAB-CH-TP-674;LC-MS/MS;0.003 mg/kg;0.01 mg/kg;72;;; 315.000 ; 840.000 
NÔNG SẢN & SẢN PHẨM NÔNG SẢN;NÔNG SẢN & SẢN PHẨM NÔNG SẢN;PES-LC/MS/MS;Penconazole;Penconazole;VLAB-CH-TP-674;LC-MS/MS;0.003 mg/kg;0.01 mg/kg;72;;; 315.000 ; 840.000 
NÔNG SẢN & SẢN PHẨM NÔNG SẢN;NÔNG SẢN & SẢN PHẨM NÔNG SẢN;PES-LC/MS/MS;Penthipyorad;Penthipyorad;VLAB-CH-TP-674;LC-MS/MS;0.003 mg/kg;0.01 mg/kg;72;;; 315.000 ; 840.000 
NÔNG SẢN & SẢN PHẨM NÔNG SẢN;NÔNG SẢN & SẢN PHẨM NÔNG SẢN;PES-LC/MS/MS;Phenmedipham;Phenmedipham;VLAB-CH-TP-674;LC-MS/MS;0.003 mg/kg;0.01 mg/kg;72;;; 315.000 ; 840.000 
NÔNG SẢN & SẢN PHẨM NÔNG SẢN;NÔNG SẢN & SẢN PHẨM NÔNG SẢN;PES-LC/MS/MS;Picoxystrobin;Picoxystrobin;VLAB-CH-TP-674;LC-MS/MS;0.003 mg/kg;0.01 mg/kg;72;;; 315.000 ; 840.000 
NÔNG SẢN & SẢN PHẨM NÔNG SẢN;NÔNG SẢN & SẢN PHẨM NÔNG SẢN;PES-GC-MS/MS;Piperonyl butoxide;Piperonyl butoxide;VLAB-CH-TP-614;GC-MS/MS;0.003 mg/kg;0.01 mg/kg;72;;; 315.000 ; 840.000 
NÔNG SẢN & SẢN PHẨM NÔNG SẢN;NÔNG SẢN & SẢN PHẨM NÔNG SẢN;PES-LC/MS/MS;Pirimicarb;Pirimicarb;VLAB-CH-TP-674;LC-MS/MS;0.003 mg/kg;0.01 mg/kg;72;;; 315.000 ; 840.000 
NÔNG SẢN & SẢN PHẨM NÔNG SẢN;NÔNG SẢN & SẢN PHẨM NÔNG SẢN;PES-LC/MS/MS;Prochloraz;Prochloraz;VLAB-CH-TP-674;LC-MS/MS;0.003 mg/kg;0.01 mg/kg;72;;; 315.000 ; 840.000 
NÔNG SẢN & SẢN PHẨM NÔNG SẢN;NÔNG SẢN & SẢN PHẨM NÔNG SẢN;PES-LC/MS/MS;Promecarb;Promecarb;VLAB-CH-TP-674;LC-MS/MS;0.003 mg/kg;0.01 mg/kg;72;;; 315.000 ; 840.000 
NÔNG SẢN & SẢN PHẨM NÔNG SẢN;NÔNG SẢN & SẢN PHẨM NÔNG SẢN;PES-LC/MS/MS;Prometon;Prometon;VLAB-CH-TP-674;LC-MS/MS;0.003 mg/kg;0.01 mg/kg;72;;; 315.000 ; 840.000 
NÔNG SẢN & SẢN PHẨM NÔNG SẢN;NÔNG SẢN & SẢN PHẨM NÔNG SẢN;PES-LC/MS/MS;Prometryne;Prometryne;VLAB-CH-TP-674;LC-MS/MS;0.003 mg/kg;0.01 mg/kg;72;;; 315.000 ; 840.000 
NÔNG SẢN & SẢN PHẨM NÔNG SẢN;NÔNG SẢN & SẢN PHẨM NÔNG SẢN;PES-LC/MS/MS;Propamocarb;Propamocarb;VLAB-CH-TP-674;LC-MS/MS;0.003 mg/kg;0.01 mg/kg;72;;; 315.000 ; 840.000 
NÔNG SẢN & SẢN PHẨM NÔNG SẢN;NÔNG SẢN & SẢN PHẨM NÔNG SẢN;PES-GC-MS/MS;Propargite;Propargite;VLAB-CH-TP-614;GC-MS/MS;0.003 mg/kg;0.01 mg/kg;72;;; 315.000 ; 840.000 
NÔNG SẢN & SẢN PHẨM NÔNG SẢN;NÔNG SẢN & SẢN PHẨM NÔNG SẢN;PES-LC/MS/MS;Propham;Propham;VLAB-CH-TP-674;LC-MS/MS;0.003 mg/kg;0.01 mg/kg;72;;; 315.000 ; 840.000 
NÔNG SẢN & SẢN PHẨM NÔNG SẢN;NÔNG SẢN & SẢN PHẨM NÔNG SẢN;PES-LC/MS/MS;Propetamphos;Propetamphos;VLAB-CH-TP-674;LC-MS/MS;0.003 mg/kg;0.01 mg/kg;72;;; 315.000 ; 840.000 
NÔNG SẢN & SẢN PHẨM NÔNG SẢN;NÔNG SẢN & SẢN PHẨM NÔNG SẢN;PES-LC/MS/MS;Propiconazole;Propiconazole;VLAB-CH-TP-674;LC-MS/MS;0.003 mg/kg;0.01 mg/kg;72;;; 315.000 ; 840.000 
NÔNG SẢN & SẢN PHẨM NÔNG SẢN;NÔNG SẢN & SẢN PHẨM NÔNG SẢN;PES-LC/MS/MS;Propoxur;Propoxur;VLAB-CH-TP-674;LC-MS/MS;0.003 mg/kg;0.01 mg/kg;72;;; 315.000 ; 840.000 
NÔNG SẢN & SẢN PHẨM NÔNG SẢN;NÔNG SẢN & SẢN PHẨM NÔNG SẢN;PES-LC/MS/MS;Prothioconazole;Prothioconazole;VLAB-CH-TP-674;LC-MS/MS;0.003 mg/kg;0.01 mg/kg;72;;; 315.000 ; 840.000 
NÔNG SẢN & SẢN PHẨM NÔNG SẢN;NÔNG SẢN & SẢN PHẨM NÔNG SẢN;PES-LC/MS/MS;Pymetrozine;Pymetrozine;VLAB-CH-TP-674;LC-MS/MS;0.003 mg/kg;0.01 mg/kg;72;;; 315.000 ; 840.000 
NÔNG SẢN & SẢN PHẨM NÔNG SẢN;NÔNG SẢN & SẢN PHẨM NÔNG SẢN;PES-LC/MS/MS;Pyraclostrobin;Pyraclostrobin;VLAB-CH-TP-674;LC-MS/MS;0.003 mg/kg;0.01 mg/kg;72;;; 315.000 ; 840.000 
NÔNG SẢN & SẢN PHẨM NÔNG SẢN;NÔNG SẢN & SẢN PHẨM NÔNG SẢN;PES-LC/MS/MS;Pyracarbolid;Pyracarbolid;VLAB-CH-TP-674;LC-MS/MS;0.003 mg/kg;0.01 mg/kg;72;;; 315.000 ; 840.000 
NÔNG SẢN & SẢN PHẨM NÔNG SẢN;NÔNG SẢN & SẢN PHẨM NÔNG SẢN;PES-LC/MS/MS;Pyridaben;Pyridaben;VLAB-CH-TP-674;LC-MS/MS;0.003 mg/kg;0.01 mg/kg;72;;; 315.000 ; 840.000 
NÔNG SẢN & SẢN PHẨM NÔNG SẢN;NÔNG SẢN & SẢN PHẨM NÔNG SẢN;PES-GC-MS/MS;Pyrimethanil;Pyrimethanil;VLAB-CH-TP-614;LC-MS/MS;0.003 mg/kg;0.01 mg/kg;72;;; 315.000 ; 840.000 
NÔNG SẢN & SẢN PHẨM NÔNG SẢN;NÔNG SẢN & SẢN PHẨM NÔNG SẢN;PES-LC/MS/MS;Quinoxyfen;Quinoxyfen;VLAB-CH-TP-674;LC-MS/MS;0.003 mg/kg;0.01 mg/kg;72;;; 315.000 ; 840.000 
NÔNG SẢN & SẢN PHẨM NÔNG SẢN;NÔNG SẢN & SẢN PHẨM NÔNG SẢN;PES-LC/MS/MS;Rotenone;Rotenone;VLAB-CH-TP-674;LC-MS/MS;0.003 mg/kg;0.01 mg/kg;72;;; 315.000 ; 840.000 
NÔNG SẢN & SẢN PHẨM NÔNG SẢN;NÔNG SẢN & SẢN PHẨM NÔNG SẢN;PES-LC/MS/MS;Secbumeton;Secbumeton;VLAB-CH-TP-674;LC-MS/MS;0.003 mg/kg;0.01 mg/kg;72;;; 315.000 ; 840.000 
NÔNG SẢN & SẢN PHẨM NÔNG SẢN;NÔNG SẢN & SẢN PHẨM NÔNG SẢN;PES-LC/MS/MS;Siduron;Siduron;VLAB-CH-TP-674;LC-MS/MS;0.003 mg/kg;0.01 mg/kg;72;;; 315.000 ; 840.000 
NÔNG SẢN & SẢN PHẨM NÔNG SẢN;NÔNG SẢN & SẢN PHẨM NÔNG SẢN;PES-LC/MS/MS;Simetryn;Simetryn;VLAB-CH-TP-674;LC-MS/MS;0.003 mg/kg;0.01 mg/kg;72;;; 315.000 ; 840.000 
NÔNG SẢN & SẢN PHẨM NÔNG SẢN;NÔNG SẢN & SẢN PHẨM NÔNG SẢN;PES-LC/MS/MS;Sulfentrazone;Sulfentrazone;VLAB-CH-TP-674;LC-MS/MS;0.003 mg/kg;0.01 mg/kg;72;;; 315.000 ; 840.000 
NÔNG SẢN & SẢN PHẨM NÔNG SẢN;NÔNG SẢN & SẢN PHẨM NÔNG SẢN;PES-LC/MS/MS;Spinetoram (J&L);Spinetoram (J&L);VLAB-CH-TP-674;LC-MS/MS;0.003 mg/kg;0.01 mg/kg;72;;; 315.000 ; 840.000 
NÔNG SẢN & SẢN PHẨM NÔNG SẢN;NÔNG SẢN & SẢN PHẨM NÔNG SẢN;PES-LC/MS/MS;Spinosad (Spinosyn A);Spinosad (Spinosyn A);VLAB-CH-TP-674;LC-MS/MS;0.003 mg/kg;0.01 mg/kg;72;;; 315.000 ; 840.000 
NÔNG SẢN & SẢN PHẨM NÔNG SẢN;NÔNG SẢN & SẢN PHẨM NÔNG SẢN;PES-LC/MS/MS;Spinosad (Spinosyn D);Spinosad (Spinosyn D);VLAB-CH-TP-674;LC-MS/MS;0.003 mg/kg;0.01 mg/kg;72;;; 315.000 ; 840.000 
NÔNG SẢN & SẢN PHẨM NÔNG SẢN;NÔNG SẢN & SẢN PHẨM NÔNG SẢN;PES-LC/MS/MS;Spiromesifen;Spiromesifen;VLAB-CH-TP-674;LC-MS/MS;0.003 mg/kg;0.01 mg/kg;72;;; 315.000 ; 840.000 
NÔNG SẢN & SẢN PHẨM NÔNG SẢN;NÔNG SẢN & SẢN PHẨM NÔNG SẢN;PES-LC/MS/MS;Spirotetramat;Spirotetramat;VLAB-CH-TP-674;LC-MS/MS;0.003 mg/kg;0.01 mg/kg;72;;; 315.000 ; 840.000 
NÔNG SẢN & SẢN PHẨM NÔNG SẢN;NÔNG SẢN & SẢN PHẨM NÔNG SẢN;PES-LC/MS/MS;Spiroxamin;Spiroxamin;VLAB-CH-TP-674;LC-MS/MS;0.003 mg/kg;0.01 mg/kg;72;;; 315.000 ; 840.000 
NÔNG SẢN & SẢN PHẨM NÔNG SẢN;NÔNG SẢN & SẢN PHẨM NÔNG SẢN;PES-LC/MS/MS;Saflufenacil;Saflufenacil;VLAB-CH-TP-674;LC-MS/MS;0.003 mg/kg;0.01 mg/kg;72;;; 315.000 ; 840.000 
NÔNG SẢN & SẢN PHẨM NÔNG SẢN;NÔNG SẢN & SẢN PHẨM NÔNG SẢN;PES-LC/MS/MS;Sulfoxaflor;Sulfoxaflor;VLAB-CH-TP-674;LC-MS/MS;0.003 mg/kg;0.01 mg/kg;72;;; 315.000 ; 840.000 
NÔNG SẢN & SẢN PHẨM NÔNG SẢN;NÔNG SẢN & SẢN PHẨM NÔNG SẢN;PES-LC/MS/MS;Tebuconazole;Tebuconazole;VLAB-CH-TP-674;LC-MS/MS;0.003 mg/kg;0.01 mg/kg;72;;; 315.000 ; 840.000 
NÔNG SẢN & SẢN PHẨM NÔNG SẢN;NÔNG SẢN & SẢN PHẨM NÔNG SẢN;PES-LC/MS/MS;Tebufenozide;Tebufenozide;VLAB-CH-TP-674;LC-MS/MS;0.003 mg/kg;0.01 mg/kg;72;;; 315.000 ; 840.000 
NÔNG SẢN & SẢN PHẨM NÔNG SẢN;NÔNG SẢN & SẢN PHẨM NÔNG SẢN;PES-LC/MS/MS;Tebufenpyrad;Tebufenpyrad;VLAB-CH-TP-674;LC-MS/MS;0.003 mg/kg;0.01 mg/kg;72;;; 315.000 ; 840.000 
NÔNG SẢN & SẢN PHẨM NÔNG SẢN;NÔNG SẢN & SẢN PHẨM NÔNG SẢN;PES-LC/MS/MS;Tebuthiuron;Tebuthiuron;VLAB-CH-TP-674;LC-MS/MS;0.003 mg/kg;0.01 mg/kg;72;;; 315.000 ; 840.000 
NÔNG SẢN & SẢN PHẨM NÔNG SẢN;NÔNG SẢN & SẢN PHẨM NÔNG SẢN;PES-LC/MS/MS;Teflubenzuron;Teflubenzuron;VLAB-CH-TP-674;LC-MS/MS;0.003 mg/kg;0.01 mg/kg;72;;; 315.000 ; 840.000 
NÔNG SẢN & SẢN PHẨM NÔNG SẢN;NÔNG SẢN & SẢN PHẨM NÔNG SẢN;PES-LC/MS/MS;Temephos (Abate);Temephos (Abate);VLAB-CH-TP-674;LC-MS/MS;0.003 mg/kg;0.01 mg/kg;72;;; 315.000 ; 840.000 
NÔNG SẢN & SẢN PHẨM NÔNG SẢN;NÔNG SẢN & SẢN PHẨM NÔNG SẢN;PES-LC/MS/MS;Terbumeton;Terbumeton;VLAB-CH-TP-674;LC-MS/MS;0.003 mg/kg;0.01 mg/kg;72;;; 315.000 ; 840.000 
NÔNG SẢN & SẢN PHẨM NÔNG SẢN;NÔNG SẢN & SẢN PHẨM NÔNG SẢN;PES-LC/MS/MS;Terbutryn;Terbutryn;VLAB-CH-TP-674;LC-MS/MS;0.003 mg/kg;0.01 mg/kg;72;;; 315.000 ; 840.000 
NÔNG SẢN & SẢN PHẨM NÔNG SẢN;NÔNG SẢN & SẢN PHẨM NÔNG SẢN;PES-LC/MS/MS;Tolyfluanid;Tolyfluanid;VLAB-CH-TP-674;LC-MS/MS;0.003 mg/kg;0.01 mg/kg;72;;; 315.000 ; 840.000 
NÔNG SẢN & SẢN PHẨM NÔNG SẢN;NÔNG SẢN & SẢN PHẨM NÔNG SẢN;PES-LC/MS/MS;Tetraconazole;Tetraconazole;VLAB-CH-TP-674;LC-MS/MS;0.003 mg/kg;0.01 mg/kg;72;;; 315.000 ; 840.000 
NÔNG SẢN & SẢN PHẨM NÔNG SẢN;NÔNG SẢN & SẢN PHẨM NÔNG SẢN;PES-LC/MS/MS;Thiabendazole;Thiabendazole;VLAB-CH-TP-674;LC-MS/MS;0.003 mg/kg;0.01 mg/kg;72;;; 315.000 ; 840.000 
NÔNG SẢN & SẢN PHẨM NÔNG SẢN;NÔNG SẢN & SẢN PHẨM NÔNG SẢN;PES-LC/MS/MS;Thiacloprid;Thiacloprid;VLAB-CH-TP-674;LC-MS/MS;0.003 mg/kg;0.01 mg/kg;72;;; 315.000 ; 840.000 
NÔNG SẢN & SẢN PHẨM NÔNG SẢN;NÔNG SẢN & SẢN PHẨM NÔNG SẢN;PES-LC/MS/MS;Thiamethoxam;Thiamethoxam;VLAB-CH-TP-674;LC-MS/MS;0.003 mg/kg;0.01 mg/kg;72;;; 315.000 ; 840.000 
NÔNG SẢN & SẢN PHẨM NÔNG SẢN;NÔNG SẢN & SẢN PHẨM NÔNG SẢN;PES-LC/MS/MS;Thidiazuron;Thidiazuron;VLAB-CH-TP-674;LC-MS/MS;0.003 mg/kg;0.01 mg/kg;72;;; 315.000 ; 840.000 
NÔNG SẢN & SẢN PHẨM NÔNG SẢN;NÔNG SẢN & SẢN PHẨM NÔNG SẢN;PES-LC/MS/MS;Thiobencarb (Benthiocarb);Thiobencarb (Benthiocarb);VLAB-CH-TP-674;LC-MS/MS;0.003 mg/kg;0.01 mg/kg;72;;; 315.000 ; 840.000 
NÔNG SẢN & SẢN PHẨM NÔNG SẢN;NÔNG SẢN & SẢN PHẨM NÔNG SẢN;PES-LC/MS/MS;Thiofanox;Thiofanox;VLAB-CH-TP-674;LC-MS/MS;0.003 mg/kg;0.01 mg/kg;72;;; 315.000 ; 840.000 
NÔNG SẢN & SẢN PHẨM NÔNG SẢN;NÔNG SẢN & SẢN PHẨM NÔNG SẢN;PES-LC/MS/MS;Thiophanate-methyl;Thiophanate-methyl;VLAB-CH-TP-674;LC-MS/MS;0.003 mg/kg;0.01 mg/kg;72;;; 315.000 ; 840.000 
NÔNG SẢN & SẢN PHẨM NÔNG SẢN;NÔNG SẢN & SẢN PHẨM NÔNG SẢN;PES-LC/MS/MS;Triadimenol;Triadimenol;VLAB-CH-TP-674;LC-MS/MS;0.003 mg/kg;0.01 mg/kg;72;;; 315.000 ; 840.000 
NÔNG SẢN & SẢN PHẨM NÔNG SẢN;NÔNG SẢN & SẢN PHẨM NÔNG SẢN;PES-LC/MS/MS;Trichlorfon;Trichlorfon;VLAB-CH-TP-674;LC-MS/MS;0.003 mg/kg;0.01 mg/kg;72;;; 315.000 ; 840.000 
NÔNG SẢN & SẢN PHẨM NÔNG SẢN;NÔNG SẢN & SẢN PHẨM NÔNG SẢN;PES-LC/MS/MS;Tricyclazole;Tricyclazole;VLAB-CH-TP-674;LC-MS/MS;0.003 mg/kg;0.01 mg/kg;72;;; 315.000 ; 840.000 
NÔNG SẢN & SẢN PHẨM NÔNG SẢN;NÔNG SẢN & SẢN PHẨM NÔNG SẢN;PES-LC/MS/MS;Trifloxystrobin;Trifloxystrobin;VLAB-CH-TP-674;LC-MS/MS;0.003 mg/kg;0.01 mg/kg;72;;; 315.000 ; 840.000 
NÔNG SẢN & SẢN PHẨM NÔNG SẢN;NÔNG SẢN & SẢN PHẨM NÔNG SẢN;PES-LC/MS/MS;Triflumuron;Triflumuron;VLAB-CH-TP-674;LC-MS/MS;0.003 mg/kg;0.01 mg/kg;72;;; 315.000 ; 840.000 
NÔNG SẢN & SẢN PHẨM NÔNG SẢN;NÔNG SẢN & SẢN PHẨM NÔNG SẢN;PES-LC/MS/MS;Triticonazole;Triticonazole;VLAB-CH-TP-674;LC-MS/MS;0.003 mg/kg;0.01 mg/kg;72;;; 315.000 ; 840.000 
NÔNG SẢN & SẢN PHẨM NÔNG SẢN;NÔNG SẢN & SẢN PHẨM NÔNG SẢN;PES-LC/MS/MS;Triforine;Triforine;VLAB-CH-TP-674;LC-MS/MS;0.003 mg/kg;0.01 mg/kg;72;;; 315.000 ; 840.000 
NÔNG SẢN & SẢN PHẨM NÔNG SẢN;NÔNG SẢN & SẢN PHẨM NÔNG SẢN;PES-LC/MS/MS;XMC (3,5-dimethylphenyl N-methylcarbamate);XMC (3,5-dimethylphenyl N-methylcarbamate);VLAB-CH-TP-674;LC-MS/MS;0.003 mg/kg;0.01 mg/kg;72;;; 315.000 ; 840.000 
NÔNG SẢN & SẢN PHẨM NÔNG SẢN;NÔNG SẢN & SẢN PHẨM NÔNG SẢN;PES-LC/MS/MS;Zoxamide;Zoxamide;VLAB-CH-TP-674;LC-MS/MS;0.003 mg/kg;0.01 mg/kg;72;;; 315.000 ; 840.000 
NÔNG SẢN & SẢN PHẨM NÔNG SẢN;NÔNG SẢN & SẢN PHẨM NÔNG SẢN;PES-GC-MS/MS;2,3,5,6-Tetrachloroaniline;2,3,5,6-Tetrachloroaniline;VLAB-CH-TP-614;GC-MS/MS;0.003 mg/kg;0.01 mg/kg;72;;; 315.000 ; 840.000 
NÔNG SẢN & SẢN PHẨM NÔNG SẢN;NÔNG SẢN & SẢN PHẨM NÔNG SẢN;PES-GC-MS/MS;2,6-dichlorobenzonitrile;2,6-dichlorobenzonitrile;VLAB-CH-TP-614;GC-MS/MS;0.003 mg/kg;0.01 mg/kg;72;;; 315.000 ; 840.000 
NÔNG SẢN & SẢN PHẨM NÔNG SẢN;NÔNG SẢN & SẢN PHẨM NÔNG SẢN;PES-GC-MS/MS;2-phenylphenol;2-phenylphenol;VLAB-CH-TP-614;GC-MS/MS;0.003 mg/kg;0.01 mg/kg;72;;; 315.000 ; 840.000 
NÔNG SẢN & SẢN PHẨM NÔNG SẢN;NÔNG SẢN & SẢN PHẨM NÔNG SẢN;PES-GC-MS/MS;3,4-Dichloroaniline;3,4-Dichloroaniline;VLAB-CH-TP-614;GC-MS/MS;0.003 mg/kg;0.01 mg/kg;72;;; 315.000 ; 840.000 
NÔNG SẢN & SẢN PHẨM NÔNG SẢN;NÔNG SẢN & SẢN PHẨM NÔNG SẢN;PES-GC-MS/MS;4,4'-Dichlorobenzophenone;4,4'-Dichlorobenzophenone;VLAB-CH-TP-614;GC-MS/MS;0.003 mg/kg;0.01 mg/kg;72;;; 315.000 ; 840.000 
NÔNG SẢN & SẢN PHẨM NÔNG SẢN;NÔNG SẢN & SẢN PHẨM NÔNG SẢN;PES-GC-MS/MS;Acetochlor;Acetochlor;VLAB-CH-TP-614;GC-MS/MS;0.003 mg/kg;0.01 mg/kg;72;;; 315.000 ; 840.000 
NÔNG SẢN & SẢN PHẨM NÔNG SẢN;NÔNG SẢN & SẢN PHẨM NÔNG SẢN;PES-GC-MS/MS;Acibenzolar-S-methyl;Acibenzolar-S-methyl;VLAB-CH-TP-614;GC-MS/MS;0.003 mg/kg;0.01 mg/kg;72;;; 315.000 ; 840.000 
NÔNG SẢN & SẢN PHẨM NÔNG SẢN;NÔNG SẢN & SẢN PHẨM NÔNG SẢN;PES-GC-MS/MS;Aclonifen;Aclonifen;VLAB-CH-TP-614;GC-MS/MS;0.003 mg/kg;0.01 mg/kg;72;;; 315.000 ; 840.000 
NÔNG SẢN & SẢN PHẨM NÔNG SẢN;NÔNG SẢN & SẢN PHẨM NÔNG SẢN;PES-GC-MS/MS;Acrinathrin;Acrinathrin;VLAB-CH-TP-614;GC-MS/MS;0.003 mg/kg;0.01 mg/kg;72;;; 315.000 ; 840.000 
NÔNG SẢN & SẢN PHẨM NÔNG SẢN;NÔNG SẢN & SẢN PHẨM NÔNG SẢN;PES-GC-MS/MS;Alachlor;Alachlor;VLAB-CH-TP-614;GC-MS/MS;0.003 mg/kg;0.01 mg/kg;72;;; 315.000 ; 840.000 
NÔNG SẢN & SẢN PHẨM NÔNG SẢN;NÔNG SẢN & SẢN PHẨM NÔNG SẢN;PES-GC-MS/MS;Aldrin;Aldrin;VLAB-CH-TP-614;GC-MS/MS;0.003 mg/kg;0.01 mg/kg;72;;; 315.000 ; 840.000 
NÔNG SẢN & SẢN PHẨM NÔNG SẢN;NÔNG SẢN & SẢN PHẨM NÔNG SẢN;PES-GC-MS/MS;Allidochlor;Allidochlor;VLAB-CH-TP-614;GC-MS/MS;0.003 mg/kg;0.01 mg/kg;72;;; 315.000 ; 840.000 
NÔNG SẢN & SẢN PHẨM NÔNG SẢN;NÔNG SẢN & SẢN PHẨM NÔNG SẢN;PES-GC-MS/MS;alpha-BHC (benzene hexachloride);alpha-BHC (benzene hexachloride);VLAB-CH-TP-614;GC-MS/MS;0.003 mg/kg;0.01 mg/kg;72;;; 315.000 ; 840.000 
NÔNG SẢN & SẢN PHẨM NÔNG SẢN;NÔNG SẢN & SẢN PHẨM NÔNG SẢN;PES-GC-MS/MS;Anilofos;Anilofos;VLAB-CH-TP-614;GC-MS/MS;0.003 mg/kg;0.01 mg/kg;72;;; 315.000 ; 840.000 
NÔNG SẢN & SẢN PHẨM NÔNG SẢN;NÔNG SẢN & SẢN PHẨM NÔNG SẢN;PES-GC-MS/MS;Anthraquinone;Anthraquinone;VLAB-CH-TP-614;GC-MS/MS;0.003 mg/kg;0.01 mg/kg;72;;; 315.000 ; 840.000 
NÔNG SẢN & SẢN PHẨM NÔNG SẢN;NÔNG SẢN & SẢN PHẨM NÔNG SẢN;PES-GC-MS/MS;Aspon (Tetrapropyl thiodiphosphate);Aspon (Tetrapropyl thiodiphosphate);VLAB-CH-TP-614;GC-MS/MS;0.003 mg/kg;0.01 mg/kg;72;;; 315.000 ; 840.000 
NÔNG SẢN & SẢN PHẨM NÔNG SẢN;NÔNG SẢN & SẢN PHẨM NÔNG SẢN;PES-GC-MS/MS;Atrazine;Atrazine;VLAB-CH-TP-614;GC-MS/MS;0.003 mg/kg;0.01 mg/kg;72;;; 315.000 ; 840.000 
NÔNG SẢN & SẢN PHẨM NÔNG SẢN;NÔNG SẢN & SẢN PHẨM NÔNG SẢN;PES-GC-MS/MS;Atrazine-desethyl;Atrazine-desethyl;VLAB-CH-TP-614;GC-MS/MS;0.003 mg/kg;0.01 mg/kg;72;;; 315.000 ; 840.000 
NÔNG SẢN & SẢN PHẨM NÔNG SẢN;NÔNG SẢN & SẢN PHẨM NÔNG SẢN;PES-GC-MS/MS;Azinphos-ethyl;Azinphos-ethyl;VLAB-CH-TP-614;GC-MS/MS;0.003 mg/kg;0.01 mg/kg;72;;; 315.000 ; 840.000 
NÔNG SẢN & SẢN PHẨM NÔNG SẢN;NÔNG SẢN & SẢN PHẨM NÔNG SẢN;PES-GC-MS/MS;Benfluralin;Benfluralin;VLAB-CH-TP-614;GC-MS/MS;0.003 mg/kg;0.01 mg/kg;72;;; 315.000 ; 840.000 
NÔNG SẢN & SẢN PHẨM NÔNG SẢN;NÔNG SẢN & SẢN PHẨM NÔNG SẢN;PES-GC-MS/MS;beta-BHC;beta-BHC;VLAB-CH-TP-614;GC-MS/MS;0.003 mg/kg;0.01 mg/kg;72;;; 315.000 ; 840.000 
NÔNG SẢN & SẢN PHẨM NÔNG SẢN;NÔNG SẢN & SẢN PHẨM NÔNG SẢN;PES-GC-MS/MS;Bifenthrin;Bifenthrin;VLAB-CH-TP-614;GC-MS/MS;0.003 mg/kg;0.01 mg/kg;72;;; 315.000 ; 840.000 
NÔNG SẢN & SẢN PHẨM NÔNG SẢN;NÔNG SẢN & SẢN PHẨM NÔNG SẢN;PES-GC-MS/MS;Biphenyl;Biphenyl;VLAB-CH-TP-614;GC-MS/MS;0.003 mg/kg;0.01 mg/kg;72;;; 315.000 ; 840.000 
NÔNG SẢN & SẢN PHẨM NÔNG SẢN;NÔNG SẢN & SẢN PHẨM NÔNG SẢN;PES-GC-MS/MS;Bromfenvinfos;Bromfenvinfos;VLAB-CH-TP-614;GC-MS/MS;0.003 mg/kg;0.01 mg/kg;72;;; 315.000 ; 840.000 
NÔNG SẢN & SẢN PHẨM NÔNG SẢN;NÔNG SẢN & SẢN PHẨM NÔNG SẢN;PES-GC-MS/MS;Bromfenvinfos-methyl;Bromfenvinfos-methyl;VLAB-CH-TP-614;GC-MS/MS;0.003 mg/kg;0.01 mg/kg;72;;; 315.000 ; 840.000 
NÔNG SẢN & SẢN PHẨM NÔNG SẢN;NÔNG SẢN & SẢN PHẨM NÔNG SẢN;PES-GC-MS/MS;Bromophos;Bromophos;VLAB-CH-TP-614;GC-MS/MS;0.003 mg/kg;0.01 mg/kg;72;;; 315.000 ; 840.000 
NÔNG SẢN & SẢN PHẨM NÔNG SẢN;NÔNG SẢN & SẢN PHẨM NÔNG SẢN;PES-GC-MS/MS;Bromophos-ethyl;Bromophos-ethyl;VLAB-CH-TP-614;GC-MS/MS;0.003 mg/kg;0.01 mg/kg;72;;; 315.000 ; 840.000 
NÔNG SẢN & SẢN PHẨM NÔNG SẢN;NÔNG SẢN & SẢN PHẨM NÔNG SẢN;PES-GC-MS/MS;Bromopropylate;Bromopropylate;VLAB-CH-TP-614;GC-MS/MS;0.003 mg/kg;0.01 mg/kg;72;;; 315.000 ; 840.000 
NÔNG SẢN & SẢN PHẨM NÔNG SẢN;NÔNG SẢN & SẢN PHẨM NÔNG SẢN;PES-GC-MS/MS;Bupirimate;Bupirimate;VLAB-CH-TP-614;GC-MS/MS;0.003 mg/kg;0.01 mg/kg;72;;; 315.000 ; 840.000 
NÔNG SẢN & SẢN PHẨM NÔNG SẢN;NÔNG SẢN & SẢN PHẨM NÔNG SẢN;PES-GC-MS/MS;Buprofezin (Buprofenzin);Buprofezin (Buprofenzin);VLAB-CH-TP-614;GC-MS/MS;0.003 mg/kg;0.01 mg/kg;72;;; 315.000 ; 840.000 
NÔNG SẢN & SẢN PHẨM NÔNG SẢN;NÔNG SẢN & SẢN PHẨM NÔNG SẢN;PES-GC-MS/MS;Butachlor;Butachlor;VLAB-CH-TP-614;GC-MS/MS;0.003 mg/kg;0.01 mg/kg;72;;; 315.000 ; 840.000 
NÔNG SẢN & SẢN PHẨM NÔNG SẢN;NÔNG SẢN & SẢN PHẨM NÔNG SẢN;PES-GC-MS/MS;Cadusafos;Cadusafos;VLAB-CH-TP-614;GC-MS/MS;0.003 mg/kg;0.01 mg/kg;72;;; 315.000 ; 840.000 
NÔNG SẢN & SẢN PHẨM NÔNG SẢN;NÔNG SẢN & SẢN PHẨM NÔNG SẢN;PES-GC-MS/MS;Captan;Captan;VLAB-CH-TP-614;GC-MS/MS;0.003 mg/kg;0.01 mg/kg;72;;; 315.000 ; 840.000 
NÔNG SẢN & SẢN PHẨM NÔNG SẢN;NÔNG SẢN & SẢN PHẨM NÔNG SẢN;PES-GC-MS/MS;Carbophenothion;Carbophenothion;VLAB-CH-TP-614;GC-MS/MS;0.003 mg/kg;0.01 mg/kg;72;;; 315.000 ; 840.000 
NÔNG SẢN & SẢN PHẨM NÔNG SẢN;NÔNG SẢN & SẢN PHẨM NÔNG SẢN;PES-GC-MS/MS;Carbosulfan;Carbosulfan;VLAB-CH-TP-614;GC-MS/MS;0.003 mg/kg;0.01 mg/kg;72;;; 315.000 ; 840.000 
NÔNG SẢN & SẢN PHẨM NÔNG SẢN;NÔNG SẢN & SẢN PHẨM NÔNG SẢN;PES-GC-MS/MS;Carfentrazone-ethyl;Carfentrazone-ethyl;VLAB-CH-TP-614;GC-MS/MS;0.003 mg/kg;0.01 mg/kg;72;;; 315.000 ; 840.000 
NÔNG SẢN & SẢN PHẨM NÔNG SẢN;NÔNG SẢN & SẢN PHẨM NÔNG SẢN;PES-GC-MS/MS;Chinomethionate (Oxythioquinox);Chinomethionate (Oxythioquinox);VLAB-CH-TP-614;GC-MS/MS;0.003 mg/kg;0.01 mg/kg;72;;; 315.000 ; 840.000 
NÔNG SẢN & SẢN PHẨM NÔNG SẢN;NÔNG SẢN & SẢN PHẨM NÔNG SẢN;PES-GC-MS/MS;Chlorbenside;Chlorbenside;VLAB-CH-TP-614;GC-MS/MS;0.003 mg/kg;0.01 mg/kg;72;;; 315.000 ; 840.000 
NÔNG SẢN & SẢN PHẨM NÔNG SẢN;NÔNG SẢN & SẢN PHẨM NÔNG SẢN;PES-GC-MS/MS;Chlorfenapyr;Chlorfenapyr;VLAB-CH-TP-614;GC-MS/MS;0.003 mg/kg;0.01 mg/kg;72;;; 315.000 ; 840.000 
NÔNG SẢN & SẢN PHẨM NÔNG SẢN;NÔNG SẢN & SẢN PHẨM NÔNG SẢN;PES-GC-MS/MS;Chlorfenson;Chlorfenson;VLAB-CH-TP-614;GC-MS/MS;0.003 mg/kg;0.01 mg/kg;72;;; 315.000 ; 840.000 
NÔNG SẢN & SẢN PHẨM NÔNG SẢN;NÔNG SẢN & SẢN PHẨM NÔNG SẢN;PES-GC-MS/MS;Chlorfenvinphos;Chlorfenvinphos;VLAB-CH-TP-614;GC-MS/MS;0.003 mg/kg;0.01 mg/kg;72;;; 315.000 ; 840.000 
NÔNG SẢN & SẢN PHẨM NÔNG SẢN;NÔNG SẢN & SẢN PHẨM NÔNG SẢN;PES-GC-MS/MS;Chlorobenzilate;Chlorobenzilate;VLAB-CH-TP-614;GC-MS/MS;0.003 mg/kg;0.01 mg/kg;72;;; 315.000 ; 840.000 
NÔNG SẢN & SẢN PHẨM NÔNG SẢN;NÔNG SẢN & SẢN PHẨM NÔNG SẢN;PES-GC-MS/MS;Chloroneb;Chloroneb;VLAB-CH-TP-614;GC-MS/MS;0.003 mg/kg;0.01 mg/kg;72;;; 315.000 ; 840.000 
NÔNG SẢN & SẢN PHẨM NÔNG SẢN;NÔNG SẢN & SẢN PHẨM NÔNG SẢN;PES-GC-MS/MS;Chloropropylate;Chloropropylate;VLAB-CH-TP-614;GC-MS/MS;0.003 mg/kg;0.01 mg/kg;72;;; 315.000 ; 840.000 
NÔNG SẢN & SẢN PHẨM NÔNG SẢN;NÔNG SẢN & SẢN PHẨM NÔNG SẢN;PES-GC-MS/MS;Chlorothalonil;Chlorothalonil;VLAB-CH-TP-614;GC-MS/MS;0.003 mg/kg;0.01 mg/kg;72;;; 315.000 ; 840.000 
NÔNG SẢN & SẢN PHẨM NÔNG SẢN;NÔNG SẢN & SẢN PHẨM NÔNG SẢN;PES-GC-MS/MS;Chlorpropham;Chlorpropham;VLAB-CH-TP-614;GC-MS/MS;0.003 mg/kg;0.01 mg/kg;72;;; 315.000 ; 840.000 
NÔNG SẢN & SẢN PHẨM NÔNG SẢN;NÔNG SẢN & SẢN PHẨM NÔNG SẢN;PES-GC-MS/MS;Chlorpyrifos (Chlorpyrifos ethyl);Chlorpyrifos (Chlorpyrifos ethyl);VLAB-CH-TP-614;GC-MS/MS;0.003 mg/kg;0.01 mg/kg;72;;; 315.000 ; 840.000 
NÔNG SẢN & SẢN PHẨM NÔNG SẢN;NÔNG SẢN & SẢN PHẨM NÔNG SẢN;PES-GC-MS/MS;Chlorpyrifos-methyl;Chlorpyrifos-methyl;VLAB-CH-TP-614;GC-MS/MS;0.003 mg/kg;0.01 mg/kg;72;;; 315.000 ; 840.000 
NÔNG SẢN & SẢN PHẨM NÔNG SẢN;NÔNG SẢN & SẢN PHẨM NÔNG SẢN;PES-GC-MS/MS;Chlorthiophos;Chlorthiophos;VLAB-CH-TP-614;GC-MS/MS;0.003 mg/kg;0.01 mg/kg;72;;; 315.000 ; 840.000 
NÔNG SẢN & SẢN PHẨM NÔNG SẢN;NÔNG SẢN & SẢN PHẨM NÔNG SẢN;PES-GC-MS/MS;Chlozolinate;Chlozolinate;VLAB-CH-TP-614;GC-MS/MS;0.003 mg/kg;0.01 mg/kg;72;;; 315.000 ; 840.000 
NÔNG SẢN & SẢN PHẨM NÔNG SẢN;NÔNG SẢN & SẢN PHẨM NÔNG SẢN;PES-GC-MS/MS;cis-1,2,3,6-Tetrahydrophthalimide;cis-1,2,3,6-Tetrahydrophthalimide;VLAB-CH-TP-614;GC-MS/MS;0.003 mg/kg;0.01 mg/kg;72;;; 315.000 ; 840.000 
NÔNG SẢN & SẢN PHẨM NÔNG SẢN;NÔNG SẢN & SẢN PHẨM NÔNG SẢN;PES-GC-MS/MS;cis-Chlordane;cis-Chlordane;VLAB-CH-TP-614;GC-MS/MS;0.003 mg/kg;0.01 mg/kg;72;;; 315.000 ; 840.000 
NÔNG SẢN & SẢN PHẨM NÔNG SẢN;NÔNG SẢN & SẢN PHẨM NÔNG SẢN;PES-GC-MS/MS;cis-Nonachlor;cis-Nonachlor;VLAB-CH-TP-614;GC-MS/MS;0.003 mg/kg;0.01 mg/kg;72;;; 315.000 ; 840.000 
NÔNG SẢN & SẢN PHẨM NÔNG SẢN;NÔNG SẢN & SẢN PHẨM NÔNG SẢN;PES-GC-MS/MS;Clomazone;Clomazone;VLAB-CH-TP-614;GC-MS/MS;0.003 mg/kg;0.01 mg/kg;72;;; 315.000 ; 840.000 
NÔNG SẢN & SẢN PHẨM NÔNG SẢN;NÔNG SẢN & SẢN PHẨM NÔNG SẢN;PES-GC-MS/MS;Cloquintocet-mexyl;Cloquintocet-mexyl;VLAB-CH-TP-614;GC-MS/MS;0.003 mg/kg;0.01 mg/kg;72;;; 315.000 ; 840.000 
NÔNG SẢN & SẢN PHẨM NÔNG SẢN;NÔNG SẢN & SẢN PHẨM NÔNG SẢN;PES-GC-MS/MS;Coumaphos;Coumaphos;VLAB-CH-TP-614;GC-MS/MS;0.003 mg/kg;0.01 mg/kg;72;;; 315.000 ; 840.000 
NÔNG SẢN & SẢN PHẨM NÔNG SẢN;NÔNG SẢN & SẢN PHẨM NÔNG SẢN;PES-GC-MS/MS;Crimidine;Crimidine;VLAB-CH-TP-614;GC-MS/MS;0.003 mg/kg;0.01 mg/kg;72;;; 315.000 ; 840.000 
NÔNG SẢN & SẢN PHẨM NÔNG SẢN;NÔNG SẢN & SẢN PHẨM NÔNG SẢN;PES-GC-MS/MS;Cyanofenphos;Cyanofenphos;VLAB-CH-TP-614;GC-MS/MS;0.003 mg/kg;0.01 mg/kg;72;;; 315.000 ; 840.000 
NÔNG SẢN & SẢN PHẨM NÔNG SẢN;NÔNG SẢN & SẢN PHẨM NÔNG SẢN;PES-GC-MS/MS;Cyanophos;Cyanophos;VLAB-CH-TP-614;GC-MS/MS;0.003 mg/kg;0.01 mg/kg;72;;; 315.000 ; 840.000 
NÔNG SẢN & SẢN PHẨM NÔNG SẢN;NÔNG SẢN & SẢN PHẨM NÔNG SẢN;PES-GC-MS/MS;Cycloate;Cycloate;VLAB-CH-TP-614;GC-MS/MS;0.003 mg/kg;0.01 mg/kg;72;;; 315.000 ; 840.000 
NÔNG SẢN & SẢN PHẨM NÔNG SẢN;NÔNG SẢN & SẢN PHẨM NÔNG SẢN;PES-GC-MS/MS;Cyfluthrin;Cyfluthrin;VLAB-CH-TP-614;GC-MS/MS;0.003 mg/kg;0.01 mg/kg;72;;; 315.000 ; 840.000 
NÔNG SẢN & SẢN PHẨM NÔNG SẢN;NÔNG SẢN & SẢN PHẨM NÔNG SẢN;PES-GC-MS/MS;Cyhalofop-butyl;Cyhalofop-butyl;VLAB-CH-TP-614;GC-MS/MS;0.003 mg/kg;0.01 mg/kg;72;;; 315.000 ; 840.000 
NÔNG SẢN & SẢN PHẨM NÔNG SẢN;NÔNG SẢN & SẢN PHẨM NÔNG SẢN;PES-GC-MS/MS;Cyhalothrin (Gamma);Cyhalothrin (Gamma);VLAB-CH-TP-614;GC-MS/MS;0.003 mg/kg;0.01 mg/kg;72;;; 315.000 ; 840.000 
NÔNG SẢN & SẢN PHẨM NÔNG SẢN;NÔNG SẢN & SẢN PHẨM NÔNG SẢN;PES-GC-MS/MS;Cyhalothrin (Lambda);Cyhalothrin (Lambda);VLAB-CH-TP-614;GC-MS/MS;0.003 mg/kg;0.01 mg/kg;72;;; 315.000 ; 840.000 
NÔNG SẢN & SẢN PHẨM NÔNG SẢN;NÔNG SẢN & SẢN PHẨM NÔNG SẢN;PES-GC-MS/MS;Cypermethrin;Cypermethrin;VLAB-CH-TP-614;GC-MS/MS;0.003 mg/kg;0.01 mg/kg;72;;; 315.000 ; 840.000 
NÔNG SẢN & SẢN PHẨM NÔNG SẢN;NÔNG SẢN & SẢN PHẨM NÔNG SẢN;PES-GC-MS/MS;Cyprodinil;Cyprodinil;VLAB-CH-TP-614;GC-MS/MS;0.003 mg/kg;0.01 mg/kg;72;;; 315.000 ; 840.000 
NÔNG SẢN & SẢN PHẨM NÔNG SẢN;NÔNG SẢN & SẢN PHẨM NÔNG SẢN;PES-GC-MS/MS;DCPA (Dacthal, Chlorthal-dimethyl);DCPA (Dacthal, Chlorthal-dimethyl);VLAB-CH-TP-614;GC-MS/MS;0.003 mg/kg;0.01 mg/kg;72;;; 315.000 ; 840.000 
NÔNG SẢN & SẢN PHẨM NÔNG SẢN;NÔNG SẢN & SẢN PHẨM NÔNG SẢN;PES-GC-MS/MS;DDD-o,p' (2,4'-DDD);DDD-o,p' (2,4'-DDD);VLAB-CH-TP-614;GC-MS/MS;0.003 mg/kg;0.01 mg/kg;72;;; 315.000 ; 840.000 
NÔNG SẢN & SẢN PHẨM NÔNG SẢN;NÔNG SẢN & SẢN PHẨM NÔNG SẢN;PES-GC-MS/MS;DDD-p,p' (4,4'-DDD);DDD-p,p' (4,4'-DDD);VLAB-CH-TP-614;GC-MS/MS;0.003 mg/kg;0.01 mg/kg;72;;; 315.000 ; 840.000 
NÔNG SẢN & SẢN PHẨM NÔNG SẢN;NÔNG SẢN & SẢN PHẨM NÔNG SẢN;PES-GC-MS/MS;DDE-o,p' (2,4'-DDE);DDE-o,p' (2,4'-DDE);VLAB-CH-TP-614;GC-MS/MS;0.003 mg/kg;0.01 mg/kg;72;;; 315.000 ; 840.000 
NÔNG SẢN & SẢN PHẨM NÔNG SẢN;NÔNG SẢN & SẢN PHẨM NÔNG SẢN;PES-GC-MS/MS;DDE-p,p' (4,4'-DDE);DDE-p,p' (4,4'-DDE);VLAB-CH-TP-614;GC-MS/MS;0.003 mg/kg;0.01 mg/kg;72;;; 315.000 ; 840.000 
NÔNG SẢN & SẢN PHẨM NÔNG SẢN;NÔNG SẢN & SẢN PHẨM NÔNG SẢN;PES-GC-MS/MS;DDT-o,p' (2,4'-DDT);DDT-o,p' (2,4'-DDT);VLAB-CH-TP-614;GC-MS/MS;0.003 mg/kg;0.01 mg/kg;72;;; 315.000 ; 840.000 
NÔNG SẢN & SẢN PHẨM NÔNG SẢN;NÔNG SẢN & SẢN PHẨM NÔNG SẢN;PES-GC-MS/MS;DDT-p,p' (4,4'-DDT);DDT-p,p' (4,4'-DDT);VLAB-CH-TP-614;GC-MS/MS;0.003 mg/kg;0.01 mg/kg;72;;; 315.000 ; 840.000 
NÔNG SẢN & SẢN PHẨM NÔNG SẢN;NÔNG SẢN & SẢN PHẨM NÔNG SẢN;PES-GC-MS/MS;DEF (Tribufos);DEF (Tribufos);VLAB-CH-TP-614;GC-MS/MS;0.003 mg/kg;0.01 mg/kg;72;;; 315.000 ; 840.000 
NÔNG SẢN & SẢN PHẨM NÔNG SẢN;NÔNG SẢN & SẢN PHẨM NÔNG SẢN;PES-GC-MS/MS;delta-BHC;delta-BHC;VLAB-CH-TP-614;GC-MS/MS;0.003 mg/kg;0.01 mg/kg;72;;; 315.000 ; 840.000 
NÔNG SẢN & SẢN PHẨM NÔNG SẢN;NÔNG SẢN & SẢN PHẨM NÔNG SẢN;PES-GC-MS/MS;Deltamethrin;Deltamethrin;VLAB-CH-TP-614;GC-MS/MS;0.003 mg/kg;0.01 mg/kg;72;;; 315.000 ; 840.000 
NÔNG SẢN & SẢN PHẨM NÔNG SẢN;NÔNG SẢN & SẢN PHẨM NÔNG SẢN;PES-GC-MS/MS;Desmetryn;Desmetryn;VLAB-CH-TP-614;GC-MS/MS;0.003 mg/kg;0.01 mg/kg;72;;; 315.000 ; 840.000 
NÔNG SẢN & SẢN PHẨM NÔNG SẢN;NÔNG SẢN & SẢN PHẨM NÔNG SẢN;PES-GC-MS/MS;Dialifos;Dialifos;VLAB-CH-TP-614;GC-MS/MS;0.003 mg/kg;0.01 mg/kg;72;;; 315.000 ; 840.000 
NÔNG SẢN & SẢN PHẨM NÔNG SẢN;NÔNG SẢN & SẢN PHẨM NÔNG SẢN;PES-GC-MS/MS;Diallate;Diallate;VLAB-CH-TP-614;GC-MS/MS;0.003 mg/kg;0.01 mg/kg;72;;; 315.000 ; 840.000 
NÔNG SẢN & SẢN PHẨM NÔNG SẢN;NÔNG SẢN & SẢN PHẨM NÔNG SẢN;PES-GC-MS/MS;Diazinon;Diazinon;VLAB-CH-TP-614;GC-MS/MS;0.003 mg/kg;0.01 mg/kg;72;;; 315.000 ; 840.000 
NÔNG SẢN & SẢN PHẨM NÔNG SẢN;NÔNG SẢN & SẢN PHẨM NÔNG SẢN;PES-GC-MS/MS;Dichlofenthion;Dichlofenthion;VLAB-CH-TP-614;GC-MS/MS;0.003 mg/kg;0.01 mg/kg;72;;; 315.000 ; 840.000 
NÔNG SẢN & SẢN PHẨM NÔNG SẢN;NÔNG SẢN & SẢN PHẨM NÔNG SẢN;PES-GC-MS/MS;Dichloran;Dichloran;VLAB-CH-TP-614;GC-MS/MS;0.003 mg/kg;0.01 mg/kg;72;;; 315.000 ; 840.000 
NÔNG SẢN & SẢN PHẨM NÔNG SẢN;NÔNG SẢN & SẢN PHẨM NÔNG SẢN;PES-GC-MS/MS;Dichlorvos;Dichlorvos;VLAB-CH-TP-614;GC-MS/MS;0.003 mg/kg;0.01 mg/kg;72;;; 315.000 ; 840.000 
NÔNG SẢN & SẢN PHẨM NÔNG SẢN;NÔNG SẢN & SẢN PHẨM NÔNG SẢN;PES-GC-MS/MS;Diclobutrazol (Dichlobutrazol);Diclobutrazol (Dichlobutrazol);VLAB-CH-TP-614;GC-MS/MS;0.003 mg/kg;0.01 mg/kg;72;;; 315.000 ; 840.000 
NÔNG SẢN & SẢN PHẨM NÔNG SẢN;NÔNG SẢN & SẢN PHẨM NÔNG SẢN;PES-GC-MS/MS;Diclofop-methyl;Diclofop-methyl;VLAB-CH-TP-614;GC-MS/MS;0.003 mg/kg;0.01 mg/kg;72;;; 315.000 ; 840.000 
NÔNG SẢN & SẢN PHẨM NÔNG SẢN;NÔNG SẢN & SẢN PHẨM NÔNG SẢN;PES-GC-MS/MS;Dieldrin;Dieldrin;VLAB-CH-TP-614;GC-MS/MS;0.003 mg/kg;0.01 mg/kg;72;;; 315.000 ; 840.000 
NÔNG SẢN & SẢN PHẨM NÔNG SẢN;NÔNG SẢN & SẢN PHẨM NÔNG SẢN;PES-GC-MS/MS;Dimethachlor;Dimethachlor;VLAB-CH-TP-614;GC-MS/MS;0.003 mg/kg;0.01 mg/kg;72;;; 315.000 ; 840.000 
NÔNG SẢN & SẢN PHẨM NÔNG SẢN;NÔNG SẢN & SẢN PHẨM NÔNG SẢN;PES-GC-MS/MS;Dimethenamid-P;Dimethenamid-P;VLAB-CH-TP-614;GC-MS/MS;0.003 mg/kg;0.01 mg/kg;72;;; 315.000 ; 840.000 
NÔNG SẢN & SẢN PHẨM NÔNG SẢN;NÔNG SẢN & SẢN PHẨM NÔNG SẢN;PES-GC-MS/MS;Diofenolan;Diofenolan;VLAB-CH-TP-614;GC-MS/MS;0.003 mg/kg;0.01 mg/kg;72;;; 315.000 ; 840.000 
NÔNG SẢN & SẢN PHẨM NÔNG SẢN;NÔNG SẢN & SẢN PHẨM NÔNG SẢN;PES-GC-MS/MS;Diphenamid;Diphenamid;VLAB-CH-TP-614;GC-MS/MS;0.003 mg/kg;0.01 mg/kg;72;;; 315.000 ; 840.000 
NÔNG SẢN & SẢN PHẨM NÔNG SẢN;NÔNG SẢN & SẢN PHẨM NÔNG SẢN;PES-GC-MS/MS;Diphenylamine;Diphenylamine;VLAB-CH-TP-614;GC-MS/MS;0.003 mg/kg;0.01 mg/kg;72;;; 315.000 ; 840.000 
NÔNG SẢN & SẢN PHẨM NÔNG SẢN;NÔNG SẢN & SẢN PHẨM NÔNG SẢN;PES-GC-MS/MS;Disulfoton;Disulfoton;VLAB-CH-TP-614;GC-MS/MS;0.003 mg/kg;0.01 mg/kg;72;;; 315.000 ; 840.000 
NÔNG SẢN & SẢN PHẨM NÔNG SẢN;NÔNG SẢN & SẢN PHẨM NÔNG SẢN;PES-GC-MS/MS;Disulfoton-sulfoxide;Disulfoton-sulfoxide;VLAB-CH-TP-614;GC-MS/MS;0.003 mg/kg;0.01 mg/kg;72;;; 315.000 ; 840.000 
NÔNG SẢN & SẢN PHẨM NÔNG SẢN;NÔNG SẢN & SẢN PHẨM NÔNG SẢN;PES-GC-MS/MS;Ditalimfos;Ditalimfos;VLAB-CH-TP-614;GC-MS/MS;0.003 mg/kg;0.01 mg/kg;72;;; 315.000 ; 840.000 
NÔNG SẢN & SẢN PHẨM NÔNG SẢN;NÔNG SẢN & SẢN PHẨM NÔNG SẢN;PES-GC-MS/MS;Dithiopyr;Dithiopyr;VLAB-CH-TP-614;GC-MS/MS;0.003 mg/kg;0.01 mg/kg;72;;; 315.000 ; 840.000 
NÔNG SẢN & SẢN PHẨM NÔNG SẢN;NÔNG SẢN & SẢN PHẨM NÔNG SẢN;PES-GC-MS/MS;Endosulfan ether;Endosulfan ether;VLAB-CH-TP-614;GC-MS/MS;0.003 mg/kg;0.01 mg/kg;72;;; 315.000 ; 840.000 
NÔNG SẢN & SẢN PHẨM NÔNG SẢN;NÔNG SẢN & SẢN PHẨM NÔNG SẢN;PES-GC-MS/MS;Endosulfan I (alpha isomer);Endosulfan I (alpha isomer);VLAB-CH-TP-614;GC-MS/MS;0.003 mg/kg;0.01 mg/kg;72;;; 315.000 ; 840.000 
NÔNG SẢN & SẢN PHẨM NÔNG SẢN;NÔNG SẢN & SẢN PHẨM NÔNG SẢN;PES-GC-MS/MS;Endosulfan II (beta isomer);Endosulfan II (beta isomer);VLAB-CH-TP-614;GC-MS/MS;0.003 mg/kg;0.01 mg/kg;72;;; 315.000 ; 840.000 
NÔNG SẢN & SẢN PHẨM NÔNG SẢN;NÔNG SẢN & SẢN PHẨM NÔNG SẢN;PES-GC-MS/MS;Endosulfan sulfate;Endosulfan sulfate;VLAB-CH-TP-614;GC-MS/MS;0.003 mg/kg;0.01 mg/kg;72;;; 315.000 ; 840.000 
NÔNG SẢN & SẢN PHẨM NÔNG SẢN;NÔNG SẢN & SẢN PHẨM NÔNG SẢN;PES-GC-MS/MS;Endrin;Endrin;VLAB-CH-TP-614;GC-MS/MS;0.003 mg/kg;0.01 mg/kg;72;;; 315.000 ; 840.000 
NÔNG SẢN & SẢN PHẨM NÔNG SẢN;NÔNG SẢN & SẢN PHẨM NÔNG SẢN;PES-GC-MS/MS;EPN (O-Ethyl O-(4-nitrophenyl) phenylphosphonothioate);EPN (O-Ethyl O-(4-nitrophenyl) phenylphosphonothioate);VLAB-CH-TP-614;GC-MS/MS;0.003 mg/kg;0.01 mg/kg;72;;; 315.000 ; 840.000 
NÔNG SẢN & SẢN PHẨM NÔNG SẢN;NÔNG SẢN & SẢN PHẨM NÔNG SẢN;PES-GC-MS/MS;Ethalfluralin;Ethalfluralin;VLAB-CH-TP-614;GC-MS/MS;0.003 mg/kg;0.01 mg/kg;72;;; 315.000 ; 840.000 
NÔNG SẢN & SẢN PHẨM NÔNG SẢN;NÔNG SẢN & SẢN PHẨM NÔNG SẢN;PES-GC-MS/MS;Ethion;Ethion;VLAB-CH-TP-614;GC-MS/MS;0.003 mg/kg;0.01 mg/kg;72;;; 315.000 ; 840.000 
NÔNG SẢN & SẢN PHẨM NÔNG SẢN;NÔNG SẢN & SẢN PHẨM NÔNG SẢN;PES-GC-MS/MS;Ethofenprox (Etofenprox);Ethofenprox (Etofenprox);VLAB-CH-TP-614;GC-MS/MS;0.003 mg/kg;0.01 mg/kg;72;;; 315.000 ; 840.000 
NÔNG SẢN & SẢN PHẨM NÔNG SẢN;NÔNG SẢN & SẢN PHẨM NÔNG SẢN;PES-GC-MS/MS;Ethofumesate;Ethofumesate;VLAB-CH-TP-614;GC-MS/MS;0.003 mg/kg;0.01 mg/kg;72;;; 315.000 ; 840.000 
NÔNG SẢN & SẢN PHẨM NÔNG SẢN;NÔNG SẢN & SẢN PHẨM NÔNG SẢN;PES-GC-MS/MS;Ethylan (Perthane);Ethylan (Perthane);VLAB-CH-TP-614;GC-MS/MS;0.003 mg/kg;0.01 mg/kg;72;;; 315.000 ; 840.000 
NÔNG SẢN & SẢN PHẨM NÔNG SẢN;NÔNG SẢN & SẢN PHẨM NÔNG SẢN;PES-GC-MS/MS;Fenamiphos;Fenamiphos;VLAB-CH-TP-614;GC-MS/MS;0.003 mg/kg;0.01 mg/kg;72;;; 315.000 ; 840.000 
NÔNG SẢN & SẢN PHẨM NÔNG SẢN;NÔNG SẢN & SẢN PHẨM NÔNG SẢN;PES-GC-MS/MS;Fenitrothion;Fenitrothion;VLAB-CH-TP-614;GC-MS/MS;0.003 mg/kg;0.01 mg/kg;72;;; 315.000 ; 840.000 
NÔNG SẢN & SẢN PHẨM NÔNG SẢN;NÔNG SẢN & SẢN PHẨM NÔNG SẢN;PES-GC-MS/MS;Fenpropathrin;Fenpropathrin;VLAB-CH-TP-614;GC-MS/MS;0.003 mg/kg;0.01 mg/kg;72;;; 315.000 ; 840.000 
NÔNG SẢN & SẢN PHẨM NÔNG SẢN;NÔNG SẢN & SẢN PHẨM NÔNG SẢN;PES-GC-MS/MS;Fenpropimorph;Fenpropimorph;VLAB-CH-TP-614;GC-MS/MS;0.003 mg/kg;0.01 mg/kg;72;;; 315.000 ; 840.000 
NÔNG SẢN & SẢN PHẨM NÔNG SẢN;NÔNG SẢN & SẢN PHẨM NÔNG SẢN;PES-GC-MS/MS;Fenson;Fenson;VLAB-CH-TP-614;GC-MS/MS;0.003 mg/kg;0.01 mg/kg;72;;; 315.000 ; 840.000 
NÔNG SẢN & SẢN PHẨM NÔNG SẢN;NÔNG SẢN & SẢN PHẨM NÔNG SẢN;PES-GC-MS/MS;Fensulfothion;Fensulfothion;VLAB-CH-TP-614;GC-MS/MS;0.003 mg/kg;0.01 mg/kg;72;;; 315.000 ; 840.000 
NÔNG SẢN & SẢN PHẨM NÔNG SẢN;NÔNG SẢN & SẢN PHẨM NÔNG SẢN;PES-GC-MS/MS;Fenthion;Fenthion;VLAB-CH-TP-614;GC-MS/MS;0.003 mg/kg;0.01 mg/kg;72;;; 315.000 ; 840.000 
NÔNG SẢN & SẢN PHẨM NÔNG SẢN;NÔNG SẢN & SẢN PHẨM NÔNG SẢN;PES-GC-MS/MS;Fenthion sulfone;Fenthion sulfone;VLAB-CH-TP-614;GC-MS/MS;0.003 mg/kg;0.01 mg/kg;72;;; 315.000 ; 840.000 
NÔNG SẢN & SẢN PHẨM NÔNG SẢN;NÔNG SẢN & SẢN PHẨM NÔNG SẢN;PES-GC-MS/MS;Fenvalerate;Fenvalerate;VLAB-CH-TP-614;GC-MS/MS;0.003 mg/kg;0.01 mg/kg;72;;; 315.000 ; 840.000 
NÔNG SẢN & SẢN PHẨM NÔNG SẢN;NÔNG SẢN & SẢN PHẨM NÔNG SẢN;PES-GC-MS/MS;Fipronil;Fipronil;VLAB-CH-TP-614;GC-MS/MS;0.003 mg/kg;0.01 mg/kg;72;;; 315.000 ; 840.000 
NÔNG SẢN & SẢN PHẨM NÔNG SẢN;NÔNG SẢN & SẢN PHẨM NÔNG SẢN;PES-GC-MS/MS;Fipronil sulfide;Fipronil sulfide;VLAB-CH-TP-614;GC-MS/MS;0.003 mg/kg;0.01 mg/kg;72;;; 315.000 ; 840.000 
NÔNG SẢN & SẢN PHẨM NÔNG SẢN;NÔNG SẢN & SẢN PHẨM NÔNG SẢN;PES-GC-MS/MS;Fipronil sulfone;Fipronil sulfone;VLAB-CH-TP-614;GC-MS/MS;0.003 mg/kg;0.01 mg/kg;72;;; 315.000 ; 840.000 
NÔNG SẢN & SẢN PHẨM NÔNG SẢN;NÔNG SẢN & SẢN PHẨM NÔNG SẢN;PES-GC-MS/MS;Fluazifop-p-butyl;Fluazifop-p-butyl;VLAB-CH-TP-614;GC-MS/MS;0.003 mg/kg;0.01 mg/kg;72;;; 315.000 ; 840.000 
NÔNG SẢN & SẢN PHẨM NÔNG SẢN;NÔNG SẢN & SẢN PHẨM NÔNG SẢN;PES-GC-MS/MS;Fluchloralin;Fluchloralin;VLAB-CH-TP-614;GC-MS/MS;0.003 mg/kg;0.01 mg/kg;72;;; 315.000 ; 840.000 
NÔNG SẢN & SẢN PHẨM NÔNG SẢN;NÔNG SẢN & SẢN PHẨM NÔNG SẢN;PES-GC-MS/MS;Flucythrinate;Flucythrinate;VLAB-CH-TP-614;GC-MS/MS;0.003 mg/kg;0.01 mg/kg;72;;; 315.000 ; 840.000 
NÔNG SẢN & SẢN PHẨM NÔNG SẢN;NÔNG SẢN & SẢN PHẨM NÔNG SẢN;PES-GC-MS/MS;Fludioxonil;Fludioxonil;VLAB-CH-TP-614;GC-MS/MS;0.003 mg/kg;0.01 mg/kg;72;;; 315.000 ; 840.000 
NÔNG SẢN & SẢN PHẨM NÔNG SẢN;NÔNG SẢN & SẢN PHẨM NÔNG SẢN;PES-GC-MS/MS;Flumetralin;Flumetralin;VLAB-CH-TP-614;GC-MS/MS;0.003 mg/kg;0.01 mg/kg;72;;; 315.000 ; 840.000 
NÔNG SẢN & SẢN PHẨM NÔNG SẢN;NÔNG SẢN & SẢN PHẨM NÔNG SẢN;PES-GC-MS/MS;Fluquinconazole;Fluquinconazole;VLAB-CH-TP-614;GC-MS/MS;0.003 mg/kg;0.01 mg/kg;72;;; 315.000 ; 840.000 
NÔNG SẢN & SẢN PHẨM NÔNG SẢN;NÔNG SẢN & SẢN PHẨM NÔNG SẢN;PES-GC-MS/MS;Flusilazole;Flusilazole;VLAB-CH-TP-614;GC-MS/MS;0.003 mg/kg;0.01 mg/kg;72;;; 315.000 ; 840.000 
NÔNG SẢN & SẢN PHẨM NÔNG SẢN;NÔNG SẢN & SẢN PHẨM NÔNG SẢN;PES-GC-MS/MS;Flutolanil;Flutolanil;VLAB-CH-TP-614;GC-MS/MS;0.003 mg/kg;0.01 mg/kg;72;;; 315.000 ; 840.000 
NÔNG SẢN & SẢN PHẨM NÔNG SẢN;NÔNG SẢN & SẢN PHẨM NÔNG SẢN;PES-GC-MS/MS;Flutriafol;Flutriafol;VLAB-CH-TP-614;GC-MS/MS;0.003 mg/kg;0.01 mg/kg;72;;; 315.000 ; 840.000 
NÔNG SẢN & SẢN PHẨM NÔNG SẢN;NÔNG SẢN & SẢN PHẨM NÔNG SẢN;PES-GC-MS/MS;Folpet;Folpet;VLAB-CH-TP-614;GC-MS/MS;0.003 mg/kg;0.01 mg/kg;72;;; 315.000 ; 840.000 
NÔNG SẢN & SẢN PHẨM NÔNG SẢN;NÔNG SẢN & SẢN PHẨM NÔNG SẢN;PES-GC-MS/MS;Fonofos (Dyfonate);Fonofos (Dyfonate);VLAB-CH-TP-614;GC-MS/MS;0.003 mg/kg;0.01 mg/kg;72;;; 315.000 ; 840.000 
NÔNG SẢN & SẢN PHẨM NÔNG SẢN;NÔNG SẢN & SẢN PHẨM NÔNG SẢN;PES-GC-MS/MS;Formothion;Formothion;VLAB-CH-TP-614;GC-MS/MS;0.003 mg/kg;0.01 mg/kg;72;;; 315.000 ; 840.000 
NÔNG SẢN & SẢN PHẨM NÔNG SẢN;NÔNG SẢN & SẢN PHẨM NÔNG SẢN;PES-GC-MS/MS;Furalaxyl;Furalaxyl;VLAB-CH-TP-614;GC-MS/MS;0.003 mg/kg;0.01 mg/kg;72;;; 315.000 ; 840.000 
NÔNG SẢN & SẢN PHẨM NÔNG SẢN;NÔNG SẢN & SẢN PHẨM NÔNG SẢN;PES-GC-MS/MS;gamma-BHC- (Lindane, gamma HCH);gamma-BHC- (Lindane, gamma HCH);VLAB-CH-TP-614;GC-MS/MS;0.003 mg/kg;0.01 mg/kg;72;;; 315.000 ; 840.000 
NÔNG SẢN & SẢN PHẨM NÔNG SẢN;NÔNG SẢN & SẢN PHẨM NÔNG SẢN;PES-GC-MS/MS;Haloxyfop-methyl;Haloxyfop-methyl;VLAB-CH-TP-614;GC-MS/MS;0.003 mg/kg;0.01 mg/kg;72;;; 315.000 ; 840.000 
NÔNG SẢN & SẢN PHẨM NÔNG SẢN;NÔNG SẢN & SẢN PHẨM NÔNG SẢN;PES-GC-MS/MS;Heptachlor;Heptachlor;VLAB-CH-TP-614;GC-MS/MS;0.003 mg/kg;0.01 mg/kg;72;;; 315.000 ; 840.000 
NÔNG SẢN & SẢN PHẨM NÔNG SẢN;NÔNG SẢN & SẢN PHẨM NÔNG SẢN;PES-GC-MS/MS;Heptachlor endo-epoxide (isomer A);Heptachlor endo-epoxide (isomer A);VLAB-CH-TP-614;GC-MS/MS;0.003 mg/kg;0.01 mg/kg;72;;; 315.000 ; 840.000 
NÔNG SẢN & SẢN PHẨM NÔNG SẢN;NÔNG SẢN & SẢN PHẨM NÔNG SẢN;PES-GC-MS/MS;Heptachlor exo-epoxide (Heptachlor epoxide);Heptachlor exo-epoxide (Heptachlor epoxide);VLAB-CH-TP-614;GC-MS/MS;0.003 mg/kg;0.01 mg/kg;72;;; 315.000 ; 840.000 
NÔNG SẢN & SẢN PHẨM NÔNG SẢN;NÔNG SẢN & SẢN PHẨM NÔNG SẢN;PES-GC-MS/MS;Heptenophos;Heptenophos;VLAB-CH-TP-614;GC-MS/MS;0.003 mg/kg;0.01 mg/kg;72;;; 315.000 ; 840.000 
NÔNG SẢN & SẢN PHẨM NÔNG SẢN;NÔNG SẢN & SẢN PHẨM NÔNG SẢN;PES-GC-MS/MS;Hexachlorobenzene (HCB);Hexachlorobenzene (HCB);VLAB-CH-TP-614;GC-MS/MS;0.003 mg/kg;0.01 mg/kg;72;;; 315.000 ; 840.000 
NÔNG SẢN & SẢN PHẨM NÔNG SẢN;NÔNG SẢN & SẢN PHẨM NÔNG SẢN;PES-GC-MS/MS;Iodofenphos;Iodofenphos;VLAB-CH-TP-614;GC-MS/MS;0.003 mg/kg;0.01 mg/kg;72;;; 315.000 ; 840.000 
NÔNG SẢN & SẢN PHẨM NÔNG SẢN;NÔNG SẢN & SẢN PHẨM NÔNG SẢN;PES-GC-MS/MS;Iprobenfos;Iprobenfos;VLAB-CH-TP-614;GC-MS/MS;0.003 mg/kg;0.01 mg/kg;72;;; 315.000 ; 840.000 
NÔNG SẢN & SẢN PHẨM NÔNG SẢN;NÔNG SẢN & SẢN PHẨM NÔNG SẢN;PES-GC-MS/MS;Isazofos (Isazophos);Isazofos (Isazophos);VLAB-CH-TP-614;GC-MS/MS;0.003 mg/kg;0.01 mg/kg;72;;; 315.000 ; 840.000 
NÔNG SẢN & SẢN PHẨM NÔNG SẢN;NÔNG SẢN & SẢN PHẨM NÔNG SẢN;PES-GC-MS/MS;Isobenzan;Isobenzan;VLAB-CH-TP-614;GC-MS/MS;0.003 mg/kg;0.01 mg/kg;72;;; 315.000 ; 840.000 
NÔNG SẢN & SẢN PHẨM NÔNG SẢN;NÔNG SẢN & SẢN PHẨM NÔNG SẢN;PES-GC-MS/MS;Isodrin;Isodrin;VLAB-CH-TP-614;GC-MS/MS;0.003 mg/kg;0.01 mg/kg;72;;; 315.000 ; 840.000 
NÔNG SẢN & SẢN PHẨM NÔNG SẢN;NÔNG SẢN & SẢN PHẨM NÔNG SẢN;PES-GC-MS/MS;Isopropalin;Isopropalin;VLAB-CH-TP-614;GC-MS/MS;0.003 mg/kg;0.01 mg/kg;72;;; 315.000 ; 840.000 
NÔNG SẢN & SẢN PHẨM NÔNG SẢN;NÔNG SẢN & SẢN PHẨM NÔNG SẢN;PES-GC-MS/MS;Kresoxim-methyl;Kresoxim-methyl;VLAB-CH-TP-614;GC-MS/MS;0.003 mg/kg;0.01 mg/kg;72;;; 315.000 ; 840.000 
NÔNG SẢN & SẢN PHẨM NÔNG SẢN;NÔNG SẢN & SẢN PHẨM NÔNG SẢN;PES-GC-MS/MS;Lenacil;Lenacil;VLAB-CH-TP-614;GC-MS/MS;0.003 mg/kg;0.01 mg/kg;72;;; 315.000 ; 840.000 
NÔNG SẢN & SẢN PHẨM NÔNG SẢN;NÔNG SẢN & SẢN PHẨM NÔNG SẢN;PES-GC-MS/MS;Leptophos;Leptophos;VLAB-CH-TP-614;GC-MS/MS;0.003 mg/kg;0.01 mg/kg;72;;; 315.000 ; 840.000 
NÔNG SẢN & SẢN PHẨM NÔNG SẢN;NÔNG SẢN & SẢN PHẨM NÔNG SẢN;PES-GC-MS/MS;Malathion;Malathion;VLAB-CH-TP-614;GC-MS/MS;0.003 mg/kg;0.01 mg/kg;72;;; 315.000 ; 840.000 
NÔNG SẢN & SẢN PHẨM NÔNG SẢN;NÔNG SẢN & SẢN PHẨM NÔNG SẢN;PES-GC-MS/MS;Mecarbam;Mecarbam;VLAB-CH-TP-614;GC-MS/MS;0.003 mg/kg;0.01 mg/kg;72;;; 315.000 ; 840.000 
NÔNG SẢN & SẢN PHẨM NÔNG SẢN;NÔNG SẢN & SẢN PHẨM NÔNG SẢN;PES-GC-MS/MS;Mefenpyr-diethyl;Mefenpyr-diethyl;VLAB-CH-TP-614;GC-MS/MS;0.003 mg/kg;0.01 mg/kg;72;;; 315.000 ; 840.000 
NÔNG SẢN & SẢN PHẨM NÔNG SẢN;NÔNG SẢN & SẢN PHẨM NÔNG SẢN;PES-GC-MS/MS;Mepronil;Mepronil;VLAB-CH-TP-614;GC-MS/MS;0.003 mg/kg;0.01 mg/kg;72;;; 315.000 ; 840.000 
NÔNG SẢN & SẢN PHẨM NÔNG SẢN;NÔNG SẢN & SẢN PHẨM NÔNG SẢN;PES-GC-MS/MS;Metalaxyl (Mefenoxam);Metalaxyl (Mefenoxam);VLAB-CH-TP-614;GC-MS/MS;0.003 mg/kg;0.01 mg/kg;72;;; 315.000 ; 840.000 
NÔNG SẢN & SẢN PHẨM NÔNG SẢN;NÔNG SẢN & SẢN PHẨM NÔNG SẢN;PES-GC-MS/MS;Metazachlor;Metazachlor;VLAB-CH-TP-614;GC-MS/MS;0.003 mg/kg;0.01 mg/kg;72;;; 315.000 ; 840.000 
NÔNG SẢN & SẢN PHẨM NÔNG SẢN;NÔNG SẢN & SẢN PHẨM NÔNG SẢN;PES-GC-MS/MS;Methacrifos;Methacrifos;VLAB-CH-TP-614;GC-MS/MS;0.003 mg/kg;0.01 mg/kg;72;;; 315.000 ; 840.000 
NÔNG SẢN & SẢN PHẨM NÔNG SẢN;NÔNG SẢN & SẢN PHẨM NÔNG SẢN;PES-GC-MS/MS;Methidathion;Methidathion;VLAB-CH-TP-614;GC-MS/MS;0.003 mg/kg;0.01 mg/kg;72;;; 315.000 ; 840.000 
NÔNG SẢN & SẢN PHẨM NÔNG SẢN;NÔNG SẢN & SẢN PHẨM NÔNG SẢN;PES-GC-MS/MS;Methoxychlor olefin;Methoxychlor olefin;VLAB-CH-TP-614;GC-MS/MS;0.003 mg/kg;0.01 mg/kg;72;;; 315.000 ; 840.000 
NÔNG SẢN & SẢN PHẨM NÔNG SẢN;NÔNG SẢN & SẢN PHẨM NÔNG SẢN;PES-GC-MS/MS;Metolachlor;Metolachlor;VLAB-CH-TP-614;GC-MS/MS;0.003 mg/kg;0.01 mg/kg;72;;; 315.000 ; 840.000 
NÔNG SẢN & SẢN PHẨM NÔNG SẢN;NÔNG SẢN & SẢN PHẨM NÔNG SẢN;PES-GC-MS/MS;Metrafenone;Metrafenone;VLAB-CH-TP-614;GC-MS/MS;0.003 mg/kg;0.01 mg/kg;72;;; 315.000 ; 840.000 
NÔNG SẢN & SẢN PHẨM NÔNG SẢN;NÔNG SẢN & SẢN PHẨM NÔNG SẢN;PES-GC-MS/MS;Metribuzin;Metribuzin;VLAB-CH-TP-614;GC-MS/MS;0.003 mg/kg;0.01 mg/kg;72;;; 315.000 ; 840.000 
NÔNG SẢN & SẢN PHẨM NÔNG SẢN;NÔNG SẢN & SẢN PHẨM NÔNG SẢN;PES-GC-MS/MS;Mevinphos;Mevinphos;VLAB-CH-TP-614;GC-MS/MS;0.003 mg/kg;0.01 mg/kg;72;;; 315.000 ; 840.000 
NÔNG SẢN & SẢN PHẨM NÔNG SẢN;NÔNG SẢN & SẢN PHẨM NÔNG SẢN;PES-GC-MS/MS;MGK-264 (N-Octyl bicycloheptene dicarboximide);MGK-264 (N-Octyl bicycloheptene dicarboximide);VLAB-CH-TP-614;GC-MS/MS;0.003 mg/kg;0.01 mg/kg;72;;; 315.000 ; 840.000 
NÔNG SẢN & SẢN PHẨM NÔNG SẢN;NÔNG SẢN & SẢN PHẨM NÔNG SẢN;PES-GC-MS/MS;Molinate;Molinate;VLAB-CH-TP-614;GC-MS/MS;0.003 mg/kg;0.01 mg/kg;72;;; 315.000 ; 840.000 
NÔNG SẢN & SẢN PHẨM NÔNG SẢN;NÔNG SẢN & SẢN PHẨM NÔNG SẢN;PES-GC-MS/MS;Myclobutanil;Myclobutanil;VLAB-CH-TP-614;GC-MS/MS;0.003 mg/kg;0.01 mg/kg;72;;; 315.000 ; 840.000 
NÔNG SẢN & SẢN PHẨM NÔNG SẢN;NÔNG SẢN & SẢN PHẨM NÔNG SẢN;PES-GC-MS/MS;N-(2,4-dimethylphenyl) formamide;N-(2,4-dimethylphenyl) formamide;VLAB-CH-TP-614;GC-MS/MS;0.003 mg/kg;0.01 mg/kg;72;;; 315.000 ; 840.000 
NÔNG SẢN & SẢN PHẨM NÔNG SẢN;NÔNG SẢN & SẢN PHẨM NÔNG SẢN;PES-GC-MS/MS;Napropamide;Napropamide;VLAB-CH-TP-614;GC-MS/MS;0.003 mg/kg;0.01 mg/kg;72;;; 315.000 ; 840.000 
NÔNG SẢN & SẢN PHẨM NÔNG SẢN;NÔNG SẢN & SẢN PHẨM NÔNG SẢN;PES-GC-MS/MS;Nitrothal-isopropyl;Nitrothal-isopropyl;VLAB-CH-TP-614;GC-MS/MS;0.003 mg/kg;0.01 mg/kg;72;;; 315.000 ; 840.000 
NÔNG SẢN & SẢN PHẨM NÔNG SẢN;NÔNG SẢN & SẢN PHẨM NÔNG SẢN;PES-GC-MS/MS;Norflurazon;Norflurazon;VLAB-CH-TP-614;GC-MS/MS;0.003 mg/kg;0.01 mg/kg;72;;; 315.000 ; 840.000 
NÔNG SẢN & SẢN PHẨM NÔNG SẢN;NÔNG SẢN & SẢN PHẨM NÔNG SẢN;PES-GC-MS/MS;Nuarimol;Nuarimol;VLAB-CH-TP-614;GC-MS/MS;0.003 mg/kg;0.01 mg/kg;72;;; 315.000 ; 840.000 
NÔNG SẢN & SẢN PHẨM NÔNG SẢN;NÔNG SẢN & SẢN PHẨM NÔNG SẢN;PES-GC-MS/MS;o, p'-Dicofol;o, p'-Dicofol;VLAB-CH-TP-614;GC-MS/MS;0.003 mg/kg;0.01 mg/kg;72;;; 315.000 ; 840.000 
NÔNG SẢN & SẢN PHẨM NÔNG SẢN;NÔNG SẢN & SẢN PHẨM NÔNG SẢN;PES-GC-MS/MS;Oxadiazon;Oxadiazon;VLAB-CH-TP-614;GC-MS/MS;0.003 mg/kg;0.01 mg/kg;72;;; 315.000 ; 840.000 
NÔNG SẢN & SẢN PHẨM NÔNG SẢN;NÔNG SẢN & SẢN PHẨM NÔNG SẢN;PES-GC-MS/MS;oxy-Chlordane;oxy-Chlordane;VLAB-CH-TP-614;GC-MS/MS;0.003 mg/kg;0.01 mg/kg;72;;; 315.000 ; 840.000 
NÔNG SẢN & SẢN PHẨM NÔNG SẢN;NÔNG SẢN & SẢN PHẨM NÔNG SẢN;PES-GC-MS/MS;Oxyfluorfen;Oxyfluorfen;VLAB-CH-TP-614;GC-MS/MS;0.003 mg/kg;0.01 mg/kg;72;;; 315.000 ; 840.000 
NÔNG SẢN & SẢN PHẨM NÔNG SẢN;NÔNG SẢN & SẢN PHẨM NÔNG SẢN;PES-GC-MS/MS;Paclobutrazol;Paclobutrazol;VLAB-CH-TP-614;GC-MS/MS;0.003 mg/kg;0.01 mg/kg;72;;; 315.000 ; 840.000 
NÔNG SẢN & SẢN PHẨM NÔNG SẢN;NÔNG SẢN & SẢN PHẨM NÔNG SẢN;PES-GC-MS/MS;Parathion (Ethyl parathion);Parathion (Ethyl parathion);VLAB-CH-TP-614;GC-MS/MS;0.003 mg/kg;0.01 mg/kg;72;;; 315.000 ; 840.000 
NÔNG SẢN & SẢN PHẨM NÔNG SẢN;NÔNG SẢN & SẢN PHẨM NÔNG SẢN;PES-GC-MS/MS;Parathion-methyl;Parathion-methyl;VLAB-CH-TP-614;GC-MS/MS;0.003 mg/kg;0.01 mg/kg;72;;; 315.000 ; 840.000 
NÔNG SẢN & SẢN PHẨM NÔNG SẢN;NÔNG SẢN & SẢN PHẨM NÔNG SẢN;PES-GC-MS/MS;Pebulate;Pebulate;VLAB-CH-TP-614;GC-MS/MS;0.003 mg/kg;0.01 mg/kg;72;;; 315.000 ; 840.000 
NÔNG SẢN & SẢN PHẨM NÔNG SẢN;NÔNG SẢN & SẢN PHẨM NÔNG SẢN;PES-GC-MS/MS;Penconazole;Penconazole;VLAB-CH-TP-614;GC-MS/MS;0.003 mg/kg;0.01 mg/kg;72;;; 315.000 ; 840.000 
NÔNG SẢN & SẢN PHẨM NÔNG SẢN;NÔNG SẢN & SẢN PHẨM NÔNG SẢN;PES-GC-MS/MS;Pencycuron (Monceren);Pencycuron (Monceren);VLAB-CH-TP-614;GC-MS/MS;0.003 mg/kg;0.01 mg/kg;72;;; 315.000 ; 840.000 
NÔNG SẢN & SẢN PHẨM NÔNG SẢN;NÔNG SẢN & SẢN PHẨM NÔNG SẢN;PES-GC-MS/MS;Pendimethalin;Pendimethalin;VLAB-CH-TP-614;GC-MS/MS;0.003 mg/kg;0.01 mg/kg;72;;; 315.000 ; 840.000 
NÔNG SẢN & SẢN PHẨM NÔNG SẢN;NÔNG SẢN & SẢN PHẨM NÔNG SẢN;PES-GC-MS/MS;Pentachloroaniline;Pentachloroaniline;VLAB-CH-TP-614;GC-MS/MS;0.003 mg/kg;0.01 mg/kg;72;;; 315.000 ; 840.000 
NÔNG SẢN & SẢN PHẨM NÔNG SẢN;NÔNG SẢN & SẢN PHẨM NÔNG SẢN;PES-GC-MS/MS;Pentachloroanisole;Pentachloroanisole;VLAB-CH-TP-614;GC-MS/MS;0.003 mg/kg;0.01 mg/kg;72;;; 315.000 ; 840.000 
NÔNG SẢN & SẢN PHẨM NÔNG SẢN;NÔNG SẢN & SẢN PHẨM NÔNG SẢN;PES-GC-MS/MS;Pentachlorobenzene;Pentachlorobenzene;VLAB-CH-TP-614;GC-MS/MS;0.003 mg/kg;0.01 mg/kg;72;;; 315.000 ; 840.000 
NÔNG SẢN & SẢN PHẨM NÔNG SẢN;NÔNG SẢN & SẢN PHẨM NÔNG SẢN;PES-GC-MS/MS;Pentachlorobenzonitrile;Pentachlorobenzonitrile;VLAB-CH-TP-614;GC-MS/MS;0.003 mg/kg;0.01 mg/kg;72;;; 315.000 ; 840.000 
NÔNG SẢN & SẢN PHẨM NÔNG SẢN;NÔNG SẢN & SẢN PHẨM NÔNG SẢN;PES-GC-MS/MS;Pentachloronitrobenzene;Pentachloronitrobenzene;VLAB-CH-TP-614;GC-MS/MS;0.003 mg/kg;0.01 mg/kg;72;;; 315.000 ; 840.000 
NÔNG SẢN & SẢN PHẨM NÔNG SẢN;NÔNG SẢN & SẢN PHẨM NÔNG SẢN;PES-GC-MS/MS;Pentachlorothioanisole;Pentachlorothioanisole;VLAB-CH-TP-614;GC-MS/MS;0.003 mg/kg;0.01 mg/kg;72;;; 315.000 ; 840.000 
NÔNG SẢN & SẢN PHẨM NÔNG SẢN;NÔNG SẢN & SẢN PHẨM NÔNG SẢN;PES-GC-MS/MS;Permethrin-cis-trans;Permethrin-cis-trans;VLAB-CH-TP-614;GC-MS/MS;0.003 mg/kg;0.01 mg/kg;72;;; 315.000 ; 840.000 
NÔNG SẢN & SẢN PHẨM NÔNG SẢN;NÔNG SẢN & SẢN PHẨM NÔNG SẢN;PES-GC-MS/MS;Phenothrin;Phenothrin;VLAB-CH-TP-614;GC-MS/MS;0.003 mg/kg;0.01 mg/kg;72;;; 315.000 ; 840.000 
NÔNG SẢN & SẢN PHẨM NÔNG SẢN;NÔNG SẢN & SẢN PHẨM NÔNG SẢN;PES-GC-MS/MS;Phenthoate;Phenthoate;VLAB-CH-TP-614;GC-MS/MS;0.003 mg/kg;0.01 mg/kg;72;;; 315.000 ; 840.000 
NÔNG SẢN & SẢN PHẨM NÔNG SẢN;NÔNG SẢN & SẢN PHẨM NÔNG SẢN;PES-GC-MS/MS;Phorate;Phorate;VLAB-CH-TP-614;GC-MS/MS;0.003 mg/kg;0.01 mg/kg;72;;; 315.000 ; 840.000 
NÔNG SẢN & SẢN PHẨM NÔNG SẢN;NÔNG SẢN & SẢN PHẨM NÔNG SẢN;PES-GC-MS/MS;Phorate sulfone;Phorate sulfone;VLAB-CH-TP-614;GC-MS/MS;0.003 mg/kg;0.01 mg/kg;72;;; 315.000 ; 840.000 
NÔNG SẢN & SẢN PHẨM NÔNG SẢN;NÔNG SẢN & SẢN PHẨM NÔNG SẢN;PES-GC-MS/MS;Phosalone;Phosalone;VLAB-CH-TP-614;GC-MS/MS;0.003 mg/kg;0.01 mg/kg;72;;; 315.000 ; 840.000 
NÔNG SẢN & SẢN PHẨM NÔNG SẢN;NÔNG SẢN & SẢN PHẨM NÔNG SẢN;PES-GC-MS/MS;Picolinafen;Picolinafen;VLAB-CH-TP-614;GC-MS/MS;0.003 mg/kg;0.01 mg/kg;72;;; 315.000 ; 840.000 
NÔNG SẢN & SẢN PHẨM NÔNG SẢN;NÔNG SẢN & SẢN PHẨM NÔNG SẢN;PES-GC-MS/MS;Piperonyl butoxide;Piperonyl butoxide;VLAB-CH-TP-614;GC-MS/MS;0.003 mg/kg;0.01 mg/kg;72;;; 315.000 ; 840.000 
NÔNG SẢN & SẢN PHẨM NÔNG SẢN;NÔNG SẢN & SẢN PHẨM NÔNG SẢN;PES-GC-MS/MS;Piperophos;Piperophos;VLAB-CH-TP-614;GC-MS/MS;0.003 mg/kg;0.01 mg/kg;72;;; 315.000 ; 840.000 
NÔNG SẢN & SẢN PHẨM NÔNG SẢN;NÔNG SẢN & SẢN PHẨM NÔNG SẢN;PES-GC-MS/MS;Pirimiphos-ethyl;Pirimiphos-ethyl;VLAB-CH-TP-614;GC-MS/MS;0.003 mg/kg;0.01 mg/kg;72;;; 315.000 ; 840.000 
NÔNG SẢN & SẢN PHẨM NÔNG SẢN;NÔNG SẢN & SẢN PHẨM NÔNG SẢN;PES-GC-MS/MS;Pirimiphos-methyl;Pirimiphos-methyl;VLAB-CH-TP-614;GC-MS/MS;0.003 mg/kg;0.01 mg/kg;72;;; 315.000 ; 840.000 
NÔNG SẢN & SẢN PHẨM NÔNG SẢN;NÔNG SẢN & SẢN PHẨM NÔNG SẢN;PES-GC-MS/MS;Pretilachlor;Pretilachlor;VLAB-CH-TP-614;GC-MS/MS;0.003 mg/kg;0.01 mg/kg;72;;; 315.000 ; 840.000 
NÔNG SẢN & SẢN PHẨM NÔNG SẢN;NÔNG SẢN & SẢN PHẨM NÔNG SẢN;PES-GC-MS/MS;Procymidone;Procymidone;VLAB-CH-TP-614;GC-MS/MS;0.003 mg/kg;0.01 mg/kg;72;;; 315.000 ; 840.000 
NÔNG SẢN & SẢN PHẨM NÔNG SẢN;NÔNG SẢN & SẢN PHẨM NÔNG SẢN;PES-GC-MS/MS;Prodiamine;Prodiamine;VLAB-CH-TP-614;GC-MS/MS;0.003 mg/kg;0.01 mg/kg;72;;; 315.000 ; 840.000 
NÔNG SẢN & SẢN PHẨM NÔNG SẢN;NÔNG SẢN & SẢN PHẨM NÔNG SẢN;PES-GC-MS/MS;Profenofos;Profenofos;VLAB-CH-TP-614;GC-MS/MS;0.003 mg/kg;0.01 mg/kg;72;;; 315.000 ; 840.000 
NÔNG SẢN & SẢN PHẨM NÔNG SẢN;NÔNG SẢN & SẢN PHẨM NÔNG SẢN;PES-GC-MS/MS;Profluralin;Profluralin;VLAB-CH-TP-614;GC-MS/MS;0.003 mg/kg;0.01 mg/kg;72;;; 315.000 ; 840.000 
NÔNG SẢN & SẢN PHẨM NÔNG SẢN;NÔNG SẢN & SẢN PHẨM NÔNG SẢN;PES-GC-MS/MS;Propachlor;Propachlor;VLAB-CH-TP-614;GC-MS/MS;0.003 mg/kg;0.01 mg/kg;72;;; 315.000 ; 840.000 
NÔNG SẢN & SẢN PHẨM NÔNG SẢN;NÔNG SẢN & SẢN PHẨM NÔNG SẢN;PES-GC-MS/MS;Propanil;Propanil;VLAB-CH-TP-614;GC-MS/MS;0.003 mg/kg;0.01 mg/kg;72;;; 315.000 ; 840.000 
NÔNG SẢN & SẢN PHẨM NÔNG SẢN;NÔNG SẢN & SẢN PHẨM NÔNG SẢN;PES-GC-MS/MS;Propargite;Propargite;VLAB-CH-TP-614;GC-MS/MS;0.003 mg/kg;0.01 mg/kg;72;;; 315.000 ; 840.000 
NÔNG SẢN & SẢN PHẨM NÔNG SẢN;NÔNG SẢN & SẢN PHẨM NÔNG SẢN;PES-GC-MS/MS;Propazine;Propazine;VLAB-CH-TP-614;GC-MS/MS;0.003 mg/kg;0.01 mg/kg;72;;; 315.000 ; 840.000 
NÔNG SẢN & SẢN PHẨM NÔNG SẢN;NÔNG SẢN & SẢN PHẨM NÔNG SẢN;PES-GC-MS/MS;Propetamphos;Propetamphos;VLAB-CH-TP-614;GC-MS/MS;0.003 mg/kg;0.01 mg/kg;72;;; 315.000 ; 840.000 
NÔNG SẢN & SẢN PHẨM NÔNG SẢN;NÔNG SẢN & SẢN PHẨM NÔNG SẢN;PES-GC-MS/MS;Propham;Propham;VLAB-CH-TP-614;GC-MS/MS;0.003 mg/kg;0.01 mg/kg;72;;; 315.000 ; 840.000 
NÔNG SẢN & SẢN PHẨM NÔNG SẢN;NÔNG SẢN & SẢN PHẨM NÔNG SẢN;PES-GC-MS/MS;Propisochlor;Propisochlor;VLAB-CH-TP-614;GC-MS/MS;0.003 mg/kg;0.01 mg/kg;72;;; 315.000 ; 840.000 
NÔNG SẢN & SẢN PHẨM NÔNG SẢN;NÔNG SẢN & SẢN PHẨM NÔNG SẢN;PES-GC-MS/MS;Propyzamide;Propyzamide;VLAB-CH-TP-614;GC-MS/MS;0.003 mg/kg;0.01 mg/kg;72;;; 315.000 ; 840.000 
NÔNG SẢN & SẢN PHẨM NÔNG SẢN;NÔNG SẢN & SẢN PHẨM NÔNG SẢN;PES-GC-MS/MS;Prothiofos;Prothiofos;VLAB-CH-TP-614;GC-MS/MS;0.003 mg/kg;0.01 mg/kg;72;;; 315.000 ; 840.000 
NÔNG SẢN & SẢN PHẨM NÔNG SẢN;NÔNG SẢN & SẢN PHẨM NÔNG SẢN;PES-GC-MS/MS;Pyraclofos;Pyraclofos;VLAB-CH-TP-614;GC-MS/MS;0.003 mg/kg;0.01 mg/kg;72;;; 315.000 ; 840.000 
NÔNG SẢN & SẢN PHẨM NÔNG SẢN;NÔNG SẢN & SẢN PHẨM NÔNG SẢN;PES-GC-MS/MS;Pyrazophos;Pyrazophos;VLAB-CH-TP-614;GC-MS/MS;0.003 mg/kg;0.01 mg/kg;72;;; 315.000 ; 840.000 
NÔNG SẢN & SẢN PHẨM NÔNG SẢN;NÔNG SẢN & SẢN PHẨM NÔNG SẢN;PES-GC-MS/MS;Pyridaben;Pyridaben;VLAB-CH-TP-614;GC-MS/MS;0.003 mg/kg;0.01 mg/kg;72;;; 315.000 ; 840.000 
NÔNG SẢN & SẢN PHẨM NÔNG SẢN;NÔNG SẢN & SẢN PHẨM NÔNG SẢN;PES-GC-MS/MS;Pyridaphenthion;Pyridaphenthion;VLAB-CH-TP-614;GC-MS/MS;0.003 mg/kg;0.01 mg/kg;72;;; 315.000 ; 840.000 
NÔNG SẢN & SẢN PHẨM NÔNG SẢN;NÔNG SẢN & SẢN PHẨM NÔNG SẢN;PES-GC-MS/MS;Pyrifenox;Pyrifenox;VLAB-CH-TP-614;GC-MS/MS;0.003 mg/kg;0.01 mg/kg;72;;; 315.000 ; 840.000 
NÔNG SẢN & SẢN PHẨM NÔNG SẢN;NÔNG SẢN & SẢN PHẨM NÔNG SẢN;PES-GC-MS/MS;Pyrimethanil;Pyrimethanil;VLAB-CH-TP-614;GC-MS/MS;0.003 mg/kg;0.01 mg/kg;72;;; 315.000 ; 840.000 
NÔNG SẢN & SẢN PHẨM NÔNG SẢN;NÔNG SẢN & SẢN PHẨM NÔNG SẢN;PES-GC-MS/MS;Pyriproxyfen;Pyriproxyfen;VLAB-CH-TP-614;GC-MS/MS;0.003 mg/kg;0.01 mg/kg;72;;; 315.000 ; 840.000 
NÔNG SẢN & SẢN PHẨM NÔNG SẢN;NÔNG SẢN & SẢN PHẨM NÔNG SẢN;PES-GC-MS/MS;Pyroquilon;Pyroquilon;VLAB-CH-TP-614;GC-MS/MS;0.003 mg/kg;0.01 mg/kg;72;;; 315.000 ; 840.000 
NÔNG SẢN & SẢN PHẨM NÔNG SẢN;NÔNG SẢN & SẢN PHẨM NÔNG SẢN;PES-GC-MS/MS;Quinalphos;Quinalphos;VLAB-CH-TP-614;GC-MS/MS;0.003 mg/kg;0.01 mg/kg;72;;; 315.000 ; 840.000 
NÔNG SẢN & SẢN PHẨM NÔNG SẢN;NÔNG SẢN & SẢN PHẨM NÔNG SẢN;PES-GC-MS/MS;Quintozene (Pentachloronitrobenzene);Quintozene (Pentachloronitrobenzene);VLAB-CH-TP-614;GC-MS/MS;0.003 mg/kg;0.01 mg/kg;72;;; 315.000 ; 840.000 
NÔNG SẢN & SẢN PHẨM NÔNG SẢN;NÔNG SẢN & SẢN PHẨM NÔNG SẢN;PES-GC-MS/MS;Ronnel (Fenchlorphos);Ronnel (Fenchlorphos);VLAB-CH-TP-614;GC-MS/MS;0.003 mg/kg;0.01 mg/kg;72;;; 315.000 ; 840.000 
NÔNG SẢN & SẢN PHẨM NÔNG SẢN;NÔNG SẢN & SẢN PHẨM NÔNG SẢN;PES-GC-MS/MS;Simazine;Simazine;VLAB-CH-TP-614;GC-MS/MS;0.003 mg/kg;0.01 mg/kg;72;;; 315.000 ; 840.000 
NÔNG SẢN & SẢN PHẨM NÔNG SẢN;NÔNG SẢN & SẢN PHẨM NÔNG SẢN;PES-GC-MS/MS;Simeconazole;Simeconazole;VLAB-CH-TP-614;GC-MS/MS;0.003 mg/kg;0.01 mg/kg;72;;; 315.000 ; 840.000 
NÔNG SẢN & SẢN PHẨM NÔNG SẢN;NÔNG SẢN & SẢN PHẨM NÔNG SẢN;PES-GC-MS/MS;Sulfotep;Sulfotep;VLAB-CH-TP-614;GC-MS/MS;0.003 mg/kg;0.01 mg/kg;72;;; 315.000 ; 840.000 
NÔNG SẢN & SẢN PHẨM NÔNG SẢN;NÔNG SẢN & SẢN PHẨM NÔNG SẢN;PES-GC-MS/MS;Sulprofos;Sulprofos;VLAB-CH-TP-614;GC-MS/MS;0.003 mg/kg;0.01 mg/kg;72;;; 315.000 ; 840.000 
NÔNG SẢN & SẢN PHẨM NÔNG SẢN;NÔNG SẢN & SẢN PHẨM NÔNG SẢN;PES-GC-MS/MS;tau-Fluvalinate;tau-Fluvalinate;VLAB-CH-TP-614;GC-MS/MS;0.003 mg/kg;0.01 mg/kg;72;;; 315.000 ; 840.000 
NÔNG SẢN & SẢN PHẨM NÔNG SẢN;NÔNG SẢN & SẢN PHẨM NÔNG SẢN;PES-GC-MS/MS;Tebufenpyrad;Tebufenpyrad;VLAB-CH-TP-614;GC-MS/MS;0.003 mg/kg;0.01 mg/kg;72;;; 315.000 ; 840.000 
NÔNG SẢN & SẢN PHẨM NÔNG SẢN;NÔNG SẢN & SẢN PHẨM NÔNG SẢN;PES-GC-MS/MS;Tebupirimfos;Tebupirimfos;VLAB-CH-TP-614;GC-MS/MS;0.003 mg/kg;0.01 mg/kg;72;;; 315.000 ; 840.000 
NÔNG SẢN & SẢN PHẨM NÔNG SẢN;NÔNG SẢN & SẢN PHẨM NÔNG SẢN;PES-GC-MS/MS;Tecnazene;Tecnazene;VLAB-CH-TP-614;GC-MS/MS;0.003 mg/kg;0.01 mg/kg;72;;; 315.000 ; 840.000 
NÔNG SẢN & SẢN PHẨM NÔNG SẢN;NÔNG SẢN & SẢN PHẨM NÔNG SẢN;PES-GC-MS/MS;Tefluthrin;Tefluthrin;VLAB-CH-TP-614;GC-MS/MS;0.003 mg/kg;0.01 mg/kg;72;;; 315.000 ; 840.000 
NÔNG SẢN & SẢN PHẨM NÔNG SẢN;NÔNG SẢN & SẢN PHẨM NÔNG SẢN;PES-GC-MS/MS;Terbacil;Terbacil;VLAB-CH-TP-614;GC-MS/MS;0.003 mg/kg;0.01 mg/kg;72;;; 315.000 ; 840.000 
NÔNG SẢN & SẢN PHẨM NÔNG SẢN;NÔNG SẢN & SẢN PHẨM NÔNG SẢN;PES-GC-MS/MS;Terbufos;Terbufos;VLAB-CH-TP-614;GC-MS/MS;0.003 mg/kg;0.01 mg/kg;72;;; 315.000 ; 840.000 
NÔNG SẢN & SẢN PHẨM NÔNG SẢN;NÔNG SẢN & SẢN PHẨM NÔNG SẢN;PES-GC-MS/MS;Terbumeton;Terbumeton;VLAB-CH-TP-614;GC-MS/MS;0.003 mg/kg;0.01 mg/kg;72;;; 315.000 ; 840.000 
NÔNG SẢN & SẢN PHẨM NÔNG SẢN;NÔNG SẢN & SẢN PHẨM NÔNG SẢN;PES-GC-MS/MS;Terbuthylazine;Terbuthylazine;VLAB-CH-TP-614;GC-MS/MS;0.003 mg/kg;0.01 mg/kg;72;;; 315.000 ; 840.000 
NÔNG SẢN & SẢN PHẨM NÔNG SẢN;NÔNG SẢN & SẢN PHẨM NÔNG SẢN;PES-GC-MS/MS;Tetradifon;Tetradifon;VLAB-CH-TP-614;GC-MS/MS;0.003 mg/kg;0.01 mg/kg;72;;; 315.000 ; 840.000 
NÔNG SẢN & SẢN PHẨM NÔNG SẢN;NÔNG SẢN & SẢN PHẨM NÔNG SẢN;PES-GC-MS/MS;Tetramethrin;Tetramethrin;VLAB-CH-TP-614;GC-MS/MS;0.003 mg/kg;0.01 mg/kg;72;;; 315.000 ; 840.000 
NÔNG SẢN & SẢN PHẨM NÔNG SẢN;NÔNG SẢN & SẢN PHẨM NÔNG SẢN;PES-GC-MS/MS;Tetrasul;Tetrasul;VLAB-CH-TP-614;GC-MS/MS;0.003 mg/kg;0.01 mg/kg;72;;; 315.000 ; 840.000 
NÔNG SẢN & SẢN PHẨM NÔNG SẢN;NÔNG SẢN & SẢN PHẨM NÔNG SẢN;PES-GC-MS/MS;Thiazopyr;Thiazopyr;VLAB-CH-TP-614;GC-MS/MS;0.003 mg/kg;0.01 mg/kg;72;;; 315.000 ; 840.000 
NÔNG SẢN & SẢN PHẨM NÔNG SẢN;NÔNG SẢN & SẢN PHẨM NÔNG SẢN;PES-GC-MS/MS;Tolclofos-methyl;Tolclofos-methyl;VLAB-CH-TP-614;GC-MS/MS;0.003 mg/kg;0.01 mg/kg;72;;; 315.000 ; 840.000 
NÔNG SẢN & SẢN PHẨM NÔNG SẢN;NÔNG SẢN & SẢN PHẨM NÔNG SẢN;PES-GC-MS/MS;trans-Chlordane;trans-Chlordane;VLAB-CH-TP-614;GC-MS/MS;0.003 mg/kg;0.01 mg/kg;72;;; 315.000 ; 840.000 
NÔNG SẢN & SẢN PHẨM NÔNG SẢN;NÔNG SẢN & SẢN PHẨM NÔNG SẢN;PES-GC-MS/MS;Transfluthrin;Transfluthrin;VLAB-CH-TP-614;GC-MS/MS;0.003 mg/kg;0.01 mg/kg;72;;; 315.000 ; 840.000 
NÔNG SẢN & SẢN PHẨM NÔNG SẢN;NÔNG SẢN & SẢN PHẨM NÔNG SẢN;PES-GC-MS/MS;trans-Nonachlor;trans-Nonachlor;VLAB-CH-TP-614;GC-MS/MS;0.003 mg/kg;0.01 mg/kg;72;;; 315.000 ; 840.000 
NÔNG SẢN & SẢN PHẨM NÔNG SẢN;NÔNG SẢN & SẢN PHẨM NÔNG SẢN;PES-GC-MS/MS;Triadimefon;Triadimefon;VLAB-CH-TP-614;GC-MS/MS;0.003 mg/kg;0.01 mg/kg;72;;; 315.000 ; 840.000 
NÔNG SẢN & SẢN PHẨM NÔNG SẢN;NÔNG SẢN & SẢN PHẨM NÔNG SẢN;PES-GC-MS/MS;Triadimenol;Triadimenol;VLAB-CH-TP-614;GC-MS/MS;0.003 mg/kg;0.01 mg/kg;72;;; 315.000 ; 840.000 
NÔNG SẢN & SẢN PHẨM NÔNG SẢN;NÔNG SẢN & SẢN PHẨM NÔNG SẢN;PES-GC-MS/MS;Triallate;Triallate;VLAB-CH-TP-614;GC-MS/MS;0.003 mg/kg;0.01 mg/kg;72;;; 315.000 ; 840.000 
NÔNG SẢN & SẢN PHẨM NÔNG SẢN;NÔNG SẢN & SẢN PHẨM NÔNG SẢN;PES-GC-MS/MS;Triazophos;Triazophos;VLAB-CH-TP-614;GC-MS/MS;0.003 mg/kg;0.01 mg/kg;72;;; 315.000 ; 840.000 
NÔNG SẢN & SẢN PHẨM NÔNG SẢN;NÔNG SẢN & SẢN PHẨM NÔNG SẢN;PES-GC-MS/MS;Triflumizole;Triflumizole;VLAB-CH-TP-614;GC-MS/MS;0.003 mg/kg;0.01 mg/kg;72;;; 315.000 ; 840.000 
NÔNG SẢN & SẢN PHẨM NÔNG SẢN;NÔNG SẢN & SẢN PHẨM NÔNG SẢN;PES-GC-MS/MS;Trifluralin;Trifluralin;VLAB-CH-TP-614;GC-MS/MS;0.003 mg/kg;0.01 mg/kg;72;;; 315.000 ; 840.000 
NÔNG SẢN & SẢN PHẨM NÔNG SẢN;NÔNG SẢN & SẢN PHẨM NÔNG SẢN;PES-GC-MS/MS;Vinclozolin;Vinclozolin;VLAB-CH-TP-614;GC-MS/MS;0.003 mg/kg;0.01 mg/kg;72;;; 315.000 ; 840.000 
NÔNG SẢN & SẢN PHẨM NÔNG SẢN;NÔNG SẢN & SẢN PHẨM NÔNG SẢN;PES-GC-MS/MS;Fipronil disulfinyl;Fipronil disulfinyl;VLAB-CH-TP-614;GC-MS/MS;0.003 mg/kg;0.01 mg/kg;72;;; 315.000 ; 840.000 
NÔNG SẢN & SẢN PHẨM NÔNG SẢN;NÔNG SẢN & SẢN PHẨM NÔNG SẢN;;Nhóm Dithiocarbamate qui ra CS2;Dithiocarbamate after conversion to CS2;VLAB-CH-TP-653;GC-MS/MS;3.33 µg/kg;10 µg/kg;72;;; 560.000 ; NA 
NÔNG SẢN & SẢN PHẨM NÔNG SẢN;NÔNG SẢN & SẢN PHẨM NÔNG SẢN;;Hàm lượng xơ thô;Crude fiber content;TCVN 5103:1990;-;;0,30%;96;;; 140.000 ; NA 
NÔNG SẢN & SẢN PHẨM NÔNG SẢN;Rau củ quả;;Định lượng nấm men và nấm mốc;"Enumeration of 
yeasts and moulds ";VLAB-MI-TP-013;Đếm khuẩn lạc;CFU/g;<10;120;;; 70.000 ;NA
NÔNG SẢN & SẢN PHẨM NÔNG SẢN;Rong biển;;Hàm lượng Asen vô cơ;Inorganic Arsenic (As) content;VLAB-CH-TP-425;ICP-MS;;0.05 mg/kg;72;;; 140.000 ; NA 
NÔNG SẢN & SẢN PHẨM NÔNG SẢN;Sản phẩm cà phê;;Cafein (Caffein);Caffein;TCVN 9723:2013;HPLC-UV;-;100 mg/kg;72;;; 350.000 ; NA 
NÔNG SẢN & SẢN PHẨM NÔNG SẢN;Sản phẩm nghiền từ ngũ cốc;;Độ acid béo (SPNNC);Fatty acid Value (SPNNC);TCVN 8800: 2011;Chuẩn độ;;3 mg KOH/100g;120;;; 140.000 ; NA 
NÔNG SẢN & SẢN PHẨM NÔNG SẢN;Sản phẩm ngũ cốc dạng sợi ăn liền;;Độ ẩm;Moisture content;TCVN 7879: 2008;Sấy;;0,30%;96;;; 120.000 ; NA 
NÔNG SẢN & SẢN PHẨM NÔNG SẢN;Thực vật biến đổi gen và sản phẩm có nguồn gốc từ thực vật;;Phát hiện sản phẩm biến đổi gen dựa trên trình tự promoter 35S-CaMV;;VLAB-MI-TP-089;PCR;/sample;;72;;; 1.400.000 ;NA
NÔNG SẢN & SẢN PHẨM NÔNG SẢN;Thực vật biến đổi gen và sản phẩm có nguồn gốc từ thực vật;;Phát hiện sản phẩm biến đổi gen dựa trên trình tự Terminator NOS;;VLAB-MI-TP-089;PCR;/sample;;72;;; 1.400.000 ;NA
NÔNG SẢN & SẢN PHẨM NÔNG SẢN;Thực vật biến đổi gen và sản phẩm có nguồn gốc từ thực vật;;Phát hiện sản phẩm biến đổi gen dựa trên trình tự promoter 34S-FMV;;VLAB-MI-TP-90;PCR;/sample;;72;;; 1.400.000 ;NA
NÔNG SẢN & SẢN PHẨM NÔNG SẢN;Thực vật biến đổi gen và sản phẩm có nguồn gốc từ thực vật;;Phát hiện sản phẩm biến đổi gen dựa trên trình tự promoter 35S-CaMV;;VLAB-MI-TP-91;PCR;/sample;;72;;; 1.400.000 ;NA
NÔNG SẢN & SẢN PHẨM NÔNG SẢN;Thực vật biến đổi gen và sản phẩm có nguồn gốc từ thực vật;;Phát hiện sản phẩm biến đổi gen dựa trên trình tự T-nos ;;VLAB-MI-TP-092;Realtime PCR ;/sample;;72;;; 1.400.000 ;NA
NÔNG SẢN & SẢN PHẨM NÔNG SẢN;Tinh bột;;Độ ẩm;Moisture content;TCVN 9934:2013;-;;0,10%;72;;; 120.000 ; NA 
NÔNG SẢN & SẢN PHẨM NÔNG SẢN;Tinh bột;;Hàm lượng Tro tổng;Total ash content;TCVN 9939:2013;-;;0,10%;72;;; 200.000 ; NA 
NÔNG SẢN & SẢN PHẨM NÔNG SẢN;Tinh bột;;Hàm lượng Xơ thô;Crude fiber content;TCVN 4998: 1989;-;;0,10%;72;;; 200.000 ; NA 
NÔNG SẢN & SẢN PHẨM NÔNG SẢN;Tinh bột;;pH;pH Value;AOAC 943.02;-;;-;72;;; 70.000 ; NA 
NÔNG SẢN & SẢN PHẨM NÔNG SẢN;Tinh bột;;Hàm lượng tro sunfat;Sulfated ash content;TCVN 9940:2013;Chuẩn độ;;0,10%;72;;; 200.000 ; NA 
NÔNG SẢN & SẢN PHẨM NÔNG SẢN;Tinh bột;;Cỡ hạt (150mcm);Particle size;VLAB-CH-TP-355;-;;-;72;;; 140.000 ; NA 
NÔNG SẢN & SẢN PHẨM NÔNG SẢN;Trà (Chè);;Cafein (Caffein);Caffein;TCVN 9744:2013;HPLC-UV;-;100 mg/kg;72;;; 350.000 ; NA 
NÔNG SẢN & SẢN PHẨM NÔNG SẢN;Trà (Chè);;Hàm lượng chất tan trong nước;Soluble mattter content;TCVN 5252:1990;Khối lượng;;0,10%;96;;; 140.000 ; NA 
NÔNG SẢN & SẢN PHẨM NÔNG SẢN;Trà (Chè);;Hao hụt khối lượng ở 103oC hoặc độ ẩm;Moisture content;TCVN 5613:2007;Sấy;;0,30%;96;;; 120.000 ; NA 
NÔNG SẢN & SẢN PHẨM NÔNG SẢN;Trà (Chè);;Hàm lượng chất chiết trong nước;Extract content in water;TCVN 5610:2007;Khối lượng;;0,10%;96;;; 140.000 ; NA 
NÔNG SẢN & SẢN PHẨM NÔNG SẢN;Trà (Chè);;Hàm lượng xơ thô;Crude fiber content;TCVN 5714:2007;Khối lượng;;0,30%;96;;; 140.000 ; NA 
NÔNG SẢN & SẢN PHẨM NÔNG SẢN;Trà (Chè);;Hàm lượng tro tổng;Total ash content;TCVN 5611:2007;Khối lượng;;0,10%;96;;; 140.000 ; NA 
NÔNG SẢN & SẢN PHẨM NÔNG SẢN;Trà (Chè);;Hàm lượng tro không tan trong HCl ;Insoluble ash in hydrochloric acid;TCVN 5612:2007;Khối lượng;;0,10%;96;;; 140.000 ; NA 
NÔNG SẢN & SẢN PHẨM NÔNG SẢN;Trà (Chè);;Hàm lượng tro tan và tro không tan trong nước;Water - soluble ash and water-insoluble ash;TCVN 5084:2007;-;;0,10%;120;;; 140.000 ; NA 
NÔNG SẢN & SẢN PHẨM NÔNG SẢN;Trà (Chè);;Độ kiềm của tro tan trong nước;Alkalinity of watersoluble ash;VLAB-CH- TP-133;Chuẩn độ;;-;120;;; 140.000 ; NA 
NÔNG SẢN & SẢN PHẨM NÔNG SẢN;Trà (Chè);;Hàm lượng Asen vô cơ;Inorganic Arsenic (As) content;VLAB-CH-TP-425;ICP-MS;;0.05 mg/kg;72;;; 140.000 ; NA 
NƯỚC ĂN UỐNG; Bia;;Định lượng  tổng vi sinh vật hiếu khí;"Enumeration of aerobic microorganism
";VLAB-MI-TP-005;Đếm khuẩn lạc;CFU/ml;<1;72;;; 70.000 ;NA
NƯỚC ĂN UỐNG; Bia;;Định lượng Coliforms;Enumeration of Colifoms;VLAB-MI-TP-001;Đếm khuẩn lạc;CFU/ml;<1;48;;; 70.000 ;NA
NƯỚC ĂN UỐNG; Bia;;Định lượng nấm men và nấm mốc;"Enumeration of 
yeasts and moulds ";VLAB-MI-TP-013;Đếm khuẩn lạc;CFU/ml;<1;120;;; 70.000 ;NA
NƯỚC ĂN UỐNG; Bia;;Định lượng Clostridium perfringens;Enumeration of  Clostridium perfringens;VLAB-MI-TP-017;Đếm khuẩn lạc;CFU/ml;<1;48;;; 70.000 ;NA
NƯỚC ĂN UỐNG;Bia;;Định lượng E.coli dương tính với β-glucuronidase;Enumeration Escherichia coli  β-glucuronidase positive;VLAB-MI-TP-002;Đếm khuẩn lạc;CFU/ml;<1;48;;; 70.000 ;NA
NƯỚC ĂN UỐNG;Đồ uống;;Ethanol;Ethanol;VLAB-CH-TP-610;GC-FID;0,03%;0,10%;96;;; 350.000 ; NA 
NƯỚC ĂN UỐNG;Đồ uống;;Acetaldehyde;Acetaldehyde;VLAB-CH-TP-611;GC-FID;3.33 mg/kg;10 mg/kg;72;;; 350.000 ; NA 
NƯỚC ĂN UỐNG;Đồ uống;;ethyl acetate;ethyl acetate;VLAB-CH-TP-611;GC-FID;3.33 mg/kg;10 mg/kg;72;;; 350.000 ; NA 
NƯỚC ĂN UỐNG;Đồ uống;;1-propanol;1-propanol;VLAB-CH-TP-611;GC-FID;3.33 mg/kg;10 mg/kg;72;;; 350.000 ; NA 
NƯỚC ĂN UỐNG;Đồ uống;;2-methyl-1-propanol;2-methyl-1-propanol;VLAB-CH-TP-611;GC-FID;3.33 mg/kg;10 mg/kg;72;;; 350.000 ; NA 
NƯỚC ĂN UỐNG;Đồ uống;;Furfural;Furfural;VLAB-CH-TP-611;GC-FID;3.33 mg/kg;10 mg/kg;72;;; 350.000 ; NA 
NƯỚC ĂN UỐNG;Đồ uống có cồn;;Hàm lượng Diacetyl;Diacetyl content;TCVN 6058: 1995;-;;0.01 mg/L;120;;; 350.000 ; NA 
NƯỚC ĂN UỐNG;Nước;;Bisphenol A (phenol, tert butyl phenol);Bisphenol A (phenol, tert butyl phenol);VLAB-CH-TP-772;LC-MS/MS;;0.3 µg/mL;72;;; 350.000 ; NA 
NƯỚC ĂN UỐNG;Nước;PHENOXY ACID HERBICIDES;2,4,5-T;2,4,5-T;VLAB-CH-TP-660;LC-MS/MS;3.33 µg/kg;10 µg/L;72;;; 315.000 ; 840.000 
NƯỚC ĂN UỐNG;Nước;PHENOXY ACID HERBICIDES;Dichloprop;Dichloprop;VLAB-CH-TP-660;LC-MS/MS;3.33 µg/L;10 µg/L;72;;; 315.000 ; 840.000 
NƯỚC ĂN UỐNG;Nước;PHENOXY ACID HERBICIDES;Fenoprop;Fenoprop;VLAB-CH-TP-660;LC-MS/MS;3.33 µg/L;10 µg/L;72;;; 315.000 ; 840.000 
NƯỚC ĂN UỐNG;Nước;PHENOXY ACID HERBICIDES;2,4D;2,4D;VLAB-CH-TP-660;LC-MS/MS;3.33 µg/L;10 µg/L;72;;; 315.000 ; 840.000 
NƯỚC ĂN UỐNG;Nước;PHENOXY ACID HERBICIDES;2,4-DB;2,4-DB;VLAB-CH-TP-660;LC-MS/MS;3.33 µg/L;10 µg/L;72;;; 315.000 ; 840.000 
NƯỚC ĂN UỐNG;Nước;PES-LC/MS/MS;Acephate;Acephate;VLAB-CH-TP-674;LC-MS/MS;0.003 mg/L;0.01 mg/L;72;;; 315.000 ; 840.000 
NƯỚC ĂN UỐNG;Nước;PES-LC/MS/MS;Acetamiprid;Acetamiprid;VLAB-CH-TP-674;LC-MS/MS;0.003 mg/L;0.01 mg/L;72;;; 315.000 ; 840.000 
NƯỚC ĂN UỐNG;Nước;PES-LC/MS/MS;Acibenzolar-S-methyl;Acibenzolar-S-methyl;VLAB-CH-TP-674;LC-MS/MS;0.003 mg/L;0.01 mg/L;72;;; 315.000 ; 840.000 
NƯỚC ĂN UỐNG;Nước;PES-LC/MS/MS;Albendazole;Albendazole;VLAB-CH-TP-674;LC-MS/MS;0.003 mg/L;0.01 mg/L;72;;; 315.000 ; 840.000 
NƯỚC ĂN UỐNG;Nước;PES-LC/MS/MS;Aldicarb;Aldicarb;VLAB-CH-TP-674;LC-MS/MS;0.003 mg/L;0.01 mg/L;72;;; 315.000 ; 840.000 
NƯỚC ĂN UỐNG;Nước;PES-LC/MS/MS;Aldicarb sulfone;Aldicarb sulfone;VLAB-CH-TP-674;LC-MS/MS;0.003 mg/L;0.01 mg/L;72;;; 315.000 ; 840.000 
NƯỚC ĂN UỐNG;Nước;PES-LC/MS/MS;Aldicarb sulfoxide;Aldicarb sulfoxide;VLAB-CH-TP-674;LC-MS/MS;0.003 mg/L;0.01 mg/L;72;;; 315.000 ; 840.000 
NƯỚC ĂN UỐNG;Nước;PES-LC/MS/MS;Ametryn;Ametryn;VLAB-CH-TP-674;LC-MS/MS;0.003 mg/L;0.01 mg/L;72;;; 315.000 ; 840.000 
NƯỚC ĂN UỐNG;Nước;PES-LC/MS/MS;Ametoctradin;Ametoctradin;VLAB-CH-TP-674;LC-MS/MS;0.003 mg/L;0.01 mg/L;72;;; 315.000 ; 840.000 
NƯỚC ĂN UỐNG;Nước;PES-LC/MS/MS;Aminocarb;Aminocarb;VLAB-CH-TP-674;LC-MS/MS;0.003 mg/L;0.01 mg/L;72;;; 315.000 ; 840.000 
NƯỚC ĂN UỐNG;Nước;PES-LC/MS/MS;Amitraz;Amitraz;VLAB-CH-TP-674;LC-MS/MS;0.003 mg/L;0.01 mg/L;72;;; 315.000 ; 840.000 
NƯỚC ĂN UỐNG;Nước;PES-LC/MS/MS;Azoxystrobin;Azoxystrobin;VLAB-CH-TP-674;LC-MS/MS;0.003 mg/L;0.01 mg/L;72;;; 315.000 ; 840.000 
NƯỚC ĂN UỐNG;Nước;PES-LC/MS/MS;Benalaxyl;Benalaxyl;VLAB-CH-TP-674;LC-MS/MS;0.003 mg/L;0.01 mg/L;72;;; 315.000 ; 840.000 
NƯỚC ĂN UỐNG;Nước;PES-LC/MS/MS;Bendiocarb;Bendiocarb;VLAB-CH-TP-674;LC-MS/MS;0.003 mg/L;0.01 mg/L;72;;; 315.000 ; 840.000 
NƯỚC ĂN UỐNG;Nước;PES-LC/MS/MS;Benomyl;Benomyl;VLAB-CH-TP-674;LC-MS/MS;0.003 mg/L;0.01 mg/L;72;;; 315.000 ; 840.000 
NƯỚC ĂN UỐNG;Nước;PES-LC/MS/MS;Benzoximate;Benzoximate;VLAB-CH-TP-674;LC-MS/MS;0.003 mg/L;0.01 mg/L;72;;; 315.000 ; 840.000 
NƯỚC ĂN UỐNG;Nước;PES-LC/MS/MS;Bifenazate;Bifenazate;VLAB-CH-TP-674;LC-MS/MS;0.003 mg/L;0.01 mg/L;72;;; 315.000 ; 840.000 
NƯỚC ĂN UỐNG;Nước;PES-LC/MS/MS;Bitertanol (Baycor);Bitertanol (Baycor);VLAB-CH-TP-674;LC-MS/MS;0.003 mg/L;0.01 mg/L;72;;; 315.000 ; 840.000 
NƯỚC ĂN UỐNG;Nước;PES-LC/MS/MS;Boscalid;Boscalid;VLAB-CH-TP-674;LC-MS/MS;0.003 mg/L;0.01 mg/L;72;;; 315.000 ; 840.000 
NƯỚC ĂN UỐNG;Nước;PES-LC/MS/MS;Bromuconazole;Bromuconazole;VLAB-CH-TP-674;LC-MS/MS;0.003 mg/L;0.01 mg/L;72;;; 315.000 ; 840.000 
NƯỚC ĂN UỐNG;Nước;PES-LC/MS/MS;Buprofezin;Buprofezin;VLAB-CH-TP-674;LC-MS/MS;0.003 mg/L;0.01 mg/L;72;;; 315.000 ; 840.000 
NƯỚC ĂN UỐNG;Nước;PES-LC/MS/MS;Bupirimate;Bupirimate;VLAB-CH-TP-674;LC-MS/MS;0.003 mg/L;0.01 mg/L;72;;; 315.000 ; 840.000 
NƯỚC ĂN UỐNG;Nước;PES-LC/MS/MS;Butafenacil;Butafenacil;VLAB-CH-TP-674;LC-MS/MS;0.003 mg/L;0.01 mg/L;72;;; 315.000 ; 840.000 
NƯỚC ĂN UỐNG;Nước;PES-LC/MS/MS;Butoxycarboxim;Butoxycarboxim;VLAB-CH-TP-674;LC-MS/MS;0.003 mg/L;0.01 mg/L;72;;; 315.000 ; 840.000 
NƯỚC ĂN UỐNG;Nước;PES-LC/MS/MS;Butocarboxim;Butocarboxim;VLAB-CH-TP-674;LC-MS/MS;0.003 mg/L;0.01 mg/L;72;;; 315.000 ; 840.000 
NƯỚC ĂN UỐNG;Nước;PES-LC/MS/MS;Carbaryl (sevin);Carbaryl (sevin);VLAB-CH-TP-674;LC-MS/MS;0.003 mg/L;0.01 mg/L;72;;; 315.000 ; 840.000 
NƯỚC ĂN UỐNG;Nước;PES-LC/MS/MS;Carbendazim;Carbendazim;VLAB-CH-TP-674;LC-MS/MS;0.003 mg/L;0.01 mg/L;72;;; 315.000 ; 840.000 
NƯỚC ĂN UỐNG;Nước;PES-LC/MS/MS;Carbetamide;Carbetamide;VLAB-CH-TP-674;LC-MS/MS;0.003 mg/L;0.01 mg/L;72;;; 315.000 ; 840.000 
NƯỚC ĂN UỐNG;Nước;PES-LC/MS/MS;Carbofuran;Carbofuran;VLAB-CH-TP-674;LC-MS/MS;0.003 mg/L;0.01 mg/L;72;;; 315.000 ; 840.000 
NƯỚC ĂN UỐNG;Nước;PES-LC/MS/MS;Carbofuran-3-hydroxy;Carbofuran-3-hydroxy;VLAB-CH-TP-674;LC-MS/MS;0.003 mg/L;0.01 mg/L;72;;; 315.000 ; 840.000 
NƯỚC ĂN UỐNG;Nước;PES-LC/MS/MS;Carboxin;Carboxin;VLAB-CH-TP-674;LC-MS/MS;0.003 mg/L;0.01 mg/L;72;;; 315.000 ; 840.000 
NƯỚC ĂN UỐNG;Nước;PES-LC/MS/MS;Chlorantraniliprole;Chlorantraniliprole;VLAB-CH-TP-674;LC-MS/MS;0.003 mg/L;0.01 mg/L;72;;; 315.000 ; 840.000 
NƯỚC ĂN UỐNG;Nước;PES-LC/MS/MS;Chloroxuron;Chloroxuron;VLAB-CH-TP-674;LC-MS/MS;0.003 mg/L;0.01 mg/L;72;;; 315.000 ; 840.000 
NƯỚC ĂN UỐNG;Nước;PES-LC/MS/MS;Clethodim;Clethodim;VLAB-CH-TP-674;LC-MS/MS;0.003 mg/L;0.01 mg/L;72;;; 315.000 ; 840.000 
NƯỚC ĂN UỐNG;Nước;PES-LC/MS/MS;Clofentezine;Clofentezine;VLAB-CH-TP-674;LC-MS/MS;0.003 mg/L;0.01 mg/L;72;;; 315.000 ; 840.000 
NƯỚC ĂN UỐNG;Nước;PES-LC/MS/MS;Clothianidin;Clothianidin;VLAB-CH-TP-674;LC-MS/MS;0.003 mg/L;0.01 mg/L;72;;; 315.000 ; 840.000 
NƯỚC ĂN UỐNG;Nước;PES-LC/MS/MS;Cyanazine;Cyanazine;VLAB-CH-TP-674;LC-MS/MS;0.003 mg/L;0.01 mg/L;72;;; 315.000 ; 840.000 
NƯỚC ĂN UỐNG;Nước;PES-LC/MS/MS;Cyazofamid;Cyazofamid;VLAB-CH-TP-674;LC-MS/MS;0.003 mg/L;0.01 mg/L;72;;; 315.000 ; 840.000 
NƯỚC ĂN UỐNG;Nước;PES-LC/MS/MS;Cycluron;Cycluron;VLAB-CH-TP-674;LC-MS/MS;0.003 mg/L;0.01 mg/L;72;;; 315.000 ; 840.000 
NƯỚC ĂN UỐNG;Nước;PES-LC/MS/MS;Cyhexatin;Cyhexatin;VLAB-CH-TP-674;LC-MS/MS;0.003 mg/L;0.01 mg/L;72;;; 315.000 ; 840.000 
NƯỚC ĂN UỐNG;Nước;PES-LC/MS/MS;Cymoxanil;Cymoxanil;VLAB-CH-TP-674;LC-MS/MS;0.003 mg/L;0.01 mg/L;72;;; 315.000 ; 840.000 
NƯỚC ĂN UỐNG;Nước;PES-LC/MS/MS;Cyproconazole;Cyproconazole;VLAB-CH-TP-674;LC-MS/MS;0.003 mg/L;0.01 mg/L;72;;; 315.000 ; 840.000 
NƯỚC ĂN UỐNG;Nước;PES-LC/MS/MS;Cycloxydim;Cycloxydim;VLAB-CH-TP-674;LC-MS/MS;0.003 mg/L;0.01 mg/L;72;;; 315.000 ; 840.000 
NƯỚC ĂN UỐNG;Nước;PES-LC/MS/MS;Cyromazine;Cyromazine;VLAB-CH-TP-674;LC-MS/MS;0.003 mg/L;0.01 mg/L;72;;; 315.000 ; 840.000 
NƯỚC ĂN UỐNG;Nước;PES-LC/MS/MS;Cyprodinil;Cyprodinil;VLAB-CH-TP-674;LC-MS/MS;0.003 mg/L;0.01 mg/L;72;;; 315.000 ; 840.000 
NƯỚC ĂN UỐNG;Nước;PES-LC/MS/MS;Diafenthiuron;Diafenthiuron;VLAB-CH-TP-674;LC-MS/MS;0.003 mg/L;0.01 mg/L;72;;; 315.000 ; 840.000 
NƯỚC ĂN UỐNG;Nước;PES-LC/MS/MS;Dichlofluanid;Dichlofluanid;VLAB-CH-TP-674;LC-MS/MS;0.003 mg/L;0.01 mg/L;72;;; 315.000 ; 840.000 
NƯỚC ĂN UỐNG;Nước;PES-LC/MS/MS;Desmedipham;Desmedipham;VLAB-CH-TP-674;LC-MS/MS;0.003 mg/L;0.01 mg/L;72;;; 315.000 ; 840.000 
NƯỚC ĂN UỐNG;Nước;PES-LC/MS/MS;Dichlobutrazol;Dichlobutrazol;VLAB-CH-TP-674;LC-MS/MS;0.003 mg/L;0.01 mg/L;72;;; 315.000 ; 840.000 
NƯỚC ĂN UỐNG;Nước;PES-LC/MS/MS;Dicrotophos;Dicrotophos;VLAB-CH-TP-674;LC-MS/MS;0.003 mg/L;0.01 mg/L;72;;; 315.000 ; 840.000 
NƯỚC ĂN UỐNG;Nước;PES-LC/MS/MS;Diethofencarb;Diethofencarb;VLAB-CH-TP-674;LC-MS/MS;0.003 mg/L;0.01 mg/L;72;;; 315.000 ; 840.000 
NƯỚC ĂN UỐNG;Nước;PES-LC/MS/MS;Diflufenican;Diflufenican;VLAB-CH-TP-674;LC-MS/MS;0.003 mg/L;0.01 mg/L;72;;; 315.000 ; 840.000 
NƯỚC ĂN UỐNG;Nước;PES-LC/MS/MS;Difenoconazole;Difenoconazole;VLAB-CH-TP-674;LC-MS/MS;0.003 mg/L;0.01 mg/L;72;;; 315.000 ; 840.000 
NƯỚC ĂN UỐNG;Nước;PES-LC/MS/MS;Dimethirimol;Dimethirimol;VLAB-CH-TP-674;LC-MS/MS;0.003 mg/L;0.01 mg/L;72;;; 315.000 ; 840.000 
NƯỚC ĂN UỐNG;Nước;PES-LC/MS/MS;Dimethoate;Dimethoate;VLAB-CH-TP-674;LC-MS/MS;0.003 mg/L;0.01 mg/L;72;;; 315.000 ; 840.000 
NƯỚC ĂN UỐNG;Nước;PES-LC/MS/MS;Dimethomorph;Dimethomorph;VLAB-CH-TP-674;LC-MS/MS;0.003 mg/L;0.01 mg/L;72;;; 315.000 ; 840.000 
NƯỚC ĂN UỐNG;Nước;PES-LC/MS/MS;Dimoxystrobin;Dimoxystrobin;VLAB-CH-TP-674;LC-MS/MS;0.003 mg/L;0.01 mg/L;72;;; 315.000 ; 840.000 
NƯỚC ĂN UỐNG;Nước;PES-LC/MS/MS;N,N-Dimethyl-N'-p-tolylsulphamide (DMST);N,N-Dimethyl-N'-p-tolylsulphamide (DMST);VLAB-CH-TP-674;LC-MS/MS;0.003 mg/L;0.01 mg/L;72;;; 315.000 ; 840.000 
NƯỚC ĂN UỐNG;Nước;PES-LC/MS/MS;N,N-Dimethylaminosulfanilide (DMSA);N,N-Dimethylaminosulfanilide (DMSA);VLAB-CH-TP-674;LC-MS/MS;0.003 mg/L;0.01 mg/L;72;;; 315.000 ; 840.000 
NƯỚC ĂN UỐNG;Nước;PES-LC/MS/MS;Diniconazole;Diniconazole;VLAB-CH-TP-674;LC-MS/MS;0.003 mg/L;0.01 mg/L;72;;; 315.000 ; 840.000 
NƯỚC ĂN UỐNG;Nước;PES-LC/MS/MS;Dinotefuran;Dinotefuran;VLAB-CH-TP-674;LC-MS/MS;0.003 mg/L;0.01 mg/L;72;;; 315.000 ; 840.000 
NƯỚC ĂN UỐNG;Nước;PES-LC/MS/MS;Dioxacarb;Dioxacarb;VLAB-CH-TP-674;LC-MS/MS;0.003 mg/L;0.01 mg/L;72;;; 315.000 ; 840.000 
NƯỚC ĂN UỐNG;Nước;PES-LC/MS/MS;Diuron;Diuron;VLAB-CH-TP-674;LC-MS/MS;0.003 mg/L;0.01 mg/L;72;;; 315.000 ; 840.000 
NƯỚC ĂN UỐNG;Nước;PES-LC/MS/MS;Dodine;Dodine;VLAB-CH-TP-674;LC-MS/MS;0.003 mg/L;0.01 mg/L;72;;; 315.000 ; 840.000 
NƯỚC ĂN UỐNG;Nước;PES-LC/MS/MS;Emamectin Benzoate (Proclaim);Emamectin Benzoate (Proclaim);VLAB-CH-TP-674;LC-MS/MS;0.003 mg/L;0.01 mg/L;72;;; 315.000 ; 840.000 
NƯỚC ĂN UỐNG;Nước;PES-LC/MS/MS;Epoxiconazole;Epoxiconazole;VLAB-CH-TP-674;LC-MS/MS;0.003 mg/L;0.01 mg/L;72;;; 315.000 ; 840.000 
NƯỚC ĂN UỐNG;Nước;PES-LC/MS/MS;Ethoxyquin;Ethoxyquin;VLAB-CH-TP-674;LC-MS/MS;0.003 mg/L;0.01 mg/L;72;;; 315.000 ; 840.000 
NƯỚC ĂN UỐNG;Nước;PES-LC/MS/MS;Etaconazole;Etaconazole;VLAB-CH-TP-674;LC-MS/MS;0.003 mg/L;0.01 mg/L;72;;; 315.000 ; 840.000 
NƯỚC ĂN UỐNG;Nước;PES-LC/MS/MS;Ethiofencarb;Ethiofencarb;VLAB-CH-TP-674;LC-MS/MS;0.003 mg/L;0.01 mg/L;72;;; 315.000 ; 840.000 
NƯỚC ĂN UỐNG;Nước;PES-LC/MS/MS;Ethiprole;Ethiprole;VLAB-CH-TP-674;LC-MS/MS;0.003 mg/L;0.01 mg/L;72;;; 315.000 ; 840.000 
NƯỚC ĂN UỐNG;Nước;PES-LC/MS/MS;Ethofumesate;Ethofumesate;VLAB-CH-TP-674;LC-MS/MS;0.003 mg/L;0.01 mg/L;72;;; 315.000 ; 840.000 
NƯỚC ĂN UỐNG;Nước;PES-LC/MS/MS;Fenamidone;Fenamidone;VLAB-CH-TP-674;LC-MS/MS;0.003 mg/L;0.01 mg/L;72;;; 315.000 ; 840.000 
NƯỚC ĂN UỐNG;Nước;PES-LC/MS/MS;Fenarimol;Fenarimol;VLAB-CH-TP-674;LC-MS/MS;0.003 mg/L;0.01 mg/L;72;;; 315.000 ; 840.000 
NƯỚC ĂN UỐNG;Nước;PES-LC/MS/MS;Fenazaquin;Fenazaquin;VLAB-CH-TP-674;LC-MS/MS;0.003 mg/L;0.01 mg/L;72;;; 315.000 ; 840.000 
NƯỚC ĂN UỐNG;Nước;PES-LC/MS/MS;Fenbuconazole;Fenbuconazole;VLAB-CH-TP-674;LC-MS/MS;0.003 mg/L;0.01 mg/L;72;;; 315.000 ; 840.000 
NƯỚC ĂN UỐNG;Nước;PES-LC/MS/MS;Fenbutatin oxide;Fenbutatin oxide;VLAB-CH-TP-674;LC-MS/MS;0.003 mg/L;0.01 mg/L;72;;; 315.000 ; 840.000 
NƯỚC ĂN UỐNG;Nước;PES-LC/MS/MS;Fenbendazole;Fenbendazole;VLAB-CH-TP-674;LC-MS/MS;0.003 mg/L;0.01 mg/L;72;;; 315.000 ; 840.000 
NƯỚC ĂN UỐNG;Nước;PES-LC/MS/MS;Fenhexamid;Fenhexamid;VLAB-CH-TP-674;LC-MS/MS;0.003 mg/L;0.01 mg/L;72;;; 315.000 ; 840.000 
NƯỚC ĂN UỐNG;Nước;PES-LC/MS/MS;Fenobucarb;Fenobucarb;VLAB-CH-TP-674;LC-MS/MS;0.003 mg/L;0.01 mg/L;72;;; 315.000 ; 840.000 
NƯỚC ĂN UỐNG;Nước;PES-LC/MS/MS;Fenoxycarb;Fenoxycarb;VLAB-CH-TP-674;LC-MS/MS;0.003 mg/L;0.01 mg/L;72;;; 315.000 ; 840.000 
NƯỚC ĂN UỐNG;Nước;PES-LC/MS/MS;Fenpropimorph;Fenpropimorph;VLAB-CH-TP-674;LC-MS/MS;0.003 mg/L;0.01 mg/L;72;;; 315.000 ; 840.000 
NƯỚC ĂN UỐNG;Nước;PES-LC/MS/MS;Fenpyroximate;Fenpyroximate;VLAB-CH-TP-674;LC-MS/MS;0.003 mg/L;0.01 mg/L;72;;; 315.000 ; 840.000 
NƯỚC ĂN UỐNG;Nước;PES-LC/MS/MS;Fenuron;Fenuron;VLAB-CH-TP-674;LC-MS/MS;0.003 mg/L;0.01 mg/L;72;;; 315.000 ; 840.000 
NƯỚC ĂN UỐNG;Nước;PES-LC/MS/MS;Flonicamid;Flonicamid;VLAB-CH-TP-674;LC-MS/MS;0.003 mg/L;0.01 mg/L;72;;; 315.000 ; 840.000 
NƯỚC ĂN UỐNG;Nước;PES-LC/MS/MS;Flubendiamide;Flubendiamide;VLAB-CH-TP-674;LC-MS/MS;0.003 mg/L;0.01 mg/L;72;;; 315.000 ; 840.000 
NƯỚC ĂN UỐNG;Nước;PES-LC/MS/MS;Flubendazole;Flubendazole;VLAB-CH-TP-674;LC-MS/MS;0.003 mg/L;0.01 mg/L;72;;; 315.000 ; 840.000 
NƯỚC ĂN UỐNG;Nước;PES-LC/MS/MS;Fludioxonil;Fludioxonil;VLAB-CH-TP-674;LC-MS/MS;0.003 mg/L;0.01 mg/L;72;;; 315.000 ; 840.000 
NƯỚC ĂN UỐNG;Nước;PES-LC/MS/MS;Flufenoxuron;Flufenoxuron;VLAB-CH-TP-674;LC-MS/MS;0.003 mg/L;0.01 mg/L;72;;; 315.000 ; 840.000 
NƯỚC ĂN UỐNG;Nước;PES-LC/MS/MS;Flufenacet;Flufenacet;VLAB-CH-TP-674;LC-MS/MS;0.003 mg/L;0.01 mg/L;72;;; 315.000 ; 840.000 
NƯỚC ĂN UỐNG;Nước;PES-LC/MS/MS;Fluometuron (Fluomethuron);Fluometuron (Fluomethuron);VLAB-CH-TP-674;LC-MS/MS;0.003 mg/L;0.01 mg/L;72;;; 315.000 ; 840.000 
NƯỚC ĂN UỐNG;Nước;PES-LC/MS/MS;Fluopyram;Fluopyram;VLAB-CH-TP-674;LC-MS/MS;0.003 mg/L;0.01 mg/L;72;;; 315.000 ; 840.000 
NƯỚC ĂN UỐNG;Nước;PES-LC/MS/MS;Fluoxastrobin;Fluoxastrobin;VLAB-CH-TP-674;LC-MS/MS;0.003 mg/L;0.01 mg/L;72;;; 315.000 ; 840.000 
NƯỚC ĂN UỐNG;Nước;PES-LC/MS/MS;Fluquinconazole;Fluquinconazole;VLAB-CH-TP-674;LC-MS/MS;0.003 mg/L;0.01 mg/L;72;;; 315.000 ; 840.000 
NƯỚC ĂN UỐNG;Nước;PES-LC/MS/MS;Fluxapyroxad;Fluxapyroxad;VLAB-CH-TP-674;LC-MS/MS;0.003 mg/L;0.01 mg/L;72;;; 315.000 ; 840.000 
NƯỚC ĂN UỐNG;Nước;PES-LC/MS/MS;Flusilazole;Flusilazole;VLAB-CH-TP-674;LC-MS/MS;0.003 mg/L;0.01 mg/L;72;;; 315.000 ; 840.000 
NƯỚC ĂN UỐNG;Nước;PES-LC/MS/MS;Flutriafol;Flutriafol;VLAB-CH-TP-674;LC-MS/MS;0.003 mg/L;0.01 mg/L;72;;; 315.000 ; 840.000 
NƯỚC ĂN UỐNG;Nước;PES-LC/MS/MS;Fluopicolide;Fluopicolide;VLAB-CH-TP-674;LC-MS/MS;0.003 mg/L;0.01 mg/L;72;;; 315.000 ; 840.000 
NƯỚC ĂN UỐNG;Nước;PES-LC/MS/MS;Forchlorfenuron;Forchlorfenuron;VLAB-CH-TP-674;LC-MS/MS;0.003 mg/L;0.01 mg/L;72;;; 315.000 ; 840.000 
NƯỚC ĂN UỐNG;Nước;PES-LC/MS/MS;Formetanate;Formetanate;VLAB-CH-TP-674;LC-MS/MS;0.003 mg/L;0.01 mg/L;72;;; 315.000 ; 840.000 
NƯỚC ĂN UỐNG;Nước;PES-LC/MS/MS;Fuberidazole;Fuberidazole;VLAB-CH-TP-674;LC-MS/MS;0.003 mg/L;0.01 mg/L;72;;; 315.000 ; 840.000 
NƯỚC ĂN UỐNG;Nước;PES-LC/MS/MS;Furalaxyl;Furalaxyl;VLAB-CH-TP-674;LC-MS/MS;0.003 mg/L;0.01 mg/L;72;;; 315.000 ; 840.000 
NƯỚC ĂN UỐNG;Nước;PES-LC/MS/MS;Furathiocarb;Furathiocarb;VLAB-CH-TP-674;LC-MS/MS;0.003 mg/L;0.01 mg/L;72;;; 315.000 ; 840.000 
NƯỚC ĂN UỐNG;Nước;PES-LC/MS/MS;Halofenozide;Halofenozide;VLAB-CH-TP-674;LC-MS/MS;0.003 mg/L;0.01 mg/L;72;;; 315.000 ; 840.000 
NƯỚC ĂN UỐNG;Nước;PES-LC/MS/MS;Hexaconazole;Hexaconazole;VLAB-CH-TP-674;LC-MS/MS;0.003 mg/L;0.01 mg/L;72;;; 315.000 ; 840.000 
NƯỚC ĂN UỐNG;Nước;PES-LC/MS/MS;Haloxyfop;Haloxyfop;VLAB-CH-TP-674;LC-MS/MS;0.003 mg/L;0.01 mg/L;72;;; 315.000 ; 840.000 
NƯỚC ĂN UỐNG;Nước;PES-LC/MS/MS;Hexythiazox;Hexythiazox;VLAB-CH-TP-674;LC-MS/MS;0.003 mg/L;0.01 mg/L;72;;; 315.000 ; 840.000 
NƯỚC ĂN UỐNG;Nước;PES-LC/MS/MS;hydroxyatrazine;hydroxyatrazine;VLAB-CH-TP-674;LC-MS/MS;0.003 mg/L;0.01 mg/L;72;;; 315.000 ; 840.000 
NƯỚC ĂN UỐNG;Nước;PES-LC/MS/MS;Hydramethylnon;Hydramethylnon;VLAB-CH-TP-674;LC-MS/MS;0.003 mg/L;0.01 mg/L;72;;; 315.000 ; 840.000 
NƯỚC ĂN UỐNG;Nước;PES-LC/MS/MS;Imazalil;Imazalil;VLAB-CH-TP-674;LC-MS/MS;0.003 mg/L;0.01 mg/L;72;;; 315.000 ; 840.000 
NƯỚC ĂN UỐNG;Nước;PES-LC/MS/MS;Imidacloprid;Imidacloprid;VLAB-CH-TP-674;LC-MS/MS;0.003 mg/L;0.01 mg/L;72;;; 315.000 ; 840.000 
NƯỚC ĂN UỐNG;Nước;PES-LC/MS/MS;Indoxacarb;Indoxacarb;VLAB-CH-TP-674;LC-MS/MS;0.003 mg/L;0.01 mg/L;72;;; 315.000 ; 840.000 
NƯỚC ĂN UỐNG;Nước;PES-LC/MS/MS;Ipconazole;Ipconazole;VLAB-CH-TP-674;LC-MS/MS;0.003 mg/L;0.01 mg/L;72;;; 315.000 ; 840.000 
NƯỚC ĂN UỐNG;Nước;PES-LC/MS/MS;Iprovalicarb;Iprovalicarb;VLAB-CH-TP-674;LC-MS/MS;0.003 mg/L;0.01 mg/L;72;;; 315.000 ; 840.000 
NƯỚC ĂN UỐNG;Nước;PES-LC/MS/MS;Isoprocarb;Isoprocarb;VLAB-CH-TP-674;LC-MS/MS;0.003 mg/L;0.01 mg/L;72;;; 315.000 ; 840.000 
NƯỚC ĂN UỐNG;Nước;PES-LC/MS/MS;Iprodione;Iprodione;VLAB-CH-TP-674;LC-MS/MS;0.003 mg/L;0.01 mg/L;72;;; 315.000 ; 840.000 
NƯỚC ĂN UỐNG;Nước;PES-LC/MS/MS;Isoproturon;Isoproturon;VLAB-CH-TP-674;LC-MS/MS;0.003 mg/L;0.01 mg/L;72;;; 315.000 ; 840.000 
NƯỚC ĂN UỐNG;Nước;PES-LC/MS/MS;Isoxaflutole;Isoxaflutole;VLAB-CH-TP-674;LC-MS/MS;0.003 mg/L;0.01 mg/L;72;;; 315.000 ; 840.000 
NƯỚC ĂN UỐNG;Nước;PES-LC/MS/MS;Kresoxim-methyl;Kresoxim-methyl;VLAB-CH-TP-674;LC-MS/MS;0.003 mg/L;0.01 mg/L;72;;; 315.000 ; 840.000 
NƯỚC ĂN UỐNG;Nước;PES-LC/MS/MS;Linuron;Linuron;VLAB-CH-TP-674;LC-MS/MS;0.003 mg/L;0.01 mg/L;72;;; 315.000 ; 840.000 
NƯỚC ĂN UỐNG;Nước;PES-LC/MS/MS;Lufenuron;Lufenuron;VLAB-CH-TP-674;LC-MS/MS;0.003 mg/L;0.01 mg/L;72;;; 315.000 ; 840.000 
NƯỚC ĂN UỐNG;Nước;PES-LC/MS/MS;Mandipropamid;Mandipropamid;VLAB-CH-TP-674;LC-MS/MS;0.003 mg/L;0.01 mg/L;72;;; 315.000 ; 840.000 
NƯỚC ĂN UỐNG;Nước;PES-LC/MS/MS;Mecarbam;Mecarbam;VLAB-CH-TP-674;LC-MS/MS;0.003 mg/L;0.01 mg/L;72;;; 315.000 ; 840.000 
NƯỚC ĂN UỐNG;Nước;PES-LC/MS/MS;Mefenacet;Mefenacet;VLAB-CH-TP-674;LC-MS/MS;0.003 mg/L;0.01 mg/L;72;;; 315.000 ; 840.000 
NƯỚC ĂN UỐNG;Nước;PES-LC/MS/MS;Mepanipyrim;Mepanipyrim;VLAB-CH-TP-674;LC-MS/MS;0.003 mg/L;0.01 mg/L;72;;; 315.000 ; 840.000 
NƯỚC ĂN UỐNG;Nước;PES-LC/MS/MS;Mepronil;Mepronil;VLAB-CH-TP-674;LC-MS/MS;0.003 mg/L;0.01 mg/L;72;;; 315.000 ; 840.000 
NƯỚC ĂN UỐNG;Nước;PES-LC/MS/MS;Mesotrione;Mesotrione;VLAB-CH-TP-674;LC-MS/MS;0.003 mg/L;0.01 mg/L;72;;; 315.000 ; 840.000 
NƯỚC ĂN UỐNG;Nước;PES-LC/MS/MS;Metalaxyl;Metalaxyl;VLAB-CH-TP-674;LC-MS/MS;0.003 mg/L;0.01 mg/L;72;;; 315.000 ; 840.000 
NƯỚC ĂN UỐNG;Nước;PES-LC/MS/MS;Metconazole;Metconazole;VLAB-CH-TP-674;LC-MS/MS;0.003 mg/L;0.01 mg/L;72;;; 315.000 ; 840.000 
NƯỚC ĂN UỐNG;Nước;PES-LC/MS/MS;Methabenzthiazuron;Methabenzthiazuron;VLAB-CH-TP-674;LC-MS/MS;0.003 mg/L;0.01 mg/L;72;;; 315.000 ; 840.000 
NƯỚC ĂN UỐNG;Nước;PES-LC/MS/MS;Methamidophos;Methamidophos;VLAB-CH-TP-674;LC-MS/MS;0.003 mg/L;0.01 mg/L;72;;; 315.000 ; 840.000 
NƯỚC ĂN UỐNG;Nước;PES-LC/MS/MS;Methiocarb;Methiocarb;VLAB-CH-TP-674;LC-MS/MS;0.003 mg/L;0.01 mg/L;72;;; 315.000 ; 840.000 
NƯỚC ĂN UỐNG;Nước;PES-LC/MS/MS;Methomyl;Methomyl;VLAB-CH-TP-674;LC-MS/MS;0.003 mg/L;0.01 mg/L;72;;; 315.000 ; 840.000 
NƯỚC ĂN UỐNG;Nước;PES-LC/MS/MS;Methoprotryne;Methoprotryne;VLAB-CH-TP-674;LC-MS/MS;0.003 mg/L;0.01 mg/L;72;;; 315.000 ; 840.000 
NƯỚC ĂN UỐNG;Nước;PES-LC/MS/MS;Methoxyfenozide;Methoxyfenozide;VLAB-CH-TP-674;LC-MS/MS;0.003 mg/L;0.01 mg/L;72;;; 315.000 ; 840.000 
NƯỚC ĂN UỐNG;Nước;PES-LC/MS/MS;Metobromuron;Metobromuron;VLAB-CH-TP-674;LC-MS/MS;0.003 mg/L;0.01 mg/L;72;;; 315.000 ; 840.000 
NƯỚC ĂN UỐNG;Nước;PES-LC/MS/MS;Metribuzin;Metribuzin;VLAB-CH-TP-674;LC-MS/MS;0.003 mg/L;0.01 mg/L;72;;; 315.000 ; 840.000 
NƯỚC ĂN UỐNG;Nước;PES-LC/MS/MS;Mexacarbate (Zectran);Mexacarbate (Zectran);VLAB-CH-TP-674;LC-MS/MS;0.003 mg/L;0.01 mg/L;72;;; 315.000 ; 840.000 
NƯỚC ĂN UỐNG;Nước;PES-LC/MS/MS;Mevinphos;Mevinphos;VLAB-CH-TP-674;LC-MS/MS;0.003 mg/L;0.01 mg/L;72;;; 315.000 ; 840.000 
NƯỚC ĂN UỐNG;Nước;PES-LC/MS/MS;Monocrotophos;Monocrotophos;VLAB-CH-TP-674;LC-MS/MS;0.003 mg/L;0.01 mg/L;72;;; 315.000 ; 840.000 
NƯỚC ĂN UỐNG;Nước;PES-LC/MS/MS;Monolinuron;Monolinuron;VLAB-CH-TP-674;LC-MS/MS;0.003 mg/L;0.01 mg/L;72;;; 315.000 ; 840.000 
NƯỚC ĂN UỐNG;Nước;PES-LC/MS/MS;Neburon;Neburon;VLAB-CH-TP-674;LC-MS/MS;0.003 mg/L;0.01 mg/L;72;;; 315.000 ; 840.000 
NƯỚC ĂN UỐNG;Nước;PES-LC/MS/MS;Nitenpyram;Nitenpyram;VLAB-CH-TP-674;LC-MS/MS;0.003 mg/L;0.01 mg/L;72;;; 315.000 ; 840.000 
NƯỚC ĂN UỐNG;Nước;PES-LC/MS/MS;Novaluron;Novaluron;VLAB-CH-TP-674;LC-MS/MS;0.003 mg/L;0.01 mg/L;72;;; 315.000 ; 840.000 
NƯỚC ĂN UỐNG;Nước;PES-LC/MS/MS;Nuarimol;Nuarimol;VLAB-CH-TP-674;LC-MS/MS;0.003 mg/L;0.01 mg/L;72;;; 315.000 ; 840.000 
NƯỚC ĂN UỐNG;Nước;PES-LC/MS/MS;Omethoate;Omethoate;VLAB-CH-TP-674;LC-MS/MS;0.003 mg/L;0.01 mg/L;72;;; 315.000 ; 840.000 
NƯỚC ĂN UỐNG;Nước;PES-LC/MS/MS;Oxadixyl;Oxadixyl;VLAB-CH-TP-674;LC-MS/MS;0.003 mg/L;0.01 mg/L;72;;; 315.000 ; 840.000 
NƯỚC ĂN UỐNG;Nước;PES-LC/MS/MS;Paclobutrazol;Paclobutrazol;VLAB-CH-TP-674;LC-MS/MS;0.003 mg/L;0.01 mg/L;72;;; 315.000 ; 840.000 
NƯỚC ĂN UỐNG;Nước;PES-LC/MS/MS;Oxamyl;Oxamyl;VLAB-CH-TP-674;LC-MS/MS;0.003 mg/L;0.01 mg/L;72;;; 315.000 ; 840.000 
NƯỚC ĂN UỐNG;Nước;PES-LC/MS/MS;Penconazole;Penconazole;VLAB-CH-TP-674;LC-MS/MS;0.003 mg/L;0.01 mg/L;72;;; 315.000 ; 840.000 
NƯỚC ĂN UỐNG;Nước;PES-LC/MS/MS;Penthipyorad;Penthipyorad;VLAB-CH-TP-674;LC-MS/MS;0.003 mg/L;0.01 mg/L;72;;; 315.000 ; 840.000 
NƯỚC ĂN UỐNG;Nước;PES-LC/MS/MS;Phenmedipham;Phenmedipham;VLAB-CH-TP-674;LC-MS/MS;0.003 mg/L;0.01 mg/L;72;;; 315.000 ; 840.000 
NƯỚC ĂN UỐNG;Nước;PES-LC/MS/MS;Picoxystrobin;Picoxystrobin;VLAB-CH-TP-674;LC-MS/MS;0.003 mg/L;0.01 mg/L;72;;; 315.000 ; 840.000 
NƯỚC ĂN UỐNG;Nước;PES-GC-MS/MS;Piperonyl butoxide;Piperonyl butoxide;VLAB-CH-TP-614;GC-MS/MS;0.003 mg/L;0.01 mg/L;72;;; 315.000 ; 840.000 
NƯỚC ĂN UỐNG;Nước;PES-LC/MS/MS;Pirimicarb;Pirimicarb;VLAB-CH-TP-674;LC-MS/MS;0.003 mg/L;0.01 mg/L;72;;; 315.000 ; 840.000 
NƯỚC ĂN UỐNG;Nước;PES-LC/MS/MS;Prochloraz;Prochloraz;VLAB-CH-TP-674;LC-MS/MS;0.003 mg/L;0.01 mg/L;72;;; 315.000 ; 840.000 
NƯỚC ĂN UỐNG;Nước;PES-LC/MS/MS;Promecarb;Promecarb;VLAB-CH-TP-674;LC-MS/MS;0.003 mg/L;0.01 mg/L;72;;; 315.000 ; 840.000 
NƯỚC ĂN UỐNG;Nước;PES-LC/MS/MS;Prometon;Prometon;VLAB-CH-TP-674;LC-MS/MS;0.003 mg/L;0.01 mg/L;72;;; 315.000 ; 840.000 
NƯỚC ĂN UỐNG;Nước;PES-LC/MS/MS;Prometryne;Prometryne;VLAB-CH-TP-674;LC-MS/MS;0.003 mg/L;0.01 mg/L;72;;; 315.000 ; 840.000 
NƯỚC ĂN UỐNG;Nước;PES-LC/MS/MS;Propamocarb;Propamocarb;VLAB-CH-TP-674;LC-MS/MS;0.003 mg/L;0.01 mg/L;72;;; 315.000 ; 840.000 
NƯỚC ĂN UỐNG;Nước;PES-GC-MS/MS;Propargite;Propargite;VLAB-CH-TP-614;GC-MS/MS;0.003 mg/L;0.01 mg/L;72;;; 315.000 ; 840.000 
NƯỚC ĂN UỐNG;Nước;PES-LC/MS/MS;Propham;Propham;VLAB-CH-TP-674;LC-MS/MS;0.003 mg/L;0.01 mg/L;72;;; 315.000 ; 840.000 
NƯỚC ĂN UỐNG;Nước;PES-LC/MS/MS;Propetamphos;Propetamphos;VLAB-CH-TP-674;LC-MS/MS;0.003 mg/L;0.01 mg/L;72;;; 315.000 ; 840.000 
NƯỚC ĂN UỐNG;Nước;PES-LC/MS/MS;Propiconazole;Propiconazole;VLAB-CH-TP-674;LC-MS/MS;0.003 mg/L;0.01 mg/L;72;;; 315.000 ; 840.000 
NƯỚC ĂN UỐNG;Nước;PES-LC/MS/MS;Propoxur;Propoxur;VLAB-CH-TP-674;LC-MS/MS;0.003 mg/L;0.01 mg/L;72;;; 315.000 ; 840.000 
NƯỚC ĂN UỐNG;Nước;PES-LC/MS/MS;Prothioconazole;Prothioconazole;VLAB-CH-TP-674;LC-MS/MS;0.003 mg/L;0.01 mg/L;72;;; 315.000 ; 840.000 
NƯỚC ĂN UỐNG;Nước;PES-LC/MS/MS;Pymetrozine;Pymetrozine;VLAB-CH-TP-674;LC-MS/MS;0.003 mg/L;0.01 mg/L;72;;; 315.000 ; 840.000 
NƯỚC ĂN UỐNG;Nước;PES-LC/MS/MS;Pyraclostrobin;Pyraclostrobin;VLAB-CH-TP-674;LC-MS/MS;0.003 mg/L;0.01 mg/L;72;;; 315.000 ; 840.000 
NƯỚC ĂN UỐNG;Nước;PES-LC/MS/MS;Pyracarbolid;Pyracarbolid;VLAB-CH-TP-674;LC-MS/MS;0.003 mg/L;0.01 mg/L;72;;; 315.000 ; 840.000 
NƯỚC ĂN UỐNG;Nước;PES-GC-MS/MS;Pyridaben;Pyridaben;VLAB-CH-TP-614;GC-MS/MS;0.003 mg/L;0.01 mg/L;72;;; 315.000 ; 840.000 
NƯỚC ĂN UỐNG;Nước;PES-GC-MS/MS;Pyrimethanil;Pyrimethanil;VLAB-CH-TP-614;GC-MS/MS;0.003 mg/L;0.01 mg/L;72;;; 315.000 ; 840.000 
NƯỚC ĂN UỐNG;Nước;PES-LC/MS/MS;Quinoxyfen;Quinoxyfen;VLAB-CH-TP-674;LC-MS/MS;0.003 mg/L;0.01 mg/L;72;;; 315.000 ; 840.000 
NƯỚC ĂN UỐNG;Nước;PES-LC/MS/MS;Rotenone;Rotenone;VLAB-CH-TP-674;LC-MS/MS;0.003 mg/L;0.01 mg/L;72;;; 315.000 ; 840.000 
NƯỚC ĂN UỐNG;Nước;PES-LC/MS/MS;Secbumeton;Secbumeton;VLAB-CH-TP-674;LC-MS/MS;0.003 mg/L;0.01 mg/L;72;;; 315.000 ; 840.000 
NƯỚC ĂN UỐNG;Nước;PES-LC/MS/MS;Siduron;Siduron;VLAB-CH-TP-674;LC-MS/MS;0.003 mg/L;0.01 mg/L;72;;; 315.000 ; 840.000 
NƯỚC ĂN UỐNG;Nước;PES-LC/MS/MS;Simetryn;Simetryn;VLAB-CH-TP-674;LC-MS/MS;0.003 mg/L;0.01 mg/L;72;;; 315.000 ; 840.000 
NƯỚC ĂN UỐNG;Nước;PES-LC/MS/MS;Sulfentrazone;Sulfentrazone;VLAB-CH-TP-674;LC-MS/MS;0.003 mg/L;0.01 mg/L;72;;; 315.000 ; 840.000 
NƯỚC ĂN UỐNG;Nước;PES-LC/MS/MS;Spinetoram (J&L);Spinetoram (J&L);VLAB-CH-TP-674;LC-MS/MS;0.003 mg/L;0.01 mg/L;72;;; 315.000 ; 840.000 
NƯỚC ĂN UỐNG;Nước;PES-LC/MS/MS;Spinosad (Spinosyn A);Spinosad (Spinosyn A);VLAB-CH-TP-674;LC-MS/MS;0.003 mg/L;0.01 mg/L;72;;; 315.000 ; 840.000 
NƯỚC ĂN UỐNG;Nước;PES-LC/MS/MS;Spinosad (Spinosyn D);Spinosad (Spinosyn D);VLAB-CH-TP-674;LC-MS/MS;0.003 mg/L;0.01 mg/L;72;;; 315.000 ; 840.000 
NƯỚC ĂN UỐNG;Nước;PES-LC/MS/MS;Spiromesifen;Spiromesifen;VLAB-CH-TP-674;LC-MS/MS;0.003 mg/L;0.01 mg/L;72;;; 315.000 ; 840.000 
NƯỚC ĂN UỐNG;Nước;PES-LC/MS/MS;Spirotetramat;Spirotetramat;VLAB-CH-TP-674;LC-MS/MS;0.003 mg/L;0.01 mg/L;72;;; 315.000 ; 840.000 
NƯỚC ĂN UỐNG;Nước;PES-LC/MS/MS;Spiroxamin;Spiroxamin;VLAB-CH-TP-674;LC-MS/MS;0.003 mg/L;0.01 mg/L;72;;; 315.000 ; 840.000 
NƯỚC ĂN UỐNG;Nước;PES-LC/MS/MS;Saflufenacil;Saflufenacil;VLAB-CH-TP-674;LC-MS/MS;0.003 mg/L;0.01 mg/L;72;;; 315.000 ; 840.000 
NƯỚC ĂN UỐNG;Nước;PES-LC/MS/MS;Sulfoxaflor;Sulfoxaflor;VLAB-CH-TP-674;LC-MS/MS;0.003 mg/L;0.01 mg/L;72;;; 315.000 ; 840.000 
NƯỚC ĂN UỐNG;Nước;PES-LC/MS/MS;Tebuconazole;Tebuconazole;VLAB-CH-TP-674;LC-MS/MS;0.003 mg/L;0.01 mg/L;72;;; 315.000 ; 840.000 
NƯỚC ĂN UỐNG;Nước;PES-LC/MS/MS;Tebufenozide;Tebufenozide;VLAB-CH-TP-674;LC-MS/MS;0.003 mg/L;0.01 mg/L;72;;; 315.000 ; 840.000 
NƯỚC ĂN UỐNG;Nước;PES-LC/MS/MS;Tebufenpyrad;Tebufenpyrad;VLAB-CH-TP-674;LC-MS/MS;0.003 mg/L;0.01 mg/L;72;;; 315.000 ; 840.000 
NƯỚC ĂN UỐNG;Nước;PES-LC/MS/MS;Tebuthiuron;Tebuthiuron;VLAB-CH-TP-674;LC-MS/MS;0.003 mg/L;0.01 mg/L;72;;; 315.000 ; 840.000 
NƯỚC ĂN UỐNG;Nước;PES-LC/MS/MS;Teflubenzuron;Teflubenzuron;VLAB-CH-TP-674;LC-MS/MS;0.003 mg/L;0.01 mg/L;72;;; 315.000 ; 840.000 
NƯỚC ĂN UỐNG;Nước;PES-LC/MS/MS;Temephos (Abate);Temephos (Abate);VLAB-CH-TP-674;LC-MS/MS;0.003 mg/L;0.01 mg/L;72;;; 315.000 ; 840.000 
NƯỚC ĂN UỐNG;Nước;PES-LC/MS/MS;Terbumeton;Terbumeton;VLAB-CH-TP-674;LC-MS/MS;0.003 mg/L;0.01 mg/L;72;;; 315.000 ; 840.000 
NƯỚC ĂN UỐNG;Nước;PES-LC/MS/MS;Terbutryn;Terbutryn;VLAB-CH-TP-674;LC-MS/MS;0.003 mg/L;0.01 mg/L;72;;; 315.000 ; 840.000 
NƯỚC ĂN UỐNG;Nước;PES-LC/MS/MS;Tolyfluanid;Tolyfluanid;VLAB-CH-TP-674;LC-MS/MS;0.003 mg/L;0.01 mg/L;72;;; 315.000 ; 840.000 
NƯỚC ĂN UỐNG;Nước;PES-LC/MS/MS;Tetraconazole;Tetraconazole;VLAB-CH-TP-674;LC-MS/MS;0.003 mg/L;0.01 mg/L;72;;; 315.000 ; 840.000 
NƯỚC ĂN UỐNG;Nước;PES-LC/MS/MS;Thiabendazole;Thiabendazole;VLAB-CH-TP-674;LC-MS/MS;0.003 mg/L;0.01 mg/L;72;;; 315.000 ; 840.000 
NƯỚC ĂN UỐNG;Nước;PES-LC/MS/MS;Thiacloprid;Thiacloprid;VLAB-CH-TP-674;LC-MS/MS;0.003 mg/L;0.01 mg/L;72;;; 315.000 ; 840.000 
NƯỚC ĂN UỐNG;Nước;PES-LC/MS/MS;Thiamethoxam;Thiamethoxam;VLAB-CH-TP-674;LC-MS/MS;0.003 mg/L;0.01 mg/L;72;;; 315.000 ; 840.000 
NƯỚC ĂN UỐNG;Nước;PES-LC/MS/MS;Thidiazuron;Thidiazuron;VLAB-CH-TP-674;LC-MS/MS;0.003 mg/L;0.01 mg/L;72;;; 315.000 ; 840.000 
NƯỚC ĂN UỐNG;Nước;PES-LC/MS/MS;Thiobencarb (Benthiocarb);Thiobencarb (Benthiocarb);VLAB-CH-TP-674;LC-MS/MS;0.003 mg/L;0.01 mg/L;72;;; 315.000 ; 840.000 
NƯỚC ĂN UỐNG;Nước;PES-LC/MS/MS;Thiofanox;Thiofanox;VLAB-CH-TP-674;LC-MS/MS;0.003 mg/L;0.01 mg/L;72;;; 315.000 ; 840.000 
NƯỚC ĂN UỐNG;Nước;PES-LC/MS/MS;Thiophanate-methyl;Thiophanate-methyl;VLAB-CH-TP-674;LC-MS/MS;0.003 mg/L;0.01 mg/L;72;;; 315.000 ; 840.000 
NƯỚC ĂN UỐNG;Nước;PES-LC/MS/MS;Triadimenol;Triadimenol;VLAB-CH-TP-674;LC-MS/MS;0.003 mg/L;0.01 mg/L;72;;; 315.000 ; 840.000 
NƯỚC ĂN UỐNG;Nước;PES-LC/MS/MS;Trichlorfon;Trichlorfon;VLAB-CH-TP-674;LC-MS/MS;0.003 mg/L;0.01 mg/L;72;;; 315.000 ; 840.000 
NƯỚC ĂN UỐNG;Nước;PES-LC/MS/MS;Tricyclazole;Tricyclazole;VLAB-CH-TP-674;LC-MS/MS;0.003 mg/L;0.01 mg/L;72;;; 315.000 ; 840.000 
NƯỚC ĂN UỐNG;Nước;PES-LC/MS/MS;Trifloxystrobin;Trifloxystrobin;VLAB-CH-TP-674;LC-MS/MS;0.003 mg/L;0.01 mg/L;72;;; 315.000 ; 840.000 
NƯỚC ĂN UỐNG;Nước;PES-LC/MS/MS;Triflumuron;Triflumuron;VLAB-CH-TP-674;LC-MS/MS;0.003 mg/L;0.01 mg/L;72;;; 315.000 ; 840.000 
NƯỚC ĂN UỐNG;Nước;PES-LC/MS/MS;Triticonazole;Triticonazole;VLAB-CH-TP-674;LC-MS/MS;0.003 mg/L;0.01 mg/L;72;;; 315.000 ; 840.000 
NƯỚC ĂN UỐNG;Nước;PES-LC/MS/MS;Triforine;Triforine;VLAB-CH-TP-674;LC-MS/MS;0.003 mg/L;0.01 mg/L;72;;; 315.000 ; 840.000 
NƯỚC ĂN UỐNG;Nước;PES-LC/MS/MS;XMC (3,5-dimethylphenyl N-methylcarbamate);XMC (3,5-dimethylphenyl N-methylcarbamate);VLAB-CH-TP-674;LC-MS/MS;0.003 mg/L;0.01 mg/L;72;;; 315.000 ; 840.000 
NƯỚC ĂN UỐNG;Nước;PES-LC/MS/MS;Zoxamide;Zoxamide;VLAB-CH-TP-674;LC-MS/MS;0.003 mg/kg;0.01 mg/L;72;;; 315.000 ; 840.000 
NƯỚC ĂN UỐNG;Nước;PES-GC-MS/MS;2,3,5,6-Tetrachloroaniline;2,3,5,6-Tetrachloroaniline;VLAB-CH-TP-614;GC-MS/MS;0.003 mg/L;0.01 mg/L;72;;; 315.000 ; 840.000 
NƯỚC ĂN UỐNG;Nước;PES-GC-MS/MS;2,6-dichlorobenzonitrile;2,6-dichlorobenzonitrile;VLAB-CH-TP-614;GC-MS/MS;0.003 mg/L;0.01 mg/L;72;;; 315.000 ; 840.000 
NƯỚC ĂN UỐNG;Nước;PES-GC-MS/MS;2-phenylphenol;2-phenylphenol;VLAB-CH-TP-614;GC-MS/MS;0.003 mg/L;0.01 mg/L;72;;; 315.000 ; 840.000 
NƯỚC ĂN UỐNG;Nước;PES-GC-MS/MS;3,4-Dichloroaniline;3,4-Dichloroaniline;VLAB-CH-TP-614;GC-MS/MS;0.003 mg/L;0.01 mg/L;72;;; 315.000 ; 840.000 
NƯỚC ĂN UỐNG;Nước;PES-GC-MS/MS;4,4'-Dichlorobenzophenone;4,4'-Dichlorobenzophenone;VLAB-CH-TP-614;GC-MS/MS;0.003 mg/L;0.01 mg/L;72;;; 315.000 ; 840.000 
NƯỚC ĂN UỐNG;Nước;PES-GC-MS/MS;Acetochlor;Acetochlor;VLAB-CH-TP-614;GC-MS/MS;0.003 mg/L;0.01 mg/L;72;;; 315.000 ; 840.000 
NƯỚC ĂN UỐNG;Nước;PES-GC-MS/MS;Acibenzolar-S-methyl;Acibenzolar-S-methyl;VLAB-CH-TP-614;GC-MS/MS;0.003 mg/L;0.01 mg/L;72;;; 315.000 ; 840.000 
NƯỚC ĂN UỐNG;Nước;PES-GC-MS/MS;Aclonifen;Aclonifen;VLAB-CH-TP-614;GC-MS/MS;0.003 mg/L;0.01 mg/L;72;;; 315.000 ; 840.000 
NƯỚC ĂN UỐNG;Nước;PES-GC-MS/MS;Acrinathrin;Acrinathrin;VLAB-CH-TP-614;GC-MS/MS;0.003 mg/L;0.01 mg/L;72;;; 315.000 ; 840.000 
NƯỚC ĂN UỐNG;Nước;PES-GC-MS/MS;Alachlor;Alachlor;VLAB-CH-TP-614;GC-MS/MS;0.003 mg/L;0.01 mg/L;72;;; 315.000 ; 840.000 
NƯỚC ĂN UỐNG;Nước;PES-GC-MS/MS;Aldrin;Aldrin;VLAB-CH-TP-614;GC-MS/MS;0.003 mg/L;0.01 mg/L;72;;; 315.000 ; 840.000 
NƯỚC ĂN UỐNG;Nước;PES-GC-MS/MS;Allidochlor;Allidochlor;VLAB-CH-TP-614;GC-MS/MS;0.003 mg/L;0.01 mg/L;72;;; 315.000 ; 840.000 
NƯỚC ĂN UỐNG;Nước;PES-GC-MS/MS;alpha-BHC (benzene hexachloride);alpha-BHC (benzene hexachloride);VLAB-CH-TP-614;GC-MS/MS;0.003 mg/L;0.01 mg/L;72;;; 315.000 ; 840.000 
NƯỚC ĂN UỐNG;Nước;PES-GC-MS/MS;Anilofos;Anilofos;VLAB-CH-TP-614;GC-MS/MS;0.003 mg/L;0.01 mg/L;72;;; 315.000 ; 840.000 
NƯỚC ĂN UỐNG;Nước;PES-GC-MS/MS;Anthraquinone;Anthraquinone;VLAB-CH-TP-614;GC-MS/MS;0.003 mg/L;0.01 mg/L;72;;; 315.000 ; 840.000 
NƯỚC ĂN UỐNG;Nước;PES-GC-MS/MS;Aspon (Tetrapropyl thiodiphosphate);Aspon (Tetrapropyl thiodiphosphate);VLAB-CH-TP-614;GC-MS/MS;0.003 mg/L;0.01 mg/L;72;;; 315.000 ; 840.000 
NƯỚC ĂN UỐNG;Nước;PES-GC-MS/MS;Atrazine;Atrazine;VLAB-CH-TP-614;GC-MS/MS;0.003 mg/L;0.01 mg/L;72;;; 315.000 ; 840.000 
NƯỚC ĂN UỐNG;Nước;PES-GC-MS/MS;Atrazine-desethyl;Atrazine-desethyl;VLAB-CH-TP-614;GC-MS/MS;0.003 mg/L;0.01 mg/L;72;;; 315.000 ; 840.000 
NƯỚC ĂN UỐNG;Nước;PES-GC-MS/MS;Azinphos-ethyl;Azinphos-ethyl;VLAB-CH-TP-614;GC-MS/MS;0.003 mg/L;0.01 mg/L;72;;; 315.000 ; 840.000 
NƯỚC ĂN UỐNG;Nước;PES-GC-MS/MS;Benfluralin;Benfluralin;VLAB-CH-TP-614;GC-MS/MS;0.003 mg/L;0.01 mg/L;72;;; 315.000 ; 840.000 
NƯỚC ĂN UỐNG;Nước;PES-GC-MS/MS;beta-BHC;beta-BHC;VLAB-CH-TP-614;GC-MS/MS;0.003 mg/L;0.01 mg/L;72;;; 315.000 ; 840.000 
NƯỚC ĂN UỐNG;Nước;PES-GC-MS/MS;Bifenthrin;Bifenthrin;VLAB-CH-TP-614;GC-MS/MS;0.003 mg/L;0.01 mg/L;72;;; 315.000 ; 840.000 
NƯỚC ĂN UỐNG;Nước;PES-GC-MS/MS;Biphenyl;Biphenyl;VLAB-CH-TP-614;GC-MS/MS;0.003 mg/L;0.01 mg/L;72;;; 315.000 ; 840.000 
NƯỚC ĂN UỐNG;Nước;PES-GC-MS/MS;Bromfenvinfos;Bromfenvinfos;VLAB-CH-TP-614;GC-MS/MS;0.003 mg/L;0.01 mg/L;72;;; 315.000 ; 840.000 
NƯỚC ĂN UỐNG;Nước;PES-GC-MS/MS;Bromfenvinfos-methyl;Bromfenvinfos-methyl;VLAB-CH-TP-614;GC-MS/MS;0.003 mg/L;0.01 mg/L;72;;; 315.000 ; 840.000 
NƯỚC ĂN UỐNG;Nước;PES-GC-MS/MS;Bromophos;Bromophos;VLAB-CH-TP-614;GC-MS/MS;0.003 mg/L;0.01 mg/L;72;;; 315.000 ; 840.000 
NƯỚC ĂN UỐNG;Nước;PES-GC-MS/MS;Bromophos-ethyl;Bromophos-ethyl;VLAB-CH-TP-614;GC-MS/MS;0.003 mg/L;0.01 mg/L;72;;; 315.000 ; 840.000 
NƯỚC ĂN UỐNG;Nước;PES-GC-MS/MS;Bromopropylate;Bromopropylate;VLAB-CH-TP-614;GC-MS/MS;0.003 mg/L;0.01 mg/L;72;;; 315.000 ; 840.000 
NƯỚC ĂN UỐNG;Nước;PES-GC-MS/MS;Bupirimate;Bupirimate;VLAB-CH-TP-614;GC-MS/MS;0.003 mg/L;0.01 mg/L;72;;; 315.000 ; 840.000 
NƯỚC ĂN UỐNG;Nước;PES-GC-MS/MS;Buprofezin (Buprofenzin);Buprofezin (Buprofenzin);VLAB-CH-TP-614;GC-MS/MS;0.003 mg/L;0.01 mg/L;72;;; 315.000 ; 840.000 
NƯỚC ĂN UỐNG;Nước;PES-GC-MS/MS;Butachlor;Butachlor;VLAB-CH-TP-614;GC-MS/MS;0.003 mg/L;0.01 mg/L;72;;; 315.000 ; 840.000 
NƯỚC ĂN UỐNG;Nước;PES-GC-MS/MS;Cadusafos;Cadusafos;VLAB-CH-TP-614;GC-MS/MS;0.003 mg/L;0.01 mg/L;72;;; 315.000 ; 840.000 
NƯỚC ĂN UỐNG;Nước;PES-GC-MS/MS;Captan;Captan;VLAB-CH-TP-614;GC-MS/MS;0.003 mg/L;0.01 mg/L;72;;; 315.000 ; 840.000 
NƯỚC ĂN UỐNG;Nước;PES-GC-MS/MS;Carbophenothion;Carbophenothion;VLAB-CH-TP-614;GC-MS/MS;0.003 mg/L;0.01 mg/L;72;;; 315.000 ; 840.000 
NƯỚC ĂN UỐNG;Nước;PES-GC-MS/MS;Carbosulfan;Carbosulfan;VLAB-CH-TP-614;GC-MS/MS;0.003 mg/L;0.01 mg/L;72;;; 315.000 ; 840.000 
NƯỚC ĂN UỐNG;Nước;PES-GC-MS/MS;Carfentrazone-ethyl;Carfentrazone-ethyl;VLAB-CH-TP-614;GC-MS/MS;0.003 mg/L;0.01 mg/L;72;;; 315.000 ; 840.000 
NƯỚC ĂN UỐNG;Nước;PES-GC-MS/MS;Chinomethionate (Oxythioquinox);Chinomethionate (Oxythioquinox);VLAB-CH-TP-614;GC-MS/MS;0.003 mg/L;0.01 mg/L;72;;; 315.000 ; 840.000 
NƯỚC ĂN UỐNG;Nước;PES-GC-MS/MS;Chlorbenside;Chlorbenside;VLAB-CH-TP-614;GC-MS/MS;0.003 mg/L;0.01 mg/L;72;;; 315.000 ; 840.000 
NƯỚC ĂN UỐNG;Nước;PES-GC-MS/MS;Chlorfenapyr;Chlorfenapyr;VLAB-CH-TP-614;GC-MS/MS;0.003 mg/L;0.01 mg/L;72;;; 315.000 ; 840.000 
NƯỚC ĂN UỐNG;Nước;PES-GC-MS/MS;Chlorfenson;Chlorfenson;VLAB-CH-TP-614;GC-MS/MS;0.003 mg/L;0.01 mg/L;72;;; 315.000 ; 840.000 
NƯỚC ĂN UỐNG;Nước;PES-GC-MS/MS;Chlorfenvinphos;Chlorfenvinphos;VLAB-CH-TP-614;GC-MS/MS;0.003 mg/L;0.01 mg/L;72;;; 315.000 ; 840.000 
NƯỚC ĂN UỐNG;Nước;PES-GC-MS/MS;Chlorobenzilate;Chlorobenzilate;VLAB-CH-TP-614;GC-MS/MS;0.003 mg/L;0.01 mg/L;72;;; 315.000 ; 840.000 
NƯỚC ĂN UỐNG;Nước;PES-GC-MS/MS;Chloroneb;Chloroneb;VLAB-CH-TP-614;GC-MS/MS;0.003 mg/L;0.01 mg/L;72;;; 315.000 ; 840.000 
NƯỚC ĂN UỐNG;Nước;PES-GC-MS/MS;Chloropropylate;Chloropropylate;VLAB-CH-TP-614;GC-MS/MS;0.003 mg/L;0.01 mg/L;72;;; 315.000 ; 840.000 
NƯỚC ĂN UỐNG;Nước;PES-GC-MS/MS;Chlorothalonil;Chlorothalonil;VLAB-CH-TP-614;GC-MS/MS;0.003 mg/L;0.01 mg/L;72;;; 315.000 ; 840.000 
NƯỚC ĂN UỐNG;Nước;PES-GC-MS/MS;Chlorpropham;Chlorpropham;VLAB-CH-TP-614;GC-MS/MS;0.003 mg/L;0.01 mg/L;72;;; 315.000 ; 840.000 
NƯỚC ĂN UỐNG;Nước;PES-GC-MS/MS;Chlorpyrifos (Chlorpyrifos ethyl);Chlorpyrifos (Chlorpyrifos ethyl);VLAB-CH-TP-614;GC-MS/MS;0.003 mg/L;0.01 mg/L;72;;; 315.000 ; 840.000 
NƯỚC ĂN UỐNG;Nước;PES-GC-MS/MS;Chlorpyrifos-methyl;Chlorpyrifos-methyl;VLAB-CH-TP-614;GC-MS/MS;0.003 mg/L;0.01 mg/L;72;;; 315.000 ; 840.000 
NƯỚC ĂN UỐNG;Nước;PES-GC-MS/MS;Chlorthiophos;Chlorthiophos;VLAB-CH-TP-614;GC-MS/MS;0.003 mg/L;0.01 mg/L;72;;; 315.000 ; 840.000 
NƯỚC ĂN UỐNG;Nước;PES-LC/MS/MS-1;Chlorotoluron;Chlorotoluron;VLAB-CH-TP-674;GC-MS/MS;0.003 mg/L;0.01 mg/L;72;;; 315.000 ; 840.000 
NƯỚC ĂN UỐNG;Nước;PES-GC-MS/MS;Chlozolinate;Chlozolinate;VLAB-CH-TP-614;GC-MS/MS;0.003 mg/L;0.01 mg/L;72;;; 315.000 ; 840.000 
NƯỚC ĂN UỐNG;Nước;PES-GC-MS/MS;cis-1,2,3,6-Tetrahydrophthalimide;cis-1,2,3,6-Tetrahydrophthalimide;VLAB-CH-TP-614;GC-MS/MS;0.003 mg/L;0.01 mg/L;72;;; 315.000 ; 840.000 
NƯỚC ĂN UỐNG;Nước;PES-GC-MS/MS;cis-Chlordane;cis-Chlordane;VLAB-CH-TP-614;GC-MS/MS;0.003 mg/L;0.01 mg/L;72;;; 315.000 ; 840.000 
NƯỚC ĂN UỐNG;Nước;PES-GC-MS/MS;cis-Nonachlor;cis-Nonachlor;VLAB-CH-TP-614;GC-MS/MS;0.003 mg/L;0.01 mg/L;72;;; 315.000 ; 840.000 
NƯỚC ĂN UỐNG;Nước;PES-GC-MS/MS;Clomazone;Clomazone;VLAB-CH-TP-614;GC-MS/MS;0.003 mg/L;0.01 mg/L;72;;; 315.000 ; 840.000 
NƯỚC ĂN UỐNG;Nước;PES-GC-MS/MS;Cloquintocet-mexyl;Cloquintocet-mexyl;VLAB-CH-TP-614;GC-MS/MS;0.003 mg/L;0.01 mg/L;72;;; 315.000 ; 840.000 
NƯỚC ĂN UỐNG;Nước;PES-GC-MS/MS;Coumaphos;Coumaphos;VLAB-CH-TP-614;GC-MS/MS;0.003 mg/L;0.01 mg/L;72;;; 315.000 ; 840.000 
NƯỚC ĂN UỐNG;Nước;PES-GC-MS/MS;Crimidine;Crimidine;VLAB-CH-TP-614;GC-MS/MS;0.003 mg/L;0.01 mg/L;72;;; 315.000 ; 840.000 
NƯỚC ĂN UỐNG;Nước;PES-GC-MS/MS;Cyanofenphos;Cyanofenphos;VLAB-CH-TP-614;GC-MS/MS;0.003 mg/L;0.01 mg/L;72;;; 315.000 ; 840.000 
NƯỚC ĂN UỐNG;Nước;PES-GC-MS/MS;Cyanophos;Cyanophos;VLAB-CH-TP-614;GC-MS/MS;0.003 mg/L;0.01 mg/L;72;;; 315.000 ; 840.000 
NƯỚC ĂN UỐNG;Nước;PES-GC-MS/MS;Cycloate;Cycloate;VLAB-CH-TP-614;GC-MS/MS;0.003 mg/L;0.01 mg/L;72;;; 315.000 ; 840.000 
NƯỚC ĂN UỐNG;Nước;PES-GC-MS/MS;Cyfluthrin;Cyfluthrin;VLAB-CH-TP-614;GC-MS/MS;0.003 mg/L;0.01 mg/L;72;;; 315.000 ; 840.000 
NƯỚC ĂN UỐNG;Nước;PES-GC-MS/MS;Cyhalofop-butyl;Cyhalofop-butyl;VLAB-CH-TP-614;GC-MS/MS;0.003 mg/L;0.01 mg/L;72;;; 315.000 ; 840.000 
NƯỚC ĂN UỐNG;Nước;PES-GC-MS/MS;Cyhalothrin (Gamma);Cyhalothrin (Gamma);VLAB-CH-TP-614;GC-MS/MS;0.003 mg/L;0.01 mg/L;72;;; 315.000 ; 840.000 
NƯỚC ĂN UỐNG;Nước;PES-GC-MS/MS;Cyhalothrin (Lambda);Cyhalothrin (Lambda);VLAB-CH-TP-614;GC-MS/MS;0.003 mg/L;0.01 mg/L;72;;; 315.000 ; 840.000 
NƯỚC ĂN UỐNG;Nước;PES-GC-MS/MS;Cypermethrin;Cypermethrin;VLAB-CH-TP-614;GC-MS/MS;0.003 mg/L;0.01 mg/L;72;;; 315.000 ; 840.000 
NƯỚC ĂN UỐNG;Nước;PES-LC/MS/MS-1;Cyproconazole;Cyproconazole;VLAB-CH-TP-674;LC-MS/MS;0.003 mg/kg;0.01 mg/L;72;;; 315.000 ; 840.000 
NƯỚC ĂN UỐNG;Nước;PES-GC-MS/MS;Cyprodinil;Cyprodinil;VLAB-CH-TP-614;GC-MS/MS;0.003 mg/L;0.01 mg/L;72;;; 315.000 ; 840.000 
NƯỚC ĂN UỐNG;Nước;PES-GC-MS/MS;DCPA (Dacthal, Chlorthal-dimethyl);DCPA (Dacthal, Chlorthal-dimethyl);VLAB-CH-TP-614;GC-MS/MS;0.003 mg/L;0.01 mg/L;72;;; 315.000 ; 840.000 
NƯỚC ĂN UỐNG;Nước;PES-GC-MS/MS;DDD-o,p' (2,4'-DDD);DDD-o,p' (2,4'-DDD);VLAB-CH-TP-614;GC-MS/MS;0.003 mg/L;0.01 mg/L;72;;; 315.000 ; 840.000 
NƯỚC ĂN UỐNG;Nước;PES-GC-MS/MS;DDD-p,p' (4,4'-DDD);DDD-p,p' (4,4'-DDD);VLAB-CH-TP-614;GC-MS/MS;0.003 mg/L;0.01 mg/L;72;;; 315.000 ; 840.000 
NƯỚC ĂN UỐNG;Nước;PES-GC-MS/MS;DDE-o,p' (2,4'-DDE);DDE-o,p' (2,4'-DDE);VLAB-CH-TP-614;GC-MS/MS;0.003 mg/L;0.01 mg/L;72;;; 315.000 ; 840.000 
NƯỚC ĂN UỐNG;Nước;PES-GC-MS/MS;DDE-p,p' (4,4'-DDE);DDE-p,p' (4,4'-DDE);VLAB-CH-TP-614;GC-MS/MS;0.003 mg/L;0.01 mg/L;72;;; 315.000 ; 840.000 
NƯỚC ĂN UỐNG;Nước;PES-GC-MS/MS;DDT-o,p' (2,4'-DDT);DDT-o,p' (2,4'-DDT);VLAB-CH-TP-614;GC-MS/MS;0.003 mg/L;0.01 mg/L;72;;; 315.000 ; 840.000 
NƯỚC ĂN UỐNG;Nước;PES-GC-MS/MS;DDT-p,p' (4,4'-DDT);DDT-p,p' (4,4'-DDT);VLAB-CH-TP-614;GC-MS/MS;0.003 mg/L;0.01 mg/L;72;;; 315.000 ; 840.000 
NƯỚC ĂN UỐNG;Nước;PES-GC-MS/MS;DEF (Tribufos);DEF (Tribufos);VLAB-CH-TP-614;GC-MS/MS;0.003 mg/L;0.01 mg/L;72;;; 315.000 ; 840.000 
NƯỚC ĂN UỐNG;Nước;PES-GC-MS/MS;delta-BHC;delta-BHC;VLAB-CH-TP-614;GC-MS/MS;0.003 mg/L;0.01 mg/L;72;;; 315.000 ; 840.000 
NƯỚC ĂN UỐNG;Nước;PES-GC-MS/MS;Deltamethrin;Deltamethrin;VLAB-CH-TP-614;GC-MS/MS;0.003 mg/L;0.01 mg/L;72;;; 315.000 ; 840.000 
NƯỚC ĂN UỐNG;Nước;PES-GC-MS/MS;Desmetryn;Desmetryn;VLAB-CH-TP-614;GC-MS/MS;0.003 mg/L;0.01 mg/L;72;;; 315.000 ; 840.000 
NƯỚC ĂN UỐNG;Nước;PES-GC-MS/MS;Dialifos;Dialifos;VLAB-CH-TP-614;GC-MS/MS;0.003 mg/L;0.01 mg/L;72;;; 315.000 ; 840.000 
NƯỚC ĂN UỐNG;Nước;PES-GC-MS/MS;Diallate;Diallate;VLAB-CH-TP-614;GC-MS/MS;0.003 mg/L;0.01 mg/L;72;;; 315.000 ; 840.000 
NƯỚC ĂN UỐNG;Nước;PES-GC-MS/MS;Diazinon;Diazinon;VLAB-CH-TP-614;GC-MS/MS;0.003 mg/L;0.01 mg/L;72;;; 315.000 ; 840.000 
NƯỚC ĂN UỐNG;Nước;PES-GC-MS/MS;Dichlofenthion;Dichlofenthion;VLAB-CH-TP-614;GC-MS/MS;0.003 mg/L;0.01 mg/L;72;;; 315.000 ; 840.000 
NƯỚC ĂN UỐNG;Nước;PES-GC-MS/MS;Dichloran;Dichloran;VLAB-CH-TP-614;GC-MS/MS;0.003 mg/L;0.01 mg/L;72;;; 315.000 ; 840.000 
NƯỚC ĂN UỐNG;Nước;PES-GC-MS/MS;Dichlorvos;Dichlorvos;VLAB-CH-TP-614;GC-MS/MS;0.003 mg/L;0.01 mg/L;72;;; 315.000 ; 840.000 
NƯỚC ĂN UỐNG;Nước;PES-GC-MS/MS;Diclobutrazol (Dichlobutrazol);Diclobutrazol (Dichlobutrazol);VLAB-CH-TP-614;GC-MS/MS;0.003 mg/L;0.01 mg/L;72;;; 315.000 ; 840.000 
NƯỚC ĂN UỐNG;Nước;PES-GC-MS/MS;Diclofop-methyl;Diclofop-methyl;VLAB-CH-TP-614;GC-MS/MS;0.003 mg/L;0.01 mg/L;72;;; 315.000 ; 840.000 
NƯỚC ĂN UỐNG;Nước;PES-GC-MS/MS;Dieldrin;Dieldrin;VLAB-CH-TP-614;GC-MS/MS;0.003 mg/L;0.01 mg/L;72;;; 315.000 ; 840.000 
NƯỚC ĂN UỐNG;Nước;PES-GC-MS/MS;Dimethachlor;Dimethachlor;VLAB-CH-TP-614;GC-MS/MS;0.003 mg/L;0.01 mg/L;72;;; 315.000 ; 840.000 
NƯỚC ĂN UỐNG;Nước;PES-GC-MS/MS;Dimethenamid-P;Dimethenamid-P;VLAB-CH-TP-614;GC-MS/MS;0.003 mg/L;0.01 mg/L;72;;; 315.000 ; 840.000 
NƯỚC ĂN UỐNG;Nước;PES-GC-MS/MS;Diofenolan;Diofenolan;VLAB-CH-TP-614;GC-MS/MS;0.003 mg/L;0.01 mg/L;72;;; 315.000 ; 840.000 
NƯỚC ĂN UỐNG;Nước;PES-GC-MS/MS;Diphenamid;Diphenamid;VLAB-CH-TP-614;GC-MS/MS;0.003 mg/L;0.01 mg/L;72;;; 315.000 ; 840.000 
NƯỚC ĂN UỐNG;Nước;PES-GC-MS/MS;Diphenylamine;Diphenylamine;VLAB-CH-TP-614;GC-MS/MS;0.003 mg/L;0.01 mg/L;72;;; 315.000 ; 840.000 
NƯỚC ĂN UỐNG;Nước;PES-GC-MS/MS;Disulfoton;Disulfoton;VLAB-CH-TP-614;GC-MS/MS;0.003 mg/L;0.01 mg/L;72;;; 315.000 ; 840.000 
NƯỚC ĂN UỐNG;Nước;PES-GC-MS/MS;Disulfoton-sulfoxide;Disulfoton-sulfoxide;VLAB-CH-TP-614;GC-MS/MS;0.003 mg/L;0.01 mg/L;72;;; 315.000 ; 840.000 
NƯỚC ĂN UỐNG;Nước;PES-GC-MS/MS;Ditalimfos;Ditalimfos;VLAB-CH-TP-614;GC-MS/MS;0.003 mg/L;0.01 mg/L;72;;; 315.000 ; 840.000 
NƯỚC ĂN UỐNG;Nước;PES-GC-MS/MS;Dithiopyr;Dithiopyr;VLAB-CH-TP-614;GC-MS/MS;0.003 mg/L;0.01 mg/L;72;;; 315.000 ; 840.000 
NƯỚC ĂN UỐNG;Nước;PES-GC-MS/MS;Endosulfan ether;Endosulfan ether;VLAB-CH-TP-614;GC-MS/MS;0.003 mg/L;0.01 mg/L;72;;; 315.000 ; 840.000 
NƯỚC ĂN UỐNG;Nước;PES-GC-MS/MS;Endosulfan I (alpha isomer);Endosulfan I (alpha isomer);VLAB-CH-TP-614;GC-MS/MS;0.003 mg/L;0.01 mg/L;72;;; 315.000 ; 840.000 
NƯỚC ĂN UỐNG;Nước;PES-GC-MS/MS;Endosulfan II (beta isomer);Endosulfan II (beta isomer);VLAB-CH-TP-614;GC-MS/MS;0.003 mg/L;0.01 mg/L;72;;; 315.000 ; 840.000 
NƯỚC ĂN UỐNG;Nước;PES-GC-MS/MS;Endosulfan sulfate;Endosulfan sulfate;VLAB-CH-TP-614;GC-MS/MS;0.003 mg/L;0.01 mg/L;72;;; 315.000 ; 840.000 
NƯỚC ĂN UỐNG;Nước;PES-GC-MS/MS;Endrin;Endrin;VLAB-CH-TP-614;GC-MS/MS;0.003 mg/L;0.01 mg/L;72;;; 315.000 ; 840.000 
NƯỚC ĂN UỐNG;Nước;PES-GC-MS/MS;EPN (O-Ethyl O-(4-nitrophenyl) phenylphosphonothioate);EPN (O-Ethyl O-(4-nitrophenyl) phenylphosphonothioate);VLAB-CH-TP-614;GC-MS/MS;0.003 mg/L;0.01 mg/L;72;;; 315.000 ; 840.000 
NƯỚC ĂN UỐNG;Nước;PES-GC-MS/MS;Ethalfluralin;Ethalfluralin;VLAB-CH-TP-614;GC-MS/MS;0.003 mg/L;0.01 mg/L;72;;; 315.000 ; 840.000 
NƯỚC ĂN UỐNG;Nước;PES-GC-MS/MS;Ethion;Ethion;VLAB-CH-TP-614;GC-MS/MS;0.003 mg/L;0.01 mg/L;72;;; 315.000 ; 840.000 
NƯỚC ĂN UỐNG;Nước;PES-GC-MS/MS;Ethofenprox (Etofenprox);Ethofenprox (Etofenprox);VLAB-CH-TP-614;GC-MS/MS;0.003 mg/L;0.01 mg/L;72;;; 315.000 ; 840.000 
NƯỚC ĂN UỐNG;Nước;PES-GC-MS/MS;Ethofumesate;Ethofumesate;VLAB-CH-TP-614;GC-MS/MS;0.003 mg/L;0.01 mg/L;72;;; 315.000 ; 840.000 
NƯỚC ĂN UỐNG;Nước;PES-GC-MS/MS;Ethylan (Perthane);Ethylan (Perthane);VLAB-CH-TP-614;GC-MS/MS;0.003 mg/L;0.01 mg/L;72;;; 315.000 ; 840.000 
NƯỚC ĂN UỐNG;Nước;PES-GC-MS/MS;Fenamiphos;Fenamiphos;VLAB-CH-TP-614;GC-MS/MS;0.003 mg/L;0.01 mg/L;72;;; 315.000 ; 840.000 
NƯỚC ĂN UỐNG;Nước;PES-GC-MS/MS;Fenarimol;Fenarimol;VLAB-CH-TP-614;GC-MS/MS;0.003 mg/L;0.01 mg/L;72;;; 315.000 ; 840.000 
NƯỚC ĂN UỐNG;Nước;PES-GC-MS/MS;Fenitrothion;Fenitrothion;VLAB-CH-TP-614;GC-MS/MS;0.003 mg/L;0.01 mg/L;72;;; 315.000 ; 840.000 
NƯỚC ĂN UỐNG;Nước;PES-GC-MS/MS;Fenpropathrin;Fenpropathrin;VLAB-CH-TP-614;GC-MS/MS;0.003 mg/L;0.01 mg/L;72;;; 315.000 ; 840.000 
NƯỚC ĂN UỐNG;Nước;PES-GC-MS/MS;Fenpropimorph;Fenpropimorph;VLAB-CH-TP-614;GC-MS/MS;0.003 mg/L;0.01 mg/L;72;;; 315.000 ; 840.000 
NƯỚC ĂN UỐNG;Nước;PES-GC-MS/MS;Fenson;Fenson;VLAB-CH-TP-614;GC-MS/MS;0.003 mg/L;0.01 mg/L;72;;; 315.000 ; 840.000 
NƯỚC ĂN UỐNG;Nước;PES-GC-MS/MS;Fensulfothion;Fensulfothion;VLAB-CH-TP-614;GC-MS/MS;0.003 mg/L;0.01 mg/L;72;;; 315.000 ; 840.000 
NƯỚC ĂN UỐNG;Nước;PES-GC-MS/MS;Fenthion;Fenthion;VLAB-CH-TP-614;GC-MS/MS;0.003 mg/L;0.01 mg/L;72;;; 315.000 ; 840.000 
NƯỚC ĂN UỐNG;Nước;PES-GC-MS/MS;Fenthion sulfone;Fenthion sulfone;VLAB-CH-TP-614;GC-MS/MS;0.003 mg/L;0.01 mg/L;72;;; 315.000 ; 840.000 
NƯỚC ĂN UỐNG;Nước;PES-GC-MS/MS;Fenvalerate;Fenvalerate;VLAB-CH-TP-614;GC-MS/MS;0.003 mg/L;0.01 mg/L;72;;; 315.000 ; 840.000 
NƯỚC ĂN UỐNG;Nước;PES-GC-MS/MS;Fipronil;Fipronil;VLAB-CH-TP-614;GC-MS/MS;0.003 mg/L;0.01 mg/L;72;;; 315.000 ; 840.000 
NƯỚC ĂN UỐNG;Nước;PES-GC-MS/MS;Fipronil sulfide;Fipronil sulfide;VLAB-CH-TP-614;GC-MS/MS;0.003 mg/L;0.01 mg/L;72;;; 315.000 ; 840.000 
NƯỚC ĂN UỐNG;Nước;PES-GC-MS/MS;Fipronil sulfone;Fipronil sulfone;VLAB-CH-TP-614;GC-MS/MS;0.003 mg/L;0.01 mg/L;72;;; 315.000 ; 840.000 
NƯỚC ĂN UỐNG;Nước;PES-GC-MS/MS;Fluazifop-p-butyl;Fluazifop-p-butyl;VLAB-CH-TP-614;GC-MS/MS;0.003 mg/L;0.01 mg/L;72;;; 315.000 ; 840.000 
NƯỚC ĂN UỐNG;Nước;PES-GC-MS/MS;Fluchloralin;Fluchloralin;VLAB-CH-TP-614;GC-MS/MS;0.003 mg/L;0.01 mg/L;72;;; 315.000 ; 840.000 
NƯỚC ĂN UỐNG;Nước;PES-GC-MS/MS;Flucythrinate;Flucythrinate;VLAB-CH-TP-614;GC-MS/MS;0.003 mg/L;0.01 mg/L;72;;; 315.000 ; 840.000 
NƯỚC ĂN UỐNG;Nước;PES-GC-MS/MS;Fludioxonil;Fludioxonil;VLAB-CH-TP-614;GC-MS/MS;0.003 mg/L;0.01 mg/L;72;;; 315.000 ; 840.000 
NƯỚC ĂN UỐNG;Nước;PES-GC-MS/MS;Flufenacet;Flufenacet;VLAB-CH-TP-614;GC-MS/MS;0.003 mg/L;0.01 mg/L;72;;; 315.000 ; 840.000 
NƯỚC ĂN UỐNG;Nước;PES-GC-MS/MS;Flumetralin;Flumetralin;VLAB-CH-TP-614;GC-MS/MS;0.003 mg/L;0.01 mg/L;72;;; 315.000 ; 840.000 
NƯỚC ĂN UỐNG;Nước;PES-GC-MS/MS;Fluquinconazole;Fluquinconazole;VLAB-CH-TP-614;GC-MS/MS;0.003 mg/L;0.01 mg/L;72;;; 315.000 ; 840.000 
NƯỚC ĂN UỐNG;Nước;PES-GC-MS/MS;Flusilazole;Flusilazole;VLAB-CH-TP-614;GC-MS/MS;0.003 mg/L;0.01 mg/L;72;;; 315.000 ; 840.000 
NƯỚC ĂN UỐNG;Nước;PES-GC-MS/MS;Flutolanil;Flutolanil;VLAB-CH-TP-614;GC-MS/MS;0.003 mg/L;0.01 mg/L;72;;; 315.000 ; 840.000 
NƯỚC ĂN UỐNG;Nước;PES-GC-MS/MS;Flutriafol;Flutriafol;VLAB-CH-TP-614;GC-MS/MS;0.003 mg/L;0.01 mg/L;72;;; 315.000 ; 840.000 
NƯỚC ĂN UỐNG;Nước;PES-GC-MS/MS;Folpet;Folpet;VLAB-CH-TP-614;GC-MS/MS;0.003 mg/L;0.01 mg/L;72;;; 315.000 ; 840.000 
NƯỚC ĂN UỐNG;Nước;PES-GC-MS/MS;Fonofos (Dyfonate);Fonofos (Dyfonate);VLAB-CH-TP-614;GC-MS/MS;0.003 mg/L;0.01 mg/L;72;;; 315.000 ; 840.000 
NƯỚC ĂN UỐNG;Nước;PES-GC-MS/MS;Formothion;Formothion;VLAB-CH-TP-614;GC-MS/MS;0.003 mg/L;0.01 mg/L;72;;; 315.000 ; 840.000 
NƯỚC ĂN UỐNG;Nước;PES-GC-MS/MS;Furalaxyl;Furalaxyl;VLAB-CH-TP-614;GC-MS/MS;0.003 mg/L;0.01 mg/L;72;;; 315.000 ; 840.000 
NƯỚC ĂN UỐNG;Nước;PES-GC-MS/MS;gamma-BHC- (Lindane, gamma HCH);gamma-BHC- (Lindane, gamma HCH);VLAB-CH-TP-614;GC-MS/MS;0.003 mg/L;0.01 mg/L;72;;; 315.000 ; 840.000 
NƯỚC ĂN UỐNG;Nước;PES-GC-MS/MS;Haloxyfop-methyl;Haloxyfop-methyl;VLAB-CH-TP-614;GC-MS/MS;0.003 mg/L;0.01 mg/L;72;;; 315.000 ; 840.000 
NƯỚC ĂN UỐNG;Nước;PES-GC-MS/MS;Heptachlor;Heptachlor;VLAB-CH-TP-614;GC-MS/MS;0.003 mg/L;0.01 mg/L;72;;; 315.000 ; 840.000 
NƯỚC ĂN UỐNG;Nước;PES-GC-MS/MS;Heptachlor endo-epoxide (isomer A);Heptachlor endo-epoxide (isomer A);VLAB-CH-TP-614;GC-MS/MS;0.003 mg/L;0.01 mg/L;72;;; 315.000 ; 840.000 
NƯỚC ĂN UỐNG;Nước;PES-GC-MS/MS;Heptachlor exo-epoxide (Heptachlor epoxide);Heptachlor exo-epoxide (Heptachlor epoxide);VLAB-CH-TP-614;GC-MS/MS;0.003 mg/L;0.01 mg/L;72;;; 315.000 ; 840.000 
NƯỚC ĂN UỐNG;Nước;PES-GC-MS/MS;Heptenophos;Heptenophos;VLAB-CH-TP-614;GC-MS/MS;0.003 mg/L;0.01 mg/L;72;;; 315.000 ; 840.000 
NƯỚC ĂN UỐNG;Nước;PES-GC-MS/MS;Hexachlorobenzene (HCB);Hexachlorobenzene (HCB);VLAB-CH-TP-614;GC-MS/MS;0.003 mg/L;0.01 mg/L;72;;; 315.000 ; 840.000 
NƯỚC ĂN UỐNG;Nước;PES-LC/MS/MS-1;Hexaconazole;Hexaconazole;VLAB-CH-TP-674;LC-MS/MS;0.003 mg/kg;0.01 mg/L;72;;; 315.000 ; 840.000 
NƯỚC ĂN UỐNG;Nước;PES-GC-MS/MS;Iodofenphos;Iodofenphos;VLAB-CH-TP-614;GC-MS/MS;0.003 mg/L;0.01 mg/L;72;;; 315.000 ; 840.000 
NƯỚC ĂN UỐNG;Nước;PES-GC-MS/MS;Iprobenfos;Iprobenfos;VLAB-CH-TP-614;GC-MS/MS;0.003 mg/L;0.01 mg/L;72;;; 315.000 ; 840.000 
NƯỚC ĂN UỐNG;Nước;PES-GC-MS/MS;Isazofos (Isazophos);Isazofos (Isazophos);VLAB-CH-TP-614;GC-MS/MS;0.003 mg/L;0.01 mg/L;72;;; 315.000 ; 840.000 
NƯỚC ĂN UỐNG;Nước;PES-GC-MS/MS;Isobenzan;Isobenzan;VLAB-CH-TP-614;GC-MS/MS;0.003 mg/L;0.01 mg/L;72;;; 315.000 ; 840.000 
NƯỚC ĂN UỐNG;Nước;PES-GC-MS/MS;Isodrin;Isodrin;VLAB-CH-TP-614;GC-MS/MS;0.003 mg/L;0.01 mg/L;72;;; 315.000 ; 840.000 
NƯỚC ĂN UỐNG;Nước;PES-GC-MS/MS;Isopropalin;Isopropalin;VLAB-CH-TP-614;GC-MS/MS;0.003 mg/L;0.01 mg/L;72;;; 315.000 ; 840.000 
NƯỚC ĂN UỐNG;Nước;PES-GC-MS/MS;Kresoxim-methyl;Kresoxim-methyl;VLAB-CH-TP-614;GC-MS/MS;0.003 mg/L;0.01 mg/L;72;;; 315.000 ; 840.000 
NƯỚC ĂN UỐNG;Nước;PES-GC-MS/MS;Lenacil;Lenacil;VLAB-CH-TP-614;GC-MS/MS;0.003 mg/L;0.01 mg/L;72;;; 315.000 ; 840.000 
NƯỚC ĂN UỐNG;Nước;PES-GC-MS/MS;Leptophos;Leptophos;VLAB-CH-TP-614;GC-MS/MS;0.003 mg/L;0.01 mg/L;72;;; 315.000 ; 840.000 
NƯỚC ĂN UỐNG;Nước;PES-GC-MS/MS;Malathion;Malathion;VLAB-CH-TP-614;GC-MS/MS;0.003 mg/L;0.01 mg/L;72;;; 315.000 ; 840.000 
NƯỚC ĂN UỐNG;Nước;PES-GC-MS/MS;Mecarbam;Mecarbam;VLAB-CH-TP-614;GC-MS/MS;0.003 mg/L;0.01 mg/L;72;;; 315.000 ; 840.000 
NƯỚC ĂN UỐNG;Nước;PES-GC-MS/MS;Mefenpyr-diethyl;Mefenpyr-diethyl;VLAB-CH-TP-614;GC-MS/MS;0.003 mg/L;0.01 mg/L;72;;; 315.000 ; 840.000 
NƯỚC ĂN UỐNG;Nước;PES-GC-MS/MS;Mepronil;Mepronil;VLAB-CH-TP-614;GC-MS/MS;0.003 mg/L;0.01 mg/L;72;;; 315.000 ; 840.000 
NƯỚC ĂN UỐNG;Nước;PES-GC-MS/MS;Metalaxyl (Mefenoxam);Metalaxyl (Mefenoxam);VLAB-CH-TP-614;GC-MS/MS;0.003 mg/L;0.01 mg/L;72;;; 315.000 ; 840.000 
NƯỚC ĂN UỐNG;Nước;PES-GC-MS/MS;Metazachlor;Metazachlor;VLAB-CH-TP-614;GC-MS/MS;0.003 mg/L;0.01 mg/L;72;;; 315.000 ; 840.000 
NƯỚC ĂN UỐNG;Nước;PES-GC-MS/MS;Methacrifos;Methacrifos;VLAB-CH-TP-614;GC-MS/MS;0.003 mg/L;0.01 mg/L;72;;; 315.000 ; 840.000 
NƯỚC ĂN UỐNG;Nước;PES-GC-MS/MS;Methidathion;Methidathion;VLAB-CH-TP-614;GC-MS/MS;0.003 mg/L;0.01 mg/L;72;;; 315.000 ; 840.000 
NƯỚC ĂN UỐNG;Nước;PES-GC-MS/MS;Methoxychlor olefin;Methoxychlor olefin;VLAB-CH-TP-614;GC-MS/MS;0.003 mg/L;0.01 mg/L;72;;; 315.000 ; 840.000 
NƯỚC ĂN UỐNG;Nước;PES-GC-MS/MS;Metolachlor;Metolachlor;VLAB-CH-TP-614;GC-MS/MS;0.003 mg/L;0.01 mg/L;72;;; 315.000 ; 840.000 
NƯỚC ĂN UỐNG;Nước;PES-GC-MS/MS;Metrafenone;Metrafenone;VLAB-CH-TP-614;GC-MS/MS;0.003 mg/L;0.01 mg/L;72;;; 315.000 ; 840.000 
NƯỚC ĂN UỐNG;Nước;PES-GC-MS/MS;Metribuzin;Metribuzin;VLAB-CH-TP-614;GC-MS/MS;0.003 mg/L;0.01 mg/L;72;;; 315.000 ; 840.000 
NƯỚC ĂN UỐNG;Nước;PES-GC-MS/MS;Mevinphos;Mevinphos;VLAB-CH-TP-614;GC-MS/MS;0.003 mg/L;0.01 mg/L;72;;; 315.000 ; 840.000 
NƯỚC ĂN UỐNG;Nước;PES-GC-MS/MS;MGK-264 (N-Octyl bicycloheptene dicarboximide);MGK-264 (N-Octyl bicycloheptene dicarboximide);VLAB-CH-TP-614;GC-MS/MS;0.003 mg/L;0.01 mg/L;72;;; 315.000 ; 840.000 
NƯỚC ĂN UỐNG;Nước;PES-GC-MS/MS;Molinate;Molinate;VLAB-CH-TP-614;GC-MS/MS;0.003 mg/L;0.01 mg/L;72;;; 315.000 ; 840.000 
NƯỚC ĂN UỐNG;Nước;PES-GC-MS/MS;Myclobutanil;Myclobutanil;VLAB-CH-TP-614;GC-MS/MS;0.003 mg/L;0.01 mg/L;72;;; 315.000 ; 840.000 
NƯỚC ĂN UỐNG;Nước;PES-GC-MS/MS;N-(2,4-dimethylphenyl) formamide;N-(2,4-dimethylphenyl) formamide;VLAB-CH-TP-614;GC-MS/MS;0.003 mg/L;0.01 mg/L;72;;; 315.000 ; 840.000 
NƯỚC ĂN UỐNG;Nước;PES-GC-MS/MS;Napropamide;Napropamide;VLAB-CH-TP-614;GC-MS/MS;0.003 mg/L;0.01 mg/L;72;;; 315.000 ; 840.000 
NƯỚC ĂN UỐNG;Nước;PES-GC-MS/MS;Nitrothal-isopropyl;Nitrothal-isopropyl;VLAB-CH-TP-614;GC-MS/MS;0.003 mg/L;0.01 mg/L;72;;; 315.000 ; 840.000 
NƯỚC ĂN UỐNG;Nước;PES-GC-MS/MS;Norflurazon;Norflurazon;VLAB-CH-TP-614;GC-MS/MS;0.003 mg/L;0.01 mg/L;72;;; 315.000 ; 840.000 
NƯỚC ĂN UỐNG;Nước;PES-GC-MS/MS;Nuarimol;Nuarimol;VLAB-CH-TP-614;GC-MS/MS;0.003 mg/L;0.01 mg/L;72;;; 315.000 ; 840.000 
NƯỚC ĂN UỐNG;Nước;PES-GC-MS/MS;o, p'-Dicofol;o, p'-Dicofol;VLAB-CH-TP-614;GC-MS/MS;0.003 mg/L;0.01 mg/L;72;;; 315.000 ; 840.000 
NƯỚC ĂN UỐNG;Nước;PES-GC-MS/MS;Oxadiazon;Oxadiazon;VLAB-CH-TP-614;GC-MS/MS;0.003 mg/L;0.01 mg/L;72;;; 315.000 ; 840.000 
NƯỚC ĂN UỐNG;Nước;PES-GC-MS/MS;oxy-Chlordane;oxy-Chlordane;VLAB-CH-TP-614;GC-MS/MS;0.003 mg/L;0.01 mg/L;72;;; 315.000 ; 840.000 
NƯỚC ĂN UỐNG;Nước;PES-GC-MS/MS;Oxyfluorfen;Oxyfluorfen;VLAB-CH-TP-614;GC-MS/MS;0.003 mg/L;0.01 mg/L;72;;; 315.000 ; 840.000 
NƯỚC ĂN UỐNG;Nước;PES-GC-MS/MS;Paclobutrazol;Paclobutrazol;VLAB-CH-TP-614;GC-MS/MS;0.003 mg/L;0.01 mg/L;72;;; 315.000 ; 840.000 
NƯỚC ĂN UỐNG;Nước;PES-GC-MS/MS;Parathion (Ethyl parathion);Parathion (Ethyl parathion);VLAB-CH-TP-614;GC-MS/MS;0.003 mg/L;0.01 mg/L;72;;; 315.000 ; 840.000 
NƯỚC ĂN UỐNG;Nước;PES-GC-MS/MS;Parathion-methyl;Parathion-methyl;VLAB-CH-TP-614;GC-MS/MS;0.003 mg/L;0.01 mg/L;72;;; 315.000 ; 840.000 
NƯỚC ĂN UỐNG;Nước;PES-GC-MS/MS;Pebulate;Pebulate;VLAB-CH-TP-614;GC-MS/MS;0.003 mg/L;0.01 mg/L;72;;; 315.000 ; 840.000 
NƯỚC ĂN UỐNG;Nước;PES-GC-MS/MS;Penconazole;Penconazole;VLAB-CH-TP-614;GC-MS/MS;0.003 mg/L;0.01 mg/L;72;;; 315.000 ; 840.000 
NƯỚC ĂN UỐNG;Nước;PES-GC-MS/MS;Pencycuron (Monceren);Pencycuron (Monceren);VLAB-CH-TP-614;GC-MS/MS;0.003 mg/L;0.01 mg/L;72;;; 315.000 ; 840.000 
NƯỚC ĂN UỐNG;Nước;PES-GC-MS/MS;Pendimethalin;Pendimethalin;VLAB-CH-TP-614;GC-MS/MS;0.003 mg/L;0.01 mg/L;72;;; 315.000 ; 840.000 
NƯỚC ĂN UỐNG;Nước;PES-GC-MS/MS;Pentachloroaniline;Pentachloroaniline;VLAB-CH-TP-614;GC-MS/MS;0.003 mg/L;0.01 mg/L;72;;; 315.000 ; 840.000 
NƯỚC ĂN UỐNG;Nước;PES-GC-MS/MS;Pentachloroanisole;Pentachloroanisole;VLAB-CH-TP-614;GC-MS/MS;0.003 mg/L;0.01 mg/L;72;;; 315.000 ; 840.000 
NƯỚC ĂN UỐNG;Nước;PES-GC-MS/MS;Pentachlorobenzene;Pentachlorobenzene;VLAB-CH-TP-614;GC-MS/MS;0.003 mg/L;0.01 mg/L;72;;; 315.000 ; 840.000 
NƯỚC ĂN UỐNG;Nước;PES-GC-MS/MS;Pentachlorobenzonitrile;Pentachlorobenzonitrile;VLAB-CH-TP-614;GC-MS/MS;0.003 mg/L;0.01 mg/L;72;;; 315.000 ; 840.000 
NƯỚC ĂN UỐNG;Nước;PES-GC-MS/MS;Pentachloronitrobenzene;Pentachloronitrobenzene;VLAB-CH-TP-614;GC-MS/MS;0.003 mg/L;0.01 mg/L;72;;; 315.000 ; 840.000 
NƯỚC ĂN UỐNG;Nước;PES-GC-MS/MS;Pentachlorothioanisole;Pentachlorothioanisole;VLAB-CH-TP-614;GC-MS/MS;0.003 mg/L;0.01 mg/L;72;;; 315.000 ; 840.000 
NƯỚC ĂN UỐNG;Nước;PES-GC-MS/MS;Permethrin-cis-trans;Permethrin-cis-trans;VLAB-CH-TP-614;GC-MS/MS;0.003 mg/L;0.01 mg/L;72;;; 315.000 ; 840.000 
NƯỚC ĂN UỐNG;Nước;PES-GC-MS/MS;Phenothrin;Phenothrin;VLAB-CH-TP-614;GC-MS/MS;0.003 mg/L;0.01 mg/L;72;;; 315.000 ; 840.000 
NƯỚC ĂN UỐNG;Nước;PES-GC-MS/MS;Phenthoate;Phenthoate;VLAB-CH-TP-614;GC-MS/MS;0.003 mg/L;0.01 mg/L;72;;; 315.000 ; 840.000 
NƯỚC ĂN UỐNG;Nước;PES-GC-MS/MS;Phorate;Phorate;VLAB-CH-TP-614;GC-MS/MS;0.003 mg/L;0.01 mg/L;72;;; 315.000 ; 840.000 
NƯỚC ĂN UỐNG;Nước;PES-GC-MS/MS;Phorate sulfone;Phorate sulfone;VLAB-CH-TP-614;GC-MS/MS;0.003 mg/L;0.01 mg/L;72;;; 315.000 ; 840.000 
NƯỚC ĂN UỐNG;Nước;PES-GC-MS/MS;Phosalone;Phosalone;VLAB-CH-TP-614;GC-MS/MS;0.003 mg/L;0.01 mg/L;72;;; 315.000 ; 840.000 
NƯỚC ĂN UỐNG;Nước;PES-GC-MS/MS;Picolinafen;Picolinafen;VLAB-CH-TP-614;GC-MS/MS;0.003 mg/L;0.01 mg/L;72;;; 315.000 ; 840.000 
NƯỚC ĂN UỐNG;Nước;PES-GC-MS/MS;Piperonyl butoxide;Piperonyl butoxide;VLAB-CH-TP-614;GC-MS/MS;0.003 mg/L;0.01 mg/L;72;;; 315.000 ; 840.000 
NƯỚC ĂN UỐNG;Nước;PES-GC-MS/MS;Piperophos;Piperophos;VLAB-CH-TP-614;GC-MS/MS;0.003 mg/L;0.01 mg/L;72;;; 315.000 ; 840.000 
NƯỚC ĂN UỐNG;Nước;PES-GC-MS/MS;Pirimiphos-ethyl;Pirimiphos-ethyl;VLAB-CH-TP-614;GC-MS/MS;0.003 mg/L;0.01 mg/L;72;;; 315.000 ; 840.000 
NƯỚC ĂN UỐNG;Nước;PES-GC-MS/MS;Pirimiphos-methyl;Pirimiphos-methyl;VLAB-CH-TP-614;GC-MS/MS;0.003 mg/L;0.01 mg/L;72;;; 315.000 ; 840.000 
NƯỚC ĂN UỐNG;Nước;PES-GC-MS/MS;Pretilachlor;Pretilachlor;VLAB-CH-TP-614;GC-MS/MS;0.003 mg/L;0.01 mg/L;72;;; 315.000 ; 840.000 
NƯỚC ĂN UỐNG;Nước;PES-LC/MS/MS-1;Prochloraz;Prochloraz;VLAB-CH-TP-674;LC-MS/MS;0.003 mg/kg;0.01 mg/L;72;;; 315.000 ; 840.000 
NƯỚC ĂN UỐNG;Nước;PES-GC-MS/MS;Procymidone;Procymidone;VLAB-CH-TP-614;GC-MS/MS;0.003 mg/L;0.01 mg/L;72;;; 315.000 ; 840.000 
NƯỚC ĂN UỐNG;Nước;PES-GC-MS/MS;Prodiamine;Prodiamine;VLAB-CH-TP-614;GC-MS/MS;0.003 mg/L;0.01 mg/L;72;;; 315.000 ; 840.000 
NƯỚC ĂN UỐNG;Nước;PES-GC-MS/MS;Profenofos;Profenofos;VLAB-CH-TP-614;GC-MS/MS;0.003 mg/L;0.01 mg/L;72;;; 315.000 ; 840.000 
NƯỚC ĂN UỐNG;Nước;PES-GC-MS/MS;Profluralin;Profluralin;VLAB-CH-TP-614;GC-MS/MS;0.003 mg/L;0.01 mg/L;72;;; 315.000 ; 840.000 
NƯỚC ĂN UỐNG;Nước;PES-LC/MS/MS-1;Prometryn;Prometryn;VLAB-CH-TP-674;LC-MS/MS;0.003 mg/kg;0.01 mg/L;72;;; 315.000 ; 840.000 
NƯỚC ĂN UỐNG;Nước;PES-GC-MS/MS;Propachlor;Propachlor;VLAB-CH-TP-614;GC-MS/MS;0.003 mg/L;0.01 mg/L;72;;; 315.000 ; 840.000 
NƯỚC ĂN UỐNG;Nước;PES-GC-MS/MS;Propanil;Propanil;VLAB-CH-TP-614;GC-MS/MS;0.003 mg/L;0.01 mg/L;72;;; 315.000 ; 840.000 
NƯỚC ĂN UỐNG;Nước;PES-GC-MS/MS;Propargite;Propargite;VLAB-CH-TP-614;GC-MS/MS;0.003 mg/L;0.01 mg/L;72;;; 315.000 ; 840.000 
NƯỚC ĂN UỐNG;Nước;PES-GC-MS/MS;Propazine;Propazine;VLAB-CH-TP-614;GC-MS/MS;0.003 mg/L;0.01 mg/L;72;;; 315.000 ; 840.000 
NƯỚC ĂN UỐNG;Nước;PES-GC-MS/MS;Propetamphos;Propetamphos;VLAB-CH-TP-614;GC-MS/MS;0.003 mg/L;0.01 mg/L;72;;; 315.000 ; 840.000 
NƯỚC ĂN UỐNG;Nước;PES-GC-MS/MS;Propham;Propham;VLAB-CH-TP-614;GC-MS/MS;0.003 mg/L;0.01 mg/L;72;;; 315.000 ; 840.000 
NƯỚC ĂN UỐNG;Nước;PES-GC-MS/MS;Propisochlor;Propisochlor;VLAB-CH-TP-614;GC-MS/MS;0.003 mg/L;0.01 mg/L;72;;; 315.000 ; 840.000 
NƯỚC ĂN UỐNG;Nước;PES-GC-MS/MS;Propyzamide;Propyzamide;VLAB-CH-TP-614;GC-MS/MS;0.003 mg/L;0.01 mg/L;72;;; 315.000 ; 840.000 
NƯỚC ĂN UỐNG;Nước;PES-GC-MS/MS;Prothiofos;Prothiofos;VLAB-CH-TP-614;GC-MS/MS;0.003 mg/L;0.01 mg/L;72;;; 315.000 ; 840.000 
NƯỚC ĂN UỐNG;Nước;PES-GC-MS/MS;Pyraclofos;Pyraclofos;VLAB-CH-TP-614;GC-MS/MS;0.003 mg/L;0.01 mg/L;72;;; 315.000 ; 840.000 
NƯỚC ĂN UỐNG;Nước;PES-GC-MS/MS;Pyrazophos;Pyrazophos;VLAB-CH-TP-614;GC-MS/MS;0.003 mg/L;0.01 mg/L;72;;; 315.000 ; 840.000 
NƯỚC ĂN UỐNG;Nước;PES-GC-MS/MS;Pyridaben;Pyridaben;VLAB-CH-TP-614;GC-MS/MS;0.003 mg/L;0.01 mg/L;72;;; 315.000 ; 840.000 
NƯỚC ĂN UỐNG;Nước;PES-GC-MS/MS;Pyridaphenthion;Pyridaphenthion;VLAB-CH-TP-614;GC-MS/MS;0.003 mg/L;0.01 mg/L;72;;; 315.000 ; 840.000 
NƯỚC ĂN UỐNG;Nước;PES-GC-MS/MS;Pyrifenox;Pyrifenox;VLAB-CH-TP-614;GC-MS/MS;0.003 mg/L;0.01 mg/L;72;;; 315.000 ; 840.000 
NƯỚC ĂN UỐNG;Nước;PES-GC-MS/MS;Pyrimethanil;Pyrimethanil;VLAB-CH-TP-614;GC-MS/MS;0.003 mg/L;0.01 mg/L;72;;; 315.000 ; 840.000 
NƯỚC ĂN UỐNG;Nước;PES-GC-MS/MS;Pyriproxyfen;Pyriproxyfen;VLAB-CH-TP-614;GC-MS/MS;0.003 mg/L;0.01 mg/L;72;;; 315.000 ; 840.000 
NƯỚC ĂN UỐNG;Nước;PES-GC-MS/MS;Pyroquilon;Pyroquilon;VLAB-CH-TP-614;GC-MS/MS;0.003 mg/L;0.01 mg/L;72;;; 315.000 ; 840.000 
NƯỚC ĂN UỐNG;Nước;PES-GC-MS/MS;Quinalphos;Quinalphos;VLAB-CH-TP-614;GC-MS/MS;0.003 mg/L;0.01 mg/L;72;;; 315.000 ; 840.000 
NƯỚC ĂN UỐNG;Nước;PES-GC-MS/MS;Quintozene (Pentachloronitrobenzene);Quintozene (Pentachloronitrobenzene);VLAB-CH-TP-614;GC-MS/MS;0.003 mg/L;0.01 mg/L;72;;; 315.000 ; 840.000 
NƯỚC ĂN UỐNG;Nước;PES-GC-MS/MS;Ronnel (Fenchlorphos);Ronnel (Fenchlorphos);VLAB-CH-TP-614;GC-MS/MS;0.003 mg/L;0.01 mg/L;72;;; 315.000 ; 840.000 
NƯỚC ĂN UỐNG;Nước;PES-GC-MS/MS;Simazine;Simazine;VLAB-CH-TP-614;GC-MS/MS;0.003 mg/L;0.01 mg/L;72;;; 315.000 ; 840.000 
NƯỚC ĂN UỐNG;Nước;PES-GC-MS/MS;Simeconazole;Simeconazole;VLAB-CH-TP-614;GC-MS/MS;0.003 mg/L;0.01 mg/L;72;;; 315.000 ; 840.000 
NƯỚC ĂN UỐNG;Nước;PES-GC-MS/MS;Sulfotep;Sulfotep;VLAB-CH-TP-614;GC-MS/MS;0.003 mg/L;0.01 mg/L;72;;; 315.000 ; 840.000 
NƯỚC ĂN UỐNG;Nước;PES-GC-MS/MS;Sulprofos;Sulprofos;VLAB-CH-TP-614;GC-MS/MS;0.003 mg/L;0.01 mg/L;72;;; 315.000 ; 840.000 
NƯỚC ĂN UỐNG;Nước;PES-GC-MS/MS;tau-Fluvalinate;tau-Fluvalinate;VLAB-CH-TP-614;GC-MS/MS;0.003 mg/L;0.01 mg/L;72;;; 315.000 ; 840.000 
NƯỚC ĂN UỐNG;Nước;PES-GC-MS/MS;Tebufenpyrad;Tebufenpyrad;VLAB-CH-TP-614;GC-MS/MS;0.003 mg/L;0.01 mg/L;72;;; 315.000 ; 840.000 
NƯỚC ĂN UỐNG;Nước;PES-GC-MS/MS;Tebupirimfos;Tebupirimfos;VLAB-CH-TP-614;GC-MS/MS;0.003 mg/L;0.01 mg/L;72;;; 315.000 ; 840.000 
NƯỚC ĂN UỐNG;Nước;PES-GC-MS/MS;Tecnazene;Tecnazene;VLAB-CH-TP-614;GC-MS/MS;0.003 mg/L;0.01 mg/L;72;;; 315.000 ; 840.000 
NƯỚC ĂN UỐNG;Nước;PES-GC-MS/MS;Tefluthrin;Tefluthrin;VLAB-CH-TP-614;GC-MS/MS;0.003 mg/L;0.01 mg/L;72;;; 315.000 ; 840.000 
NƯỚC ĂN UỐNG;Nước;PES-GC-MS/MS;Terbacil;Terbacil;VLAB-CH-TP-614;GC-MS/MS;0.003 mg/L;0.01 mg/L;72;;; 315.000 ; 840.000 
NƯỚC ĂN UỐNG;Nước;PES-GC-MS/MS;Terbufos;Terbufos;VLAB-CH-TP-614;GC-MS/MS;0.003 mg/L;0.01 mg/L;72;;; 315.000 ; 840.000 
NƯỚC ĂN UỐNG;Nước;PES-GC-MS/MS;Terbumeton;Terbumeton;VLAB-CH-TP-614;GC-MS/MS;0.003 mg/L;0.01 mg/L;72;;; 315.000 ; 840.000 
NƯỚC ĂN UỐNG;Nước;PES-GC-MS/MS;Terbuthylazine;Terbuthylazine;VLAB-CH-TP-614;GC-MS/MS;0.003 mg/L;0.01 mg/L;72;;; 315.000 ; 840.000 
NƯỚC ĂN UỐNG;Nước;PES-GC-MS/MS;Tetradifon;Tetradifon;VLAB-CH-TP-614;GC-MS/MS;0.003 mg/L;0.01 mg/L;72;;; 315.000 ; 840.000 
NƯỚC ĂN UỐNG;Nước;PES-GC-MS/MS;Tetramethrin;Tetramethrin;VLAB-CH-TP-614;GC-MS/MS;0.003 mg/L;0.01 mg/L;72;;; 315.000 ; 840.000 
NƯỚC ĂN UỐNG;Nước;PES-GC-MS/MS;Tetrasul;Tetrasul;VLAB-CH-TP-614;GC-MS/MS;0.003 mg/L;0.01 mg/L;72;;; 315.000 ; 840.000 
NƯỚC ĂN UỐNG;Nước;PES-GC-MS/MS;Thiazopyr;Thiazopyr;VLAB-CH-TP-614;GC-MS/MS;0.003 mg/L;0.01 mg/L;72;;; 315.000 ; 840.000 
NƯỚC ĂN UỐNG;Nước;PES-GC-MS/MS;Tolclofos-methyl;Tolclofos-methyl;VLAB-CH-TP-614;GC-MS/MS;0.003 mg/L;0.01 mg/L;72;;; 315.000 ; 840.000 
NƯỚC ĂN UỐNG;Nước;PES-GC-MS/MS;trans-Chlordane;trans-Chlordane;VLAB-CH-TP-614;GC-MS/MS;0.003 mg/L;0.01 mg/L;72;;; 315.000 ; 840.000 
NƯỚC ĂN UỐNG;Nước;PES-GC-MS/MS;Transfluthrin;Transfluthrin;VLAB-CH-TP-614;GC-MS/MS;0.003 mg/L;0.01 mg/L;72;;; 315.000 ; 840.000 
NƯỚC ĂN UỐNG;Nước;PES-GC-MS/MS;trans-Nonachlor;trans-Nonachlor;VLAB-CH-TP-614;GC-MS/MS;0.003 mg/L;0.01 mg/L;72;;; 315.000 ; 840.000 
NƯỚC ĂN UỐNG;Nước;PES-GC-MS/MS;Triadimefon;Triadimefon;VLAB-CH-TP-614;GC-MS/MS;0.003 mg/L;0.01 mg/L;72;;; 315.000 ; 840.000 
NƯỚC ĂN UỐNG;Nước;PES-GC-MS/MS;Triadimenol;Triadimenol;VLAB-CH-TP-614;GC-MS/MS;0.003 mg/L;0.01 mg/L;72;;; 315.000 ; 840.000 
NƯỚC ĂN UỐNG;Nước;PES-GC-MS/MS;Triallate;Triallate;VLAB-CH-TP-614;GC-MS/MS;0.003 mg/L;0.01 mg/L;72;;; 315.000 ; 840.000 
NƯỚC ĂN UỐNG;Nước;PES-GC-MS/MS;Triazophos;Triazophos;VLAB-CH-TP-614;GC-MS/MS;0.003 mg/L;0.01 mg/L;72;;; 315.000 ; 840.000 
NƯỚC ĂN UỐNG;Nước;PES-GC-MS/MS;Triflumizole;Triflumizole;VLAB-CH-TP-614;GC-MS/MS;0.003 mg/L;0.01 mg/L;72;;; 315.000 ; 840.000 
NƯỚC ĂN UỐNG;Nước;PES-GC-MS/MS;Trifluralin;Trifluralin;VLAB-CH-TP-614;GC-MS/MS;0.003 mg/L;0.01 mg/L;72;;; 315.000 ; 840.000 
NƯỚC ĂN UỐNG;Nước;PES-GC-MS/MS;Vinclozolin;Vinclozolin;VLAB-CH-TP-614;GC-MS/MS;0.003 mg/L;0.01 mg/L;72;;; 315.000 ; 840.000 
NƯỚC ĂN UỐNG;Nước;PES-GC-MS/MS;Fipronil disulfinyl;Fipronil disulfinyl;VLAB-CH-TP-614;GC-MS/MS;0.003 mg/L;0.01 mg/L;72;;; 315.000 ; 840.000 
NƯỚC ĂN UỐNG;Nước;;Acesulfame K, Saccharin;Acesulfame K, Saccharin;VLAB-CH-TP-718;HPLC-PAD;2 mg/kg;6 mg/kg;72;;; 350.000 ; NA 
NƯỚC ĂN UỐNG;Nước;ANTHELMINTICS;Praziquantel;Praziquantel;VLAB-CH-TP-656;LC-MS/MS;3.33 µg/kg;10 µg/kg;72;;; 315.000 ; 1.400.000 
NƯỚC ĂN UỐNG;Nước;ANTHELMINTICS;Albendazole;Albendazole;VLAB-CH-TP-656;LC-MS/MS;3.33 µg/kg;10 µg/kg;72;;; 315.000 ; 1.400.000 
NƯỚC ĂN UỐNG;Nước;ANTHELMINTICS;Fenbendazole;Fenbendazole;VLAB-CH-TP-656;LC-MS/MS;3.33 µg/kg;10 µg/kg;72;;; 315.000 ; 1.400.000 
NƯỚC ĂN UỐNG;Nước;ANTHELMINTICS;Mebendazole;Mebendazole;VLAB-CH-TP-656;LC-MS/MS;3.33 µg/kg;10 µg/kg;72;;; 315.000 ; 1.400.000 
NƯỚC ĂN UỐNG;Nước;ANTHELMINTICS;Levamisol;Levamisol;VLAB-CH-TP-656;LC-MS/MS;3.33 µg/kg;10 µg/kg;72;;; 315.000 ; 1.400.000 
NƯỚC ĂN UỐNG;Nước;CORTICOSTEROIDS;Dexamethason;Dexamethason;VLAB-CH-TP-656;LC-MS/MS;3.33 µg/kg;10 µg/kg;72;;; 315.000 ; 1.400.000 
NƯỚC ĂN UỐNG;Nước;CORTICOSTEROIDS;Prednison;Prednison;VLAB-CH-TP-656;LC-MS/MS;3.33 µg/kg;10 µg/kg;72;;; 315.000 ; 1.400.000 
NƯỚC ĂN UỐNG;Nước;;PCBs no 18;PCBs no 18 PCBs no 18;VLAB-CH-TP-729;GC-MS/MS;-; 0.3 µg/L;72;;; 700.000 ; 1.260.000 
NƯỚC ĂN UỐNG;Nước;;Sum PCBs no 28 and 31;Sum PCBs no 28 and 31 content;VLAB-CH-TP-729;GC-MS/MS;-; 0.6 µg/L;72;;; 700.000 ; 1.260.000 
NƯỚC ĂN UỐNG;Nước;;PCBs no 44;PCBs no 44 content;VLAB-CH-TP-729;GC-MS/MS;-; 0.3 µg/L;72;;; 700.000 ; 1.260.000 
NƯỚC ĂN UỐNG;Nước;;PCBs no 52;PCBs no 52 content;VLAB-CH-TP-729;GC-MS/MS;-; 0.3 µg/L;72;;; 700.000 ; 1.260.000 
NƯỚC ĂN UỐNG;Nước;;PCBs no 101;PCBs no 101 content;VLAB-CH-TP-729;GC-MS/MS;-; 0.3 µg/L;72;;; 700.000 ; 1.260.000 
NƯỚC ĂN UỐNG;Nước;;PCBs no 118;PCBs no 118 content;VLAB-CH-TP-729;GC-MS/MS;-; 0.3 µg/L;72;;; 700.000 ; 1.260.000 
NƯỚC ĂN UỐNG;Nước;;PCBs no 138;PCBs no 138 content;VLAB-CH-TP-729;GC-MS/MS;-; 0.3 µg/L;72;;; 700.000 ; 1.260.000 
NƯỚC ĂN UỐNG;Nước;;PCBs no 149;PCBs no 149 content;VLAB-CH-TP-729;GC-MS/MS;-; 0.3 µg/L;72;;; 700.000 ; 1.260.000 
NƯỚC ĂN UỐNG;Nước;;PCBs no 153;PCBs no 153 content;VLAB-CH-TP-729;GC-MS/MS;-; 0.3 µg/L;72;;; 700.000 ; 1.260.000 
NƯỚC ĂN UỐNG;Nước;;PCBs no 170;PCBs no 170 content;VLAB-CH-TP-729;GC-MS/MS;-; 0.3 µg/L;72;;; 700.000 ; 1.260.000 
NƯỚC ĂN UỐNG;Nước;;PCBs no 180;PCBs no 180 content;VLAB-CH-TP-729;GC-MS/MS;-; 0.3 µg/L;72;;; 700.000 ; 1.260.000 
NƯỚC ĂN UỐNG;Nước;;PCBs no 194;PCBs no 194 content;VLAB-CH-TP-729;GC-MS/MS;-; 0.3 µg/L;72;;; 700.000 ; 1.260.000 
NƯỚC ĂN UỐNG;Nước;;PCBs no 209;PCBs no 209 content;VLAB-CH-TP-729;GC-MS/MS;-; 0.3 µg/L;72;;; 700.000 ; 1.260.000 
NƯỚC ĂN UỐNG;Nước;;PCBs no 18;PCBs no 18 PCBs no 18;VLAB-CH-TP-729;GC-MS/MS;-; 0.3 µg/L;72;;; 700.000 ; 1.260.000 
NƯỚC ĂN UỐNG;Nước;;Sum PCBs no 28 and 31;Sum PCBs no 28 and 31 content;VLAB-CH-TP-729;GC-MS/MS;-; 0.3 µg/L;72;;; 700.000 ; 1.260.000 
NƯỚC ĂN UỐNG;Nước;;PCBs no 44;PCBs no 44 content;VLAB-CH-TP-729;GC-MS/MS;-; 0.3 µg/L;72;;; 700.000 ; 1.260.000 
NƯỚC ĂN UỐNG;Nước;;PCBs no 52;PCBs no 52 content;VLAB-CH-TP-729;GC-MS/MS;-; 0.3 µg/L;72;;; 700.000 ; 1.260.000 
NƯỚC ĂN UỐNG;Nước;;PCBs no 101;PCBs no 101 content;VLAB-CH-TP-729;GC-MS/MS;-; 0.3 µg/L;72;;; 700.000 ; 1.260.000 
NƯỚC ĂN UỐNG;Nước;;PCBs no 118;PCBs no 118 content;VLAB-CH-TP-729;GC-MS/MS;-; 0.3 µg/L;72;;; 700.000 ; 1.260.000 
NƯỚC ĂN UỐNG;Nước;;PCBs no 138;PCBs no 138 content;VLAB-CH-TP-729;GC-MS/MS;-; 0.3 µg/L;72;;; 700.000 ; 1.260.000 
NƯỚC ĂN UỐNG;Nước;;PCBs no 149;PCBs no 149 content;VLAB-CH-TP-729;GC-MS/MS;-; 0.3 µg/L;72;;; 700.000 ; 1.260.000 
NƯỚC ĂN UỐNG;Nước;;PCBs no 153;PCBs no 153 content;VLAB-CH-TP-729;GC-MS/MS;-; 0.3 µg/L;72;;; 700.000 ; 1.260.000 
NƯỚC ĂN UỐNG;Nước;;PCBs no 170;PCBs no 170 content;VLAB-CH-TP-729;GC-MS/MS;-; 0.3 µg/L;72;;; 700.000 ; 1.260.000 
NƯỚC ĂN UỐNG;Nước;;PCBs no 180;PCBs no 180 content;VLAB-CH-TP-729;GC-MS/MS;-; 0.3 µg/L;72;;; 700.000 ; 1.260.000 
NƯỚC ĂN UỐNG;Nước;;PCBs no 194;PCBs no 194 content;VLAB-CH-TP-729;GC-MS/MS;-; 0.3 µg/L;72;;; 700.000 ; 1.260.000 
NƯỚC ĂN UỐNG;Nước;;PCBs no 209;PCBs no 209 content;VLAB-CH-TP-729;GC-MS/MS;-; 0.3 µg/L;72;;; 700.000 ; 1.260.000 
NƯỚC ĂN UỐNG;Nước;HALOACETIC ACIDS;Monochloroacetic acid;Monochloroacetic acid;VLAB-CH-TP-702;GC-MS/MS;-;5 µg/L;72;;; 350.000 ; 700.000 
NƯỚC ĂN UỐNG;Nước;HALOACETIC ACIDS;Dichloroacetic acid;Dichloroacetic acid;VLAB-CH-TP-702;GC-MS/MS;-;5 µg/L;72;;; 350.000 ; 700.000 
NƯỚC ĂN UỐNG;Nước;HALOACETIC ACIDS;Trichloroacetic acid;Trichloroacetic acid;VLAB-CH-TP-702;GC-MS/MS;-;5 µg/L;72;;; 350.000 ; 700.000 
NƯỚC ĂN UỐNG;Nước;HALOACETIC ACIDS;Monobromoacetic acid;Monobromoacetic acid;VLAB-CH-TP-702;GC-MS/MS;-;5 µg/L;72;;; 350.000 ; 700.000 
NƯỚC ĂN UỐNG;Nước;HALOACETIC ACIDS;Dibromoacetic acid;Dibromoacetic acid;VLAB-CH-TP-702;GC-MS/MS;-;5 µg/L;72;;; 350.000 ; 700.000 
NƯỚC ĂN UỐNG;Nước;;Chlorate;Chlorate;VLAB-CH-TP-558;LC-MS/MS;6.67µg/kg;20µg/kg;72;;; 350.000 ; NA 
NƯỚC ĂN UỐNG;Nước;;Perchlorate;Perchlorate;VLAB-CH-TP-558;LC-MS/MS;6.67µg/kg;20µg/kg;72;;; 350.000 ; NA 
NƯỚC ĂN UỐNG;Nước;PHENOLS;Phenol;Phenol;VLAB-CH-TP-638;GC-MS/MS;-;1 µg/L;72;;; 350.000 ; 700.000 
NƯỚC ĂN UỐNG;Nước;PHENOLS;2-Chlorophenol;2-Chlorophenol;VLAB-CH-TP-638;GC-MS/MS;-;0.3 µg/L;72;;; 350.000 ; 700.000 
NƯỚC ĂN UỐNG;Nước;PHENOLS;2-Nitrophenol;2-Nitrophenol;VLAB-CH-TP-638;GC-MS/MS;-;0.3 µg/L;72;;; 350.000 ; 700.000 
NƯỚC ĂN UỐNG;Nước;PHENOLS;2,4-Dimethylphenol;2,4-Dimethylphenol;VLAB-CH-TP-638;GC-MS/MS;-;0.3 µg/L;72;;; 350.000 ; 700.000 
NƯỚC ĂN UỐNG;Nước;PHENOLS;2,4-Dichlorophenol;2,4-Dichlorophenol;VLAB-CH-TP-638;GC-MS/MS;-;0.3 µg/L;72;;; 350.000 ; 700.000 
NƯỚC ĂN UỐNG;Nước;PHENOLS;4-Chloro-3-methylphenol;4-Chloro-3-methylphenol;VLAB-CH-TP-638;GC-MS/MS;-;0.3 µg/L;72;;; 350.000 ; 700.000 
NƯỚC ĂN UỐNG;Nước;PHENOLS;Pentachlorophenol;Pentachlorophenol;VLAB-CH-TP-638;GC-MS/MS;-;0.3 µg/L;72;;; 350.000 ; 700.000 
NƯỚC ĂN UỐNG;Nước;PHENOLS;4-Nitrophenol;4-Nitrophenol;VLAB-CH-TP-638;GC-MS/MS;-;0.3 µg/L;72;;; 350.000 ; 700.000 
NƯỚC ĂN UỐNG;Nước;PHENOLS;2-Methylphenol;2-Methylphenol;VLAB-CH-TP-638;GC-MS/MS;-;0.3 µg/L;72;;; 350.000 ; 700.000 
NƯỚC ĂN UỐNG;Nước;PHENOLS;2,4-Dinitrophenol;2,4-Dinitrophenol;VLAB-CH-TP-638;GC-MS/MS;-;0.3 µg/L;72;;; 350.000 ; 700.000 
NƯỚC ĂN UỐNG;Nước;PHENOLS;2-Methyl-4,6-dinitrophenol (DNOC);2-Methyl-4,6-dinitrophenol (DNOC);VLAB-CH-TP-638;GC-MS/MS;-;0.3 µg/L;72;;; 350.000 ; 700.000 
NƯỚC ĂN UỐNG;Nước;PHENOLS;2,4,6-trichlorophenol;2,4,6-trichlorophenol;VLAB-CH-TP-638;GC-MS/MS;-;0.3 µg/L;72;;; 350.000 ; 700.000 
NƯỚC ĂN UỐNG;Nước;VOCs;1,1,1-trichloroethane;1,1,1-trichloroethane;VLAB-CH-TP-639;GC-MS/MS;-;10 µg/L;72;;; 350.000 ; 700.000 
NƯỚC ĂN UỐNG;Nước;VOCs;1,2-Dichloroethane;1,2-Dichloroethane;VLAB-CH-TP-639;GC-MS/MS;-;10 µg/L;72;;; 350.000 ; 700.000 
NƯỚC ĂN UỐNG;Nước;VOCs;Cis-1,2-Dichloroethylene;Cis-1,2-Dichloroethylene;VLAB-CH-TP-639;GC-MS/MS;-;10 µg/L;72;;; 350.000 ; 700.000 
NƯỚC ĂN UỐNG;Nước;VOCs;Trans-1,2-Dichloroethylene;Trans-1,2-Dichloroethylene;VLAB-CH-TP-639;GC-MS/MS;-;10 µg/L;72;;; 350.000 ; 700.000 
NƯỚC ĂN UỐNG;Nước;VOCs;Carbon tetrachloride;Carbon tetrachloride;VLAB-CH-TP-639;GC-MS/MS;-;10 µg/L;72;;; 350.000 ; 700.000 
NƯỚC ĂN UỐNG;Nước;VOCs;Dichloromethane;Dichloromethane;VLAB-CH-TP-639;GC-MS/MS;-;10 µg/L;72;;; 350.000 ; 700.000 
NƯỚC ĂN UỐNG;Nước;VOCs;Tetrachloroethene;Tetrachloroethene;VLAB-CH-TP-639;GC-MS/MS;-;10 µg/L;72;;; 350.000 ; 700.000 
NƯỚC ĂN UỐNG;Nước;VOCs;Trichloroethene;Trichloroethene;VLAB-CH-TP-639;GC-MS/MS;-;10 µg/L;72;;; 350.000 ; 700.000 
NƯỚC ĂN UỐNG;Nước;VOCs;1,2-dibromo-3-chloropropane;1,2-dibromo-3-chloropropane;VLAB-CH-TP-639;GC-MS/MS;-;10 µg/L;72;;; 350.000 ; 700.000 
NƯỚC ĂN UỐNG;Nước;VOCs;1,2-Dichloropropane;1,2-Dichloropropane;VLAB-CH-TP-639;GC-MS/MS;-;10 µg/L;72;;; 350.000 ; 700.000 
NƯỚC ĂN UỐNG;Nước;VOCs;1,3-Dichloropropene;1,3-Dichloropropene;VLAB-CH-TP-639;GC-MS/MS;-;10 µg/L;72;;; 350.000 ; 700.000 
NƯỚC ĂN UỐNG;Nước;VOCs;Benzen;Benzen;VLAB-CH-TP-639;GC-MS/MS;-;10 µg/L;72;;; 350.000 ; 700.000 
NƯỚC ĂN UỐNG;Nước;VOCs;Ethylbenzene;Ethylbenzene;VLAB-CH-TP-639;GC-MS/MS;-;10 µg/L;72;;; 350.000 ; 700.000 
NƯỚC ĂN UỐNG;Nước;VOCs;Xylene;Xylene;VLAB-CH-TP-639;GC-MS/MS;-;10 µg/L;72;;; 350.000 ; 700.000 
NƯỚC ĂN UỐNG;Nước;VOCs;Styrene;Styrene;VLAB-CH-TP-639;GC-MS/MS;-;10 µg/L;72;;; 350.000 ; 700.000 
NƯỚC ĂN UỐNG;Nước;VOCs;Toluene;Toluene;VLAB-CH-TP-639;GC-MS/MS;-;10 µg/L;72;;; 350.000 ; 700.000 
NƯỚC ĂN UỐNG;Nước;VOCs;1,2-dichlorobenzene;1,2-dichlorobenzene;VLAB-CH-TP-639;GC-MS/MS;-;10 µg/L;72;;; 350.000 ; 700.000 
NƯỚC ĂN UỐNG;Nước;VOCs;Chlorobenzene (Mono Chlorobenzene);Chlorobenzene (Mono Chlorobenzene);VLAB-CH-TP-639;GC-MS/MS;-;10 µg/L;72;;; 350.000 ; 700.000 
NƯỚC ĂN UỐNG;Nước;VOCs;1,2,3-Trichlorobenzene;1,2,3-Trichlorobenzene;VLAB-CH-TP-639;GC-MS/MS;-;10 µg/L;72;;; 350.000 ; 700.000 
NƯỚC ĂN UỐNG;Nước;VOCs;Hexachloro-1,3-Butadiene;Hexachloro-1,3-Butadiene;VLAB-CH-TP-639;GC-MS/MS;-;10 µg/L;72;;; 350.000 ; 700.000 
NƯỚC ĂN UỐNG;Nước;VOCs;Bromodichloromethane;Bromodichloromethane;VLAB-CH-TP-639;GC-MS/MS;-;10 µg/L;72;;; 350.000 ; 700.000 
NƯỚC ĂN UỐNG;Nước;VOCs;Bromoform;Bromoform;VLAB-CH-TP-639;GC-MS/MS;-;10 µg/L;72;;; 350.000 ; 700.000 
NƯỚC ĂN UỐNG;Nước;VOCs;Trichloromethane (chloroform);Trichloromethane (chloroform);VLAB-CH-TP-639;GC-MS/MS;-;10 µg/L;72;;; 350.000 ; 700.000 
NƯỚC ĂN UỐNG;Nước;VOCs;Dibromoacetonitrile;Dibromoacetonitrile;VLAB-CH-TP-639;GC-MS/MS;-;10 µg/L;72;;; 350.000 ; 700.000 
NƯỚC ĂN UỐNG;Nước;VOCs;Dibromochloromethane;Dibromochloromethane;VLAB-CH-TP-639;GC-MS/MS;-;10 µg/L;72;;; 350.000 ; 700.000 
NƯỚC ĂN UỐNG;Nước;VOCs;Dichloroacetonitrile;Dichloroacetonitrile;VLAB-CH-TP-639;GC-MS/MS;-;10 µg/L;72;;; 350.000 ; 700.000 
NƯỚC ĂN UỐNG;Nước;VOCs;Trichloroacetonitrile;Trichloroacetonitrile;VLAB-CH-TP-639;GC-MS/MS;-;10 µg/L;72;;; 350.000 ; 700.000 
NƯỚC ĂN UỐNG;Nước;PFAS;HFPO-DA;HFPO-DA;VLAB-CH-TP-053;LC-MS/MS;-;0.004 µg/L;72;;; 1.050.000 ; 1.750.000 
NƯỚC ĂN UỐNG;Nước;PFAS;PFBS;PFBS;VLAB-CH-TP-053;LC-MS/MS;-;0.004 µg/L;72;;; 1.050.000 ; 1.750.000 
NƯỚC ĂN UỐNG;Nước;PFAS;PFHxA;PFHxA;VLAB-CH-TP-053;LC-MS/MS;-;0.004 µg/L;72;;; 1.050.000 ; 1.750.000 
NƯỚC ĂN UỐNG;Nước;PFAS;PFHpA;PFHpA;VLAB-CH-TP-053;LC-MS/MS;-;0.004 µg/L;72;;; 1.050.000 ; 1.750.000 
NƯỚC ĂN UỐNG;Nước;PFAS;NaDONA;NaDONA;VLAB-CH-TP-053;LC-MS/MS;-;0.004 µg/L;72;;; 1.050.000 ; 1.750.000 
NƯỚC ĂN UỐNG;Nước;PFAS;PFHxS;PFHxS;VLAB-CH-TP-053;LC-MS/MS;-;0.004 µg/L;72;;; 1.050.000 ; 1.750.000 
NƯỚC ĂN UỐNG;Nước;PFAS;PFOA;PFOA;VLAB-CH-TP-053;LC-MS/MS;-;0.004 µg/L;72;;; 1.050.000 ; 1.750.000 
NƯỚC ĂN UỐNG;Nước;PFAS;PFNA;PFNA;VLAB-CH-TP-053;LC-MS/MS;-;0.004 µg/L;72;;; 1.050.000 ; 1.750.000 
NƯỚC ĂN UỐNG;Nước;PFAS;PFOS;PFOS;VLAB-CH-TP-053;LC-MS/MS;-;0.004 µg/L;72;;; 1.050.000 ; 1.750.000 
NƯỚC ĂN UỐNG;Nước;PFAS;PFDA;PFDA;VLAB-CH-TP-053;LC-MS/MS;-;0.004 µg/L;72;;; 1.050.000 ; 1.750.000 
NƯỚC ĂN UỐNG;Nước;PFAS;9CL-PF3ONS;9CL-PF3ONS;VLAB-CH-TP-053;LC-MS/MS;-;0.004 µg/L;72;;; 1.050.000 ; 1.750.000 
NƯỚC ĂN UỐNG;Nước;PFAS;PFUdA;PFUdA;VLAB-CH-TP-053;LC-MS/MS;-;0.004 µg/L;72;;; 1.050.000 ; 1.750.000 
NƯỚC ĂN UỐNG;Nước;PFAS;N-MeFOSAA;N-MeFOSAA;VLAB-CH-TP-053;LC-MS/MS;-;0.004 µg/L;72;;; 1.050.000 ; 1.750.000 
NƯỚC ĂN UỐNG;Nước;PFAS;N-EtFOSAA;N-EtFOSAA;VLAB-CH-TP-053;LC-MS/MS;-;0.004 µg/L;72;;; 1.050.000 ; 1.750.000 
NƯỚC ĂN UỐNG;Nước;PFAS;PFDoA;PFDoA;VLAB-CH-TP-053;LC-MS/MS;-;0.004 µg/L;72;;; 1.050.000 ; 1.750.000 
NƯỚC ĂN UỐNG;Nước;PFAS;11Cl-PF3OUdS;11Cl-PF3OUdS;VLAB-CH-TP-053;LC-MS/MS;-;0.004 µg/L;72;;; 1.050.000 ; 1.750.000 
NƯỚC ĂN UỐNG;Nước;PFAS;PFTrDA;PFTrDA;VLAB-CH-TP-053;LC-MS/MS;-;0.004 µg/L;72;;; 1.050.000 ; 1.750.000 
NƯỚC ĂN UỐNG;Nước;PFAS;PFTeDA;PFTeDA;VLAB-CH-TP-053;LC-MS/MS;-;0.004 µg/L;72;;; 1.050.000 ; 1.750.000 
NƯỚC ĂN UỐNG;Nước;;PFAS total;;VLAB-CH-TP-053;-;;;72;;; 1.750.000 ; 1.750.000 
NƯỚC ĂN UỐNG;Nước;;Nhiệt độ;Temperature;SMEWW 2550B:2023;-;;;168;;; 70.000 ; NA 
NƯỚC ĂN UỐNG;Nước;;Độ dẫn điện;Conductivity;SMEWW 2510B: 2023;-;;-;72;;; 140.000 ; NA 
NƯỚC ĂN UỐNG;Nước;;Độ mặn;Salinity;SMEWW 2520B: 2023;-;;-;72;;; 70.000 ; NA 
NƯỚC ĂN UỐNG;Nước;;Độ cứng Canxi;Calcium hardness;SMEWW 3500-Ca:B:2023;Chuẩn độ;;3 mg/L;96;;; 105.000 ; NA 
NƯỚC ĂN UỐNG;Nước;;Độ cứng Magie;Magnesium hardness;SMEWW 3500-Mg:B:2023;Chuẩn độ;;3 mg/L;96;;; 105.000 ; NA 
NƯỚC ĂN UỐNG;Nước;;Mùi vị;Odor, Taste;Cảm quan;-;;-;72;;; 100.000 ; NA 
NƯỚC ĂN UỐNG;Nước;;Hàm lượng Bạc (Ag);Argentum (Ar) content;SMEWW3120:2023;-;;-;120;;; 105.000 ; NA 
NƯỚC ĂN UỐNG;Nước;POLAR PESTICIDES;Paraquat;;VLAB-CH-TP-764;LC-MS/MS;0.003 mg/L;0.01 mg/L;72;;; 350.000 ; 840.000 
NƯỚC ĂN UỐNG;Nước;POLAR PESTICIDES;Diquat;;VLAB-CH-TP-764;LC-MS/MS;0.003 mg/L;0.01 mg/L;72;;; 350.000 ; 840.000 
NƯỚC ĂN UỐNG;Nước;POLAR PESTICIDES;Chlormequat;;VLAB-CH-TP-764;LC-MS/MS;0.003 mg/L;0.01 mg/L;72;;; 350.000 ; 840.000 
NƯỚC ĂN UỐNG;Nước;POLAR PESTICIDES;Mepiquat;;VLAB-CH-TP-764;LC-MS/MS;0.003 mg/L;0.01 mg/L;72;;; 350.000 ; 840.000 
NƯỚC ĂN UỐNG;Nước;POLAR PESTICIDES;Azoxystrobin;;VLAB-CH-TP-764;LC-MS/MS;0.003 mg/L;0.01 mg/L;72;;; 350.000 ; 840.000 
NƯỚC ĂN UỐNG;Nước;POLAR PESTICIDES;Glyphosate;;VLAB-CH-TP-764;LC-MS/MS;0.003 mg/L;0.01 mg/L;72;;; 350.000 ; 840.000 
NƯỚC ĂN UỐNG;Nước;;1,4-dioxane;;VLAB-CH-TP-778;LC-MS/MS;0.003 mg/L;0.01 mg/L;72;;; 500.000 ; NA 
NƯỚC ĂN UỐNG;Nước;;MCPA;MCPA;VLAB-CH-TP-660;LC-MS/MS;3.33 µg/L;10 µg/L;72;;; 350.000 ; NA 
NƯỚC ĂN UỐNG;Nước ;;Hàm lượng Sunfua;Sulfide content;TCVN 6637: 2000;UV-Vis;;0.03 mg/L;72;;; 105.000 ; NA 
NƯỚC ĂN UỐNG;Nước ;;Độ kiềm;Alkalinity content;SMEWW 2320B: 2023;Chuẩn độ;;-;72;;; 105.000 ; NA 
NƯỚC ĂN UỐNG;Nước đá;;Định lượng Pseudomonas aeruginosa;Enumeration of  Pseudomonas aeruginosa ;VLAB-MI-TP-020;Màng lọc;CFU/250ml;<1;48;;; 70.000 ;NA
NƯỚC ĂN UỐNG;Nước đá;;Định lượng Pseudomonas aeruginosa;Enumeration of  Pseudomonas aeruginosa ;VLAB-MI-TP-020;Màng lọc;CFU/100ml;<1;48;;; 70.000 ;NA
NƯỚC ĂN UỐNG;Nước đá;;Định lượng số bào tử vi khuẩn kỵ khí khử sunphit (clostridia);"Enumeration of the spores of sulfite
- reducing anaerobes (clostridia)";VLAB-MI-TP-021;Màng lọc;CFU/50ml;<1;48;;; 70.000 ;NA
NƯỚC ĂN UỐNG;Nước đá;;Định lượng vi sinh vật tại 22oC;"Enumeration of culturable
microorganisms at 22oC";VLAB-MI-TP-007;Đếm khuẩn lạc;CFU/ml;<1;72;;; 70.000 ;NA
NƯỚC ĂN UỐNG;Nước đá;;Định lượng khuẩn đường ruột ;Enumeration of intestinal Enterococci ;VLAB-MI-TP-018 ;Màng lọc;CFU/250ml;<1;48;;; 70.000 ;NA
NƯỚC ĂN UỐNG;Nước đá;;Định lượng khuẩn đường ruột ;Enumeration of intestinal Enterococci ;VLAB-MI-TP-018 ;Màng lọc;CFU/100ml;<1;48;;; 70.000 ;NA
NƯỚC ĂN UỐNG;Nước đá;;Streptococci faecal;Streptococci faecal;VLAB-MI-TP-018 ;Màng lọc;CFU/250g;<1;48;;; 70.000 ;NA
NƯỚC ĂN UỐNG;Nước đá, nước uống;;Định lượng Staphylococcus aureus;Enumeration of  Staphylococcus aureus;VLAB-MI-TP-064;Màng lọc;CFU/250ml;<1;48;;; 70.000 ;NA
NƯỚC ĂN UỐNG;Nước đá, nước uống;;Định lượng Coliforms;Enumeration of  Coliforms;VLAB-MI-TP-019;Màng lọc;CFU/250ml;<1;48;;; 70.000 ;NA
NƯỚC ĂN UỐNG;Nước đá, nước uống;;Định lượng Escherichia coli;Enumeration of  Escherichia coli;VLAB-MI-TP-019;Màng lọc;CFU/250ml;<1;48;;; 70.000 ;NA
NƯỚC ĂN UỐNG;Nước giải khát;;Patulin;Patulin;VLAB-CH-TP-686;HPLC-UV;1.67 µg/L;5 µg/L;72;;; 350.000 ; NA 
NƯỚC ĂN UỐNG;Nước giải khát;;Patulin;Patulin;VLAB-CH-TP-686;LC-MS/MS;1.67 µg/L;5 µg/L;72;;; 350.000 ; NA 
NƯỚC ĂN UỐNG;Nước giải khát;;Định lượng  tổng vi sinh vật hiếu khí;"Enumeration of aerobic microorganism
";VLAB-MI-TP-005;Đếm khuẩn lạc;CFU/ml;<1;72;;; 70.000 ;NA
NƯỚC ĂN UỐNG;Nước giải khát;;Định lượng Coliforms;Enumeration of Colifoms;VLAB-MI-TP-001;Đếm khuẩn lạc;CFU/ml;<1;48;;; 70.000 ;NA
NƯỚC ĂN UỐNG;Nước giải khát;;Định lượng E.coli dương tính với β-glucuronidase;Enumeration Escherichia coli  β-glucuronidase positive;VLAB-MI-TP-002;Đếm khuẩn lạc;CFU/ml;<1;48;;; 70.000 ;NA
NƯỚC ĂN UỐNG;Nước giải khát;;Định lượng Escherichia coli giả định;"Enumeration of presumptive 
Escherichia coli ";VLAB-MI-TP-003;MPN;MPN/ml;0;72;;; 70.000 ;NA
NƯỚC ĂN UỐNG;Nước giải khát;;Định lượng nấm men và nấm mốc;"Enumeration of 
yeasts and moulds ";VLAB-MI-TP-013;Đếm khuẩn lạc;CFU/ml;<1;120;;; 70.000 ;NA
NƯỚC ĂN UỐNG;Nước giải khát;;Định lượng Staphylococci có phản ứng dương tính với coagulase (Staphylococcus aureus và các loài khác);"Enumeration of coagulase-positive Staphylococci (Staphylococcus
aureus and other species)";VLAB-MI-TP-008;Đếm khuẩn lạc;CFU/ml;<1;72;;; 70.000 ;NA
NƯỚC ĂN UỐNG;Nước giải khát;;Định lượng Clostridium perfringens;Enumeration of  Clostridium perfringens;VLAB-MI-TP-017;Đếm khuẩn lạc;CFU/ml;<1;48;;; 70.000 ;NA
NƯỚC ĂN UỐNG;Nước giải khát;;Phát hiện Salmonella spp.;Detection of Salmonella spp.;VLAB-MI-TP-004;Phân lập; /25ml;;120;;; 140.000 ;NA
NƯỚC ĂN UỐNG;Nước giải khát có cồn, nước giải khát không cồn;;Pseudomonas aeruginosa;;VLAB-MI-TP-020;Đếm khuẩn lạc;CFU/ml;<1;48;;; 70.000 ;NA
NƯỚC ĂN UỐNG;Nước giải khát có cồn, nước giải khát không cồn;;Định lượng số bào tử vi khuẩn kỵ khí khử sunphit (clostridia);;VLAB-MI-TP-021;Đếm khuẩn lạc;CFU/ml;<1;48;;; 70.000 ;NA
NƯỚC ĂN UỐNG;Nước giải khát có cồn, nước giải khát không cồn;;Định lượng khuẩn đường ruột ;Enumeration of intestinal Enterococci ;VLAB-MI-TP-018 ;Đếm khuẩn lạc;CFU/ml;<1;48;;; 70.000 ;NA
NƯỚC ĂN UỐNG;Nước giải khát có cồn, nước giải khát không cồn;;Định lượng  tổng vi sinh vật hiếu khí;"Enumeration of aerobic microorganism
";VLAB-MI-TP-005;Đếm khuẩn lạc;CFU/ml;<1;72;;; 70.000 ;NA
NƯỚC ĂN UỐNG;Nước giải khát có cồn, nước giải khát không cồn;;Định lượng Coliforms;Enumeration of Colifoms;VLAB-MI-TP-001;Đếm khuẩn lạc;CFU/ml;<1;48;;; 70.000 ;NA
NƯỚC ĂN UỐNG;Nước giải khát có cồn, nước giải khát không cồn;;Định lượng E.coli dương tính với β-glucuronidase;Enumeration Escherichia coli  β-glucuronidase positive;VLAB-MI-TP-002;Đếm khuẩn lạc;CFU/ml;<1;48;;; 70.000 ;NA
NƯỚC ĂN UỐNG;Nước giải khát có cồn, nước giải khát không cồn;;Định lượng Clostridium perfringens;Enumeration of  Clostridium perfringens;VLAB-MI-TP-017;Đếm khuẩn lạc;CFU/ml;<1;48;;; 70.000 ;NA
NƯỚC ĂN UỐNG;Nước giải khát có cồn, nước giải khát không cồn;;Định lượng nấm men và nấm mốc;"Enumeration of 
yeasts and moulds ";VLAB-MI-TP-013;Đếm khuẩn lạc;CFU/ml;<1;120;;; 70.000 ;NA
NƯỚC ĂN UỐNG;Nước mặt;;Định lượng Coliforms;Enumeration of  Coliforms;VLAB-MI-TP-025;MPN;MPN/100ml;<1;72;;; 70.000 ;NA
NƯỚC ĂN UỐNG;Nước mặt;;Định lượng Coliform chịu nhiệt (Fecal coliform);Enumeration of  Thermotolerant (Fecal) Coliform;VLAB-MI-TP-025;MPN;MPN/100ml;<1,8;72;;; 70.000 ;NA
NƯỚC ĂN UỐNG;Nước mặt;;Định lượng Escherichia coli;Enumeration of  Escherichia coli;VLAB-MI-TP-025;MPN;MPN/100ml;<1;72;;; 70.000 ;NA
NƯỚC ĂN UỐNG;Nước mặt;;Định lượng Clostridium perfringens;Enumeration of  Clostridium perfringens;VLAB-MI-TP-113;Màng lọc;CFU/100ml;0;72;;; 70.000 ;NA
NƯỚC ĂN UỐNG;"Nước mặt
Nước ngầm/ nước dưới đất
Nước uống đóng chai, nước khoáng thiên nhiên
Nước sinh hoạt
Nước thải";;Hàm lượng Asen (As);Arsenic (As) content;SMEWW 3030E:2023/SMEWW 3125B:2023;ICP-MS;;0.003 mg/L;72;;; 105.000 ; NA 
NƯỚC ĂN UỐNG;"Nước mặt
Nước ngầm/ nước dưới đất
Nước uống đóng chai, nước khoáng thiên nhiên
Nước sinh hoạt
Nước thải";;Hàm lượng Crom (Cr);Chromium (Cr) content;SMEWW 3030E:2023/SMEWW 3125B:2023;ICP-MS;;0.003 mg/L;72;;; 105.000 ; NA 
NƯỚC ĂN UỐNG;"Nước mặt
Nước ngầm/ nước dưới đất
Nước uống đóng chai, nước khoáng thiên nhiên
Nước sinh hoạt
Nước thải";;Hàm lượng Đồng (Cu);Copper (Cu) content;SMEWW 3030E:2023/SMEWW 3125B:2023;ICP-MS;;0.01 mg/L;72;;; 105.000 ; NA 
NƯỚC ĂN UỐNG;"Nước mặt
Nước ngầm/ nước dưới đất
Nước uống đóng chai, nước khoáng thiên nhiên
Nước sinh hoạt
Nước thải";;Hàm lượng Chì (Pb);Lead (Pb) content;SMEWW 3030E:2023/SMEWW 3125B:2023;ICP-MS;;0.003 mg/L;72;;; 105.000 ; NA 
NƯỚC ĂN UỐNG;"Nước mặt
Nước ngầm/ nước dưới đất
Nước uống đóng chai, nước khoáng thiên nhiên
Nước sinh hoạt
Nước thải";;Hàm lượng Thủy ngân (Hg);Mercury (Hg) content;SMEWW 3030E:2023/SMEWW 3125B:2023;ICP-MS;;0.0003 mg/L;72;;; 105.000 ; NA 
NƯỚC ĂN UỐNG;"Nước mặt
Nước ngầm/ nước dưới đất
Nước uống đóng chai, nước khoáng thiên nhiên
Nước sinh hoạt
Nước thải";;Hàm lượng Niken (Ni);Nickel (Ni) content;SMEWW 3030E:2023/SMEWW 3125B:2023;ICP-MS;;0.003 mg/L;72;;; 105.000 ; NA 
NƯỚC ĂN UỐNG;"Nước mặt
Nước ngầm/ nước dưới đất
Nước uống đóng chai, nước khoáng thiên nhiên
Nước sinh hoạt
Nước thải";;Hàm lượng Antimon (Sb);Antimon (Sb) content;SMEWW 3030E:2023/SMEWW 3125B:2023;ICP-MS;;0.001 mg/L;72;;; 105.000 ; NA 
NƯỚC ĂN UỐNG;"Nước mặt
Nước ngầm/ nước dưới đất
Nước uống đóng chai, nước khoáng thiên nhiên
Nước sinh hoạt
Nước thải";;Hàm lượng Selen (Se);Selenium (Se) content;SMEWW 3030E:2023/SMEWW 3125B:2023;ICP-MS;;0.001 mg/L;72;;; 105.000 ; NA 
NƯỚC ĂN UỐNG;"Nước mặt
Nước ngầm/ nước dưới đất
Nước uống đóng chai, nước khoáng thiên nhiên
Nước sinh hoạt
Nước thải";;Hàm lượng Kẽm (Zn);Zinc (Zn) content;SMEWW 3030E:2023/SMEWW 3125B:2023;ICP-MS;;0.04mg/L;72;;; 105.000 ; NA 
NƯỚC ĂN UỐNG;"Nước mặt
Nước ngầm/ nước dưới đất
Nước uống đóng chai, nước khoáng thiên nhiên
Nước sinh hoạt
Nước thải";;Hàm lượng Cadimi (Cd);Cadmium (Cd) content;SMEWW 3030E:2023/SMEWW 3125B:2023;ICP-MS;;0.0003 mg/L;72;;; 105.000 ; NA 
NƯỚC ĂN UỐNG;"Nước mặt
Nước ngầm/ nước dưới đất
Nước uống đóng chai, nước khoáng thiên nhiên
Nước sinh hoạt
Nước thải";;Hàm lượng Mangan (Mn);Manganese (Mn) content;SMEWW 3030E:2023/SMEWW 3125B:2023;ICP-MS;;0.04mg/L;72;;; 105.000 ; NA 
NƯỚC ĂN UỐNG;"Nước mặt; Nước hồ bơi";;Định lượng Staphylococcus aureus;Enumeration of  Staphylococcus aureus;VLAB-MI-TP-064;Màng lọc;CFU/100ml;<1;48;;; 70.000 ;NA
NƯỚC ĂN UỐNG;Nước ngầm/ nước dưới đất;;Hàm lượng Asen (As);Arsenic (As) content;US EPA Method 200.8 (1994);ICP-MS;;0.003 mg/L;72;;; 105.000 ; NA 
NƯỚC ĂN UỐNG;Nước ngầm/ nước dưới đất;;Hàm lượng Beri (Be);Berium (Be) content;US EPA Method 200.8 (1994);ICP-MS;;0.002 mg/L;72;;; 105.000 ; NA 
NƯỚC ĂN UỐNG;Nước ngầm/ nước dưới đất;;Hàm lượng Crom (Cr);Chromium (Cr) content;US EPA Method 200.8 (1994);ICP-MS;;0.003 mg/L;72;;; 105.000 ; NA 
NƯỚC ĂN UỐNG;Nước ngầm/ nước dưới đất;;Hàm lượng Đồng (Cu);Copper (Cu) content;US EPA Method 200.8 (1994);ICP-MS;;0.01 mg/L;72;;; 105.000 ; NA 
NƯỚC ĂN UỐNG;Nước ngầm/ nước dưới đất;;Hàm lượng Chì (Pb);Lead (Pb) content;US EPA Method 200.8 (1994);ICP-MS;;0.003 mg/L;72;;; 105.000 ; NA 
NƯỚC ĂN UỐNG;Nước ngầm/ nước dưới đất;;Hàm lượng Thủy ngân (Hg);Mercury (Hg) content;US EPA Method 200.8 (1994);ICP-MS;;0.0003 mg/L;72;;; 105.000 ; NA 
NƯỚC ĂN UỐNG;Nước ngầm/ nước dưới đất;;Hàm lượng Niken (Ni);Nickel (Ni) content;US EPA Method 200.8 (1994);ICP-MS;;0.003 mg/L;72;;; 105.000 ; NA 
NƯỚC ĂN UỐNG;Nước ngầm/ nước dưới đất;;Hàm lượng Antimon (Sb);Antimon (Sb) content;US EPA Method 200.8 (1994);ICP-MS;;0.001 mg/L;72;;; 105.000 ; NA 
NƯỚC ĂN UỐNG;Nước ngầm/ nước dưới đất;;Hàm lượng Selen (Se);Selenium (Se) content;US EPA Method 200.8 (1994);ICP-MS;;0.001 mg/L;72;;; 105.000 ; NA 
NƯỚC ĂN UỐNG;Nước ngầm/ nước dưới đất;;Hàm lượng Kẽm (Zn);Zinc (Zn) content;US EPA Method 200.8 (1994);ICP-MS;;0.04 mg/L;72;;; 105.000 ; NA 
NƯỚC ĂN UỐNG;Nước ngầm/ nước dưới đất;;Hàm lượng Sắt (Fe);Iron (Fe) content;US EPA Method 200.8 (1994);ICP-MS;;0.06 mg/L;72;;; 105.000 ; NA 
NƯỚC ĂN UỐNG;Nước ngầm/ nước dưới đất;;Hàm lượng Cadimi (Cd);Cadmium (Cd) content;US EPA Method 200.8 (1994);ICP-MS;;0.0003 mg/L;72;;; 105.000 ; NA 
NƯỚC ĂN UỐNG;Nước sạch;;Định lượng Pseudomonas aeruginosa;Enumeration of  Pseudomonas aeruginosa ;VLAB-MI-TP-020;Màng lọc;CFU/100ml;<1;48;;; 70.000 ;NA
NƯỚC ĂN UỐNG;Nước sạch;;Định lượng Pseudomonas aeruginosa;Enumeration of  Pseudomonas aeruginosa ;VLAB-MI-TP-020;Màng lọc;CFU/250ml;<1;48;;; 70.000 ;NA
NƯỚC ĂN UỐNG;Nước sạch;;Định lượng số bào tử vi khuẩn kỵ khí khử sunphit (clostridia);"Enumeration of the spores of sulfite
- reducing anaerobes (clostridia)";VLAB-MI-TP-021;Màng lọc;CFU/50ml;<1;48;;; 70.000 ;NA
NƯỚC ĂN UỐNG;Nước sạch;;Định lượng vi sinh vật tại 22oC;"Enumeration of culturable
microorganisms at 22oC";VLAB-MI-TP-007;Đếm khuẩn lạc;CFU/ml;<1;72;;; 70.000 ;NA
NƯỚC ĂN UỐNG;Nước sạch;;Định lượng khuẩn đường ruột ;Enumeration of intestinal Enterococci ;VLAB-MI-TP-018 ;Màng lọc;CFU/100ml;<1;48;;; 70.000 ;NA
NƯỚC ĂN UỐNG;Nước sạch;;Định lượng khuẩn đường ruột ;Enumeration of intestinal Enterococci ;VLAB-MI-TP-018 ;Màng lọc;CFU/250ml;<1;48;;; 70.000 ;NA
NƯỚC ĂN UỐNG;Nước sạch;;Định lượng Staphylococcus aureus;Enumeration of  Staphylococcus aureus;VLAB-MI-TP-064;Màng lọc;CFU/100ml;<1;48;;; 70.000 ;NA
NƯỚC ĂN UỐNG;Nước sạch;;Định lượng Coliforms;Enumeration of  Coliforms;VLAB-MI-TP-019;Màng lọc;CFU/100ml;<1;48;;; 70.000 ;NA
NƯỚC ĂN UỐNG;Nước sạch;;Định lượng Escherichia coli;Enumeration of  Escherichia coli;VLAB-MI-TP-019;Màng lọc;CFU/100ml;<1;48;;; 70.000 ;NA
NƯỚC ĂN UỐNG;Nước sạch;;Định lượng Coliforms;Enumeration of  Coliforms;VLAB-MI-TP-025;MPN;MPN/100ml;<1;72;;; 70.000 ;NA
NƯỚC ĂN UỐNG;Nước sạch;;Định lượng Coliform chịu nhiệt (Fecal coliform);Enumeration of  Thermotolerant (Fecal) Coliform;VLAB-MI-TP-025;MPN;MPN/100ml;<1,8;72;;; 70.000 ;NA
NƯỚC ĂN UỐNG;Nước sạch;;Định lượng Escherichia coli;Enumeration of  Escherichia coli;VLAB-MI-TP-025;MPN;MPN/100ml;<1;72;;; 70.000 ;NA
NƯỚC ĂN UỐNG;Nước sạch;;Định lượng Clostridium perfringens;Enumeration of  Clostridium perfringens;VLAB-MI-TP-113;Màng lọc;CFU/100ml;0;72;;; 70.000 ;NA
NƯỚC ĂN UỐNG;Nước sạch ;;Độ đục;Turbidity;SMEWW 2130B:2023;UV-Vis;;0.5 NTU;72;;; 105.000 ; NA 
NƯỚC ĂN UỐNG;"Nước sạch 
Nước uống đóng chai, nước khoáng thiên nhiên";;Hàm lượng Natri (Na);Sodium (Na) content;SMEWW 3030 E:2023/SMEWW 3111 B:2023;F-AAS;;0.2 mg/L;72;;; 105.000 ; NA 
NƯỚC ĂN UỐNG;"Nước sạch 
Nước uống đóng chai, nước khoáng thiên nhiên";;Hàm lượng Mangan (Mn);Manganese (Mn) content;SMEWW 3030 E:2023/SMEWW 3111 B:2023;F-AAS;;0.05 mg/L;72;;; 105.000 ; NA 
NƯỚC ĂN UỐNG;"Nước sạch 
Nước uống đóng chai, nước khoáng thiên nhiên";;Hàm lượng Kẽm (Zn);Zinc (Zn) content;SMEWW 3030 E:2023/SMEWW 3111 B:2023;F-AAS;;0.1 mg/L;72;;; 105.000 ; NA 
NƯỚC ĂN UỐNG;"Nước sạch 
Nước uống đóng chai, nước khoáng thiên nhiên";;Hàm lượng Sắt (Fe);Iron (Fe) content;SMEWW 3030 E:2023/SMEWW 3111 B:2023;F-AAS;;0.2 mg/L;72;;; 105.000 ; NA 
NƯỚC ĂN UỐNG;"Nước sạch 
Nước uống đóng chai, nước khoáng thiên nhiên";;Hàm lượng Đồng (Cu);Copper (Cu) content;SMEWW 3030 E:2023/SMEWW 3111 B:2023;F-AAS;;0.2 mg/L;72;;; 105.000 ; NA 
NƯỚC ĂN UỐNG;"Nước sạch
Nước ngầm/ nước dưới đất";;Chỉ số Pecmanganat;Permanganate index;TCVN 6186:1996;-;;0.5 mgO2/L;72;;; 105.000 ; NA 
NƯỚC ĂN UỐNG;"Nước sạch
Nước ngầm/ nước dưới đất";;Độ cứng;Hardness;SMEWW 2340C:2023;Chuẩn độ EDTA;;3.0 mg CaCO3/L;72;;; 105.000 ; NA 
NƯỚC ĂN UỐNG;"Nước sạch
Nước uống đóng chai, nước khoáng thiên nhiên";;Hàm lượng Nitrat;Nitrate content;SMEWW 4500- NO3.E:2023;UV-Vis;;0.1 mg/L;72;;; 105.000 ; NA 
NƯỚC ĂN UỐNG;"Nước sạch
Nước uống đóng chai, nước khoáng thiên nhiên";;Hàm lượng Thủy ngân (Hg);Mercury (Hg) content;SMEWW 3112B: 2023;CV-AAS;;0.0008 mg/L;72;;; 105.000 ; NA 
NƯỚC ĂN UỐNG;"Nước sạch
Nước uống đóng chai, nước khoáng thiên nhiên";;Hàm lượng Boron (B);Boron (B) content;SMEWW. 4500 (B) – B : 2023;UV-Vis;;0.25 mg/L;72;;; 105.000 ; NA 
NƯỚC ĂN UỐNG;"Nước sạch
Nước uống đóng chai, nước khoáng thiên nhiên";;Hàm lượng Nhôm (Al);Aluminum (Al) content;SMEWW 3500 – Al (B): 2023;UV-Vis;;0.04 mg/L;72;;; 105.000 ; NA 
NƯỚC ĂN UỐNG;"Nước sạch
Nước uống đóng chai, nước khoáng thiên nhiên";;Độ màu;Color;SMEWW 2120 C:2023;UV-Vis;;6 TCU;72;;; 70.000 ; NA 
NƯỚC ĂN UỐNG;"Nước sạch, Nước đá, 
Nước thải";;Hàm lượng Chlorine (Cl2) hoặc clo dư;Chlorine content;SMEWW 4500-Cl2- B:2023;Chuẩn độ;;0.3 mg/L;72;;; 140.000 ; NA 
NƯỚC ĂN UỐNG;Nước sạch, Nước mặt, Nước ngầm, Nước thải;;pH;pH Value;TCVN 6492: 2011;-;;-;72;;; 140.000 ; NA 
NƯỚC ĂN UỐNG;Nước sạch, Nước mặt, Nước ngầm, Nước thải;;Hàm lượng Clorua (Cl-);Chloride (Cl-) content;SMEWW 4500- Cl-B:2023;Chuẩn độ;;1.5 mg/L;72;;; 140.000 ; NA 
NƯỚC ĂN UỐNG;Nước sạch, Nước mặt, Nước ngầm, Nước thải;;Hàm lượng Sunfat (SO42-);Sulfate content;SMEWW4500 (SO42-)- E 2023;UV-Vis;;12.5 mg/L;120;;; 140.000 ; NA 
NƯỚC ĂN UỐNG;Nước sạch, Nước mặt, Nước ngầm, Nước thải;;Tổng chất rắn hòa tan (TDS);Total Dissolved Solids (TDS);SMEWW 2540C:2023;Khối lượng;;9.0 mg/L;120;;; 140.000 ; NA 
NƯỚC ĂN UỐNG;Nước sạch, Nước mặt, Nước ngầm, Nước thải;;Hàm lượng Nitơ amoniac;Nitrogen ammonia content;SMEWW 4500-NH3- C:2023;Chuẩn độ;;0.3 mg/L;120;;; 140.000 ; NA 
NƯỚC ĂN UỐNG;Nước sạch, Nước mặt, Nước ngầm, Nước thải;;Hàm lượng Amoni (NH3 và NH4+ tính theo N);Ammonium content (NH3 and NH4+ as N);SMEWW 4500-NH3- C:2023;Chuẩn độ;;0.3 mg/L;120;;; 140.000 ; NA 
NƯỚC ĂN UỐNG;Nước sạch, Nước mặt, Nước ngầm, Nước thải;;Hàm lượng Photphat (PO43-) hoặc Hàm lượng photpho hòa tan;Phosphate content or Soluble phosphorus content;SMEWW 4500-P-E:2023;UV-Vis;;0.15 mg/L;120;;; 140.000 ; NA 
NƯỚC ĂN UỐNG;Nước sạch, Nước mặt, Nước thải,;;Tổng chất rắn (TS);Total Solids (TS);SMEWW 2540B: 2023;Khối lượng;;9 mg/L;72;;; 105.000 ; NA 
NƯỚC ĂN UỐNG;Nước sạch, nước uống đóng chai, nước khoáng thiên nhiên ;;Hàm lượng Cyanua;Total cyanua content;SMEWW 4500-CN-E:2023;;;0,01mg/L;120;;; 140.000 ; NA 
NƯỚC ĂN UỐNG;Nước thải, nước ngầm, nước sạch, nước uống đóng chai, nước đá, nước RO;;Định tính Giardia lamblia;;VLAB-MI-TP-087;PCR;/10 Lít;;72;;; 280.000 ;NA
NƯỚC ĂN UỐNG;Nước uống;;Streptococci faecal;Streptococci faecal;VLAB-MI-TP-018 ;Màng lọc;CFU/250g;<1;48;;; 70.000 ;NA
NƯỚC ĂN UỐNG;"Nước uống đóng chai, nước khoáng thiên nhiên
Nước sinh hoạt
Nước thải";;Hàm lượng Nhôm (Al);Aluminum (Al) content;SMEWW 3030E:2023/SMEWW 3125B:2023;ICP-MS;;0.07 mg/L;72;;; 105.000 ; NA 
NƯỚC ĂN UỐNG;"Nước uống đóng chai, nước khoáng thiên nhiên
Nước sinh hoạt
Nước thải";;Hàm lượng Boron (B);Boron (B) content;SMEWW 3030E:2023/SMEWW 3125B:2023;ICP-MS;;0.006 mg/L;72;;; 105.000 ; NA 
NƯỚC ĂN UỐNG;"Nước uống đóng chai, nước khoáng thiên nhiên
Nước sinh hoạt
Nước thải";;Hàm lượng Bari (Ba);Barium content;SMEWW 3030E:2023/SMEWW 3125B:2023;ICP-MS;;0.01 mg/L;72;;; 105.000 ; NA 
NƯỚC ĂN UỐNG;"Nước uống đóng chai, nước khoáng thiên nhiên
Nước sinh hoạt
Nước thải";;Hàm lượng Canxi (Ca);Calcium (Ca) content;SMEWW 3030E:2023/SMEWW 3125B:2023;ICP-MS;;0.01 mg/L;72;;; 105.000 ; NA 
NƯỚC ĂN UỐNG;"Nước uống đóng chai, nước khoáng thiên nhiên
Nước sinh hoạt
Nước thải";;Hàm lượng Coban (Co);Cobalt (Co) content;SMEWW 3030E:2023/SMEWW 3125B:2023;ICP-MS;;0.001 mg/L;72;;; 105.000 ; NA 
NƯỚC ĂN UỐNG;"Nước uống đóng chai, nước khoáng thiên nhiên
Nước sinh hoạt
Nước thải";;Hàm lượng Thiếc (Sn);Tin (Sn) content;SMEWW 3030E:2023/SMEWW 3125B:2023;ICP-MS;;0.001 mg/L;72;;; 105.000 ; NA 
NƯỚC ĂN UỐNG;"Nước uống đóng chai, nước khoáng thiên nhiên
Nước sinh hoạt
Nước thải";;Hàm lượng Molypden (Mo);Molypdenum (Mo) content;SMEWW 3030E:2023/SMEWW 3125B:2023;ICP-MS;;0.001 mg/L;72;;; 105.000 ; NA 
NƯỚC ĂN UỐNG;"Nước uống đóng chai, nước khoáng thiên nhiên
Nước sinh hoạt
Nước thải";;Hàm lượng Sắt (Fe);Iron (Fe) content;SMEWW 3030E:2023/SMEWW 3125B:2023;ICP-MS;;0.06 mg/L;72;;; 105.000 ; NA 
NƯỚC ĂN UỐNG;"Nước uống đóng chai, nước khoáng thiên nhiên
Nước sinh hoạt
Nước thải";;Hàm lượng Kali (K);Potassium (K) content;SMEWW 3030E:2023/SMEWW 3125B:2023;ICP-MS;;0.2 mg/L;72;;; 105.000 ; NA 
NƯỚC ĂN UỐNG;"Nước uống đóng chai, nước khoáng thiên nhiên
Nước sinh hoạt
Nước thải";;Hàm lượng Natri (Na);Sodium (Na) content;SMEWW 3030E:2023/SMEWW 3125B:2023;ICP-MS;;0.9 mg/L;72;;; 105.000 ; NA 
NƯỚC ĂN UỐNG;"Nước uống đóng chai, nước khoáng thiên nhiên
Nước sinh hoạt
Nước thải";;Hàm lượng Magie (Mg);Magnesium (Mg) content;SMEWW 3030E:2023/SMEWW 3125B:2023;ICP-MS;;0.15 mg/L;72;;; 105.000 ; NA 
NƯỚC ĂN UỐNG;Nước uống đóng chai, Nước sạch, Nước mặt, Nước ngầm, Nước thải;;Hàm lượng Nitrit;Nitrite content;TCVN 6178: 1996;UV-Vis;;0.03 mg/L;120;;; 140.000 ; NA 
NƯỚC ĂN UỐNG;Nước uống đóng chai, Nước sạch, Nước mặt, Nước ngầm, Nước thải;;Hàm lượng florua (F-);Flouride (F-) content;SMEWW 4500 (F-)- D: 2023;UV-Vis;;0.3 mg/L;120;;; 140.000 ; NA 
NƯỚC ĂN UỐNG;Rượu, cồn và đồ uống có cồn;;Phát hiện Salmonella spp.;Detection of Salmonella spp.;VLAB-MI-TP-004;Phân lập; /25ml;;120;;; 140.000 ;NA
NƯỚC CHẤM;Nước mắm;;Histamin;Histamin;VLAB-CH-TP-624;LC-MS/MS;0.067 mg/kg;0.2 mg/kg;72;;; 315.000 ; NA 
NƯỚC CHẤM;Nước mắm;;Hàm lượng nitơ tổng số;Total nitrogen content;TCVN 3705:1990;Kjeldahl;;3g/L;120;;; 140.000 ; NA 
NƯỚC CHẤM;Nước mắm;;Hàm lượng protein;Protein content;TCVN 3705:1990;Kjeldahl;;3g/L;120;;; 140.000 ; NA 
NƯỚC CHẤM;Nước mắm;;Hàm lượng Muối (Natri clorua);Sodium chloride (Salt) content;TCVN 3701: 2009;Chuẩn độ;;3g/L;120;;; 140.000 ; NA 
NƯỚC CHẤM;Nước mắm;;Hàm lượng Nitơ amoniac;Nitrogen ammonia content;TCVN 3706:1990;Chuẩn độ;;3g/L;120;;; 140.000 ; NA 
NƯỚC CHẤM;Nước mắm;;Hàm lượng Nitơ amin amoniac;Nitrogen amin-ammonia content;TCVN 3707:1990;Chuẩn độ;;0,3g/L;120;;; 140.000 ; NA 
NƯỚC CHẤM;Nước mắm;;Hàm lượng nitơ axit amin;Nitrogen amino acid content;TCVN 3708:1990;Chuẩn độ;;0,3g/L;120;;; 140.000 ; NA 
NƯỚC CHẤM;Nước mắm;;Hàm lượng Asen vô cơ;Inorganic Arsenic (As) content;VLAB-CH-TP-425;ICP-MS;;0.05 mg/L;72;;; 350.000 ; NA 
NƯỚC CHẤM;Nước mắm;;Urea;;VLAB-CH-TP-740;HPLC;-;10 mg/kg;72;;; 280.000 ; NA 
NƯỚC CHẤM;Nước tương;;Hàm lượng chất răn hòa tan hoặc hàm lượng Chất rắn hòa tan không kể muối;Total dissolved solids or Total dissolved solids content excluding salt;TCVN 1764: 2008;-;;0.3 g/100ml;72;;; 200.000 ; NA 
Nước chấm;Nước tương;;Hàm lượng muối (Natri clorua);Sodium chloride (Salt) content;TCVN 1764: 2008;-;;-;72;;; 140.000 ; NA 
PHÂN BÓN;Phân bón;AMINO ACIDS;Aspartic acid;Aspartic acid;VLAB-CH-TP-595;Biochrom;;0,02%;120;;; 350.000 ; 1.400.000 
PHÂN BÓN;Phân bón;AMINO ACIDS;Threonine;Threonine;VLAB-CH-TP-595;Biochrom;;0,02%;120;;; 350.000 ; 1.400.000 
PHÂN BÓN;Phân bón;AMINO ACIDS;Serine;Serine;VLAB-CH-TP-595;Biochrom;;0,02%;120;;; 350.000 ; 1.400.000 
PHÂN BÓN;Phân bón;AMINO ACIDS;Glutamic acid;Glutamic acid;VLAB-CH-TP-595;Biochrom;;0,02%;120;;; 350.000 ; 1.400.000 
PHÂN BÓN;Phân bón;AMINO ACIDS;Proline;Proline;VLAB-CH-TP-595;Biochrom;;0,02%;120;;; 350.000 ; 1.400.000 
PHÂN BÓN;Phân bón;AMINO ACIDS;Glycine;Glycine;VLAB-CH-TP-595;Biochrom;;0,02%;120;;; 350.000 ; 1.400.000 
PHÂN BÓN;Phân bón;AMINO ACIDS;Alanine;Alanine;VLAB-CH-TP-595;Biochrom;;0,02%;120;;; 350.000 ; 1.400.000 
PHÂN BÓN;Phân bón;AMINO ACIDS;Valine;Valine;VLAB-CH-TP-595;Biochrom;;0,02%;120;;; 350.000 ; 1.400.000 
PHÂN BÓN;Phân bón;AMINO ACIDS;Isoleucine;Isoleucine;VLAB-CH-TP-595;Biochrom;;0,02%;120;;; 350.000 ; 1.400.000 
PHÂN BÓN;Phân bón;AMINO ACIDS;Leucine;Leucine;VLAB-CH-TP-595;Biochrom;;0,02%;120;;; 350.000 ; 1.400.000 
PHÂN BÓN;Phân bón;AMINO ACIDS;Tyrosine;Tyrosine;VLAB-CH-TP-595;Biochrom;;0,02%;120;;; 350.000 ; 1.400.000 
PHÂN BÓN;Phân bón;AMINO ACIDS;Phenylalanie;Phenylalanie;VLAB-CH-TP-595;Biochrom;;0,02%;120;;; 350.000 ; 1.400.000 
PHÂN BÓN;Phân bón;AMINO ACIDS;Lysine;Lysine;VLAB-CH-TP-595;Biochrom;;0,02%;120;;; 350.000 ; 1.400.000 
PHÂN BÓN;Phân bón;AMINO ACIDS;Histidine;Histidine;VLAB-CH-TP-595;Biochrom;;0,02%;120;;; 350.000 ; 1.400.000 
PHÂN BÓN;Phân bón;AMINO ACIDS;Agrinine;Agrinine;VLAB-CH-TP-595;Biochrom;;0,02%;120;;; 350.000 ; 1.400.000 
PHÂN BÓN;Phân bón;AMINO ACIDS;Cystine (L-Cystine);Cystine (L-Cystine);VLAB-CH-TP-595;Biochrom;;0,02%;120;;; 350.000 ; 1.400.000 
PHÂN BÓN;Phân bón;AMINO ACIDS;Methionine (L-Methionin);Methionine (L-Methionin);VLAB-CH-TP-595;Biochrom;;0,02%;120;;; 350.000 ; 1.400.000 
PHÂN BÓN, CHẾ PHẨM SINH HỌC;Các loại phân bón có hàm lượng Ca không lớn hơn 5%;;Hàm lượng Canxi (Ca) hoặc Canxi oxit (CaO);Calcium (Ca) content or Calcium oxide (CaO) content;TCVN 9284:2018;F-AAS;;25 mg/kg;72;;; 140.000 ; NA 
PHÂN BÓN, CHẾ PHẨM SINH HỌC;Các loại phân bón có hàm lượng Ca từ 5% trở lên;;Hàm lượng Canxi (Ca) hoặc Canxi oxit (CaO);Calcium (Ca) content or Calcium oxide (CaO) content;TCVN 12598:2018;Thể tích;;5%;120;;; 140.000 ; NA 
PHÂN BÓN, CHẾ PHẨM SINH HỌC;Các loại phân bón có hàm lượng Mg không lớn hơn 5%;;Hàm lượng Magie (Mg) hoặc Magie oxit (MgO);Magnesium (Mg) content or Magnesium oxide (MgO) content;TCVN 9285:2018;F-AAS;;12.5 mg/kg;72;;; 140.000 ; NA 
PHÂN BÓN, CHẾ PHẨM SINH HỌC;Các loại phân bón có hàm lượng Mg từ 5% trở lên;;Hàm lượng Magie (Mg) hoặc Magie oxit (MgO);Magnesium (Mg) content or Magnesium oxide (MgO) content;TCVN 12598:2018;Thể tích;;5%;120;;; 140.000 ; NA 
PHÂN BÓN, CHẾ PHẨM SINH HỌC;Các loại phân bón vi sinh;;Tổng số bào tử Lactobacillus;;VLAB-MI-TP-043;Đếm khuẩn lạc;CFU/g;<10;96;;; 140.000 ;NA
PHÂN BÓN, CHẾ PHẨM SINH HỌC;Môi trường bảo quản-vận chuyển virus, dụng cụ vô khuẩn, mỹ phẩm;;Thử nghiệm độ vô khuẩn;;VLAB-MI-TP-039;Phát hiện;/sample;;120;;; 200.000 ;NA
PHÂN BÓN, CHẾ PHẨM SINH HỌC;Phân bón;AMINO ACIDS;Aspartic acid;Aspartic acid;VLAB-CH-TP-780;HPLC-FLD;;0,02%;120;;; 350.000 ; 1.400.000 
PHÂN BÓN, CHẾ PHẨM SINH HỌC;Phân bón;AMINO ACIDS;Threonine;Threonine;VLAB-CH-TP-780;HPLC-FLD;;0,02%;120;;; 350.000 ; 1.400.000 
PHÂN BÓN, CHẾ PHẨM SINH HỌC;Phân bón;AMINO ACIDS;Serine;Serine;VLAB-CH-TP-780;HPLC-FLD;;0,02%;120;;; 350.000 ; 1.400.000 
PHÂN BÓN, CHẾ PHẨM SINH HỌC;Phân bón;AMINO ACIDS;Glutamic acid;Glutamic acid;VLAB-CH-TP-780;HPLC-FLD;;0,02%;120;;; 350.000 ; 1.400.000 
PHÂN BÓN, CHẾ PHẨM SINH HỌC;Phân bón;AMINO ACIDS;Proline;Proline;VLAB-CH-TP-780;HPLC-FLD;;0,02%;120;;; 350.000 ; 1.400.000 
PHÂN BÓN, CHẾ PHẨM SINH HỌC;Phân bón;AMINO ACIDS;Glycine;Glycine;VLAB-CH-TP-780;HPLC-FLD;;0,02%;120;;; 350.000 ; 1.400.000 
PHÂN BÓN, CHẾ PHẨM SINH HỌC;Phân bón;AMINO ACIDS;Alanine;Alanine;VLAB-CH-TP-780;HPLC-FLD;;0,02%;120;;; 350.000 ; 1.400.000 
PHÂN BÓN, CHẾ PHẨM SINH HỌC;Phân bón;AMINO ACIDS;Valine;Valine;VLAB-CH-TP-780;HPLC-FLD;;0,02%;120;;; 350.000 ; 1.400.000 
PHÂN BÓN, CHẾ PHẨM SINH HỌC;Phân bón;AMINO ACIDS;Isoleucine;Isoleucine;VLAB-CH-TP-780;HPLC-FLD;;0,02%;120;;; 350.000 ; 1.400.000 
PHÂN BÓN, CHẾ PHẨM SINH HỌC;Phân bón;AMINO ACIDS;Leucine;Leucine;VLAB-CH-TP-780;HPLC-FLD;;0,02%;120;;; 350.000 ; 1.400.000 
PHÂN BÓN, CHẾ PHẨM SINH HỌC;Phân bón;AMINO ACIDS;Tyrosine;Tyrosine;VLAB-CH-TP-780;HPLC-FLD;;0,02%;120;;; 350.000 ; 1.400.000 
PHÂN BÓN, CHẾ PHẨM SINH HỌC;Phân bón;AMINO ACIDS;Phenylalanie;Phenylalanie;VLAB-CH-TP-780;HPLC-FLD;;0,02%;120;;; 350.000 ; 1.400.000 
PHÂN BÓN, CHẾ PHẨM SINH HỌC;Phân bón;AMINO ACIDS;Lysine;Lysine;VLAB-CH-TP-780;HPLC-FLD;;0,02%;120;;; 350.000 ; 1.400.000 
PHÂN BÓN, CHẾ PHẨM SINH HỌC;Phân bón;AMINO ACIDS;Histidine;Histidine;VLAB-CH-TP-780;HPLC-FLD;;0,02%;120;;; 350.000 ; 1.400.000 
PHÂN BÓN, CHẾ PHẨM SINH HỌC;Phân bón;AMINO ACIDS;Agrinine;Agrinine;VLAB-CH-TP-780;HPLC-FLD;;0,02%;120;;; 350.000 ; 1.400.000 
PHÂN BÓN, CHẾ PHẨM SINH HỌC;Phân bón;AMINO ACIDS;Cystine (L-Cystine);Cystine (L-Cystine);VLAB-CH-TP-780;HPLC-FLD;;0,02%;120;;; 350.000 ; 1.400.000 
PHÂN BÓN, CHẾ PHẨM SINH HỌC;Phân bón;AMINO ACIDS;Methionine (L-Methionin);Methionine (L-Methionin);VLAB-CH-TP-780;HPLC-FLD;;0,02%;120;;; 350.000 ; 1.400.000 
PHÂN BÓN, CHẾ PHẨM SINH HỌC;Phân bón;;Tryptophan;Tryptophan;VLAB-CH-TP-723;HPLC- FLD;-;50 mg/kg ;120;;; 350.000 ; NA 
PHÂN BÓN, CHẾ PHẨM SINH HỌC;Phân bón;;Gibberellin (GA3);Gibberellin (GA3);TCVN 13263-6:2020;HPLC-PAD;-;10 mg/kg ;72;;; 700.000 ; NA 
PHÂN BÓN, CHẾ PHẨM SINH HỌC;Phân bón;;Thiure;Thiure;TCCS739: 2019/BVTV;HPLC-PAD;-;30 mg/kg;72;;; 420.000 ; NA 
PHÂN BÓN, CHẾ PHẨM SINH HỌC;Phân bón;;IAA;IAA;TCVN 13263-5:2020;HPLC-PAD;-;50mg/kg;72;;; 420.000 ; NA 
PHÂN BÓN, CHẾ PHẨM SINH HỌC;Phân bón;;NAA;NAA;TCVN 13263-5:2020;HPLC-PAD;-;50mg/kg;72;;; 420.000 ; NA 
PHÂN BÓN, CHẾ PHẨM SINH HỌC;Phân bón;;IBA;IBA;TCVN 13263-5:2020;HPLC-PAD;-;20mg/kg;72;;; 420.000 ; NA 
PHÂN BÓN, CHẾ PHẨM SINH HỌC;Phân bón;;Ascorbic Acid (Vitamin C);Ascorbic Acid (Vitamin C);VLAB-CH-TP-767;HPLC;3.33 mg/kg;10 mg/kg;72;;; 420.000 ; NA 
PHÂN BÓN, CHẾ PHẨM SINH HỌC;Phân bón;;Ascorbate Monophosphate;Ascorbate Monophosphate;VLAB-CH-TP-767;HPLC;3.33 mg/kg;10 mg/kg;72;;; 420.000 ; NA 
PHÂN BÓN, CHẾ PHẨM SINH HỌC;Phân bón;;Vitamin A;Vitamin A;VLAB-CH-TP-768;HPLC;0.03 mg/kg;0.1 mg/kg;72;;; 420.000 ; NA 
PHÂN BÓN, CHẾ PHẨM SINH HỌC;Phân bón;;Vitamin E;Vitamin E;VLAB-CH-TP-768;HPLC;0.5 mg/kg;1.5 mg/kg;72;;; 420.000 ; NA 
PHÂN BÓN, CHẾ PHẨM SINH HỌC;Phân bón;;Vitamin D2;Vitamin D2;VLAB-CH-TP-768;HPLC;0.17 mg/kg;0.5 mg/kg;72;;; 420.000 ; NA 
PHÂN BÓN, CHẾ PHẨM SINH HỌC;Phân bón;;Vitamin D3;Vitamin D3;VLAB-CH-TP-768;HPLC;0.17 mg/kg;0.5 mg/kg;72;;; 420.000 ; NA 
PHÂN BÓN, CHẾ PHẨM SINH HỌC;Phân bón;;Vitamin B1;Vitamin B1;VLAB-CH-TP-769;HPLC-PAD;3.33 mg/kg;10 mg/kg;72;;; 420.000 ; NA 
PHÂN BÓN, CHẾ PHẨM SINH HỌC;Phân bón;;Vitamin B2;Vitamin B2;VLAB-CH-TP-769;HPLC-PAD;3.33 mg/kg;10 mg/kg;72;;; 420.000 ; NA 
PHÂN BÓN, CHẾ PHẨM SINH HỌC;Phân bón;;Vitamin B3;Vitamin B3;VLAB-CH-TP-769;HPLC-PAD;3.33 mg/kg;10 mg/kg;72;;; 420.000 ; NA 
PHÂN BÓN, CHẾ PHẨM SINH HỌC;Phân bón;;Vitamin B5;Vitamin B5;VLAB-CH-TP-769;HPLC-PAD;3.33 mg/kg;10 mg/kg;72;;; 420.000 ; NA 
PHÂN BÓN, CHẾ PHẨM SINH HỌC;Phân bón;;Vitamin B6;Vitamin B6;VLAB-CH-TP-769;HPLC-PAD;3.33 mg/kg;10 mg/kg;72;;; 420.000 ; NA 
PHÂN BÓN, CHẾ PHẨM SINH HỌC;Phân bón;;Vitamin B7 (Biotin);Vitamin B7 (Biotin);VLAB-CH-TP-769;HPLC-PAD;3.33 mg/kg;10 mg/kg;72;;; 420.000 ; NA 
PHÂN BÓN, CHẾ PHẨM SINH HỌC;Phân bón;;Vitamin B9 (Folic);Vitamin B9 (Folic);VLAB-CH-TP-769;HPLC-PAD;3.33 mg/kg;10 mg/kg;72;;; 420.000 ; NA 
PHÂN BÓN, CHẾ PHẨM SINH HỌC;Phân bón;;Vitamin B12;Vitamin B12;VLAB-CH-TP-769;HPLC-PAD;3.33 mg/kg;10 mg/kg;72;;; 420.000 ; NA 
PHÂN BÓN, CHẾ PHẨM SINH HỌC;Phân bón;;Vitamin PP;Vitamin PP;VLAB-CH-TP-769;HPLC-PAD;3.33 mg/kg;10 mg/kg;72;;; 420.000 ; NA 
PHÂN BÓN, CHẾ PHẨM SINH HỌC;Phân bón;;Vitamin K3;Vitamin K3;VLAB-CH-TP-769;HPLC-PAD;3.33 mg/kg;10 mg/kg;72;;; 420.000 ; NA 
PHÂN BÓN, CHẾ PHẨM SINH HỌC;Phân bón;;Trichoderma sp.;;TN8/HD/P/71;-;;;168;;; 1.050.000 ; NA 
PHÂN BÓN, CHẾ PHẨM SINH HỌC;Phân bón;;Streptomyces sp.;;TN8/HD/P/94.27(Vitek MS);-;;;168;;; 2.450.000 ; NA 
PHÂN BÓN, CHẾ PHẨM SINH HỌC;Phân bón;;Hàm lượng P2O5 hữu hiệu(P2O5hh);Available Phosphorus pentoxide content (P2O5hh);TCVN 8559:2010;UV-Vis;;Photpho vàng: 0.3%, Photpho xanh: 0.03%;96;;; 140.000 ; NA 
PHÂN BÓN, CHẾ PHẨM SINH HỌC;Phân bón;;Hàm lượng Axit Humic hoặc Axit humic (C);Humic acid content;TCVN 8561:2010;-;;0,60%;120;;; 140.000 ; NA 
PHÂN BÓN, CHẾ PHẨM SINH HỌC;Phân bón;;Hàm lượng Axit Fulvic hoặc axit fulvic (C);Fulvic acid content;TCVN 8561:2010;-;;0,90%;120;;; 140.000 ; NA 
PHÂN BÓN, CHẾ PHẨM SINH HỌC;Phân bón;;pHH2O;pHH2O Value;TCVN 13263-9:2020;-;;-;72;;; 105.000 ; NA 
PHÂN BÓN, CHẾ PHẨM SINH HỌC;Phân bón;;Tỷ trọng;Density;TCVN 13263-10:2020;-;;-;72;;; 140.000 ; NA 
PHÂN BÓN, CHẾ PHẨM SINH HỌC;Phân bón;;Hàm lượng Axit tự do;Free acid content;TCVN 9292:2019;-;;0,03%;72;;; 140.000 ; NA 
PHÂN BÓN, CHẾ PHẨM SINH HỌC;Phân bón;;Hàm lượng Axit amin tự do;Free amino acid content;TCVN 12620:2019;-;;0,50%;96;;; 140.000 ; NA 
PHÂN BÓN, CHẾ PHẨM SINH HỌC;Phân bón;;Hàm lượng K2O hữu hiệu (K2Ohh);Available potassium (K2Ohh) content;TCVN 8560:2018;Quang kế ngọn lửa;;0,10%;72;;; 140.000 ; NA 
PHÂN BÓN, CHẾ PHẨM SINH HỌC;Phân bón;;Hàm lượng Silic hữu hiệu (SiO2hh);Available silicone content;TCVN 11407:2019;UV-Vis;;0,10%;144;;; 350.000 ; NA 
PHÂN BÓN, CHẾ PHẨM SINH HỌC;Phân bón;;Hàm lượng Sắt (Fe);Iron (Fe) content;TCVN 9283:2018;F-AAS;;12.5 mg/kg;72;;; 140.000 ; NA 
PHÂN BÓN, CHẾ PHẨM SINH HỌC;Phân bón;;Hàm lượng Molypden (Mo);Molypdenum (Mo) content;TCVN 9283:2018;F-AAS;;50 mg/kg;72;;; 140.000 ; NA 
PHÂN BÓN, CHẾ PHẨM SINH HỌC;Phân bón;;Hàm lượng Đồng (Cu);Copper (Cu) content;TCVN 9286:2018;F-AAS;;12.5 mg/kg;72;;; 140.000 ; NA 
PHÂN BÓN, CHẾ PHẨM SINH HỌC;Phân bón;;Hàm lượng Coban (Co) ;Cobalt (Co) content;TCVN 9287:2018;F-AAS;;12.5 mg/kg;72;;; 140.000 ; NA 
PHÂN BÓN, CHẾ PHẨM SINH HỌC;Phân bón;;Hàm lượng Mangan (Mn);Manganese (Mn) content;TCVN 9288:2012;F-AAS;;25 mg/kg;72;;; 140.000 ; NA 
PHÂN BÓN, CHẾ PHẨM SINH HỌC;Phân bón;;Hàm lượng Kẽm (Zn) ;Zinc (Zn) content;TCVN 9289:2012;F-AAS;;3.0 mg/kg;72;;; 140.000 ; NA 
PHÂN BÓN, CHẾ PHẨM SINH HỌC;Phân bón;;Hàm lượng Crom (Cr) ;Chromium (Cr) content;TCVN 10674:2015;F-AAS;;12.5 mg/kg;72;;; 140.000 ; NA 
PHÂN BÓN, CHẾ PHẨM SINH HỌC;Phân bón;;Hàm lượng Niken (Ni);Nickel (Ni) content;TCVN 10675:2015;F-AAS;;25 mg/kg;72;;; 140.000 ; NA 
PHÂN BÓN, CHẾ PHẨM SINH HỌC;Phân bón;;Hàm lượng Chì (Pb) ;Lead (Pb) content;TCVN 9290:2018;F-AAS;;12.5 mg/kg;72;;; 140.000 ; NA 
PHÂN BÓN, CHẾ PHẨM SINH HỌC;Phân bón;;Hàm lượng Cadimi (Cd);Cadmium (Cd) content;TCVN 9291:2018;F-AAS;;1.25 mg/kg;72;;; 140.000 ; NA 
PHÂN BÓN, CHẾ PHẨM SINH HỌC;Phân bón;;Hàm lượng Asen (As);Arsenic (As) content;TCVN 11403:2016;HG-AAS;;2.0 mg/kg;72;;; 140.000 ; NA 
PHÂN BÓN, CHẾ PHẨM SINH HỌC;Phân bón;;Hàm lượng Thủy ngân (Hg);Mercury (Hg) content;TCVN 10676:2015;CV-AAS;;0.25 mg/kg;72;;; 140.000 ; NA 
PHÂN BÓN, CHẾ PHẨM SINH HỌC;Phân bón;;Hàm lượng Chất hữu cơ;Organic matter content;TCVN 9294:2012;Thể tích;;0,30%;96;;; 140.000 ; NA 
PHÂN BÓN, CHẾ PHẨM SINH HỌC;Phân bón;;Tỷ lệ C/N;Ratio C/N;"C: TCVN 9294:2012
N: TCVN 8557:2010";Tính toán;;-;96;;; 280.000 ; NA 
PHÂN BÓN, CHẾ PHẨM SINH HỌC;Phân bón;;Hàm lượng Kali tổng số (K2Ots);Total potassium (K2Ots) content;TCVN 8562:2010;FES;;0,10%;120;;; 140.000 ; NA 
PHÂN BÓN, CHẾ PHẨM SINH HỌC;Phân bón;;Độ ẩm;Moisture content;TCVN 9297: 2012;Sấy;;0,10%;96;;; 140.000 ; NA 
PHÂN BÓN, CHẾ PHẨM SINH HỌC;Phân bón;;Hàm lượng Lưu huỳnh (S);Sulfur (S) content;TCVN 9296: 2012;Khối lượng;;0,30%;96;;; 140.000 ; NA 
PHÂN BÓN, CHẾ PHẨM SINH HỌC;Phân bón;;Hàm lượng Biuret;Biuret content;AOAC 976.01;F-AAS;;0,10%;72;;; 350.000 ; NA 
PHÂN BÓN, CHẾ PHẨM SINH HỌC;Phân bón;;Hàm lượng P2O5 tổng số (P2O5ts);Total Phosphorus pentoxide content (P2O5hh);TCVN 8563: 2010;UV-Vis;;Photpho vàng: 0.3%, Photpho xanh: 0.03%;72;;; 140.000 ; NA 
PHÂN BÓN, CHẾ PHẨM SINH HỌC;Phân bón;;Hàm lượng Nhôm (Al);Aluminum (Al) content;TCVN 13263-14: 2021;ICP-MS;;-;72;;; 140.000 ; NA 
PHÂN BÓN, CHẾ PHẨM SINH HỌC;Phân bón;;Hàm lượng Selen (Se);Selenium (Se) content;TCVN 13263-12:2021;ICP-MS;;-;72;;; 140.000 ; NA 
PHÂN BÓN, CHẾ PHẨM SINH HỌC;Phân bón;;Hàm lượng Natri (Na);Sodium (Na) content;TCVN 13263-15: 2021;F-AAS;;-;72;;; 140.000 ; NA 
PHÂN BÓN, CHẾ PHẨM SINH HỌC;Phân bón;;Hàm lượng Clorua hòa tan trong nước;Water-soluble chloride content;TCVN 8558:2010;;;1,5mgCl-/100g;120;;; 200.000 ; NA 
PHÂN BÓN, CHẾ PHẨM SINH HỌC;Phân bón;;Phát hiện Salmonella spp.;Detection of Salmonella spp.;VLAB-MI-TP-004;Phân lập;/25g;;120;;; 140.000 ;NA
PHÂN BÓN, CHẾ PHẨM SINH HỌC;Phân bón;;Phát hiện Salmonella spp.;Detection of Salmonella spp.;VLAB-MI-TP-004;Phân lập;/25ml;;120;;; 140.000 ;NA
PHÂN BÓN, CHẾ PHẨM SINH HỌC;Phân bón;;Định lượng Vi sinh vật cố định Nitơ ;Enumeration of Nitrogen - fixing microorganism;VLAB-MI-TP-034;Đếm khuẩn lạc;CFU/g;<10;168;;; 280.000 ;NA
PHÂN BÓN, CHẾ PHẨM SINH HỌC;Phân bón;;Định lượng Vi sinh vật cố định Nitơ ;Enumeration of Nitrogen - fixing microorganism;VLAB-MI-TP-034;Đếm khuẩn lạc;CFU/ml;<1;168;;; 280.000 ;NA
PHÂN BÓN, CHẾ PHẨM SINH HỌC;Phân bón;;Định lượng Vi sinh vật phân giải hợp chất Photpho khó tan ;Enumeration of Phosphorus - degrading microorganism;VLAB-MI-TP-035;Đếm khuẩn lạc;CFU/g;<10;168;;; 280.000 ;NA
PHÂN BÓN, CHẾ PHẨM SINH HỌC;Phân bón;;Định lượng Vi sinh vật phân giải hợp chất Photpho khó tan ;Enumeration of Phosphorus - degrading microorganism;VLAB-MI-TP-035;Đếm khuẩn lạc;CFU/ml;<1;168;;; 280.000 ;NA
PHÂN BÓN, CHẾ PHẨM SINH HỌC;Phân bón;;Định lượng Vi sinh vật phân giải Xenlulo ;Enumeration of Cellulose degrading microorganism;VLAB-MI-TP-036;Đếm khuẩn lạc;CFU/g;<10;168;;; 280.000 ;NA
PHÂN BÓN, CHẾ PHẨM SINH HỌC;Phân bón;;Định lượng Vi sinh vật phân giải Xenlulo ;Enumeration of Cellulose degrading microorganism;VLAB-MI-TP-036;Đếm khuẩn lạc;CFU/ml;<1;168;;; 280.000 ;NA
PHÂN BÓN, CHẾ PHẨM SINH HỌC;Phân bón chứa Nitơ dạng Nitrat;;Hàm lượng Nitơ tổng số (Nts);Total nitrogen content;TCVN 10682:2015;Kjeldahl;;0,30%;96;;; 140.000 ; NA 
PHÂN BÓN, CHẾ PHẨM SINH HỌC;Phân bón dạng lỏng;;Hàm lượng Boron (B) tan trong nước;Water- soluble boron (B) content;TCVN 13263-7:2020;UV-Vis;;30 mg/kg;120;;; 350.000 ; NA 
PHÂN BÓN, CHẾ PHẨM SINH HỌC;Phân bón dạng rắn;;Hàm lượng P2O5 hòa tan(P2O5ht);Water -soluble Phosphorous pentoxide content;TCVN 10678:2015;UV-Vis;;0,30%;96;;; 140.000 ; NA 
PHÂN BÓN, CHẾ PHẨM SINH HỌC;Phân bón dạng rắn;;Hàm lượng Boron (B) tan trong axit;Acid - soluble boron (B) content;TCVN 13263-8:2020;UV-Vis;;30 mg/kg;120;;; 350.000 ; NA 
PHÂN BÓN, CHẾ PHẨM SINH HỌC;Phân bón không chứa Nitơ dạng Nitrat;;Hàm lượng Nitơ tổng số (Nts);Total nitrogen content;TCVN 8557:2010;Kjeldahl;;0,30%;96;;; 140.000 ; NA 
PHÂN BÓN, CHẾ PHẨM SINH HỌC;Phân Diamoni photphat (DAP);;Độ ẩm;Moisture content;TCVN 8856:2018;Sấy;;0,10%;96;;; 140.000 ; NA 
PHÂN BÓN, CHẾ PHẨM SINH HỌC;Phân hỗn hợp NPK;;Độ ẩm;Moisture content;TCVN 5815:2018;Sấy;;0,10%;96;;; 140.000 ; NA 
PHÂN BÓN, CHẾ PHẨM SINH HỌC;Phân hỗn hợp NPK;;Hàm lượng Nitơ tổng số (Nts);Total nitrogen content;TCVN 5815:2018;Kjeldahl;;0,30%;96;;; 140.000 ; NA 
PHÂN BÓN, CHẾ PHẨM SINH HỌC;Phân hỗn hợp NPK;;Hàm lượng P2O5 hữu hiệu(P2O5hh);Available Phosphorus pentoxide content (P2O5hh);TCVN 5815:2018;Khối lượng;;0,30%;120;;; 140.000 ; NA 
PHÂN BÓN, CHẾ PHẨM SINH HỌC;Phân lân nung chảy;;Hàm lượng P2O5 hữu hiệu(P2O5hh);Available Phosphorus pentoxide content (P2O5hh);TCVN 1078:2023;Khối lượng;;1,00%;120;;; 140.000 ; NA 
PHÂN BÓN, CHẾ PHẨM SINH HỌC;Phân lân nung chảy;;Cỡ hạt;Particle size;TCVN 1078:2023;Khối lượng;;-;96;;; 140.000 ; NA 
PHÂN BÓN, CHẾ PHẨM SINH HỌC;Phân supe phosphat;;Hàm lượng P2O5 hữu hiệu(P2O5hh);Available Phosphorus pentoxide content (P2O5hh);TCVN 4440:2018;Khối lượng;;0,30%;120;;; 140.000 ; NA 
PHÂN BÓN, CHẾ PHẨM SINH HỌC;Phân Urê;;Độ ẩm;Moisture content;TCVN 2620:2014;Sấy;;0,10%;96;;; 140.000 ; NA 
PHÂN BÓN, CHẾ PHẨM SINH HỌC;Phân Urê;;Hàm lượng Biuret;Biuret content;TCVN 2620:2014;UV-Vis;;0,10%;96;;; 350.000 ; NA 
PHÂN BÓN, CHẾ PHẨM SINH HỌC;Thuốc thú y;;Tổng số bào tử Bacillus;;VLAB-MI-TP-029;Đếm khuẩn lạc;CFU/g;<10;96;;; 70.000 ;NA
PHÂN BÓN, CHẾ PHẨM SINH HỌC;Thuốc thú y;;Tổng số bào tử Lactobacillus;;VLAB-MI-TP-022;Đếm khuẩn lạc;CFU/g;<10;96;;; 70.000 ;NA
PHỤ GIA THỰC PHẨM;Bột canh gia vị;;Hàm lượng Tro không tan trong HCl;Insoluble ash in hydrochloric acid;TCVN 5484 : 2002;;;0,10%;96;;; 140.000 ; NA 
PHỤ GIA THỰC PHẨM;Hương liệu, phụ gia thực phẩm;MYCOTOXINS;Aflatoxin (B1, B2, G1, G2);Aflatoxin (B1, B2, G1, G2);VLAB-CH-TP-599;LC-MS/MS;0.167 µg/kg;0.5 µg/kg;72;24;; 350.000 ; NA 
PHỤ GIA THỰC PHẨM;Hương liệu, phụ gia thực phẩm;MYCOTOXINS;Aflatoxin tổng số;Aflatoxin total;VLAB-CH-TP-599;LC-MS/MS;0.667 µg/kg;2 µg/kg;72;24;; 350.000 ; NA 
PHỤ GIA THỰC PHẨM;Hương liệu, phụ gia thực phẩm;MYCOTOXINS;Aflatoxin M1;Aflatoxin M1;VLAB-CH-TP-599;LC-MS/MS;0.017 µg/kg;0.05 µg/kg;72;24;; 350.000 ; NA 
PHỤ GIA THỰC PHẨM;Hương liệu, phụ gia thực phẩm;MYCOTOXINS;Fumonisin B1;Fumonisin B1;VLAB-CH-TP-599;LC-MS/MS;0.833 µg/kg;2.5 µg/kg;72;24;; 350.000 ; NA 
PHỤ GIA THỰC PHẨM;Hương liệu, phụ gia thực phẩm;MYCOTOXINS;Fumonision B2;Fumonision B2;VLAB-CH-TP-599;LC-MS/MS;0.833 µg/kg;2.5 µg/kg;72;24;; 350.000 ; NA 
PHỤ GIA THỰC PHẨM;Hương liệu, phụ gia thực phẩm;MYCOTOXINS;Deoxynivalenol (DON);Deoxynivalenol (DON);VLAB-CH-TP-599;LC-MS/MS;0.167 µg/kg;0.5 µg/kg;72;24;; 350.000 ; NA 
PHỤ GIA THỰC PHẨM;Hương liệu, phụ gia thực phẩm;MYCOTOXINS;Zearalenone (ZEN);Zearalenone (ZEN);VLAB-CH-TP-599;LC-MS/MS;0.167 µg/kg;0.5 µg/kg;72;24;; 350.000 ; NA 
PHỤ GIA THỰC PHẨM;Hương liệu, phụ gia thực phẩm;MYCOTOXINS;Ochratoxin A (OTA);Ochratoxin A (OTA);VLAB-CH-TP-599;LC-MS/MS;0.167 µg/kg;0.5 µg/kg;72;24;; 350.000 ; NA 
PHỤ GIA THỰC PHẨM;Hương liệu, phụ gia thực phẩm;;Hàm lượng Sulfit (SO2);Sulfite content;VLAB-CH-TP-301;Chuẩn độ;;10 mg/kg;96;;; 140.000 ; NA 
PHỤ GIA THỰC PHẨM;Muối ăn;;Độ ẩm;Moisture content;TCVN 3973:1984;-;;0,30%;96;;; 120.000 ; NA 
PHỤ GIA THỰC PHẨM;Muối ăn;;Hàm lượng Muối (Natri clorua);Sodium chloride (Salt) content;TCVN 3973:1984;-;;0,30%;96;;; 140.000 ; NA 
PHỤ GIA THỰC PHẨM;Muối ăn;;Hàm lượng chất không tan trong nước;Water - Insoluble Matter;TCVN 3973:1984;-;;0,10%;96;;; 140.000 ; NA 
PHỤ GIA THỰC PHẨM;Muối iot, bột gia vị;;Hàm lượng iot;Iodine content;TCVN 6341:1998 ;Chuẩn độ;;1 mg/kg;72;;; 140.000 ; NA 
PHỤ GIA THỰC PHẨM;Phụ gia thực phẩm;;Hàm lượng hao hụt sau khi sấy ;Loss on drying;FAO JECFA Monographs 1 –Vol 4, 2006 - Loss in drying;-;;0,03%;120;;; 100.000 ; NA 
PHỤ GIA THỰC PHẨM;Phụ gia thực phẩm;HEAVY METAL-ICP/MS;Hàm lượng Chì (Pb);Lead (Pb) content;VLAB-CH-TP-422 (Ref. AOAC 2015.01);ICP-MS;;0.05 mg/kg;72;;; 140.000 ; NA 
PHỤ GIA THỰC PHẨM;Phụ gia thực phẩm;HEAVY METAL-ICP/MS;Hàm lượng Cadimi (Cd);Cadmium (Cd) content;VLAB-CH-TP-422 (Ref. AOAC 2015.01);ICP-MS;;0.1 mg/kg;72;;; 140.000 ; NA 
PHỤ GIA THỰC PHẨM;Phụ gia thực phẩm;HEAVY METAL-ICP/MS;Hàm lượng Asen (As);Arsenic (As) content;VLAB-CH-TP-422 (Ref. AOAC 2015.01);ICP-MS;;0.1 mg/kg;72;;; 140.000 ; NA 
PHỤ GIA THỰC PHẨM;Phụ gia thực phẩm;HEAVY METAL-ICP/MS;Hàm lượng Thủy ngân (Hg);Mercury (Hg) content;VLAB-CH-TP-422 (Ref. AOAC 2015.01);ICP-MS;;0.1 mg/kg;72;;; 140.000 ; NA 
PHỤ GIA THỰC PHẨM;Phụ gia thực phẩm;;Hàm lượng hao hụt sau khi nung;Loss on Ignition;TCVN 8900-2:2012;Nung;;0,03%;96;;; 120.000 ; NA 
PHỤ GIA THỰC PHẨM;Phụ gia thực phẩm;;Độ ẩm;Moisture content;TCVN 8900-2:2012;Sấy;;0,03%;96;;; 120.000 ; NA 
PHỤ GIA THỰC PHẨM;Phụ gia thực phẩm;;Hàm lượng Tro tổng;Total ash content;TCVN 8900-2:2012;Nung;;0,03%;96;;; 140.000 ; NA 
PHỤ GIA THỰC PHẨM;Phụ gia thực phẩm;;Hàm lượng cặn không bay hơi;Non-volatile residue content;TCVN 8900-2:2012;Sấy;;0,03%;96;;; 140.000 ; NA 
PHỤ GIA THỰC PHẨM;Phụ gia thực phẩm;;Hàm lượng tro không tan trong HCl;Insoluble ash in hydrochloric acid;TCVN 8900-2:2012;Nung;;0,10%;96;;; 140.000 ; NA 
PHỤ GIA THỰC PHẨM;Phụ gia thực phẩm;;Hàm lượng tro sunfat;Sulfated ash content;TCVN 8900-2:2012;Nung;;0,05%;96;;; 140.000 ; NA 
PHỤ GIA THỰC PHẨM;Phụ gia thực phẩm;;Tỷ trọng;Density;TCVN 7764-1:2007;Nung;;0,03%;72;;; 140.000 ; NA 
PHỤ GIA THỰC PHẨM;Phụ gia thực phẩm;;Độ tan;Solubility;FAO JECFA Monographs 1 Vol 4 - Solubility;-;;-;72;;; 140.000 ; NA 
PHỤ GIA THỰC PHẨM;Phụ gia thực phẩm;;Kim loại nặng quy ra chì;Migrated heavy metal content (as Lead content);JSFA VI, 1994, p.43;-;;5 mg/kg;72;;; 140.000 ; NA 
PHỤ GIA THỰC PHẨM;Phụ gia thực phẩm;;pH;pH Value;FAO JECFA Monographs 1 – Vol.4 – Dertermination of pH;-;;-;72;;; 70.000 ; NA 
PHỤ GIA THỰC PHẨM;Phụ gia thực phẩm;;Hàm lượng chất không tan trong nước;Water - Insoluble Matter;FAO JECFA Monographs 1 – Vol.4 – Water - Insoluble Matter;-;;0,10%;72;;; 140.000 ; NA 
PHỤ GIA THỰC PHẨM;Phụ gia thực phẩm;;Hàm lượng chất không tan trong axit;Acid - Insoluble Matter;FAO JECFA Monographs 1 – Vol.4 – Acid - Insoluble Matter;-;;0,10%;72;;; 140.000 ; NA 
PHỤ GIA THỰC PHẨM;Phụ gia thực phẩm;;Định lượng Tổng vi sinh vật hiếu khí;Enumeration of  aerobic microorganism;VLAB-MI-TP-078;Đếm khuẩn lạc;CFU/g;<10;48;;; 70.000 ;NA
PHỤ GIA THỰC PHẨM;Phụ gia thực phẩm;;Định lượng Tổng vi sinh vật hiếu khí;Enumeration of  aerobic microorganism;VLAB-MI-TP-078;Đếm khuẩn lạc;CFU/ml;<1;48;;; 70.000 ;NA
PHỤ GIA THỰC PHẨM;Phụ gia thực phẩm;;Phát hiện Salmonella spp.;Detection of Salmonella spp.;VLAB-MI-TP-073;Phân lập;/25g;;120;;; 140.000 ;NA
PHỤ GIA THỰC PHẨM;Phụ gia thực phẩm;;Phát hiện Salmonella spp.;Detection of Salmonella spp.;VLAB-MI-TP-073;Phân lập;/25ml;;120;;; 140.000 ;NA
PHỤ GIA THỰC PHẨM;Phụ gia thực phẩm;;Phát hiện Coliforms;Detection of Coliforms;VLAB-MI-TP-072;MPN;/g ;;48;;; 70.000 ;NA
PHỤ GIA THỰC PHẨM;Phụ gia thực phẩm;;Phát hiện Coliforms;Detection of Coliforms;VLAB-MI-TP-072;MPN;/ml;;48;;; 70.000 ;NA
PHỤ GIA THỰC PHẨM;Phụ gia thực phẩm;;Định lượng Coliforms;Enumeration of  Coliforms;VLAB-MI-TP-072;MPN;MPN/g ;0;48;;; 70.000 ;NA
PHỤ GIA THỰC PHẨM;Phụ gia thực phẩm;;Định lượng Coliforms;Enumeration of  Coliforms;VLAB-MI-TP-072;MPN;MPN/ml;0;48;;; 70.000 ;NA
PHỤ GIA THỰC PHẨM;Phụ gia thực phẩm;;Phát hiện Escherichia coli;Detection of  Escherichia coli;VLAB-MI-TP-072;MPN;/g ;;48;;; 70.000 ;NA
PHỤ GIA THỰC PHẨM;Phụ gia thực phẩm;;Phát hiện Escherichia coli;Detection of  Escherichia coli;VLAB-MI-TP-072;MPN;/ml;;48;;; 70.000 ;NA
PHỤ GIA THỰC PHẨM;Phụ gia thực phẩm;;Định lượng Escherichia coli;Enumeration of  Escherichia coli;VLAB-MI-TP-072;MPN;MPN/g ;0;48;;; 70.000 ;NA
PHỤ GIA THỰC PHẨM;Phụ gia thực phẩm;;Định lượng Escherichia coli;Enumeration of  Escherichia coli;VLAB-MI-TP-072;MPN;MPN/ml;0;48;;; 70.000 ;NA
PHỤ GIA THỰC PHẨM;Phụ gia thực phẩm;;Định lượng Staphylococcus aureus;Enumeration of  Staphylococcus aureus;VLAB-MI-TP-074;Đếm khuẩn lạc;CFU/g;<10;72;;; 70.000 ;NA
PHỤ GIA THỰC PHẨM;Phụ gia thực phẩm;;Định lượng Staphylococcus aureus;Enumeration of  Staphylococcus aureus;VLAB-MI-TP-074;Đếm khuẩn lạc;CFU/ml;<1;72;;; 70.000 ;NA
PHỤ GIA THỰC PHẨM;Phụ gia thực phẩm;;Định lượng nấm men và nấm mốc;Enumeration of yeasts and molds;VLAB-MI-TP-075;Đếm khuẩn lạc;CFU/g;<10;120;;; 70.000 ;NA
PHỤ GIA THỰC PHẨM;Phụ gia thực phẩm;;Định lượng nấm men và nấm mốc;Enumeration of yeasts and molds;VLAB-MI-TP-075;Đếm khuẩn lạc;CFU/ml;<1;120;;; 70.000 ;NA
PHỤ GIA THỰC PHẨM;Phụ gia thực phẩm;;Phát hiện Coliforms;Detection of Coliforms;VLAB-MI-TP-077;MPN;/g ;;48;;; 70.000 ;NA
PHỤ GIA THỰC PHẨM;Phụ gia thực phẩm;;Phát hiện Coliforms;Detection of Coliforms;VLAB-MI-TP-077;MPN;/ml;;48;;; 70.000 ;NA
PHỤ GIA THỰC PHẨM;Phụ gia thực phẩm;;Định lượng Coliforms;Enumeration of  Coliforms;VLAB-MI-TP-077;MPN;MPN/g ;0;48;;; 70.000 ;NA
PHỤ GIA THỰC PHẨM;Phụ gia thực phẩm;;Định lượng Coliforms;Enumeration of  Coliforms;VLAB-MI-TP-077;MPN;MPN/ml;0;48;;; 70.000 ;NA
PHỤ GIA THỰC PHẨM;Phụ gia thực phẩm;;Phát hiện Escherichia coli;Detection of  Escherichia coli;VLAB-MI-TP-077;MPN;/g ;;48;;; 70.000 ;NA
PHỤ GIA THỰC PHẨM;Phụ gia thực phẩm;;Phát hiện Escherichia coli;Detection of  Escherichia coli;VLAB-MI-TP-077;MPN;/ml;;48;;; 70.000 ;NA
PHỤ GIA THỰC PHẨM;Phụ gia thực phẩm;;Định lượng Escherichia coli;Enumeration of  Escherichia coli;VLAB-MI-TP-077;MPN;MPN/g ;0;48;;; 70.000 ;NA
PHỤ GIA THỰC PHẨM;Phụ gia thực phẩm;;Định lượng Escherichia coli;Enumeration of  Escherichia coli;VLAB-MI-TP-077;MPN;MPN/ml;0;48;;; 70.000 ;NA
SỮA & SẢN PHẨM SỮA;Phomai, sản phẩm phomai;;Hàm lượng Béo ;Fat content;VLAB-CH-TP-347 (Ref. TCVN 6508:2011);-;;0,30%;72;;; 140.000 ; NA 
SỮA & SẢN PHẨM SỮA;SỮA & SẢN PHẨM SỮA;;Tylosin;Tylosin;VLAB-CH-TP-646;LC-MS/MS;1.67 µg/L;5 µg/L;72;;; 315.000 ; 1.400.000 
SỮA & SẢN PHẨM SỮA;SỮA & SẢN PHẨM SỮA;;Leucomycin;Leucomycin;VLAB-CH-TP-646;LC-MS/MS;1.67 µg/L;5 µg/L;72;;; 315.000 ; 1.400.000 
SỮA & SẢN PHẨM SỮA;SỮA & SẢN PHẨM SỮA;;Lincomycin;Lincomycin;VLAB-CH-TP-646;LC-MS/MS;1.67 µg/L;5 µg/L;72;;; 315.000 ; 1.400.000 
SỮA & SẢN PHẨM SỮA;SỮA & SẢN PHẨM SỮA;;Spiramycin;Spiramycin;VLAB-CH-TP-646;LC-MS/MS;1.67 µg/L;5 µg/L;72;;; 315.000 ; 1.400.000 
SỮA & SẢN PHẨM SỮA;SỮA & SẢN PHẨM SỮA;;Erythromycin;Erythromycin;VLAB-CH-TP-646;LC-MS/MS;1.67 µg/L;5 µg/L;72;;; 315.000 ; 1.400.000 
SỮA & SẢN PHẨM SỮA;SỮA & SẢN PHẨM SỮA;;Tilmicosin;Tilmicosin;VLAB-CH-TP-646;LC-MS/MS;1.67 µg/L;5 µg/L;72;;; 315.000 ; 1.400.000 
SỮA & SẢN PHẨM SỮA;SỮA & SẢN PHẨM SỮA;;Virginiamycin M1;Virginiamycin M1;VLAB-CH-TP-646;LC-MS/MS;1.67 µg/L;5 µg/L;72;;; 315.000 ; 1.400.000 
SỮA & SẢN PHẨM SỮA;SỮA & SẢN PHẨM SỮA;;Clindamycin;Clindamycin;VLAB-CH-TP-646;LC-MS/MS;1.67 µg/L;5 µg/L;72;;; 315.000 ; 1.400.000 
SỮA & SẢN PHẨM SỮA;SỮA & SẢN PHẨM SỮA;;Pirlimycin;Pirlimycin;VLAB-CH-TP-646;LC-MS/MS;1.67 µg/L;5 µg/L;72;;; 315.000 ; 1.400.000 
SỮA & SẢN PHẨM SỮA;SỮA & SẢN PHẨM SỮA;;Gamithromycin;Gamithromycin;VLAB-CH-TP-646;LC-MS/MS;1.67 µg/L;5 µg/L;72;;; 315.000 ; 1.400.000 
SỮA & SẢN PHẨM SỮA;SỮA & SẢN PHẨM SỮA;;Rifampicin;Rifampicin;VLAB-CH-TP-646;LC-MS/MS;1.67 µg/L;5 µg/L;72;;; 315.000 ; 1.400.000 
SỮA & SẢN PHẨM SỮA;SỮA & SẢN PHẨM SỮA;;Fosfomycin;Fosfomycin;VLAB-CH-TP-646;LC-MS/MS;1.67 µg/L;5 µg/L;72;;; 315.000 ; 1.400.000 
SỮA & SẢN PHẨM SỮA;SỮA & SẢN PHẨM SỮA;;Colchicine;Colchicine;VLAB-CH-TP-646;LC-MS/MS;1.67 µg/L;5 µg/L;72;;; 315.000 ; 1.400.000 
SỮA & SẢN PHẨM SỮA;SỮA & SẢN PHẨM SỮA;β-LACTAM (PENICILLINS);Ampicillin;Ampicillin;VLAB-CH-TP-500;LC-MS/MS;0.333 µg/kg;1 µg/kg;72;24;8; 315.000 ; 1.050.000 
SỮA & SẢN PHẨM SỮA;SỮA & SẢN PHẨM SỮA;PES-LC/MS/MS;Acephate;Acephate;VLAB-CH-TP-674;LC-MS/MS;0.003 mg/kg;0.01 mg/kg;72;;; 350.000 ; 1.050.000 
SỮA & SẢN PHẨM SỮA;SỮA & SẢN PHẨM SỮA;PES-LC/MS/MS;Acetamiprid;Acetamiprid;VLAB-CH-TP-674;LC-MS/MS;0.003 mg/kg;0.01 mg/kg;72;;; 350.000 ; 1.050.000 
SỮA & SẢN PHẨM SỮA;SỮA & SẢN PHẨM SỮA;PES-LC/MS/MS;Acibenzolar-S-methyl;Acibenzolar-S-methyl;VLAB-CH-TP-674;LC-MS/MS;0.003 mg/kg;0.01 mg/kg;72;;; 350.000 ; 1.050.000 
SỮA & SẢN PHẨM SỮA;SỮA & SẢN PHẨM SỮA;PES-LC/MS/MS;Albendazole;Albendazole;VLAB-CH-TP-674;LC-MS/MS;0.003 mg/kg;0.01 mg/kg;72;;; 350.000 ; 1.050.000 
SỮA & SẢN PHẨM SỮA;SỮA & SẢN PHẨM SỮA;PES-LC/MS/MS;Aldicarb;Aldicarb;VLAB-CH-TP-674;LC-MS/MS;0.003 mg/kg;0.01 mg/kg;72;;; 350.000 ; 1.050.000 
SỮA & SẢN PHẨM SỮA;SỮA & SẢN PHẨM SỮA;PES-LC/MS/MS;Aldicarb sulfone;Aldicarb sulfone;VLAB-CH-TP-674;LC-MS/MS;0.003 mg/kg;0.01 mg/kg;72;;; 350.000 ; 1.050.000 
SỮA & SẢN PHẨM SỮA;SỮA & SẢN PHẨM SỮA;PES-LC/MS/MS;Aldicarb sulfoxide;Aldicarb sulfoxide;VLAB-CH-TP-674;LC-MS/MS;0.003 mg/kg;0.01 mg/kg;72;;; 350.000 ; 1.050.000 
SỮA & SẢN PHẨM SỮA;SỮA & SẢN PHẨM SỮA;PES-LC/MS/MS;Ametryn;Ametryn;VLAB-CH-TP-674;LC-MS/MS;0.003 mg/kg;0.01 mg/kg;72;;; 350.000 ; 1.050.000 
SỮA & SẢN PHẨM SỮA;SỮA & SẢN PHẨM SỮA;PES-LC/MS/MS;Ametoctradin;Ametoctradin;VLAB-CH-TP-674;LC-MS/MS;0.003 mg/kg;0.01 mg/kg;72;;; 350.000 ; 1.050.000 
SỮA & SẢN PHẨM SỮA;SỮA & SẢN PHẨM SỮA;PES-LC/MS/MS;Aminocarb;Aminocarb;VLAB-CH-TP-674;LC-MS/MS;0.003 mg/kg;0.01 mg/kg;72;;; 350.000 ; 1.050.000 
SỮA & SẢN PHẨM SỮA;SỮA & SẢN PHẨM SỮA;PES-LC/MS/MS;Amitraz;Amitraz;VLAB-CH-TP-674;LC-MS/MS;0.003 mg/kg;0.01 mg/kg;72;;; 350.000 ; 1.050.000 
SỮA & SẢN PHẨM SỮA;SỮA & SẢN PHẨM SỮA;PES-LC/MS/MS;Azoxystrobin;Azoxystrobin;VLAB-CH-TP-674;LC-MS/MS;0.003 mg/kg;0.01 mg/kg;72;;; 350.000 ; 1.050.000 
SỮA & SẢN PHẨM SỮA;SỮA & SẢN PHẨM SỮA;PES-LC/MS/MS;Benalaxyl;Benalaxyl;VLAB-CH-TP-674;LC-MS/MS;0.003 mg/kg;0.01 mg/kg;72;;; 350.000 ; 1.050.000 
SỮA & SẢN PHẨM SỮA;SỮA & SẢN PHẨM SỮA;PES-LC/MS/MS;Bendiocarb;Bendiocarb;VLAB-CH-TP-674;LC-MS/MS;0.003 mg/kg;0.01 mg/kg;72;;; 350.000 ; 1.050.000 
SỮA & SẢN PHẨM SỮA;SỮA & SẢN PHẨM SỮA;PES-LC/MS/MS;Benomyl;Benomyl;VLAB-CH-TP-674;LC-MS/MS;0.003 mg/kg;0.01 mg/kg;72;;; 350.000 ; 1.050.000 
SỮA & SẢN PHẨM SỮA;SỮA & SẢN PHẨM SỮA;PES-LC/MS/MS;Benzoximate;Benzoximate;VLAB-CH-TP-674;LC-MS/MS;0.003 mg/kg;0.01 mg/kg;72;;; 350.000 ; 1.050.000 
SỮA & SẢN PHẨM SỮA;SỮA & SẢN PHẨM SỮA;PES-LC/MS/MS;Bifenazate;Bifenazate;VLAB-CH-TP-674;LC-MS/MS;0.003 mg/kg;0.01 mg/kg;72;;; 350.000 ; 1.050.000 
SỮA & SẢN PHẨM SỮA;SỮA & SẢN PHẨM SỮA;PES-LC/MS/MS;Bitertanol (Baycor);Bitertanol (Baycor);VLAB-CH-TP-674;LC-MS/MS;0.003 mg/kg;0.01 mg/kg;72;;; 350.000 ; 1.050.000 
SỮA & SẢN PHẨM SỮA;SỮA & SẢN PHẨM SỮA;PES-LC/MS/MS;Boscalid;Boscalid;VLAB-CH-TP-674;LC-MS/MS;0.003 mg/kg;0.01 mg/kg;72;;; 350.000 ; 1.050.000 
SỮA & SẢN PHẨM SỮA;SỮA & SẢN PHẨM SỮA;PES-LC/MS/MS;Bromuconazole;Bromuconazole;VLAB-CH-TP-674;LC-MS/MS;0.003 mg/kg;0.01 mg/kg;72;;; 350.000 ; 1.050.000 
SỮA & SẢN PHẨM SỮA;SỮA & SẢN PHẨM SỮA;PES-LC/MS/MS;Buprofezin;Buprofezin;VLAB-CH-TP-674;LC-MS/MS;0.003 mg/kg;0.01 mg/kg;72;;; 350.000 ; 1.050.000 
SỮA & SẢN PHẨM SỮA;SỮA & SẢN PHẨM SỮA;PES-LC/MS/MS;Bupirimate;Bupirimate;VLAB-CH-TP-674;LC-MS/MS;0.003 mg/kg;0.01 mg/kg;72;;; 350.000 ; 1.050.000 
SỮA & SẢN PHẨM SỮA;SỮA & SẢN PHẨM SỮA;PES-LC/MS/MS;Butafenacil;Butafenacil;VLAB-CH-TP-674;LC-MS/MS;0.003 mg/kg;0.01 mg/kg;72;;; 350.000 ; 1.050.000 
SỮA & SẢN PHẨM SỮA;SỮA & SẢN PHẨM SỮA;PES-LC/MS/MS;Butoxycarboxim;Butoxycarboxim;VLAB-CH-TP-674;LC-MS/MS;0.003 mg/kg;0.01 mg/kg;72;;; 350.000 ; 1.050.000 
SỮA & SẢN PHẨM SỮA;SỮA & SẢN PHẨM SỮA;PES-LC/MS/MS;Butocarboxim;Butocarboxim;VLAB-CH-TP-674;LC-MS/MS;0.003 mg/kg;0.01 mg/kg;72;;; 350.000 ; 1.050.000 
SỮA & SẢN PHẨM SỮA;SỮA & SẢN PHẨM SỮA;PES-LC/MS/MS;Carbaryl (sevin);Carbaryl (sevin);VLAB-CH-TP-674;LC-MS/MS;0.003 mg/kg;0.01 mg/kg;72;;; 350.000 ; 1.050.000 
SỮA & SẢN PHẨM SỮA;SỮA & SẢN PHẨM SỮA;PES-LC/MS/MS;Carbendazim;Carbendazim;VLAB-CH-TP-674;LC-MS/MS;0.003 mg/kg;0.01 mg/kg;72;;; 350.000 ; 1.050.000 
SỮA & SẢN PHẨM SỮA;SỮA & SẢN PHẨM SỮA;PES-LC/MS/MS;Carbetamide;Carbetamide;VLAB-CH-TP-674;LC-MS/MS;0.003 mg/kg;0.01 mg/kg;72;;; 350.000 ; 1.050.000 
SỮA & SẢN PHẨM SỮA;SỮA & SẢN PHẨM SỮA;PES-LC/MS/MS;Carbofuran;Carbofuran;VLAB-CH-TP-674;LC-MS/MS;0.003 mg/kg;0.01 mg/kg;72;;; 350.000 ; 1.050.000 
SỮA & SẢN PHẨM SỮA;SỮA & SẢN PHẨM SỮA;PES-LC/MS/MS;Carbofuran-3-hydroxy;Carbofuran-3-hydroxy;VLAB-CH-TP-674;LC-MS/MS;0.003 mg/kg;0.01 mg/kg;72;;; 350.000 ; 1.050.000 
SỮA & SẢN PHẨM SỮA;SỮA & SẢN PHẨM SỮA;PES-LC/MS/MS;Carboxin;Carboxin;VLAB-CH-TP-674;LC-MS/MS;0.003 mg/kg;0.01 mg/kg;72;;; 350.000 ; 1.050.000 
SỮA & SẢN PHẨM SỮA;SỮA & SẢN PHẨM SỮA;PES-LC/MS/MS;Chlorantraniliprole;Chlorantraniliprole;VLAB-CH-TP-674;LC-MS/MS;0.003 mg/kg;0.01 mg/kg;72;;; 350.000 ; 1.050.000 
SỮA & SẢN PHẨM SỮA;SỮA & SẢN PHẨM SỮA;PES-LC/MS/MS;Chloroxuron;Chloroxuron;VLAB-CH-TP-674;LC-MS/MS;0.003 mg/kg;0.01 mg/kg;72;;; 350.000 ; 1.050.000 
SỮA & SẢN PHẨM SỮA;SỮA & SẢN PHẨM SỮA;PES-LC/MS/MS;Clethodim;Clethodim;VLAB-CH-TP-674;LC-MS/MS;0.003 mg/kg;0.01 mg/kg;72;;; 350.000 ; 1.050.000 
SỮA & SẢN PHẨM SỮA;SỮA & SẢN PHẨM SỮA;PES-LC/MS/MS;Clofentezine;Clofentezine;VLAB-CH-TP-674;LC-MS/MS;0.003 mg/kg;0.01 mg/kg;72;;; 350.000 ; 1.050.000 
SỮA & SẢN PHẨM SỮA;SỮA & SẢN PHẨM SỮA;PES-LC/MS/MS;Clothianidin;Clothianidin;VLAB-CH-TP-674;LC-MS/MS;0.003 mg/kg;0.01 mg/kg;72;;; 350.000 ; 1.050.000 
SỮA & SẢN PHẨM SỮA;SỮA & SẢN PHẨM SỮA;PES-LC/MS/MS;Cyazofamid;Cyazofamid;VLAB-CH-TP-674;LC-MS/MS;0.003 mg/kg;0.01 mg/kg;72;;; 350.000 ; 1.050.000 
SỮA & SẢN PHẨM SỮA;SỮA & SẢN PHẨM SỮA;PES-LC/MS/MS;Cycluron;Cycluron;VLAB-CH-TP-674;LC-MS/MS;0.003 mg/kg;0.01 mg/kg;72;;; 350.000 ; 1.050.000 
SỮA & SẢN PHẨM SỮA;SỮA & SẢN PHẨM SỮA;PES-LC/MS/MS;Cyhexatin;Cyhexatin;VLAB-CH-TP-674;LC-MS/MS;0.003 mg/kg;0.01 mg/kg;72;;; 350.000 ; 1.050.000 
SỮA & SẢN PHẨM SỮA;SỮA & SẢN PHẨM SỮA;PES-LC/MS/MS;Cymoxanil;Cymoxanil;VLAB-CH-TP-674;LC-MS/MS;0.003 mg/kg;0.01 mg/kg;72;;; 350.000 ; 1.050.000 
SỮA & SẢN PHẨM SỮA;SỮA & SẢN PHẨM SỮA;PES-LC/MS/MS;Cyproconazole;Cyproconazole;VLAB-CH-TP-674;LC-MS/MS;0.003 mg/kg;0.01 mg/kg;72;;; 350.000 ; 1.050.000 
SỮA & SẢN PHẨM SỮA;SỮA & SẢN PHẨM SỮA;PES-LC/MS/MS;Cycloxydim;Cycloxydim;VLAB-CH-TP-674;LC-MS/MS;0.003 mg/kg;0.01 mg/kg;72;;; 350.000 ; 1.050.000 
SỮA & SẢN PHẨM SỮA;SỮA & SẢN PHẨM SỮA;PES-LC/MS/MS;Cyromazine;Cyromazine;VLAB-CH-TP-674;LC-MS/MS;0.003 mg/kg;0.01 mg/kg;72;;; 350.000 ; 1.050.000 
SỮA & SẢN PHẨM SỮA;SỮA & SẢN PHẨM SỮA;PES-LC/MS/MS;Cyprodinil;Cyprodinil;VLAB-CH-TP-674;LC-MS/MS;0.003 mg/kg;0.01 mg/kg;72;;; 350.000 ; 1.050.000 
SỮA & SẢN PHẨM SỮA;SỮA & SẢN PHẨM SỮA;PES-LC/MS/MS;Diafenthiuron;Diafenthiuron;VLAB-CH-TP-674;LC-MS/MS;0.003 mg/kg;0.01 mg/kg;72;;; 350.000 ; 1.050.000 
SỮA & SẢN PHẨM SỮA;SỮA & SẢN PHẨM SỮA;PES-LC/MS/MS;Dichlofluanid;Dichlofluanid;VLAB-CH-TP-674;LC-MS/MS;0.003 mg/kg;0.01 mg/kg;72;;; 350.000 ; 1.050.000 
SỮA & SẢN PHẨM SỮA;SỮA & SẢN PHẨM SỮA;PES-LC/MS/MS;Desmedipham;Desmedipham;VLAB-CH-TP-674;LC-MS/MS;0.003 mg/kg;0.01 mg/kg;72;;; 350.000 ; 1.050.000 
SỮA & SẢN PHẨM SỮA;SỮA & SẢN PHẨM SỮA;PES-LC/MS/MS;Dichlobutrazol;Dichlobutrazol;VLAB-CH-TP-674;LC-MS/MS;0.003 mg/kg;0.01 mg/kg;72;;; 350.000 ; 1.050.000 
SỮA & SẢN PHẨM SỮA;SỮA & SẢN PHẨM SỮA;PES-LC/MS/MS;Dicrotophos;Dicrotophos;VLAB-CH-TP-674;LC-MS/MS;0.003 mg/kg;0.01 mg/kg;72;;; 350.000 ; 1.050.000 
SỮA & SẢN PHẨM SỮA;SỮA & SẢN PHẨM SỮA;PES-LC/MS/MS;Diethofencarb;Diethofencarb;VLAB-CH-TP-674;LC-MS/MS;0.003 mg/kg;0.01 mg/kg;72;;; 350.000 ; 1.050.000 
SỮA & SẢN PHẨM SỮA;SỮA & SẢN PHẨM SỮA;PES-LC/MS/MS;Diflufenican;Diflufenican;VLAB-CH-TP-674;LC-MS/MS;0.003 mg/kg;0.01 mg/kg;72;;; 350.000 ; 1.050.000 
SỮA & SẢN PHẨM SỮA;SỮA & SẢN PHẨM SỮA;PES-LC/MS/MS;Difenoconazole;Difenoconazole;VLAB-CH-TP-674;LC-MS/MS;0.003 mg/kg;0.01 mg/kg;72;;; 350.000 ; 1.050.000 
SỮA & SẢN PHẨM SỮA;SỮA & SẢN PHẨM SỮA;PES-LC/MS/MS;Dimethirimol;Dimethirimol;VLAB-CH-TP-674;LC-MS/MS;0.003 mg/kg;0.01 mg/kg;72;;; 350.000 ; 1.050.000 
SỮA & SẢN PHẨM SỮA;SỮA & SẢN PHẨM SỮA;PES-LC/MS/MS;Dimethoate;Dimethoate;VLAB-CH-TP-674;LC-MS/MS;0.003 mg/kg;0.01 mg/kg;72;;; 350.000 ; 1.050.000 
SỮA & SẢN PHẨM SỮA;SỮA & SẢN PHẨM SỮA;PES-LC/MS/MS;Dimethomorph;Dimethomorph;VLAB-CH-TP-674;LC-MS/MS;0.003 mg/kg;0.01 mg/kg;72;;; 350.000 ; 1.050.000 
SỮA & SẢN PHẨM SỮA;SỮA & SẢN PHẨM SỮA;PES-LC/MS/MS;Dimoxystrobin;Dimoxystrobin;VLAB-CH-TP-674;LC-MS/MS;0.003 mg/kg;0.01 mg/kg;72;;; 350.000 ; 1.050.000 
SỮA & SẢN PHẨM SỮA;SỮA & SẢN PHẨM SỮA;PES-LC/MS/MS;N,N-Dimethyl-N'-p-tolylsulphamide (DMST);N,N-Dimethyl-N'-p-tolylsulphamide (DMST);VLAB-CH-TP-674;LC-MS/MS;0.003 mg/kg;0.01 mg/kg;72;;; 350.000 ; 1.050.000 
SỮA & SẢN PHẨM SỮA;SỮA & SẢN PHẨM SỮA;PES-LC/MS/MS;N,N-Dimethylaminosulfanilide (DMSA);N,N-Dimethylaminosulfanilide (DMSA);VLAB-CH-TP-674;LC-MS/MS;0.003 mg/kg;0.01 mg/kg;72;;; 350.000 ; 1.050.000 
SỮA & SẢN PHẨM SỮA;SỮA & SẢN PHẨM SỮA;PES-LC/MS/MS;Diniconazole;Diniconazole;VLAB-CH-TP-674;LC-MS/MS;0.003 mg/kg;0.01 mg/kg;72;;; 350.000 ; 1.050.000 
SỮA & SẢN PHẨM SỮA;SỮA & SẢN PHẨM SỮA;PES-LC/MS/MS;Dinotefuran;Dinotefuran;VLAB-CH-TP-674;LC-MS/MS;0.003 mg/kg;0.01 mg/kg;72;;; 350.000 ; 1.050.000 
SỮA & SẢN PHẨM SỮA;SỮA & SẢN PHẨM SỮA;PES-LC/MS/MS;Dioxacarb;Dioxacarb;VLAB-CH-TP-674;LC-MS/MS;0.003 mg/kg;0.01 mg/kg;72;;; 350.000 ; 1.050.000 
SỮA & SẢN PHẨM SỮA;SỮA & SẢN PHẨM SỮA;PES-LC/MS/MS;Diuron;Diuron;VLAB-CH-TP-674;LC-MS/MS;0.003 mg/kg;0.01 mg/kg;72;;; 350.000 ; 1.050.000 
SỮA & SẢN PHẨM SỮA;SỮA & SẢN PHẨM SỮA;PES-LC/MS/MS;Dodine;Dodine;VLAB-CH-TP-674;LC-MS/MS;0.003 mg/kg;0.01 mg/kg;72;;; 350.000 ; 1.050.000 
SỮA & SẢN PHẨM SỮA;SỮA & SẢN PHẨM SỮA;PES-LC/MS/MS;Emamectin Benzoate (Proclaim);Emamectin Benzoate (Proclaim);VLAB-CH-TP-674;LC-MS/MS;0.003 mg/kg;0.01 mg/kg;72;;; 350.000 ; 1.050.000 
SỮA & SẢN PHẨM SỮA;SỮA & SẢN PHẨM SỮA;PES-LC/MS/MS;Epoxiconazole;Epoxiconazole;VLAB-CH-TP-674;LC-MS/MS;0.003 mg/kg;0.01 mg/kg;72;;; 350.000 ; 1.050.000 
SỮA & SẢN PHẨM SỮA;SỮA & SẢN PHẨM SỮA;PES-LC/MS/MS;Ethoxyquin;Ethoxyquin;VLAB-CH-TP-674;LC-MS/MS;0.003 mg/kg;0.01 mg/kg;72;;; 350.000 ; 1.050.000 
SỮA & SẢN PHẨM SỮA;SỮA & SẢN PHẨM SỮA;PES-LC/MS/MS;Etaconazole;Etaconazole;VLAB-CH-TP-674;LC-MS/MS;0.003 mg/kg;0.01 mg/kg;72;;; 350.000 ; 1.050.000 
SỮA & SẢN PHẨM SỮA;SỮA & SẢN PHẨM SỮA;PES-LC/MS/MS;Ethiofencarb;Ethiofencarb;VLAB-CH-TP-674;LC-MS/MS;0.003 mg/kg;0.01 mg/kg;72;;; 350.000 ; 1.050.000 
SỮA & SẢN PHẨM SỮA;SỮA & SẢN PHẨM SỮA;PES-LC/MS/MS;Ethiprole;Ethiprole;VLAB-CH-TP-674;LC-MS/MS;0.003 mg/kg;0.01 mg/kg;72;;; 350.000 ; 1.050.000 
SỮA & SẢN PHẨM SỮA;SỮA & SẢN PHẨM SỮA;PES-LC/MS/MS;Ethofumesate;Ethofumesate;VLAB-CH-TP-674;LC-MS/MS;0.003 mg/kg;0.01 mg/kg;72;;; 350.000 ; 1.050.000 
SỮA & SẢN PHẨM SỮA;SỮA & SẢN PHẨM SỮA;PES-LC/MS/MS;Fenamidone;Fenamidone;VLAB-CH-TP-674;LC-MS/MS;0.003 mg/kg;0.01 mg/kg;72;;; 350.000 ; 1.050.000 
SỮA & SẢN PHẨM SỮA;SỮA & SẢN PHẨM SỮA;PES-LC/MS/MS;Fenarimol;Fenarimol;VLAB-CH-TP-674;LC-MS/MS;0.003 mg/kg;0.01 mg/kg;72;;; 350.000 ; 1.050.000 
SỮA & SẢN PHẨM SỮA;SỮA & SẢN PHẨM SỮA;PES-LC/MS/MS;Fenazaquin;Fenazaquin;VLAB-CH-TP-674;LC-MS/MS;0.003 mg/kg;0.01 mg/kg;72;;; 350.000 ; 1.050.000 
SỮA & SẢN PHẨM SỮA;SỮA & SẢN PHẨM SỮA;PES-LC/MS/MS;Fenbuconazole;Fenbuconazole;VLAB-CH-TP-674;LC-MS/MS;0.003 mg/kg;0.01 mg/kg;72;;; 350.000 ; 1.050.000 
SỮA & SẢN PHẨM SỮA;SỮA & SẢN PHẨM SỮA;PES-LC/MS/MS;Fenbutatin oxide;Fenbutatin oxide;VLAB-CH-TP-674;LC-MS/MS;0.003 mg/kg;0.01 mg/kg;72;;; 350.000 ; 1.050.000 
SỮA & SẢN PHẨM SỮA;SỮA & SẢN PHẨM SỮA;PES-LC/MS/MS;Fenbendazole;Fenbendazole;VLAB-CH-TP-674;LC-MS/MS;0.003 mg/kg;0.01 mg/kg;72;;; 350.000 ; 1.050.000 
SỮA & SẢN PHẨM SỮA;SỮA & SẢN PHẨM SỮA;PES-LC/MS/MS;Fenhexamid;Fenhexamid;VLAB-CH-TP-674;LC-MS/MS;0.003 mg/kg;0.01 mg/kg;72;;; 350.000 ; 1.050.000 
SỮA & SẢN PHẨM SỮA;SỮA & SẢN PHẨM SỮA;PES-LC/MS/MS;Fenobucarb;Fenobucarb;VLAB-CH-TP-674;LC-MS/MS;0.003 mg/kg;0.01 mg/kg;72;;; 350.000 ; 1.050.000 
SỮA & SẢN PHẨM SỮA;SỮA & SẢN PHẨM SỮA;PES-LC/MS/MS;Fenoxycarb;Fenoxycarb;VLAB-CH-TP-674;LC-MS/MS;0.003 mg/kg;0.01 mg/kg;72;;; 350.000 ; 1.050.000 
SỮA & SẢN PHẨM SỮA;SỮA & SẢN PHẨM SỮA;PES-LC/MS/MS;Fenpropimorph;Fenpropimorph;VLAB-CH-TP-674;LC-MS/MS;0.003 mg/kg;0.01 mg/kg;72;;; 350.000 ; 1.050.000 
SỮA & SẢN PHẨM SỮA;SỮA & SẢN PHẨM SỮA;PES-LC/MS/MS;Fenpyroximate;Fenpyroximate;VLAB-CH-TP-674;LC-MS/MS;0.003 mg/kg;0.01 mg/kg;72;;; 350.000 ; 1.050.000 
SỮA & SẢN PHẨM SỮA;SỮA & SẢN PHẨM SỮA;PES-LC/MS/MS;Fenuron;Fenuron;VLAB-CH-TP-674;LC-MS/MS;0.003 mg/kg;0.01 mg/kg;72;;; 350.000 ; 1.050.000 
SỮA & SẢN PHẨM SỮA;SỮA & SẢN PHẨM SỮA;PES-LC/MS/MS;Flonicamid;Flonicamid;VLAB-CH-TP-674;LC-MS/MS;0.003 mg/kg;0.01 mg/kg;72;;; 350.000 ; 1.050.000 
SỮA & SẢN PHẨM SỮA;SỮA & SẢN PHẨM SỮA;PES-LC/MS/MS;Flubendiamide;Flubendiamide;VLAB-CH-TP-674;LC-MS/MS;0.003 mg/kg;0.01 mg/kg;72;;; 350.000 ; 1.050.000 
SỮA & SẢN PHẨM SỮA;SỮA & SẢN PHẨM SỮA;PES-LC/MS/MS;Flubendazole;Flubendazole;VLAB-CH-TP-674;LC-MS/MS;0.003 mg/kg;0.01 mg/kg;72;;; 350.000 ; 1.050.000 
SỮA & SẢN PHẨM SỮA;SỮA & SẢN PHẨM SỮA;PES-LC/MS/MS;Fludioxonil;Fludioxonil;VLAB-CH-TP-674;LC-MS/MS;0.003 mg/kg;0.01 mg/kg;72;;; 350.000 ; 1.050.000 
SỮA & SẢN PHẨM SỮA;SỮA & SẢN PHẨM SỮA;PES-LC/MS/MS;Flufenoxuron;Flufenoxuron;VLAB-CH-TP-674;LC-MS/MS;0.003 mg/kg;0.01 mg/kg;72;;; 350.000 ; 1.050.000 
SỮA & SẢN PHẨM SỮA;SỮA & SẢN PHẨM SỮA;PES-LC/MS/MS;Flufenacet;Flufenacet;VLAB-CH-TP-674;LC-MS/MS;0.003 mg/kg;0.01 mg/kg;72;;; 350.000 ; 1.050.000 
SỮA & SẢN PHẨM SỮA;SỮA & SẢN PHẨM SỮA;PES-LC/MS/MS;Fluometuron (Fluomethuron);Fluometuron (Fluomethuron);VLAB-CH-TP-674;LC-MS/MS;0.003 mg/kg;0.01 mg/kg;72;;; 350.000 ; 1.050.000 
SỮA & SẢN PHẨM SỮA;SỮA & SẢN PHẨM SỮA;PES-LC/MS/MS;Fluopyram;Fluopyram;VLAB-CH-TP-674;LC-MS/MS;0.003 mg/kg;0.01 mg/kg;72;;; 350.000 ; 1.050.000 
SỮA & SẢN PHẨM SỮA;SỮA & SẢN PHẨM SỮA;PES-LC/MS/MS;Fluoxastrobin;Fluoxastrobin;VLAB-CH-TP-674;LC-MS/MS;0.003 mg/kg;0.01 mg/kg;72;;; 350.000 ; 1.050.000 
SỮA & SẢN PHẨM SỮA;SỮA & SẢN PHẨM SỮA;PES-LC/MS/MS;Fluquinconazole;Fluquinconazole;VLAB-CH-TP-674;LC-MS/MS;0.003 mg/kg;0.01 mg/kg;72;;; 350.000 ; 1.050.000 
SỮA & SẢN PHẨM SỮA;SỮA & SẢN PHẨM SỮA;PES-LC/MS/MS;Fluxapyroxad;Fluxapyroxad;VLAB-CH-TP-674;LC-MS/MS;0.003 mg/kg;0.01 mg/kg;72;;; 350.000 ; 1.050.000 
SỮA & SẢN PHẨM SỮA;SỮA & SẢN PHẨM SỮA;PES-LC/MS/MS;Flusilazole;Flusilazole;VLAB-CH-TP-674;LC-MS/MS;0.003 mg/kg;0.01 mg/kg;72;;; 350.000 ; 1.050.000 
SỮA & SẢN PHẨM SỮA;SỮA & SẢN PHẨM SỮA;PES-LC/MS/MS;Flutriafol;Flutriafol;VLAB-CH-TP-674;LC-MS/MS;0.003 mg/kg;0.01 mg/kg;72;;; 350.000 ; 1.050.000 
SỮA & SẢN PHẨM SỮA;SỮA & SẢN PHẨM SỮA;PES-LC/MS/MS;Fluopicolide;Fluopicolide;VLAB-CH-TP-674;LC-MS/MS;0.003 mg/kg;0.01 mg/kg;72;;; 350.000 ; 1.050.000 
SỮA & SẢN PHẨM SỮA;SỮA & SẢN PHẨM SỮA;PES-LC/MS/MS;Forchlorfenuron;Forchlorfenuron;VLAB-CH-TP-674;LC-MS/MS;0.003 mg/kg;0.01 mg/kg;72;;; 350.000 ; 1.050.000 
SỮA & SẢN PHẨM SỮA;SỮA & SẢN PHẨM SỮA;PES-LC/MS/MS;Formetanate;Formetanate;VLAB-CH-TP-674;LC-MS/MS;0.003 mg/kg;0.01 mg/kg;72;;; 350.000 ; 1.050.000 
SỮA & SẢN PHẨM SỮA;SỮA & SẢN PHẨM SỮA;PES-LC/MS/MS;Fuberidazole;Fuberidazole;VLAB-CH-TP-674;LC-MS/MS;0.003 mg/kg;0.01 mg/kg;72;;; 350.000 ; 1.050.000 
SỮA & SẢN PHẨM SỮA;SỮA & SẢN PHẨM SỮA;PES-LC/MS/MS;Furalaxyl;Furalaxyl;VLAB-CH-TP-674;LC-MS/MS;0.003 mg/kg;0.01 mg/kg;72;;; 350.000 ; 1.050.000 
SỮA & SẢN PHẨM SỮA;SỮA & SẢN PHẨM SỮA;PES-LC/MS/MS;Furathiocarb;Furathiocarb;VLAB-CH-TP-674;LC-MS/MS;0.003 mg/kg;0.01 mg/kg;72;;; 350.000 ; 1.050.000 
SỮA & SẢN PHẨM SỮA;SỮA & SẢN PHẨM SỮA;PES-LC/MS/MS;Halofenozide;Halofenozide;VLAB-CH-TP-674;LC-MS/MS;0.003 mg/kg;0.01 mg/kg;72;;; 350.000 ; 1.050.000 
SỮA & SẢN PHẨM SỮA;SỮA & SẢN PHẨM SỮA;PES-LC/MS/MS;Hexaconazole;Hexaconazole;VLAB-CH-TP-674;LC-MS/MS;0.003 mg/kg;0.01 mg/kg;72;;; 350.000 ; 1.050.000 
SỮA & SẢN PHẨM SỮA;SỮA & SẢN PHẨM SỮA;PES-LC/MS/MS;Haloxyfop;Haloxyfop;VLAB-CH-TP-674;LC-MS/MS;0.003 mg/kg;0.01 mg/kg;72;;; 350.000 ; 1.050.000 
SỮA & SẢN PHẨM SỮA;SỮA & SẢN PHẨM SỮA;PES-LC/MS/MS;Hexythiazox;Hexythiazox;VLAB-CH-TP-674;LC-MS/MS;0.003 mg/kg;0.01 mg/kg;72;;; 350.000 ; 1.050.000 
SỮA & SẢN PHẨM SỮA;SỮA & SẢN PHẨM SỮA;PES-LC/MS/MS;Hydramethylnon;Hydramethylnon;VLAB-CH-TP-674;LC-MS/MS;0.003 mg/kg;0.01 mg/kg;72;;; 350.000 ; 1.050.000 
SỮA & SẢN PHẨM SỮA;SỮA & SẢN PHẨM SỮA;PES-LC/MS/MS;Imazalil;Imazalil;VLAB-CH-TP-674;LC-MS/MS;0.003 mg/kg;0.01 mg/kg;72;;; 350.000 ; 1.050.000 
SỮA & SẢN PHẨM SỮA;SỮA & SẢN PHẨM SỮA;PES-LC/MS/MS;Imidacloprid;Imidacloprid;VLAB-CH-TP-674;LC-MS/MS;0.003 mg/kg;0.01 mg/kg;72;;; 350.000 ; 1.050.000 
SỮA & SẢN PHẨM SỮA;SỮA & SẢN PHẨM SỮA;PES-LC/MS/MS;Indoxacarb;Indoxacarb;VLAB-CH-TP-674;LC-MS/MS;0.003 mg/kg;0.01 mg/kg;72;;; 350.000 ; 1.050.000 
SỮA & SẢN PHẨM SỮA;SỮA & SẢN PHẨM SỮA;PES-LC/MS/MS;Ipconazole;Ipconazole;VLAB-CH-TP-674;LC-MS/MS;0.003 mg/kg;0.01 mg/kg;72;;; 350.000 ; 1.050.000 
SỮA & SẢN PHẨM SỮA;SỮA & SẢN PHẨM SỮA;PES-LC/MS/MS;Iprovalicarb;Iprovalicarb;VLAB-CH-TP-674;LC-MS/MS;0.003 mg/kg;0.01 mg/kg;72;;; 350.000 ; 1.050.000 
SỮA & SẢN PHẨM SỮA;SỮA & SẢN PHẨM SỮA;PES-LC/MS/MS;Isoprocarb;Isoprocarb;VLAB-CH-TP-674;LC-MS/MS;0.003 mg/kg;0.01 mg/kg;72;;; 350.000 ; 1.050.000 
SỮA & SẢN PHẨM SỮA;SỮA & SẢN PHẨM SỮA;PES-LC/MS/MS;Iprodione;Iprodione;VLAB-CH-TP-674;LC-MS/MS;0.003 mg/kg;0.01 mg/kg;72;;; 350.000 ; 1.050.000 
SỮA & SẢN PHẨM SỮA;SỮA & SẢN PHẨM SỮA;PES-LC/MS/MS;Isoproturon;Isoproturon;VLAB-CH-TP-674;LC-MS/MS;0.003 mg/kg;0.01 mg/kg;72;;; 350.000 ; 1.050.000 
SỮA & SẢN PHẨM SỮA;SỮA & SẢN PHẨM SỮA;PES-LC/MS/MS;Isoxaflutole;Isoxaflutole;VLAB-CH-TP-674;LC-MS/MS;0.003 mg/kg;0.01 mg/kg;72;;; 350.000 ; 1.050.000 
SỮA & SẢN PHẨM SỮA;SỮA & SẢN PHẨM SỮA;PES-LC/MS/MS;Kresoxim-methyl;Kresoxim-methyl;VLAB-CH-TP-674;LC-MS/MS;0.003 mg/kg;0.01 mg/kg;72;;; 350.000 ; 1.050.000 
SỮA & SẢN PHẨM SỮA;SỮA & SẢN PHẨM SỮA;PES-LC/MS/MS;Linuron;Linuron;VLAB-CH-TP-674;LC-MS/MS;0.003 mg/kg;0.01 mg/kg;72;;; 350.000 ; 1.050.000 
SỮA & SẢN PHẨM SỮA;SỮA & SẢN PHẨM SỮA;PES-LC/MS/MS;Lufenuron;Lufenuron;VLAB-CH-TP-674;LC-MS/MS;0.003 mg/kg;0.01 mg/kg;72;;; 350.000 ; 1.050.000 
SỮA & SẢN PHẨM SỮA;SỮA & SẢN PHẨM SỮA;PES-LC/MS/MS;Mandipropamid;Mandipropamid;VLAB-CH-TP-674;LC-MS/MS;0.003 mg/kg;0.01 mg/kg;72;;; 350.000 ; 1.050.000 
SỮA & SẢN PHẨM SỮA;SỮA & SẢN PHẨM SỮA;PES-LC/MS/MS;Mecarbam;Mecarbam;VLAB-CH-TP-674;LC-MS/MS;0.003 mg/kg;0.01 mg/kg;72;;; 350.000 ; 1.050.000 
SỮA & SẢN PHẨM SỮA;SỮA & SẢN PHẨM SỮA;PES-LC/MS/MS;Mefenacet;Mefenacet;VLAB-CH-TP-674;LC-MS/MS;0.003 mg/kg;0.01 mg/kg;72;;; 350.000 ; 1.050.000 
SỮA & SẢN PHẨM SỮA;SỮA & SẢN PHẨM SỮA;PES-LC/MS/MS;Mepanipyrim;Mepanipyrim;VLAB-CH-TP-674;LC-MS/MS;0.003 mg/kg;0.01 mg/kg;72;;; 350.000 ; 1.050.000 
SỮA & SẢN PHẨM SỮA;SỮA & SẢN PHẨM SỮA;PES-LC/MS/MS;Mepronil;Mepronil;VLAB-CH-TP-674;LC-MS/MS;0.003 mg/kg;0.01 mg/kg;72;;; 350.000 ; 1.050.000 
SỮA & SẢN PHẨM SỮA;SỮA & SẢN PHẨM SỮA;PES-LC/MS/MS;Mesotrione;Mesotrione;VLAB-CH-TP-674;LC-MS/MS;0.003 mg/kg;0.01 mg/kg;72;;; 350.000 ; 1.050.000 
SỮA & SẢN PHẨM SỮA;SỮA & SẢN PHẨM SỮA;PES-LC/MS/MS;Metalaxyl;Metalaxyl;VLAB-CH-TP-674;LC-MS/MS;0.003 mg/kg;0.01 mg/kg;72;;; 350.000 ; 1.050.000 
SỮA & SẢN PHẨM SỮA;SỮA & SẢN PHẨM SỮA;PES-LC/MS/MS;Metconazole;Metconazole;VLAB-CH-TP-674;LC-MS/MS;0.003 mg/kg;0.01 mg/kg;72;;; 350.000 ; 1.050.000 
SỮA & SẢN PHẨM SỮA;SỮA & SẢN PHẨM SỮA;PES-LC/MS/MS;Methabenzthiazuron;Methabenzthiazuron;VLAB-CH-TP-674;LC-MS/MS;0.003 mg/kg;0.01 mg/kg;72;;; 350.000 ; 1.050.000 
SỮA & SẢN PHẨM SỮA;SỮA & SẢN PHẨM SỮA;PES-LC/MS/MS;Methamidophos;Methamidophos;VLAB-CH-TP-674;LC-MS/MS;0.003 mg/kg;0.01 mg/kg;72;;; 350.000 ; 1.050.000 
SỮA & SẢN PHẨM SỮA;SỮA & SẢN PHẨM SỮA;PES-LC/MS/MS;Methiocarb;Methiocarb;VLAB-CH-TP-674;LC-MS/MS;0.003 mg/kg;0.01 mg/kg;72;;; 350.000 ; 1.050.000 
SỮA & SẢN PHẨM SỮA;SỮA & SẢN PHẨM SỮA;PES-LC/MS/MS;Methomyl;Methomyl;VLAB-CH-TP-674;LC-MS/MS;0.003 mg/kg;0.01 mg/kg;72;;; 350.000 ; 1.050.000 
SỮA & SẢN PHẨM SỮA;SỮA & SẢN PHẨM SỮA;PES-LC/MS/MS;Methoprotryne;Methoprotryne;VLAB-CH-TP-674;LC-MS/MS;0.003 mg/kg;0.01 mg/kg;72;;; 350.000 ; 1.050.000 
SỮA & SẢN PHẨM SỮA;SỮA & SẢN PHẨM SỮA;PES-LC/MS/MS;Methoxyfenozide;Methoxyfenozide;VLAB-CH-TP-674;LC-MS/MS;0.003 mg/kg;0.01 mg/kg;72;;; 350.000 ; 1.050.000 
SỮA & SẢN PHẨM SỮA;SỮA & SẢN PHẨM SỮA;PES-LC/MS/MS;Metobromuron;Metobromuron;VLAB-CH-TP-674;LC-MS/MS;0.003 mg/kg;0.01 mg/kg;72;;; 350.000 ; 1.050.000 
SỮA & SẢN PHẨM SỮA;SỮA & SẢN PHẨM SỮA;PES-LC/MS/MS;Metribuzin;Metribuzin;VLAB-CH-TP-674;LC-MS/MS;0.003 mg/kg;0.01 mg/kg;72;;; 350.000 ; 1.050.000 
SỮA & SẢN PHẨM SỮA;SỮA & SẢN PHẨM SỮA;PES-LC/MS/MS;Mexacarbate (Zectran);Mexacarbate (Zectran);VLAB-CH-TP-674;LC-MS/MS;0.003 mg/kg;0.01 mg/kg;72;;; 350.000 ; 1.050.000 
SỮA & SẢN PHẨM SỮA;SỮA & SẢN PHẨM SỮA;PES-LC/MS/MS;Mevinphos;Mevinphos;VLAB-CH-TP-674;LC-MS/MS;0.003 mg/kg;0.01 mg/kg;72;;; 350.000 ; 1.050.000 
SỮA & SẢN PHẨM SỮA;SỮA & SẢN PHẨM SỮA;PES-LC/MS/MS;Monocrotophos;Monocrotophos;VLAB-CH-TP-674;LC-MS/MS;0.003 mg/kg;0.01 mg/kg;72;;; 350.000 ; 1.050.000 
SỮA & SẢN PHẨM SỮA;SỮA & SẢN PHẨM SỮA;PES-LC/MS/MS;Monolinuron;Monolinuron;VLAB-CH-TP-674;LC-MS/MS;0.003 mg/kg;0.01 mg/kg;72;;; 350.000 ; 1.050.000 
SỮA & SẢN PHẨM SỮA;SỮA & SẢN PHẨM SỮA;PES-LC/MS/MS;Neburon;Neburon;VLAB-CH-TP-674;LC-MS/MS;0.003 mg/kg;0.01 mg/kg;72;;; 350.000 ; 1.050.000 
SỮA & SẢN PHẨM SỮA;SỮA & SẢN PHẨM SỮA;PES-LC/MS/MS;Nitenpyram;Nitenpyram;VLAB-CH-TP-674;LC-MS/MS;0.003 mg/kg;0.01 mg/kg;72;;; 350.000 ; 1.050.000 
SỮA & SẢN PHẨM SỮA;SỮA & SẢN PHẨM SỮA;PES-LC/MS/MS;Novaluron;Novaluron;VLAB-CH-TP-674;LC-MS/MS;0.003 mg/kg;0.01 mg/kg;72;;; 350.000 ; 1.050.000 
SỮA & SẢN PHẨM SỮA;SỮA & SẢN PHẨM SỮA;PES-LC/MS/MS;Nuarimol;Nuarimol;VLAB-CH-TP-674;LC-MS/MS;0.003 mg/kg;0.01 mg/kg;72;;; 350.000 ; 1.050.000 
SỮA & SẢN PHẨM SỮA;SỮA & SẢN PHẨM SỮA;PES-LC/MS/MS;Omethoate;Omethoate;VLAB-CH-TP-674;LC-MS/MS;0.003 mg/kg;0.01 mg/kg;72;;; 350.000 ; 1.050.000 
SỮA & SẢN PHẨM SỮA;SỮA & SẢN PHẨM SỮA;PES-LC/MS/MS;Oxadixyl;Oxadixyl;VLAB-CH-TP-674;LC-MS/MS;0.003 mg/kg;0.01 mg/kg;72;;; 350.000 ; 1.050.000 
SỮA & SẢN PHẨM SỮA;SỮA & SẢN PHẨM SỮA;PES-LC/MS/MS;Paclobutrazol;Paclobutrazol;VLAB-CH-TP-674;LC-MS/MS;0.003 mg/kg;0.01 mg/kg;72;;; 350.000 ; 1.050.000 
SỮA & SẢN PHẨM SỮA;SỮA & SẢN PHẨM SỮA;PES-LC/MS/MS;Oxamyl;Oxamyl;VLAB-CH-TP-674;LC-MS/MS;0.003 mg/kg;0.01 mg/kg;72;;; 350.000 ; 1.050.000 
SỮA & SẢN PHẨM SỮA;SỮA & SẢN PHẨM SỮA;PES-LC/MS/MS;Penconazole;Penconazole;VLAB-CH-TP-674;LC-MS/MS;0.003 mg/kg;0.01 mg/kg;72;;; 350.000 ; 1.050.000 
SỮA & SẢN PHẨM SỮA;SỮA & SẢN PHẨM SỮA;PES-LC/MS/MS;Penthipyorad;Penthipyorad;VLAB-CH-TP-674;LC-MS/MS;0.003 mg/kg;0.01 mg/kg;72;;; 350.000 ; 1.050.000 
SỮA & SẢN PHẨM SỮA;SỮA & SẢN PHẨM SỮA;PES-LC/MS/MS;Phenmedipham;Phenmedipham;VLAB-CH-TP-674;LC-MS/MS;0.003 mg/kg;0.01 mg/kg;72;;; 350.000 ; 1.050.000 
SỮA & SẢN PHẨM SỮA;SỮA & SẢN PHẨM SỮA;PES-LC/MS/MS;Picoxystrobin;Picoxystrobin;VLAB-CH-TP-674;LC-MS/MS;0.003 mg/kg;0.01 mg/kg;72;;; 350.000 ; 1.050.000 
SỮA & SẢN PHẨM SỮA;SỮA & SẢN PHẨM SỮA;PES-GC-MS/MS;Piperonyl butoxide;Piperonyl butoxide;VLAB-CH-TP-614;GC-MS/MS;0.003 mg/kg;0.01 mg/kg;72;;; 350.000 ; 1.050.000 
SỮA & SẢN PHẨM SỮA;SỮA & SẢN PHẨM SỮA;PES-LC/MS/MS;Pirimicarb;Pirimicarb;VLAB-CH-TP-674;LC-MS/MS;0.003 mg/kg;0.01 mg/kg;72;;; 350.000 ; 1.050.000 
SỮA & SẢN PHẨM SỮA;SỮA & SẢN PHẨM SỮA;PES-LC/MS/MS;Prochloraz;Prochloraz;VLAB-CH-TP-674;LC-MS/MS;0.003 mg/kg;0.01 mg/kg;72;;; 350.000 ; 1.050.000 
SỮA & SẢN PHẨM SỮA;SỮA & SẢN PHẨM SỮA;PES-LC/MS/MS;Promecarb;Promecarb;VLAB-CH-TP-674;LC-MS/MS;0.003 mg/kg;0.01 mg/kg;72;;; 350.000 ; 1.050.000 
SỮA & SẢN PHẨM SỮA;SỮA & SẢN PHẨM SỮA;PES-LC/MS/MS;Prometon;Prometon;VLAB-CH-TP-674;LC-MS/MS;0.003 mg/kg;0.01 mg/kg;72;;; 350.000 ; 1.050.000 
SỮA & SẢN PHẨM SỮA;SỮA & SẢN PHẨM SỮA;PES-LC/MS/MS;Prometryne;Prometryne;VLAB-CH-TP-674;LC-MS/MS;0.003 mg/kg;0.01 mg/kg;72;;; 350.000 ; 1.050.000 
SỮA & SẢN PHẨM SỮA;SỮA & SẢN PHẨM SỮA;PES-LC/MS/MS;Propamocarb;Propamocarb;VLAB-CH-TP-674;LC-MS/MS;0.003 mg/kg;0.01 mg/kg;72;;; 350.000 ; 1.050.000 
SỮA & SẢN PHẨM SỮA;SỮA & SẢN PHẨM SỮA;PES-GC-MS/MS;Propargite;Propargite;VLAB-CH-TP-614;GC-MS/MS;0.003 mg/kg;0.01 mg/kg;72;;; 350.000 ; 1.050.000 
SỮA & SẢN PHẨM SỮA;SỮA & SẢN PHẨM SỮA;PES-LC/MS/MS;Propham;Propham;VLAB-CH-TP-674;LC-MS/MS;0.003 mg/kg;0.01 mg/kg;72;;; 350.000 ; 1.050.000 
SỮA & SẢN PHẨM SỮA;SỮA & SẢN PHẨM SỮA;PES-LC/MS/MS;Propetamphos;Propetamphos;VLAB-CH-TP-674;LC-MS/MS;0.003 mg/kg;0.01 mg/kg;72;;; 350.000 ; 1.050.000 
SỮA & SẢN PHẨM SỮA;SỮA & SẢN PHẨM SỮA;PES-LC/MS/MS;Propiconazole;Propiconazole;VLAB-CH-TP-674;LC-MS/MS;0.003 mg/kg;0.01 mg/kg;72;;; 350.000 ; 1.050.000 
SỮA & SẢN PHẨM SỮA;SỮA & SẢN PHẨM SỮA;PES-LC/MS/MS;Propoxur;Propoxur;VLAB-CH-TP-674;LC-MS/MS;0.003 mg/kg;0.01 mg/kg;72;;; 350.000 ; 1.050.000 
SỮA & SẢN PHẨM SỮA;SỮA & SẢN PHẨM SỮA;PES-LC/MS/MS;Prothioconazole;Prothioconazole;VLAB-CH-TP-674;LC-MS/MS;0.003 mg/kg;0.01 mg/kg;72;;; 350.000 ; 1.050.000 
SỮA & SẢN PHẨM SỮA;SỮA & SẢN PHẨM SỮA;PES-LC/MS/MS;Pymetrozine;Pymetrozine;VLAB-CH-TP-674;LC-MS/MS;0.003 mg/kg;0.01 mg/kg;72;;; 350.000 ; 1.050.000 
SỮA & SẢN PHẨM SỮA;SỮA & SẢN PHẨM SỮA;PES-LC/MS/MS;Pyraclostrobin;Pyraclostrobin;VLAB-CH-TP-674;LC-MS/MS;0.003 mg/kg;0.01 mg/kg;72;;; 350.000 ; 1.050.000 
SỮA & SẢN PHẨM SỮA;SỮA & SẢN PHẨM SỮA;PES-LC/MS/MS;Pyracarbolid;Pyracarbolid;VLAB-CH-TP-674;LC-MS/MS;0.003 mg/kg;0.01 mg/kg;72;;; 350.000 ; 1.050.000 
SỮA & SẢN PHẨM SỮA;SỮA & SẢN PHẨM SỮA;PES-GC-MS/MS;Pyridaben;Pyridaben;VLAB-CH-TP-614;GC-MS/MS;0.003 mg/kg;0.01 mg/kg;72;;; 350.000 ; 1.050.000 
SỮA & SẢN PHẨM SỮA;SỮA & SẢN PHẨM SỮA;PES-GC-MS/MS;Pyrimethanil;Pyrimethanil;VLAB-CH-TP-614;GC-MS/MS;0.003 mg/kg;0.01 mg/kg;72;;; 350.000 ; 1.050.000 
SỮA & SẢN PHẨM SỮA;SỮA & SẢN PHẨM SỮA;PES-LC/MS/MS;Quinoxyfen;Quinoxyfen;VLAB-CH-TP-674;LC-MS/MS;0.003 mg/kg;0.01 mg/kg;72;;; 350.000 ; 1.050.000 
SỮA & SẢN PHẨM SỮA;SỮA & SẢN PHẨM SỮA;PES-LC/MS/MS;Rotenone;Rotenone;VLAB-CH-TP-674;LC-MS/MS;0.003 mg/kg;0.01 mg/kg;72;;; 350.000 ; 1.050.000 
SỮA & SẢN PHẨM SỮA;SỮA & SẢN PHẨM SỮA;PES-LC/MS/MS;Secbumeton;Secbumeton;VLAB-CH-TP-674;LC-MS/MS;0.003 mg/kg;0.01 mg/kg;72;;; 350.000 ; 1.050.000 
SỮA & SẢN PHẨM SỮA;SỮA & SẢN PHẨM SỮA;PES-LC/MS/MS;Siduron;Siduron;VLAB-CH-TP-674;LC-MS/MS;0.003 mg/kg;0.01 mg/kg;72;;; 350.000 ; 1.050.000 
SỮA & SẢN PHẨM SỮA;SỮA & SẢN PHẨM SỮA;PES-LC/MS/MS;Simetryn;Simetryn;VLAB-CH-TP-674;LC-MS/MS;0.003 mg/kg;0.01 mg/kg;72;;; 350.000 ; 1.050.000 
SỮA & SẢN PHẨM SỮA;SỮA & SẢN PHẨM SỮA;PES-LC/MS/MS;Sulfentrazone;Sulfentrazone;VLAB-CH-TP-674;LC-MS/MS;0.003 mg/kg;0.01 mg/kg;72;;; 350.000 ; 1.050.000 
SỮA & SẢN PHẨM SỮA;SỮA & SẢN PHẨM SỮA;PES-LC/MS/MS;Spinetoram (J&L);Spinetoram (J&L);VLAB-CH-TP-674;LC-MS/MS;0.003 mg/kg;0.01 mg/kg;72;;; 350.000 ; 1.050.000 
SỮA & SẢN PHẨM SỮA;SỮA & SẢN PHẨM SỮA;PES-LC/MS/MS;Spinosad (Spinosyn A);Spinosad (Spinosyn A);VLAB-CH-TP-674;LC-MS/MS;0.003 mg/kg;0.01 mg/kg;72;;; 350.000 ; 1.050.000 
SỮA & SẢN PHẨM SỮA;SỮA & SẢN PHẨM SỮA;PES-LC/MS/MS;Spinosad (Spinosyn D);Spinosad (Spinosyn D);VLAB-CH-TP-674;LC-MS/MS;0.003 mg/kg;0.01 mg/kg;72;;; 350.000 ; 1.050.000 
SỮA & SẢN PHẨM SỮA;SỮA & SẢN PHẨM SỮA;PES-LC/MS/MS;Spiromesifen;Spiromesifen;VLAB-CH-TP-674;LC-MS/MS;0.003 mg/kg;0.01 mg/kg;72;;; 350.000 ; 1.050.000 
SỮA & SẢN PHẨM SỮA;SỮA & SẢN PHẨM SỮA;PES-LC/MS/MS;Spirotetramat;Spirotetramat;VLAB-CH-TP-674;LC-MS/MS;0.003 mg/kg;0.01 mg/kg;72;;; 350.000 ; 1.050.000 
SỮA & SẢN PHẨM SỮA;SỮA & SẢN PHẨM SỮA;PES-LC/MS/MS;Spiroxamin;Spiroxamin;VLAB-CH-TP-674;LC-MS/MS;0.003 mg/kg;0.01 mg/kg;72;;; 350.000 ; 1.050.000 
SỮA & SẢN PHẨM SỮA;SỮA & SẢN PHẨM SỮA;PES-LC/MS/MS;Saflufenacil;Saflufenacil;VLAB-CH-TP-674;LC-MS/MS;0.003 mg/kg;0.01 mg/kg;72;;; 350.000 ; 1.050.000 
SỮA & SẢN PHẨM SỮA;SỮA & SẢN PHẨM SỮA;PES-LC/MS/MS;Sulfoxaflor;Sulfoxaflor;VLAB-CH-TP-674;LC-MS/MS;0.003 mg/kg;0.01 mg/kg;72;;; 350.000 ; 1.050.000 
SỮA & SẢN PHẨM SỮA;SỮA & SẢN PHẨM SỮA;PES-LC/MS/MS;Tebuconazole;Tebuconazole;VLAB-CH-TP-674;LC-MS/MS;0.003 mg/kg;0.01 mg/kg;72;;; 350.000 ; 1.050.000 
SỮA & SẢN PHẨM SỮA;SỮA & SẢN PHẨM SỮA;PES-LC/MS/MS;Tebufenozide;Tebufenozide;VLAB-CH-TP-674;LC-MS/MS;0.003 mg/kg;0.01 mg/kg;72;;; 350.000 ; 1.050.000 
SỮA & SẢN PHẨM SỮA;SỮA & SẢN PHẨM SỮA;PES-LC/MS/MS;Tebufenpyrad;Tebufenpyrad;VLAB-CH-TP-674;LC-MS/MS;0.003 mg/kg;0.01 mg/kg;72;;; 350.000 ; 1.050.000 
SỮA & SẢN PHẨM SỮA;SỮA & SẢN PHẨM SỮA;PES-LC/MS/MS;Tebuthiuron;Tebuthiuron;VLAB-CH-TP-674;LC-MS/MS;0.003 mg/kg;0.01 mg/kg;72;;; 350.000 ; 1.050.000 
SỮA & SẢN PHẨM SỮA;SỮA & SẢN PHẨM SỮA;PES-LC/MS/MS;Teflubenzuron;Teflubenzuron;VLAB-CH-TP-674;LC-MS/MS;0.003 mg/kg;0.01 mg/kg;72;;; 350.000 ; 1.050.000 
SỮA & SẢN PHẨM SỮA;SỮA & SẢN PHẨM SỮA;PES-LC/MS/MS;Temephos (Abate);Temephos (Abate);VLAB-CH-TP-674;LC-MS/MS;0.003 mg/kg;0.01 mg/kg;72;;; 350.000 ; 1.050.000 
SỮA & SẢN PHẨM SỮA;SỮA & SẢN PHẨM SỮA;PES-LC/MS/MS;Terbumeton;Terbumeton;VLAB-CH-TP-674;LC-MS/MS;0.003 mg/kg;0.01 mg/kg;72;;; 350.000 ; 1.050.000 
SỮA & SẢN PHẨM SỮA;SỮA & SẢN PHẨM SỮA;PES-LC/MS/MS;Terbutryn;Terbutryn;VLAB-CH-TP-674;LC-MS/MS;0.003 mg/kg;0.01 mg/kg;72;;; 350.000 ; 1.050.000 
SỮA & SẢN PHẨM SỮA;SỮA & SẢN PHẨM SỮA;PES-LC/MS/MS;Tolyfluanid;Tolyfluanid;VLAB-CH-TP-674;LC-MS/MS;0.003 mg/kg;0.01 mg/kg;72;;; 350.000 ; 1.050.000 
SỮA & SẢN PHẨM SỮA;SỮA & SẢN PHẨM SỮA;PES-LC/MS/MS;Tetraconazole;Tetraconazole;VLAB-CH-TP-674;LC-MS/MS;0.003 mg/kg;0.01 mg/kg;72;;; 350.000 ; 1.050.000 
SỮA & SẢN PHẨM SỮA;SỮA & SẢN PHẨM SỮA;PES-LC/MS/MS;Thiabendazole;Thiabendazole;VLAB-CH-TP-674;LC-MS/MS;0.003 mg/kg;0.01 mg/kg;72;;; 350.000 ; 1.050.000 
SỮA & SẢN PHẨM SỮA;SỮA & SẢN PHẨM SỮA;PES-LC/MS/MS;Thiacloprid;Thiacloprid;VLAB-CH-TP-674;LC-MS/MS;0.003 mg/kg;0.01 mg/kg;72;;; 350.000 ; 1.050.000 
SỮA & SẢN PHẨM SỮA;SỮA & SẢN PHẨM SỮA;PES-LC/MS/MS;Thiamethoxam;Thiamethoxam;VLAB-CH-TP-674;LC-MS/MS;0.003 mg/kg;0.01 mg/kg;72;;; 350.000 ; 1.050.000 
SỮA & SẢN PHẨM SỮA;SỮA & SẢN PHẨM SỮA;PES-LC/MS/MS;Thidiazuron;Thidiazuron;VLAB-CH-TP-674;LC-MS/MS;0.003 mg/kg;0.01 mg/kg;72;;; 350.000 ; 1.050.000 
SỮA & SẢN PHẨM SỮA;SỮA & SẢN PHẨM SỮA;PES-LC/MS/MS;Thiobencarb (Benthiocarb);Thiobencarb (Benthiocarb);VLAB-CH-TP-674;LC-MS/MS;0.003 mg/kg;0.01 mg/kg;72;;; 350.000 ; 1.050.000 
SỮA & SẢN PHẨM SỮA;SỮA & SẢN PHẨM SỮA;PES-LC/MS/MS;Thiofanox;Thiofanox;VLAB-CH-TP-674;LC-MS/MS;0.003 mg/kg;0.01 mg/kg;72;;; 350.000 ; 1.050.000 
SỮA & SẢN PHẨM SỮA;SỮA & SẢN PHẨM SỮA;PES-LC/MS/MS;Thiophanate-methyl;Thiophanate-methyl;VLAB-CH-TP-674;LC-MS/MS;0.003 mg/kg;0.01 mg/kg;72;;; 350.000 ; 1.050.000 
SỮA & SẢN PHẨM SỮA;SỮA & SẢN PHẨM SỮA;PES-LC/MS/MS;Triadimenol;Triadimenol;VLAB-CH-TP-674;LC-MS/MS;0.003 mg/kg;0.01 mg/kg;72;;; 350.000 ; 1.050.000 
SỮA & SẢN PHẨM SỮA;SỮA & SẢN PHẨM SỮA;PES-LC/MS/MS;Trichlorfon;Trichlorfon;VLAB-CH-TP-674;LC-MS/MS;0.003 mg/kg;0.01 mg/kg;72;;; 350.000 ; 1.050.000 
SỮA & SẢN PHẨM SỮA;SỮA & SẢN PHẨM SỮA;PES-LC/MS/MS;Tricyclazole;Tricyclazole;VLAB-CH-TP-674;LC-MS/MS;0.003 mg/kg;0.01 mg/kg;72;;; 350.000 ; 1.050.000 
SỮA & SẢN PHẨM SỮA;SỮA & SẢN PHẨM SỮA;PES-LC/MS/MS;Trifloxystrobin;Trifloxystrobin;VLAB-CH-TP-674;LC-MS/MS;0.003 mg/kg;0.01 mg/kg;72;;; 350.000 ; 1.050.000 
SỮA & SẢN PHẨM SỮA;SỮA & SẢN PHẨM SỮA;PES-LC/MS/MS;Triflumuron;Triflumuron;VLAB-CH-TP-674;LC-MS/MS;0.003 mg/kg;0.01 mg/kg;72;;; 350.000 ; 1.050.000 
SỮA & SẢN PHẨM SỮA;SỮA & SẢN PHẨM SỮA;PES-LC/MS/MS;Triticonazole;Triticonazole;VLAB-CH-TP-674;LC-MS/MS;0.003 mg/kg;0.01 mg/kg;72;;; 350.000 ; 1.050.000 
SỮA & SẢN PHẨM SỮA;SỮA & SẢN PHẨM SỮA;PES-LC/MS/MS;Triforine;Triforine;VLAB-CH-TP-674;LC-MS/MS;0.003 mg/kg;0.01 mg/kg;72;;; 350.000 ; 1.050.000 
SỮA & SẢN PHẨM SỮA;SỮA & SẢN PHẨM SỮA;PES-LC/MS/MS;XMC (3,5-dimethylphenyl N-methylcarbamate);XMC (3,5-dimethylphenyl N-methylcarbamate);VLAB-CH-TP-674;LC-MS/MS;0.003 mg/kg;0.01 mg/kg;72;;; 350.000 ; 1.050.000 
SỮA & SẢN PHẨM SỮA;SỮA & SẢN PHẨM SỮA;PES-LC/MS/MS;Zoxamide;Zoxamide;VLAB-CH-TP-674;LC-MS/MS;0.003 mg/kg;0.01 mg/kg;72;;; 350.000 ; 1.050.000 
SỮA & SẢN PHẨM SỮA;SỮA & SẢN PHẨM SỮA;PES-GC-MS/MS;2,3,5,6-Tetrachloroaniline;2,3,5,6-Tetrachloroaniline;VLAB-CH-TP-614;GC-MS/MS;0.003 mg/kg;0.01 mg/kg;72;;; 350.000 ; 1.050.000 
SỮA & SẢN PHẨM SỮA;SỮA & SẢN PHẨM SỮA;PES-GC-MS/MS;2,6-dichlorobenzonitrile;2,6-dichlorobenzonitrile;VLAB-CH-TP-614;GC-MS/MS;0.003 mg/kg;0.01 mg/kg;72;;; 350.000 ; 1.050.000 
SỮA & SẢN PHẨM SỮA;SỮA & SẢN PHẨM SỮA;PES-GC-MS/MS;2-phenylphenol;2-phenylphenol;VLAB-CH-TP-614;GC-MS/MS;0.003 mg/kg;0.01 mg/kg;72;;; 350.000 ; 1.050.000 
SỮA & SẢN PHẨM SỮA;SỮA & SẢN PHẨM SỮA;PES-GC-MS/MS;3,4-Dichloroaniline;3,4-Dichloroaniline;VLAB-CH-TP-614;GC-MS/MS;0.003 mg/kg;0.01 mg/kg;72;;; 350.000 ; 1.050.000 
SỮA & SẢN PHẨM SỮA;SỮA & SẢN PHẨM SỮA;PES-GC-MS/MS;4,4'-Dichlorobenzophenone;4,4'-Dichlorobenzophenone;VLAB-CH-TP-614;GC-MS/MS;0.003 mg/kg;0.01 mg/kg;72;;; 350.000 ; 1.050.000 
SỮA & SẢN PHẨM SỮA;SỮA & SẢN PHẨM SỮA;PES-GC-MS/MS;Acetochlor;Acetochlor;VLAB-CH-TP-614;GC-MS/MS;0.003 mg/kg;0.01 mg/kg;72;;; 350.000 ; 1.050.000 
SỮA & SẢN PHẨM SỮA;SỮA & SẢN PHẨM SỮA;PES-GC-MS/MS;Acibenzolar-S-methyl;Acibenzolar-S-methyl;VLAB-CH-TP-614;GC-MS/MS;0.003 mg/kg;0.01 mg/kg;72;;; 350.000 ; 1.050.000 
SỮA & SẢN PHẨM SỮA;SỮA & SẢN PHẨM SỮA;PES-GC-MS/MS;Aclonifen;Aclonifen;VLAB-CH-TP-614;GC-MS/MS;0.003 mg/kg;0.01 mg/kg;72;;; 350.000 ; 1.050.000 
SỮA & SẢN PHẨM SỮA;SỮA & SẢN PHẨM SỮA;PES-GC-MS/MS;Acrinathrin;Acrinathrin;VLAB-CH-TP-614;GC-MS/MS;0.003 mg/kg;0.01 mg/kg;72;;; 350.000 ; 1.050.000 
SỮA & SẢN PHẨM SỮA;SỮA & SẢN PHẨM SỮA;PES-GC-MS/MS;Alachlor;Alachlor;VLAB-CH-TP-614;GC-MS/MS;0.003 mg/kg;0.01 mg/kg;72;;; 350.000 ; 1.050.000 
SỮA & SẢN PHẨM SỮA;SỮA & SẢN PHẨM SỮA;PES-GC-MS/MS;Aldrin;Aldrin;VLAB-CH-TP-614;GC-MS/MS;0.003 mg/kg;0.01 mg/kg;72;;; 350.000 ; 1.050.000 
SỮA & SẢN PHẨM SỮA;SỮA & SẢN PHẨM SỮA;PES-GC-MS/MS;Allidochlor;Allidochlor;VLAB-CH-TP-614;GC-MS/MS;0.003 mg/kg;0.01 mg/kg;72;;; 350.000 ; 1.050.000 
SỮA & SẢN PHẨM SỮA;SỮA & SẢN PHẨM SỮA;PES-GC-MS/MS;alpha-BHC (benzene hexachloride);alpha-BHC (benzene hexachloride);VLAB-CH-TP-614;GC-MS/MS;0.003 mg/kg;0.01 mg/kg;72;;; 350.000 ; 1.050.000 
SỮA & SẢN PHẨM SỮA;SỮA & SẢN PHẨM SỮA;PES-GC-MS/MS;Anilofos;Anilofos;VLAB-CH-TP-614;GC-MS/MS;0.003 mg/kg;0.01 mg/kg;72;;; 350.000 ; 1.050.000 
SỮA & SẢN PHẨM SỮA;SỮA & SẢN PHẨM SỮA;PES-GC-MS/MS;Anthraquinone;Anthraquinone;VLAB-CH-TP-614;GC-MS/MS;0.003 mg/kg;0.01 mg/kg;72;;; 350.000 ; 1.050.000 
SỮA & SẢN PHẨM SỮA;SỮA & SẢN PHẨM SỮA;PES-GC-MS/MS;Aspon (Tetrapropyl thiodiphosphate);Aspon (Tetrapropyl thiodiphosphate);VLAB-CH-TP-614;GC-MS/MS;0.003 mg/kg;0.01 mg/kg;72;;; 350.000 ; 1.050.000 
SỮA & SẢN PHẨM SỮA;SỮA & SẢN PHẨM SỮA;PES-GC-MS/MS;Atrazine;Atrazine;VLAB-CH-TP-614;GC-MS/MS;0.003 mg/kg;0.01 mg/kg;72;;; 350.000 ; 1.050.000 
SỮA & SẢN PHẨM SỮA;SỮA & SẢN PHẨM SỮA;PES-GC-MS/MS;Atrazine-desethyl;Atrazine-desethyl;VLAB-CH-TP-614;GC-MS/MS;0.003 mg/kg;0.01 mg/kg;72;;; 350.000 ; 1.050.000 
SỮA & SẢN PHẨM SỮA;SỮA & SẢN PHẨM SỮA;PES-GC-MS/MS;Azinphos-ethyl;Azinphos-ethyl;VLAB-CH-TP-614;GC-MS/MS;0.003 mg/kg;0.01 mg/kg;72;;; 350.000 ; 1.050.000 
SỮA & SẢN PHẨM SỮA;SỮA & SẢN PHẨM SỮA;PES-GC-MS/MS;Benfluralin;Benfluralin;VLAB-CH-TP-614;GC-MS/MS;0.003 mg/kg;0.01 mg/kg;72;;; 350.000 ; 1.050.000 
SỮA & SẢN PHẨM SỮA;SỮA & SẢN PHẨM SỮA;PES-GC-MS/MS;beta-BHC;beta-BHC;VLAB-CH-TP-614;GC-MS/MS;0.003 mg/kg;0.01 mg/kg;72;;; 350.000 ; 1.050.000 
SỮA & SẢN PHẨM SỮA;SỮA & SẢN PHẨM SỮA;PES-GC-MS/MS;Bifenthrin;Bifenthrin;VLAB-CH-TP-614;GC-MS/MS;0.003 mg/kg;0.01 mg/kg;72;;; 350.000 ; 1.050.000 
SỮA & SẢN PHẨM SỮA;SỮA & SẢN PHẨM SỮA;PES-GC-MS/MS;Biphenyl;Biphenyl;VLAB-CH-TP-614;GC-MS/MS;0.003 mg/kg;0.01 mg/kg;72;;; 350.000 ; 1.050.000 
SỮA & SẢN PHẨM SỮA;SỮA & SẢN PHẨM SỮA;PES-GC-MS/MS;Bromfenvinfos;Bromfenvinfos;VLAB-CH-TP-614;GC-MS/MS;0.003 mg/kg;0.01 mg/kg;72;;; 350.000 ; 1.050.000 
SỮA & SẢN PHẨM SỮA;SỮA & SẢN PHẨM SỮA;PES-GC-MS/MS;Bromfenvinfos-methyl;Bromfenvinfos-methyl;VLAB-CH-TP-614;GC-MS/MS;0.003 mg/kg;0.01 mg/kg;72;;; 350.000 ; 1.050.000 
SỮA & SẢN PHẨM SỮA;SỮA & SẢN PHẨM SỮA;PES-GC-MS/MS;Bromophos;Bromophos;VLAB-CH-TP-614;GC-MS/MS;0.003 mg/kg;0.01 mg/kg;72;;; 350.000 ; 1.050.000 
SỮA & SẢN PHẨM SỮA;SỮA & SẢN PHẨM SỮA;PES-GC-MS/MS;Bromophos-ethyl;Bromophos-ethyl;VLAB-CH-TP-614;GC-MS/MS;0.003 mg/kg;0.01 mg/kg;72;;; 350.000 ; 1.050.000 
SỮA & SẢN PHẨM SỮA;SỮA & SẢN PHẨM SỮA;PES-GC-MS/MS;Bromopropylate;Bromopropylate;VLAB-CH-TP-614;GC-MS/MS;0.003 mg/kg;0.01 mg/kg;72;;; 350.000 ; 1.050.000 
SỮA & SẢN PHẨM SỮA;SỮA & SẢN PHẨM SỮA;PES-GC-MS/MS;Bupirimate;Bupirimate;VLAB-CH-TP-614;GC-MS/MS;0.003 mg/kg;0.01 mg/kg;72;;; 350.000 ; 1.050.000 
SỮA & SẢN PHẨM SỮA;SỮA & SẢN PHẨM SỮA;PES-GC-MS/MS;Buprofezin (Buprofenzin);Buprofezin (Buprofenzin);VLAB-CH-TP-614;GC-MS/MS;0.003 mg/kg;0.01 mg/kg;72;;; 350.000 ; 1.050.000 
SỮA & SẢN PHẨM SỮA;SỮA & SẢN PHẨM SỮA;PES-GC-MS/MS;Butachlor;Butachlor;VLAB-CH-TP-614;GC-MS/MS;0.003 mg/kg;0.01 mg/kg;72;;; 350.000 ; 1.050.000 
SỮA & SẢN PHẨM SỮA;SỮA & SẢN PHẨM SỮA;PES-GC-MS/MS;Cadusafos;Cadusafos;VLAB-CH-TP-614;GC-MS/MS;0.003 mg/kg;0.01 mg/kg;72;;; 350.000 ; 1.050.000 
SỮA & SẢN PHẨM SỮA;SỮA & SẢN PHẨM SỮA;PES-GC-MS/MS;Captan;Captan;VLAB-CH-TP-614;GC-MS/MS;0.003 mg/kg;0.01 mg/kg;72;;; 350.000 ; 1.050.000 
SỮA & SẢN PHẨM SỮA;SỮA & SẢN PHẨM SỮA;PES-GC-MS/MS;Carbophenothion;Carbophenothion;VLAB-CH-TP-614;GC-MS/MS;0.003 mg/kg;0.01 mg/kg;72;;; 350.000 ; 1.050.000 
SỮA & SẢN PHẨM SỮA;SỮA & SẢN PHẨM SỮA;PES-GC-MS/MS;Carbosulfan;Carbosulfan;VLAB-CH-TP-614;GC-MS/MS;0.003 mg/kg;0.01 mg/kg;72;;; 350.000 ; 1.050.000 
SỮA & SẢN PHẨM SỮA;SỮA & SẢN PHẨM SỮA;PES-GC-MS/MS;Carfentrazone-ethyl;Carfentrazone-ethyl;VLAB-CH-TP-614;GC-MS/MS;0.003 mg/kg;0.01 mg/kg;72;;; 350.000 ; 1.050.000 
SỮA & SẢN PHẨM SỮA;SỮA & SẢN PHẨM SỮA;PES-GC-MS/MS;Chinomethionate (Oxythioquinox);Chinomethionate (Oxythioquinox);VLAB-CH-TP-614;GC-MS/MS;0.003 mg/kg;0.01 mg/kg;72;;; 350.000 ; 1.050.000 
SỮA & SẢN PHẨM SỮA;SỮA & SẢN PHẨM SỮA;PES-GC-MS/MS;Chlorbenside;Chlorbenside;VLAB-CH-TP-614;GC-MS/MS;0.003 mg/kg;0.01 mg/kg;72;;; 350.000 ; 1.050.000 
SỮA & SẢN PHẨM SỮA;SỮA & SẢN PHẨM SỮA;PES-GC-MS/MS;Chlorfenapyr;Chlorfenapyr;VLAB-CH-TP-614;GC-MS/MS;0.003 mg/kg;0.01 mg/kg;72;;; 350.000 ; 1.050.000 
SỮA & SẢN PHẨM SỮA;SỮA & SẢN PHẨM SỮA;PES-GC-MS/MS;Chlorfenson;Chlorfenson;VLAB-CH-TP-614;GC-MS/MS;0.003 mg/kg;0.01 mg/kg;72;;; 350.000 ; 1.050.000 
SỮA & SẢN PHẨM SỮA;SỮA & SẢN PHẨM SỮA;PES-GC-MS/MS;Chlorfenvinphos;Chlorfenvinphos;VLAB-CH-TP-614;GC-MS/MS;0.003 mg/kg;0.01 mg/kg;72;;; 350.000 ; 1.050.000 
SỮA & SẢN PHẨM SỮA;SỮA & SẢN PHẨM SỮA;PES-GC-MS/MS;Chlorobenzilate;Chlorobenzilate;VLAB-CH-TP-614;GC-MS/MS;0.003 mg/kg;0.01 mg/kg;72;;; 350.000 ; 1.050.000 
SỮA & SẢN PHẨM SỮA;SỮA & SẢN PHẨM SỮA;PES-GC-MS/MS;Chloroneb;Chloroneb;VLAB-CH-TP-614;GC-MS/MS;0.003 mg/kg;0.01 mg/kg;72;;; 350.000 ; 1.050.000 
SỮA & SẢN PHẨM SỮA;SỮA & SẢN PHẨM SỮA;PES-GC-MS/MS;Chloropropylate;Chloropropylate;VLAB-CH-TP-614;GC-MS/MS;0.003 mg/kg;0.01 mg/kg;72;;; 350.000 ; 1.050.000 
SỮA & SẢN PHẨM SỮA;SỮA & SẢN PHẨM SỮA;PES-GC-MS/MS;Chlorothalonil;Chlorothalonil;VLAB-CH-TP-614;GC-MS/MS;0.003 mg/kg;0.01 mg/kg;72;;; 350.000 ; 1.050.000 
SỮA & SẢN PHẨM SỮA;SỮA & SẢN PHẨM SỮA;PES-GC-MS/MS;Chlorpropham;Chlorpropham;VLAB-CH-TP-614;GC-MS/MS;0.003 mg/kg;0.01 mg/kg;72;;; 350.000 ; 1.050.000 
SỮA & SẢN PHẨM SỮA;SỮA & SẢN PHẨM SỮA;PES-GC-MS/MS;Chlorpyrifos (Chlorpyrifos ethyl);Chlorpyrifos (Chlorpyrifos ethyl);VLAB-CH-TP-614;GC-MS/MS;0.003 mg/kg;0.01 mg/kg;72;;; 350.000 ; 1.050.000 
SỮA & SẢN PHẨM SỮA;SỮA & SẢN PHẨM SỮA;PES-GC-MS/MS;Chlorpyrifos-methyl;Chlorpyrifos-methyl;VLAB-CH-TP-614;GC-MS/MS;0.003 mg/kg;0.01 mg/kg;72;;; 350.000 ; 1.050.000 
SỮA & SẢN PHẨM SỮA;SỮA & SẢN PHẨM SỮA;PES-GC-MS/MS;Chlorthiophos;Chlorthiophos;VLAB-CH-TP-614;GC-MS/MS;0.003 mg/kg;0.01 mg/kg;72;;; 350.000 ; 1.050.000 
SỮA & SẢN PHẨM SỮA;SỮA & SẢN PHẨM SỮA;PES-GC-MS/MS;Chlozolinate;Chlozolinate;VLAB-CH-TP-614;GC-MS/MS;0.003 mg/kg;0.01 mg/kg;72;;; 350.000 ; 1.050.000 
SỮA & SẢN PHẨM SỮA;SỮA & SẢN PHẨM SỮA;PES-GC-MS/MS;cis-1,2,3,6-Tetrahydrophthalimide;cis-1,2,3,6-Tetrahydrophthalimide;VLAB-CH-TP-614;GC-MS/MS;0.003 mg/kg;0.01 mg/kg;72;;; 350.000 ; 1.050.000 
SỮA & SẢN PHẨM SỮA;SỮA & SẢN PHẨM SỮA;PES-GC-MS/MS;cis-Chlordane;cis-Chlordane;VLAB-CH-TP-614;GC-MS/MS;0.003 mg/kg;0.01 mg/kg;72;;; 350.000 ; 1.050.000 
SỮA & SẢN PHẨM SỮA;SỮA & SẢN PHẨM SỮA;PES-GC-MS/MS;cis-Nonachlor;cis-Nonachlor;VLAB-CH-TP-614;GC-MS/MS;0.003 mg/kg;0.01 mg/kg;72;;; 350.000 ; 1.050.000 
SỮA & SẢN PHẨM SỮA;SỮA & SẢN PHẨM SỮA;PES-GC-MS/MS;Clomazone;Clomazone;VLAB-CH-TP-614;GC-MS/MS;0.003 mg/kg;0.01 mg/kg;72;;; 350.000 ; 1.050.000 
SỮA & SẢN PHẨM SỮA;SỮA & SẢN PHẨM SỮA;PES-GC-MS/MS;Cloquintocet-mexyl;Cloquintocet-mexyl;VLAB-CH-TP-614;GC-MS/MS;0.003 mg/kg;0.01 mg/kg;72;;; 350.000 ; 1.050.000 
SỮA & SẢN PHẨM SỮA;SỮA & SẢN PHẨM SỮA;PES-GC-MS/MS;Coumaphos;Coumaphos;VLAB-CH-TP-614;GC-MS/MS;0.003 mg/kg;0.01 mg/kg;72;;; 350.000 ; 1.050.000 
SỮA & SẢN PHẨM SỮA;SỮA & SẢN PHẨM SỮA;PES-GC-MS/MS;Crimidine;Crimidine;VLAB-CH-TP-614;GC-MS/MS;0.003 mg/kg;0.01 mg/kg;72;;; 350.000 ; 1.050.000 
SỮA & SẢN PHẨM SỮA;SỮA & SẢN PHẨM SỮA;PES-GC-MS/MS;Cyanofenphos;Cyanofenphos;VLAB-CH-TP-614;GC-MS/MS;0.003 mg/kg;0.01 mg/kg;72;;; 350.000 ; 1.050.000 
SỮA & SẢN PHẨM SỮA;SỮA & SẢN PHẨM SỮA;PES-GC-MS/MS;Cyanophos;Cyanophos;VLAB-CH-TP-614;GC-MS/MS;0.003 mg/kg;0.01 mg/kg;72;;; 350.000 ; 1.050.000 
SỮA & SẢN PHẨM SỮA;SỮA & SẢN PHẨM SỮA;PES-GC-MS/MS;Cycloate;Cycloate;VLAB-CH-TP-614;GC-MS/MS;0.003 mg/kg;0.01 mg/kg;72;;; 350.000 ; 1.050.000 
SỮA & SẢN PHẨM SỮA;SỮA & SẢN PHẨM SỮA;PES-GC-MS/MS;Cyfluthrin;Cyfluthrin;VLAB-CH-TP-614;GC-MS/MS;0.003 mg/kg;0.01 mg/kg;72;;; 350.000 ; 1.050.000 
SỮA & SẢN PHẨM SỮA;SỮA & SẢN PHẨM SỮA;PES-GC-MS/MS;Cyhalofop-butyl;Cyhalofop-butyl;VLAB-CH-TP-614;GC-MS/MS;0.003 mg/kg;0.01 mg/kg;72;;; 350.000 ; 1.050.000 
SỮA & SẢN PHẨM SỮA;SỮA & SẢN PHẨM SỮA;PES-GC-MS/MS;Cyhalothrin (Gamma);Cyhalothrin (Gamma);VLAB-CH-TP-614;GC-MS/MS;0.003 mg/kg;0.01 mg/kg;72;;; 350.000 ; 1.050.000 
SỮA & SẢN PHẨM SỮA;SỮA & SẢN PHẨM SỮA;PES-GC-MS/MS;Cyhalothrin (Lambda);Cyhalothrin (Lambda);VLAB-CH-TP-614;GC-MS/MS;0.003 mg/kg;0.01 mg/kg;72;;; 350.000 ; 1.050.000 
SỮA & SẢN PHẨM SỮA;SỮA & SẢN PHẨM SỮA;PES-GC-MS/MS;Cypermethrin;Cypermethrin;VLAB-CH-TP-614;GC-MS/MS;0.003 mg/kg;0.01 mg/kg;72;;; 350.000 ; 1.050.000 
SỮA & SẢN PHẨM SỮA;SỮA & SẢN PHẨM SỮA;PES-LC/MS/MS-1;Cyproconazole;Cyproconazole;VLAB-CH-TP-674;LC-MS/MS;0.003 mg/kg;0.01 mg/kg;72;;; 350.000 ; 1.050.000 
SỮA & SẢN PHẨM SỮA;SỮA & SẢN PHẨM SỮA;PES-GC-MS/MS;Cyprodinil;Cyprodinil;VLAB-CH-TP-614;GC-MS/MS;0.003 mg/kg;0.01 mg/kg;72;;; 350.000 ; 1.050.000 
SỮA & SẢN PHẨM SỮA;SỮA & SẢN PHẨM SỮA;PES-GC-MS/MS;DCPA (Dacthal, Chlorthal-dimethyl);DCPA (Dacthal, Chlorthal-dimethyl);VLAB-CH-TP-614;GC-MS/MS;0.003 mg/kg;0.01 mg/kg;72;;; 350.000 ; 1.050.000 
SỮA & SẢN PHẨM SỮA;SỮA & SẢN PHẨM SỮA;PES-GC-MS/MS;DDD-o,p' (2,4'-DDD);DDD-o,p' (2,4'-DDD);VLAB-CH-TP-614;GC-MS/MS;0.003 mg/kg;0.01 mg/kg;72;;; 350.000 ; 1.050.000 
SỮA & SẢN PHẨM SỮA;SỮA & SẢN PHẨM SỮA;PES-GC-MS/MS;DDD-p,p' (4,4'-DDD);DDD-p,p' (4,4'-DDD);VLAB-CH-TP-614;GC-MS/MS;0.003 mg/kg;0.01 mg/kg;72;;; 350.000 ; 1.050.000 
SỮA & SẢN PHẨM SỮA;SỮA & SẢN PHẨM SỮA;PES-GC-MS/MS;DDE-o,p' (2,4'-DDE);DDE-o,p' (2,4'-DDE);VLAB-CH-TP-614;GC-MS/MS;0.003 mg/kg;0.01 mg/kg;72;;; 350.000 ; 1.050.000 
SỮA & SẢN PHẨM SỮA;SỮA & SẢN PHẨM SỮA;PES-GC-MS/MS;DDE-p,p' (4,4'-DDE);DDE-p,p' (4,4'-DDE);VLAB-CH-TP-614;GC-MS/MS;0.003 mg/kg;0.01 mg/kg;72;;; 350.000 ; 1.050.000 
SỮA & SẢN PHẨM SỮA;SỮA & SẢN PHẨM SỮA;PES-GC-MS/MS;DDT-o,p' (2,4'-DDT);DDT-o,p' (2,4'-DDT);VLAB-CH-TP-614;GC-MS/MS;0.003 mg/kg;0.01 mg/kg;72;;; 350.000 ; 1.050.000 
SỮA & SẢN PHẨM SỮA;SỮA & SẢN PHẨM SỮA;PES-GC-MS/MS;DDT-p,p' (4,4'-DDT);DDT-p,p' (4,4'-DDT);VLAB-CH-TP-614;GC-MS/MS;0.003 mg/kg;0.01 mg/kg;72;;; 350.000 ; 1.050.000 
SỮA & SẢN PHẨM SỮA;SỮA & SẢN PHẨM SỮA;PES-GC-MS/MS;DEF (Tribufos);DEF (Tribufos);VLAB-CH-TP-614;GC-MS/MS;0.003 mg/kg;0.01 mg/kg;72;;; 350.000 ; 1.050.000 
SỮA & SẢN PHẨM SỮA;SỮA & SẢN PHẨM SỮA;PES-GC-MS/MS;delta-BHC;delta-BHC;VLAB-CH-TP-614;GC-MS/MS;0.003 mg/kg;0.01 mg/kg;72;;; 350.000 ; 1.050.000 
SỮA & SẢN PHẨM SỮA;SỮA & SẢN PHẨM SỮA;PES-GC-MS/MS;Deltamethrin;Deltamethrin;VLAB-CH-TP-614;GC-MS/MS;0.003 mg/kg;0.01 mg/kg;72;;; 350.000 ; 1.050.000 
SỮA & SẢN PHẨM SỮA;SỮA & SẢN PHẨM SỮA;PES-GC-MS/MS;Desmetryn;Desmetryn;VLAB-CH-TP-614;GC-MS/MS;0.003 mg/kg;0.01 mg/kg;72;;; 350.000 ; 1.050.000 
SỮA & SẢN PHẨM SỮA;SỮA & SẢN PHẨM SỮA;PES-GC-MS/MS;Dialifos;Dialifos;VLAB-CH-TP-614;GC-MS/MS;0.003 mg/kg;0.01 mg/kg;72;;; 350.000 ; 1.050.000 
SỮA & SẢN PHẨM SỮA;SỮA & SẢN PHẨM SỮA;PES-GC-MS/MS;Diallate;Diallate;VLAB-CH-TP-614;GC-MS/MS;0.003 mg/kg;0.01 mg/kg;72;;; 350.000 ; 1.050.000 
SỮA & SẢN PHẨM SỮA;SỮA & SẢN PHẨM SỮA;PES-GC-MS/MS;Diazinon;Diazinon;VLAB-CH-TP-614;GC-MS/MS;0.003 mg/kg;0.01 mg/kg;72;;; 350.000 ; 1.050.000 
SỮA & SẢN PHẨM SỮA;SỮA & SẢN PHẨM SỮA;PES-GC-MS/MS;Dichlofenthion;Dichlofenthion;VLAB-CH-TP-614;GC-MS/MS;0.003 mg/kg;0.01 mg/kg;72;;; 350.000 ; 1.050.000 
SỮA & SẢN PHẨM SỮA;SỮA & SẢN PHẨM SỮA;PES-GC-MS/MS;Dichloran;Dichloran;VLAB-CH-TP-614;GC-MS/MS;0.003 mg/kg;0.01 mg/kg;72;;; 350.000 ; 1.050.000 
SỮA & SẢN PHẨM SỮA;SỮA & SẢN PHẨM SỮA;PES-GC-MS/MS;Dichlorvos;Dichlorvos;VLAB-CH-TP-614;GC-MS/MS;0.003 mg/kg;0.01 mg/kg;72;;; 350.000 ; 1.050.000 
SỮA & SẢN PHẨM SỮA;SỮA & SẢN PHẨM SỮA;PES-GC-MS/MS;Diclobutrazol (Dichlobutrazol);Diclobutrazol (Dichlobutrazol);VLAB-CH-TP-614;GC-MS/MS;0.003 mg/kg;0.01 mg/kg;72;;; 350.000 ; 1.050.000 
SỮA & SẢN PHẨM SỮA;SỮA & SẢN PHẨM SỮA;PES-GC-MS/MS;Diclofop-methyl;Diclofop-methyl;VLAB-CH-TP-614;GC-MS/MS;0.003 mg/kg;0.01 mg/kg;72;;; 350.000 ; 1.050.000 
SỮA & SẢN PHẨM SỮA;SỮA & SẢN PHẨM SỮA;PES-GC-MS/MS;Dieldrin;Dieldrin;VLAB-CH-TP-614;GC-MS/MS;0.003 mg/kg;0.01 mg/kg;72;;; 350.000 ; 1.050.000 
SỮA & SẢN PHẨM SỮA;SỮA & SẢN PHẨM SỮA;PES-GC-MS/MS;Dimethachlor;Dimethachlor;VLAB-CH-TP-614;GC-MS/MS;0.003 mg/kg;0.01 mg/kg;72;;; 350.000 ; 1.050.000 
SỮA & SẢN PHẨM SỮA;SỮA & SẢN PHẨM SỮA;PES-GC-MS/MS;Dimethenamid-P;Dimethenamid-P;VLAB-CH-TP-614;GC-MS/MS;0.003 mg/kg;0.01 mg/kg;72;;; 350.000 ; 1.050.000 
SỮA & SẢN PHẨM SỮA;SỮA & SẢN PHẨM SỮA;PES-GC-MS/MS;Diofenolan;Diofenolan;VLAB-CH-TP-614;GC-MS/MS;0.003 mg/kg;0.01 mg/kg;72;;; 350.000 ; 1.050.000 
SỮA & SẢN PHẨM SỮA;SỮA & SẢN PHẨM SỮA;PES-GC-MS/MS;Diphenamid;Diphenamid;VLAB-CH-TP-614;GC-MS/MS;0.003 mg/kg;0.01 mg/kg;72;;; 350.000 ; 1.050.000 
SỮA & SẢN PHẨM SỮA;SỮA & SẢN PHẨM SỮA;PES-GC-MS/MS;Diphenylamine;Diphenylamine;VLAB-CH-TP-614;GC-MS/MS;0.003 mg/kg;0.01 mg/kg;72;;; 350.000 ; 1.050.000 
SỮA & SẢN PHẨM SỮA;SỮA & SẢN PHẨM SỮA;PES-GC-MS/MS;Disulfoton;Disulfoton;VLAB-CH-TP-614;GC-MS/MS;0.003 mg/kg;0.01 mg/kg;72;;; 350.000 ; 1.050.000 
SỮA & SẢN PHẨM SỮA;SỮA & SẢN PHẨM SỮA;PES-GC-MS/MS;Disulfoton-sulfoxide;Disulfoton-sulfoxide;VLAB-CH-TP-614;GC-MS/MS;0.003 mg/kg;0.01 mg/kg;72;;; 350.000 ; 1.050.000 
SỮA & SẢN PHẨM SỮA;SỮA & SẢN PHẨM SỮA;PES-GC-MS/MS;Ditalimfos;Ditalimfos;VLAB-CH-TP-614;GC-MS/MS;0.003 mg/kg;0.01 mg/kg;72;;; 350.000 ; 1.050.000 
SỮA & SẢN PHẨM SỮA;SỮA & SẢN PHẨM SỮA;PES-GC-MS/MS;Dithiopyr;Dithiopyr;VLAB-CH-TP-614;GC-MS/MS;0.003 mg/kg;0.01 mg/kg;72;;; 350.000 ; 1.050.000 
SỮA & SẢN PHẨM SỮA;SỮA & SẢN PHẨM SỮA;PES-GC-MS/MS;Endosulfan ether;Endosulfan ether;VLAB-CH-TP-614;GC-MS/MS;0.003 mg/kg;0.01 mg/kg;72;;; 350.000 ; 1.050.000 
SỮA & SẢN PHẨM SỮA;SỮA & SẢN PHẨM SỮA;PES-GC-MS/MS;Endosulfan I (alpha isomer);Endosulfan I (alpha isomer);VLAB-CH-TP-614;GC-MS/MS;0.003 mg/kg;0.01 mg/kg;72;;; 350.000 ; 1.050.000 
SỮA & SẢN PHẨM SỮA;SỮA & SẢN PHẨM SỮA;PES-GC-MS/MS;Endosulfan II (beta isomer);Endosulfan II (beta isomer);VLAB-CH-TP-614;GC-MS/MS;0.003 mg/kg;0.01 mg/kg;72;;; 350.000 ; 1.050.000 
SỮA & SẢN PHẨM SỮA;SỮA & SẢN PHẨM SỮA;PES-GC-MS/MS;Endosulfan sulfate;Endosulfan sulfate;VLAB-CH-TP-614;GC-MS/MS;0.003 mg/kg;0.01 mg/kg;72;;; 350.000 ; 1.050.000 
SỮA & SẢN PHẨM SỮA;SỮA & SẢN PHẨM SỮA;PES-GC-MS/MS;Endrin;Endrin;VLAB-CH-TP-614;GC-MS/MS;0.003 mg/kg;0.01 mg/kg;72;;; 350.000 ; 1.050.000 
SỮA & SẢN PHẨM SỮA;SỮA & SẢN PHẨM SỮA;PES-GC-MS/MS;EPN (O-Ethyl O-(4-nitrophenyl) phenylphosphonothioate);EPN (O-Ethyl O-(4-nitrophenyl) phenylphosphonothioate);VLAB-CH-TP-614;GC-MS/MS;0.003 mg/kg;0.01 mg/kg;72;;; 350.000 ; 1.050.000 
SỮA & SẢN PHẨM SỮA;SỮA & SẢN PHẨM SỮA;PES-GC-MS/MS;Ethalfluralin;Ethalfluralin;VLAB-CH-TP-614;GC-MS/MS;0.003 mg/kg;0.01 mg/kg;72;;; 350.000 ; 1.050.000 
SỮA & SẢN PHẨM SỮA;SỮA & SẢN PHẨM SỮA;PES-GC-MS/MS;Ethion;Ethion;VLAB-CH-TP-614;GC-MS/MS;0.003 mg/kg;0.01 mg/kg;72;;; 350.000 ; 1.050.000 
SỮA & SẢN PHẨM SỮA;SỮA & SẢN PHẨM SỮA;PES-GC-MS/MS;Ethofenprox (Etofenprox);Ethofenprox (Etofenprox);VLAB-CH-TP-614;GC-MS/MS;0.003 mg/kg;0.01 mg/kg;72;;; 350.000 ; 1.050.000 
SỮA & SẢN PHẨM SỮA;SỮA & SẢN PHẨM SỮA;PES-GC-MS/MS;Ethofumesate;Ethofumesate;VLAB-CH-TP-614;GC-MS/MS;0.003 mg/kg;0.01 mg/kg;72;;; 350.000 ; 1.050.000 
SỮA & SẢN PHẨM SỮA;SỮA & SẢN PHẨM SỮA;PES-GC-MS/MS;Ethylan (Perthane);Ethylan (Perthane);VLAB-CH-TP-614;GC-MS/MS;0.003 mg/kg;0.01 mg/kg;72;;; 350.000 ; 1.050.000 
SỮA & SẢN PHẨM SỮA;SỮA & SẢN PHẨM SỮA;PES-GC-MS/MS;Fenamiphos;Fenamiphos;VLAB-CH-TP-614;GC-MS/MS;0.003 mg/kg;0.01 mg/kg;72;;; 350.000 ; 1.050.000 
SỮA & SẢN PHẨM SỮA;SỮA & SẢN PHẨM SỮA;PES-GC-MS/MS;Fenarimol;Fenarimol;VLAB-CH-TP-614;GC-MS/MS;0.003 mg/kg;0.01 mg/kg;72;;; 350.000 ; 1.050.000 
SỮA & SẢN PHẨM SỮA;SỮA & SẢN PHẨM SỮA;PES-GC-MS/MS;Fenitrothion;Fenitrothion;VLAB-CH-TP-614;GC-MS/MS;0.003 mg/kg;0.01 mg/kg;72;;; 350.000 ; 1.050.000 
SỮA & SẢN PHẨM SỮA;SỮA & SẢN PHẨM SỮA;PES-GC-MS/MS;Fenpropathrin;Fenpropathrin;VLAB-CH-TP-614;GC-MS/MS;0.003 mg/kg;0.01 mg/kg;72;;; 350.000 ; 1.050.000 
SỮA & SẢN PHẨM SỮA;SỮA & SẢN PHẨM SỮA;PES-GC-MS/MS;Fenpropimorph;Fenpropimorph;VLAB-CH-TP-614;GC-MS/MS;0.003 mg/kg;0.01 mg/kg;72;;; 350.000 ; 1.050.000 
SỮA & SẢN PHẨM SỮA;SỮA & SẢN PHẨM SỮA;PES-GC-MS/MS;Fenson;Fenson;VLAB-CH-TP-614;GC-MS/MS;0.003 mg/kg;0.01 mg/kg;72;;; 350.000 ; 1.050.000 
SỮA & SẢN PHẨM SỮA;SỮA & SẢN PHẨM SỮA;PES-GC-MS/MS;Fensulfothion;Fensulfothion;VLAB-CH-TP-614;GC-MS/MS;0.003 mg/kg;0.01 mg/kg;72;;; 350.000 ; 1.050.000 
SỮA & SẢN PHẨM SỮA;SỮA & SẢN PHẨM SỮA;PES-GC-MS/MS;Fenthion;Fenthion;VLAB-CH-TP-614;GC-MS/MS;0.003 mg/kg;0.01 mg/kg;72;;; 350.000 ; 1.050.000 
SỮA & SẢN PHẨM SỮA;SỮA & SẢN PHẨM SỮA;PES-GC-MS/MS;Fenthion sulfone;Fenthion sulfone;VLAB-CH-TP-614;GC-MS/MS;0.003 mg/kg;0.01 mg/kg;72;;; 350.000 ; 1.050.000 
SỮA & SẢN PHẨM SỮA;SỮA & SẢN PHẨM SỮA;PES-GC-MS/MS;Fenvalerate;Fenvalerate;VLAB-CH-TP-614;GC-MS/MS;0.003 mg/kg;0.01 mg/kg;72;;; 350.000 ; 1.050.000 
SỮA & SẢN PHẨM SỮA;SỮA & SẢN PHẨM SỮA;PES-GC-MS/MS;Fipronil;Fipronil;VLAB-CH-TP-614;GC-MS/MS;0.003 mg/kg;0.01 mg/kg;72;;; 350.000 ; 1.050.000 
SỮA & SẢN PHẨM SỮA;SỮA & SẢN PHẨM SỮA;PES-GC-MS/MS;Fipronil sulfide;Fipronil sulfide;VLAB-CH-TP-614;GC-MS/MS;0.003 mg/kg;0.01 mg/kg;72;;; 350.000 ; 1.050.000 
SỮA & SẢN PHẨM SỮA;SỮA & SẢN PHẨM SỮA;PES-GC-MS/MS;Fipronil sulfone;Fipronil sulfone;VLAB-CH-TP-614;GC-MS/MS;0.003 mg/kg;0.01 mg/kg;72;;; 350.000 ; 1.050.000 
SỮA & SẢN PHẨM SỮA;SỮA & SẢN PHẨM SỮA;PES-GC-MS/MS;Fluazifop-p-butyl;Fluazifop-p-butyl;VLAB-CH-TP-614;GC-MS/MS;0.003 mg/kg;0.01 mg/kg;72;;; 350.000 ; 1.050.000 
SỮA & SẢN PHẨM SỮA;SỮA & SẢN PHẨM SỮA;PES-GC-MS/MS;Fluchloralin;Fluchloralin;VLAB-CH-TP-614;GC-MS/MS;0.003 mg/kg;0.01 mg/kg;72;;; 350.000 ; 1.050.000 
SỮA & SẢN PHẨM SỮA;SỮA & SẢN PHẨM SỮA;PES-GC-MS/MS;Flucythrinate;Flucythrinate;VLAB-CH-TP-614;GC-MS/MS;0.003 mg/kg;0.01 mg/kg;72;;; 350.000 ; 1.050.000 
SỮA & SẢN PHẨM SỮA;SỮA & SẢN PHẨM SỮA;PES-GC-MS/MS;Fludioxonil;Fludioxonil;VLAB-CH-TP-614;GC-MS/MS;0.003 mg/kg;0.01 mg/kg;72;;; 350.000 ; 1.050.000 
SỮA & SẢN PHẨM SỮA;SỮA & SẢN PHẨM SỮA;PES-GC-MS/MS;Flufenacet;Flufenacet;VLAB-CH-TP-614;GC-MS/MS;0.003 mg/kg;0.01 mg/kg;72;;; 350.000 ; 1.050.000 
SỮA & SẢN PHẨM SỮA;SỮA & SẢN PHẨM SỮA;PES-GC-MS/MS;Flumetralin;Flumetralin;VLAB-CH-TP-614;GC-MS/MS;0.003 mg/kg;0.01 mg/kg;72;;; 350.000 ; 1.050.000 
SỮA & SẢN PHẨM SỮA;SỮA & SẢN PHẨM SỮA;PES-GC-MS/MS;Fluquinconazole;Fluquinconazole;VLAB-CH-TP-614;GC-MS/MS;0.003 mg/kg;0.01 mg/kg;72;;; 350.000 ; 1.050.000 
SỮA & SẢN PHẨM SỮA;SỮA & SẢN PHẨM SỮA;PES-GC-MS/MS;Flusilazole;Flusilazole;VLAB-CH-TP-614;GC-MS/MS;0.003 mg/kg;0.01 mg/kg;72;;; 350.000 ; 1.050.000 
SỮA & SẢN PHẨM SỮA;SỮA & SẢN PHẨM SỮA;PES-GC-MS/MS;Flutolanil;Flutolanil;VLAB-CH-TP-614;GC-MS/MS;0.003 mg/kg;0.01 mg/kg;72;;; 350.000 ; 1.050.000 
SỮA & SẢN PHẨM SỮA;SỮA & SẢN PHẨM SỮA;PES-GC-MS/MS;Flutriafol;Flutriafol;VLAB-CH-TP-614;GC-MS/MS;0.003 mg/kg;0.01 mg/kg;72;;; 350.000 ; 1.050.000 
SỮA & SẢN PHẨM SỮA;SỮA & SẢN PHẨM SỮA;PES-GC-MS/MS;Folpet;Folpet;VLAB-CH-TP-614;GC-MS/MS;0.003 mg/kg;0.01 mg/kg;72;;; 350.000 ; 1.050.000 
SỮA & SẢN PHẨM SỮA;SỮA & SẢN PHẨM SỮA;PES-GC-MS/MS;Fonofos (Dyfonate);Fonofos (Dyfonate);VLAB-CH-TP-614;GC-MS/MS;0.003 mg/kg;0.01 mg/kg;72;;; 350.000 ; 1.050.000 
SỮA & SẢN PHẨM SỮA;SỮA & SẢN PHẨM SỮA;PES-GC-MS/MS;Formothion;Formothion;VLAB-CH-TP-614;GC-MS/MS;0.003 mg/kg;0.01 mg/kg;72;;; 350.000 ; 1.050.000 
SỮA & SẢN PHẨM SỮA;SỮA & SẢN PHẨM SỮA;PES-GC-MS/MS;Furalaxyl;Furalaxyl;VLAB-CH-TP-614;GC-MS/MS;0.003 mg/kg;0.01 mg/kg;72;;; 350.000 ; 1.050.000 
SỮA & SẢN PHẨM SỮA;SỮA & SẢN PHẨM SỮA;PES-GC-MS/MS;gamma-BHC- (Lindane, gamma HCH);gamma-BHC- (Lindane, gamma HCH);VLAB-CH-TP-614;GC-MS/MS;0.003 mg/kg;0.01 mg/kg;72;;; 350.000 ; 1.050.000 
SỮA & SẢN PHẨM SỮA;SỮA & SẢN PHẨM SỮA;PES-GC-MS/MS;Haloxyfop-methyl;Haloxyfop-methyl;VLAB-CH-TP-614;GC-MS/MS;0.003 mg/kg;0.01 mg/kg;72;;; 350.000 ; 1.050.000 
SỮA & SẢN PHẨM SỮA;SỮA & SẢN PHẨM SỮA;PES-GC-MS/MS;Heptachlor;Heptachlor;VLAB-CH-TP-614;GC-MS/MS;0.003 mg/kg;0.01 mg/kg;72;;; 350.000 ; 1.050.000 
SỮA & SẢN PHẨM SỮA;SỮA & SẢN PHẨM SỮA;PES-GC-MS/MS;Heptachlor endo-epoxide (isomer A);Heptachlor endo-epoxide (isomer A);VLAB-CH-TP-614;GC-MS/MS;0.003 mg/kg;0.01 mg/kg;72;;; 350.000 ; 1.050.000 
SỮA & SẢN PHẨM SỮA;SỮA & SẢN PHẨM SỮA;PES-GC-MS/MS;Heptachlor exo-epoxide (Heptachlor epoxide);Heptachlor exo-epoxide (Heptachlor epoxide);VLAB-CH-TP-614;GC-MS/MS;0.003 mg/kg;0.01 mg/kg;72;;; 350.000 ; 1.050.000 
SỮA & SẢN PHẨM SỮA;SỮA & SẢN PHẨM SỮA;PES-GC-MS/MS;Heptenophos;Heptenophos;VLAB-CH-TP-614;GC-MS/MS;0.003 mg/kg;0.01 mg/kg;72;;; 350.000 ; 1.050.000 
SỮA & SẢN PHẨM SỮA;SỮA & SẢN PHẨM SỮA;PES-GC-MS/MS;Hexachlorobenzene (HCB);Hexachlorobenzene (HCB);VLAB-CH-TP-614;GC-MS/MS;0.003 mg/kg;0.01 mg/kg;72;;; 350.000 ; 1.050.000 
SỮA & SẢN PHẨM SỮA;SỮA & SẢN PHẨM SỮA;PES-LC/MS/MS-1;Hexaconazole;Hexaconazole;VLAB-CH-TP-674;LC-MS/MS;0.003 mg/kg;0.01 mg/kg;72;;; 350.000 ; 1.050.000 
SỮA & SẢN PHẨM SỮA;SỮA & SẢN PHẨM SỮA;PES-GC-MS/MS;Iodofenphos;Iodofenphos;VLAB-CH-TP-614;GC-MS/MS;0.003 mg/kg;0.01 mg/kg;72;;; 350.000 ; 1.050.000 
SỮA & SẢN PHẨM SỮA;SỮA & SẢN PHẨM SỮA;PES-GC-MS/MS;Iprobenfos;Iprobenfos;VLAB-CH-TP-614;GC-MS/MS;0.003 mg/kg;0.01 mg/kg;72;;; 350.000 ; 1.050.000 
SỮA & SẢN PHẨM SỮA;SỮA & SẢN PHẨM SỮA;PES-GC-MS/MS;Isazofos (Isazophos);Isazofos (Isazophos);VLAB-CH-TP-614;GC-MS/MS;0.003 mg/kg;0.01 mg/kg;72;;; 350.000 ; 1.050.000 
SỮA & SẢN PHẨM SỮA;SỮA & SẢN PHẨM SỮA;PES-GC-MS/MS;Isobenzan;Isobenzan;VLAB-CH-TP-614;GC-MS/MS;0.003 mg/kg;0.01 mg/kg;72;;; 350.000 ; 1.050.000 
SỮA & SẢN PHẨM SỮA;SỮA & SẢN PHẨM SỮA;PES-GC-MS/MS;Isodrin;Isodrin;VLAB-CH-TP-614;GC-MS/MS;0.003 mg/kg;0.01 mg/kg;72;;; 350.000 ; 1.050.000 
SỮA & SẢN PHẨM SỮA;SỮA & SẢN PHẨM SỮA;PES-GC-MS/MS;Isopropalin;Isopropalin;VLAB-CH-TP-614;GC-MS/MS;0.003 mg/kg;0.01 mg/kg;72;;; 350.000 ; 1.050.000 
SỮA & SẢN PHẨM SỮA;SỮA & SẢN PHẨM SỮA;PES-GC-MS/MS;Kresoxim-methyl;Kresoxim-methyl;VLAB-CH-TP-614;GC-MS/MS;0.003 mg/kg;0.01 mg/kg;72;;; 350.000 ; 1.050.000 
SỮA & SẢN PHẨM SỮA;SỮA & SẢN PHẨM SỮA;PES-GC-MS/MS;Lenacil;Lenacil;VLAB-CH-TP-614;GC-MS/MS;0.003 mg/kg;0.01 mg/kg;72;;; 350.000 ; 1.050.000 
SỮA & SẢN PHẨM SỮA;SỮA & SẢN PHẨM SỮA;PES-GC-MS/MS;Leptophos;Leptophos;VLAB-CH-TP-614;GC-MS/MS;0.003 mg/kg;0.01 mg/kg;72;;; 350.000 ; 1.050.000 
SỮA & SẢN PHẨM SỮA;SỮA & SẢN PHẨM SỮA;PES-GC-MS/MS;Malathion;Malathion;VLAB-CH-TP-614;GC-MS/MS;0.003 mg/kg;0.01 mg/kg;72;;; 350.000 ; 1.050.000 
SỮA & SẢN PHẨM SỮA;SỮA & SẢN PHẨM SỮA;PES-GC-MS/MS;Mecarbam;Mecarbam;VLAB-CH-TP-614;GC-MS/MS;0.003 mg/kg;0.01 mg/kg;72;;; 350.000 ; 1.050.000 
SỮA & SẢN PHẨM SỮA;SỮA & SẢN PHẨM SỮA;PES-GC-MS/MS;Mefenpyr-diethyl;Mefenpyr-diethyl;VLAB-CH-TP-614;GC-MS/MS;0.003 mg/kg;0.01 mg/kg;72;;; 350.000 ; 1.050.000 
SỮA & SẢN PHẨM SỮA;SỮA & SẢN PHẨM SỮA;PES-GC-MS/MS;Mepronil;Mepronil;VLAB-CH-TP-614;GC-MS/MS;0.003 mg/kg;0.01 mg/kg;72;;; 350.000 ; 1.050.000 
SỮA & SẢN PHẨM SỮA;SỮA & SẢN PHẨM SỮA;PES-GC-MS/MS;Metalaxyl (Mefenoxam);Metalaxyl (Mefenoxam);VLAB-CH-TP-614;GC-MS/MS;0.003 mg/kg;0.01 mg/kg;72;;; 350.000 ; 1.050.000 
SỮA & SẢN PHẨM SỮA;SỮA & SẢN PHẨM SỮA;PES-GC-MS/MS;Metazachlor;Metazachlor;VLAB-CH-TP-614;GC-MS/MS;0.003 mg/kg;0.01 mg/kg;72;;; 350.000 ; 1.050.000 
SỮA & SẢN PHẨM SỮA;SỮA & SẢN PHẨM SỮA;PES-GC-MS/MS;Methacrifos;Methacrifos;VLAB-CH-TP-614;GC-MS/MS;0.003 mg/kg;0.01 mg/kg;72;;; 350.000 ; 1.050.000 
SỮA & SẢN PHẨM SỮA;SỮA & SẢN PHẨM SỮA;PES-GC-MS/MS;Methidathion;Methidathion;VLAB-CH-TP-614;GC-MS/MS;0.003 mg/kg;0.01 mg/kg;72;;; 350.000 ; 1.050.000 
SỮA & SẢN PHẨM SỮA;SỮA & SẢN PHẨM SỮA;PES-GC-MS/MS;Methoxychlor olefin;Methoxychlor olefin;VLAB-CH-TP-614;GC-MS/MS;0.003 mg/kg;0.01 mg/kg;72;;; 350.000 ; 1.050.000 
SỮA & SẢN PHẨM SỮA;SỮA & SẢN PHẨM SỮA;PES-GC-MS/MS;Metolachlor;Metolachlor;VLAB-CH-TP-614;GC-MS/MS;0.003 mg/kg;0.01 mg/kg;72;;; 350.000 ; 1.050.000 
SỮA & SẢN PHẨM SỮA;SỮA & SẢN PHẨM SỮA;PES-GC-MS/MS;Metrafenone;Metrafenone;VLAB-CH-TP-614;GC-MS/MS;0.003 mg/kg;0.01 mg/kg;72;;; 350.000 ; 1.050.000 
SỮA & SẢN PHẨM SỮA;SỮA & SẢN PHẨM SỮA;PES-GC-MS/MS;Metribuzin;Metribuzin;VLAB-CH-TP-614;GC-MS/MS;0.003 mg/kg;0.01 mg/kg;72;;; 350.000 ; 1.050.000 
SỮA & SẢN PHẨM SỮA;SỮA & SẢN PHẨM SỮA;PES-GC-MS/MS;Mevinphos;Mevinphos;VLAB-CH-TP-614;GC-MS/MS;0.003 mg/kg;0.01 mg/kg;72;;; 350.000 ; 1.050.000 
SỮA & SẢN PHẨM SỮA;SỮA & SẢN PHẨM SỮA;PES-GC-MS/MS;MGK-264 (N-Octyl bicycloheptene dicarboximide);MGK-264 (N-Octyl bicycloheptene dicarboximide);VLAB-CH-TP-614;GC-MS/MS;0.003 mg/kg;0.01 mg/kg;72;;; 350.000 ; 1.050.000 
SỮA & SẢN PHẨM SỮA;SỮA & SẢN PHẨM SỮA;PES-GC-MS/MS;Molinate;Molinate;VLAB-CH-TP-614;GC-MS/MS;0.003 mg/kg;0.01 mg/kg;72;;; 350.000 ; 1.050.000 
SỮA & SẢN PHẨM SỮA;SỮA & SẢN PHẨM SỮA;PES-GC-MS/MS;Myclobutanil;Myclobutanil;VLAB-CH-TP-614;GC-MS/MS;0.003 mg/kg;0.01 mg/kg;72;;; 350.000 ; 1.050.000 
SỮA & SẢN PHẨM SỮA;SỮA & SẢN PHẨM SỮA;PES-GC-MS/MS;N-(2,4-dimethylphenyl) formamide;N-(2,4-dimethylphenyl) formamide;VLAB-CH-TP-614;GC-MS/MS;0.003 mg/kg;0.01 mg/kg;72;;; 350.000 ; 1.050.000 
SỮA & SẢN PHẨM SỮA;SỮA & SẢN PHẨM SỮA;PES-GC-MS/MS;Napropamide;Napropamide;VLAB-CH-TP-614;GC-MS/MS;0.003 mg/kg;0.01 mg/kg;72;;; 350.000 ; 1.050.000 
SỮA & SẢN PHẨM SỮA;SỮA & SẢN PHẨM SỮA;PES-GC-MS/MS;Nitrothal-isopropyl;Nitrothal-isopropyl;VLAB-CH-TP-614;GC-MS/MS;0.003 mg/kg;0.01 mg/kg;72;;; 350.000 ; 1.050.000 
SỮA & SẢN PHẨM SỮA;SỮA & SẢN PHẨM SỮA;PES-GC-MS/MS;Norflurazon;Norflurazon;VLAB-CH-TP-614;GC-MS/MS;0.003 mg/kg;0.01 mg/kg;72;;; 350.000 ; 1.050.000 
SỮA & SẢN PHẨM SỮA;SỮA & SẢN PHẨM SỮA;PES-GC-MS/MS;Nuarimol;Nuarimol;VLAB-CH-TP-614;GC-MS/MS;0.003 mg/kg;0.01 mg/kg;72;;; 350.000 ; 1.050.000 
SỮA & SẢN PHẨM SỮA;SỮA & SẢN PHẨM SỮA;PES-GC-MS/MS;o, p'-Dicofol;o, p'-Dicofol;VLAB-CH-TP-614;GC-MS/MS;0.003 mg/kg;0.01 mg/kg;72;;; 350.000 ; 1.050.000 
SỮA & SẢN PHẨM SỮA;SỮA & SẢN PHẨM SỮA;PES-GC-MS/MS;Oxadiazon;Oxadiazon;VLAB-CH-TP-614;GC-MS/MS;0.003 mg/kg;0.01 mg/kg;72;;; 350.000 ; 1.050.000 
SỮA & SẢN PHẨM SỮA;SỮA & SẢN PHẨM SỮA;PES-GC-MS/MS;oxy-Chlordane;oxy-Chlordane;VLAB-CH-TP-614;GC-MS/MS;0.003 mg/kg;0.01 mg/kg;72;;; 350.000 ; 1.050.000 
SỮA & SẢN PHẨM SỮA;SỮA & SẢN PHẨM SỮA;PES-GC-MS/MS;Oxyfluorfen;Oxyfluorfen;VLAB-CH-TP-614;GC-MS/MS;0.003 mg/kg;0.01 mg/kg;72;;; 350.000 ; 1.050.000 
SỮA & SẢN PHẨM SỮA;SỮA & SẢN PHẨM SỮA;PES-GC-MS/MS;Paclobutrazol;Paclobutrazol;VLAB-CH-TP-614;GC-MS/MS;0.003 mg/kg;0.01 mg/kg;72;;; 350.000 ; 1.050.000 
SỮA & SẢN PHẨM SỮA;SỮA & SẢN PHẨM SỮA;PES-GC-MS/MS;Parathion (Ethyl parathion);Parathion (Ethyl parathion);VLAB-CH-TP-614;GC-MS/MS;0.003 mg/kg;0.01 mg/kg;72;;; 350.000 ; 1.050.000 
SỮA & SẢN PHẨM SỮA;SỮA & SẢN PHẨM SỮA;PES-GC-MS/MS;Parathion-methyl;Parathion-methyl;VLAB-CH-TP-614;GC-MS/MS;0.003 mg/kg;0.01 mg/kg;72;;; 350.000 ; 1.050.000 
SỮA & SẢN PHẨM SỮA;SỮA & SẢN PHẨM SỮA;PES-GC-MS/MS;Pebulate;Pebulate;VLAB-CH-TP-614;GC-MS/MS;0.003 mg/kg;0.01 mg/kg;72;;; 350.000 ; 1.050.000 
SỮA & SẢN PHẨM SỮA;SỮA & SẢN PHẨM SỮA;PES-GC-MS/MS;Penconazole;Penconazole;VLAB-CH-TP-614;GC-MS/MS;0.003 mg/kg;0.01 mg/kg;72;;; 350.000 ; 1.050.000 
SỮA & SẢN PHẨM SỮA;SỮA & SẢN PHẨM SỮA;PES-GC-MS/MS;Pencycuron (Monceren);Pencycuron (Monceren);VLAB-CH-TP-614;GC-MS/MS;0.003 mg/kg;0.01 mg/kg;72;;; 350.000 ; 1.050.000 
SỮA & SẢN PHẨM SỮA;SỮA & SẢN PHẨM SỮA;PES-GC-MS/MS;Pendimethalin;Pendimethalin;VLAB-CH-TP-614;GC-MS/MS;0.003 mg/kg;0.01 mg/kg;72;;; 350.000 ; 1.050.000 
SỮA & SẢN PHẨM SỮA;SỮA & SẢN PHẨM SỮA;PES-GC-MS/MS;Pentachloroaniline;Pentachloroaniline;VLAB-CH-TP-614;GC-MS/MS;0.003 mg/kg;0.01 mg/kg;72;;; 350.000 ; 1.050.000 
SỮA & SẢN PHẨM SỮA;SỮA & SẢN PHẨM SỮA;PES-GC-MS/MS;Pentachloroanisole;Pentachloroanisole;VLAB-CH-TP-614;GC-MS/MS;0.003 mg/kg;0.01 mg/kg;72;;; 350.000 ; 1.050.000 
SỮA & SẢN PHẨM SỮA;SỮA & SẢN PHẨM SỮA;PES-GC-MS/MS;Pentachlorobenzene;Pentachlorobenzene;VLAB-CH-TP-614;GC-MS/MS;0.003 mg/kg;0.01 mg/kg;72;;; 350.000 ; 1.050.000 
SỮA & SẢN PHẨM SỮA;SỮA & SẢN PHẨM SỮA;PES-GC-MS/MS;Pentachlorobenzonitrile;Pentachlorobenzonitrile;VLAB-CH-TP-614;GC-MS/MS;0.003 mg/kg;0.01 mg/kg;72;;; 350.000 ; 1.050.000 
SỮA & SẢN PHẨM SỮA;SỮA & SẢN PHẨM SỮA;PES-GC-MS/MS;Pentachloronitrobenzene;Pentachloronitrobenzene;VLAB-CH-TP-614;GC-MS/MS;0.003 mg/kg;0.01 mg/kg;72;;; 350.000 ; 1.050.000 
SỮA & SẢN PHẨM SỮA;SỮA & SẢN PHẨM SỮA;PES-GC-MS/MS;Pentachlorothioanisole;Pentachlorothioanisole;VLAB-CH-TP-614;GC-MS/MS;0.003 mg/kg;0.01 mg/kg;72;;; 350.000 ; 1.050.000 
SỮA & SẢN PHẨM SỮA;SỮA & SẢN PHẨM SỮA;PES-GC-MS/MS;Permethrin-cis-trans;Permethrin-cis-trans;VLAB-CH-TP-614;GC-MS/MS;0.003 mg/kg;0.01 mg/kg;72;;; 350.000 ; 1.050.000 
SỮA & SẢN PHẨM SỮA;SỮA & SẢN PHẨM SỮA;PES-GC-MS/MS;Phenothrin;Phenothrin;VLAB-CH-TP-614;GC-MS/MS;0.003 mg/kg;0.01 mg/kg;72;;; 350.000 ; 1.050.000 
SỮA & SẢN PHẨM SỮA;SỮA & SẢN PHẨM SỮA;PES-GC-MS/MS;Phenthoate;Phenthoate;VLAB-CH-TP-614;GC-MS/MS;0.003 mg/kg;0.01 mg/kg;72;;; 350.000 ; 1.050.000 
SỮA & SẢN PHẨM SỮA;SỮA & SẢN PHẨM SỮA;PES-GC-MS/MS;Phorate;Phorate;VLAB-CH-TP-614;GC-MS/MS;0.003 mg/kg;0.01 mg/kg;72;;; 350.000 ; 1.050.000 
SỮA & SẢN PHẨM SỮA;SỮA & SẢN PHẨM SỮA;PES-GC-MS/MS;Phorate sulfone;Phorate sulfone;VLAB-CH-TP-614;GC-MS/MS;0.003 mg/kg;0.01 mg/kg;72;;; 350.000 ; 1.050.000 
SỮA & SẢN PHẨM SỮA;SỮA & SẢN PHẨM SỮA;PES-GC-MS/MS;Phosalone;Phosalone;VLAB-CH-TP-614;GC-MS/MS;0.003 mg/kg;0.01 mg/kg;72;;; 350.000 ; 1.050.000 
SỮA & SẢN PHẨM SỮA;SỮA & SẢN PHẨM SỮA;PES-GC-MS/MS;Picolinafen;Picolinafen;VLAB-CH-TP-614;GC-MS/MS;0.003 mg/kg;0.01 mg/kg;72;;; 350.000 ; 1.050.000 
SỮA & SẢN PHẨM SỮA;SỮA & SẢN PHẨM SỮA;PES-GC-MS/MS;Piperonyl butoxide;Piperonyl butoxide;VLAB-CH-TP-614;GC-MS/MS;0.003 mg/kg;0.01 mg/kg;72;;; 350.000 ; 1.050.000 
SỮA & SẢN PHẨM SỮA;SỮA & SẢN PHẨM SỮA;PES-GC-MS/MS;Piperophos;Piperophos;VLAB-CH-TP-614;GC-MS/MS;0.003 mg/kg;0.01 mg/kg;72;;; 350.000 ; 1.050.000 
SỮA & SẢN PHẨM SỮA;SỮA & SẢN PHẨM SỮA;PES-GC-MS/MS;Pirimiphos-ethyl;Pirimiphos-ethyl;VLAB-CH-TP-614;GC-MS/MS;0.003 mg/kg;0.01 mg/kg;72;;; 350.000 ; 1.050.000 
SỮA & SẢN PHẨM SỮA;SỮA & SẢN PHẨM SỮA;PES-GC-MS/MS;Pirimiphos-methyl;Pirimiphos-methyl;VLAB-CH-TP-614;GC-MS/MS;0.003 mg/kg;0.01 mg/kg;72;;; 350.000 ; 1.050.000 
SỮA & SẢN PHẨM SỮA;SỮA & SẢN PHẨM SỮA;PES-GC-MS/MS;Pretilachlor;Pretilachlor;VLAB-CH-TP-614;GC-MS/MS;0.003 mg/kg;0.01 mg/kg;72;;; 350.000 ; 1.050.000 
SỮA & SẢN PHẨM SỮA;SỮA & SẢN PHẨM SỮA;PES-LC/MS/MS-1;Prochloraz;Prochloraz;VLAB-CH-TP-674;LC-MS/MS;0.003 mg/kg;0.01 mg/kg;72;;; 350.000 ; 1.050.000 
SỮA & SẢN PHẨM SỮA;SỮA & SẢN PHẨM SỮA;PES-GC-MS/MS;Procymidone;Procymidone;VLAB-CH-TP-614;GC-MS/MS;0.003 mg/kg;0.01 mg/kg;72;;; 350.000 ; 1.050.000 
SỮA & SẢN PHẨM SỮA;SỮA & SẢN PHẨM SỮA;PES-GC-MS/MS;Prodiamine;Prodiamine;VLAB-CH-TP-614;GC-MS/MS;0.003 mg/kg;0.01 mg/kg;72;;; 350.000 ; 1.050.000 
SỮA & SẢN PHẨM SỮA;SỮA & SẢN PHẨM SỮA;PES-GC-MS/MS;Profenofos;Profenofos;VLAB-CH-TP-614;GC-MS/MS;0.003 mg/kg;0.01 mg/kg;72;;; 350.000 ; 1.050.000 
SỮA & SẢN PHẨM SỮA;SỮA & SẢN PHẨM SỮA;PES-GC-MS/MS;Profluralin;Profluralin;VLAB-CH-TP-614;GC-MS/MS;0.003 mg/kg;0.01 mg/kg;72;;; 350.000 ; 1.050.000 
SỮA & SẢN PHẨM SỮA;SỮA & SẢN PHẨM SỮA;PES-LC/MS/MS-1;Prometryn;Prometryn;VLAB-CH-TP-674;LC-MS/MS;0.003 mg/kg;0.01 mg/kg;72;;; 350.000 ; 1.050.000 
SỮA & SẢN PHẨM SỮA;SỮA & SẢN PHẨM SỮA;PES-GC-MS/MS;Propachlor;Propachlor;VLAB-CH-TP-614;GC-MS/MS;0.003 mg/kg;0.01 mg/kg;72;;; 350.000 ; 1.050.000 
SỮA & SẢN PHẨM SỮA;SỮA & SẢN PHẨM SỮA;PES-GC-MS/MS;Propanil;Propanil;VLAB-CH-TP-614;GC-MS/MS;0.003 mg/kg;0.01 mg/kg;72;;; 350.000 ; 1.050.000 
SỮA & SẢN PHẨM SỮA;SỮA & SẢN PHẨM SỮA;PES-GC-MS/MS;Propargite;Propargite;VLAB-CH-TP-614;GC-MS/MS;0.003 mg/kg;0.01 mg/kg;72;;; 350.000 ; 1.050.000 
SỮA & SẢN PHẨM SỮA;SỮA & SẢN PHẨM SỮA;PES-GC-MS/MS;Propazine;Propazine;VLAB-CH-TP-614;GC-MS/MS;0.003 mg/kg;0.01 mg/kg;72;;; 350.000 ; 1.050.000 
SỮA & SẢN PHẨM SỮA;SỮA & SẢN PHẨM SỮA;PES-GC-MS/MS;Propetamphos;Propetamphos;VLAB-CH-TP-614;GC-MS/MS;0.003 mg/kg;0.01 mg/kg;72;;; 350.000 ; 1.050.000 
SỮA & SẢN PHẨM SỮA;SỮA & SẢN PHẨM SỮA;PES-GC-MS/MS;Propham;Propham;VLAB-CH-TP-614;GC-MS/MS;0.003 mg/kg;0.01 mg/kg;72;;; 350.000 ; 1.050.000 
SỮA & SẢN PHẨM SỮA;SỮA & SẢN PHẨM SỮA;PES-GC-MS/MS;Propisochlor;Propisochlor;VLAB-CH-TP-614;GC-MS/MS;0.003 mg/kg;0.01 mg/kg;72;;; 350.000 ; 1.050.000 
SỮA & SẢN PHẨM SỮA;SỮA & SẢN PHẨM SỮA;PES-GC-MS/MS;Propyzamide;Propyzamide;VLAB-CH-TP-614;GC-MS/MS;0.003 mg/kg;0.01 mg/kg;72;;; 350.000 ; 1.050.000 
SỮA & SẢN PHẨM SỮA;SỮA & SẢN PHẨM SỮA;PES-GC-MS/MS;Prothiofos;Prothiofos;VLAB-CH-TP-614;GC-MS/MS;0.003 mg/kg;0.01 mg/kg;72;;; 350.000 ; 1.050.000 
SỮA & SẢN PHẨM SỮA;SỮA & SẢN PHẨM SỮA;PES-GC-MS/MS;Pyraclofos;Pyraclofos;VLAB-CH-TP-614;GC-MS/MS;0.003 mg/kg;0.01 mg/kg;72;;; 350.000 ; 1.050.000 
SỮA & SẢN PHẨM SỮA;SỮA & SẢN PHẨM SỮA;PES-GC-MS/MS;Pyrazophos;Pyrazophos;VLAB-CH-TP-614;GC-MS/MS;0.003 mg/kg;0.01 mg/kg;72;;; 350.000 ; 1.050.000 
SỮA & SẢN PHẨM SỮA;SỮA & SẢN PHẨM SỮA;PES-GC-MS/MS;Pyridaben;Pyridaben;VLAB-CH-TP-614;GC-MS/MS;0.003 mg/kg;0.01 mg/kg;72;;; 350.000 ; 1.050.000 
SỮA & SẢN PHẨM SỮA;SỮA & SẢN PHẨM SỮA;PES-GC-MS/MS;Pyridaphenthion;Pyridaphenthion;VLAB-CH-TP-614;GC-MS/MS;0.003 mg/kg;0.01 mg/kg;72;;; 350.000 ; 1.050.000 
SỮA & SẢN PHẨM SỮA;SỮA & SẢN PHẨM SỮA;PES-GC-MS/MS;Pyrifenox;Pyrifenox;VLAB-CH-TP-614;GC-MS/MS;0.003 mg/kg;0.01 mg/kg;72;;; 350.000 ; 1.050.000 
SỮA & SẢN PHẨM SỮA;SỮA & SẢN PHẨM SỮA;PES-GC-MS/MS;Pyrimethanil;Pyrimethanil;VLAB-CH-TP-614;GC-MS/MS;0.003 mg/kg;0.01 mg/kg;72;;; 350.000 ; 1.050.000 
SỮA & SẢN PHẨM SỮA;SỮA & SẢN PHẨM SỮA;PES-GC-MS/MS;Pyriproxyfen;Pyriproxyfen;VLAB-CH-TP-614;GC-MS/MS;0.003 mg/kg;0.01 mg/kg;72;;; 350.000 ; 1.050.000 
SỮA & SẢN PHẨM SỮA;SỮA & SẢN PHẨM SỮA;PES-GC-MS/MS;Pyroquilon;Pyroquilon;VLAB-CH-TP-614;GC-MS/MS;0.003 mg/kg;0.01 mg/kg;72;;; 350.000 ; 1.050.000 
SỮA & SẢN PHẨM SỮA;SỮA & SẢN PHẨM SỮA;PES-GC-MS/MS;Quinalphos;Quinalphos;VLAB-CH-TP-614;GC-MS/MS;0.003 mg/kg;0.01 mg/kg;72;;; 350.000 ; 1.050.000 
SỮA & SẢN PHẨM SỮA;SỮA & SẢN PHẨM SỮA;PES-GC-MS/MS;Quintozene (Pentachloronitrobenzene);Quintozene (Pentachloronitrobenzene);VLAB-CH-TP-614;GC-MS/MS;0.003 mg/kg;0.01 mg/kg;72;;; 350.000 ; 1.050.000 
SỮA & SẢN PHẨM SỮA;SỮA & SẢN PHẨM SỮA;PES-GC-MS/MS;Ronnel (Fenchlorphos);Ronnel (Fenchlorphos);VLAB-CH-TP-614;GC-MS/MS;0.003 mg/kg;0.01 mg/kg;72;;; 350.000 ; 1.050.000 
SỮA & SẢN PHẨM SỮA;SỮA & SẢN PHẨM SỮA;PES-GC-MS/MS;Simazine;Simazine;VLAB-CH-TP-614;GC-MS/MS;0.003 mg/kg;0.01 mg/kg;72;;; 350.000 ; 1.050.000 
SỮA & SẢN PHẨM SỮA;SỮA & SẢN PHẨM SỮA;PES-GC-MS/MS;Simeconazole;Simeconazole;VLAB-CH-TP-614;GC-MS/MS;0.003 mg/kg;0.01 mg/kg;72;;; 350.000 ; 1.050.000 
SỮA & SẢN PHẨM SỮA;SỮA & SẢN PHẨM SỮA;PES-GC-MS/MS;Sulfotep;Sulfotep;VLAB-CH-TP-614;GC-MS/MS;0.003 mg/kg;0.01 mg/kg;72;;; 350.000 ; 1.050.000 
SỮA & SẢN PHẨM SỮA;SỮA & SẢN PHẨM SỮA;PES-GC-MS/MS;Sulprofos;Sulprofos;VLAB-CH-TP-614;GC-MS/MS;0.003 mg/kg;0.01 mg/kg;72;;; 350.000 ; 1.050.000 
SỮA & SẢN PHẨM SỮA;SỮA & SẢN PHẨM SỮA;PES-GC-MS/MS;tau-Fluvalinate;tau-Fluvalinate;VLAB-CH-TP-614;GC-MS/MS;0.003 mg/kg;0.01 mg/kg;72;;; 350.000 ; 1.050.000 
SỮA & SẢN PHẨM SỮA;SỮA & SẢN PHẨM SỮA;PES-GC-MS/MS;Tebufenpyrad;Tebufenpyrad;VLAB-CH-TP-614;GC-MS/MS;0.003 mg/kg;0.01 mg/kg;72;;; 350.000 ; 1.050.000 
SỮA & SẢN PHẨM SỮA;SỮA & SẢN PHẨM SỮA;PES-GC-MS/MS;Tebupirimfos;Tebupirimfos;VLAB-CH-TP-614;GC-MS/MS;0.003 mg/kg;0.01 mg/kg;72;;; 350.000 ; 1.050.000 
SỮA & SẢN PHẨM SỮA;SỮA & SẢN PHẨM SỮA;PES-GC-MS/MS;Tecnazene;Tecnazene;VLAB-CH-TP-614;GC-MS/MS;0.003 mg/kg;0.01 mg/kg;72;;; 350.000 ; 1.050.000 
SỮA & SẢN PHẨM SỮA;SỮA & SẢN PHẨM SỮA;PES-GC-MS/MS;Tefluthrin;Tefluthrin;VLAB-CH-TP-614;GC-MS/MS;0.003 mg/kg;0.01 mg/kg;72;;; 350.000 ; 1.050.000 
SỮA & SẢN PHẨM SỮA;SỮA & SẢN PHẨM SỮA;PES-GC-MS/MS;Terbacil;Terbacil;VLAB-CH-TP-614;GC-MS/MS;0.003 mg/kg;0.01 mg/kg;72;;; 350.000 ; 1.050.000 
SỮA & SẢN PHẨM SỮA;SỮA & SẢN PHẨM SỮA;PES-GC-MS/MS;Terbufos;Terbufos;VLAB-CH-TP-614;GC-MS/MS;0.003 mg/kg;0.01 mg/kg;72;;; 350.000 ; 1.050.000 
SỮA & SẢN PHẨM SỮA;SỮA & SẢN PHẨM SỮA;PES-GC-MS/MS;Terbumeton;Terbumeton;VLAB-CH-TP-614;GC-MS/MS;0.003 mg/kg;0.01 mg/kg;72;;; 350.000 ; 1.050.000 
SỮA & SẢN PHẨM SỮA;SỮA & SẢN PHẨM SỮA;PES-GC-MS/MS;Terbuthylazine;Terbuthylazine;VLAB-CH-TP-614;GC-MS/MS;0.003 mg/kg;0.01 mg/kg;72;;; 350.000 ; 1.050.000 
SỮA & SẢN PHẨM SỮA;SỮA & SẢN PHẨM SỮA;PES-GC-MS/MS;Tetradifon;Tetradifon;VLAB-CH-TP-614;GC-MS/MS;0.003 mg/kg;0.01 mg/kg;72;;; 350.000 ; 1.050.000 
SỮA & SẢN PHẨM SỮA;SỮA & SẢN PHẨM SỮA;PES-GC-MS/MS;Tetramethrin;Tetramethrin;VLAB-CH-TP-614;GC-MS/MS;0.003 mg/kg;0.01 mg/kg;72;;; 350.000 ; 1.050.000 
SỮA & SẢN PHẨM SỮA;SỮA & SẢN PHẨM SỮA;PES-GC-MS/MS;Tetrasul;Tetrasul;VLAB-CH-TP-614;GC-MS/MS;0.003 mg/kg;0.01 mg/kg;72;;; 350.000 ; 1.050.000 
SỮA & SẢN PHẨM SỮA;SỮA & SẢN PHẨM SỮA;PES-GC-MS/MS;Thiazopyr;Thiazopyr;VLAB-CH-TP-614;GC-MS/MS;0.003 mg/kg;0.01 mg/kg;72;;; 350.000 ; 1.050.000 
SỮA & SẢN PHẨM SỮA;SỮA & SẢN PHẨM SỮA;PES-GC-MS/MS;Tolclofos-methyl;Tolclofos-methyl;VLAB-CH-TP-614;GC-MS/MS;0.003 mg/kg;0.01 mg/kg;72;;; 350.000 ; 1.050.000 
SỮA & SẢN PHẨM SỮA;SỮA & SẢN PHẨM SỮA;PES-GC-MS/MS;trans-Chlordane;trans-Chlordane;VLAB-CH-TP-614;GC-MS/MS;0.003 mg/kg;0.01 mg/kg;72;;; 350.000 ; 1.050.000 
SỮA & SẢN PHẨM SỮA;SỮA & SẢN PHẨM SỮA;PES-GC-MS/MS;Transfluthrin;Transfluthrin;VLAB-CH-TP-614;GC-MS/MS;0.003 mg/kg;0.01 mg/kg;72;;; 350.000 ; 1.050.000 
SỮA & SẢN PHẨM SỮA;SỮA & SẢN PHẨM SỮA;PES-GC-MS/MS;trans-Nonachlor;trans-Nonachlor;VLAB-CH-TP-614;GC-MS/MS;0.003 mg/kg;0.01 mg/kg;72;;; 350.000 ; 1.050.000 
SỮA & SẢN PHẨM SỮA;SỮA & SẢN PHẨM SỮA;PES-GC-MS/MS;Triadimefon;Triadimefon;VLAB-CH-TP-614;GC-MS/MS;0.003 mg/kg;0.01 mg/kg;72;;; 350.000 ; 1.050.000 
SỮA & SẢN PHẨM SỮA;SỮA & SẢN PHẨM SỮA;PES-GC-MS/MS;Triadimenol;Triadimenol;VLAB-CH-TP-614;GC-MS/MS;0.003 mg/kg;0.01 mg/kg;72;;; 350.000 ; 1.050.000 
SỮA & SẢN PHẨM SỮA;SỮA & SẢN PHẨM SỮA;PES-GC-MS/MS;Triallate;Triallate;VLAB-CH-TP-614;GC-MS/MS;0.003 mg/kg;0.01 mg/kg;72;;; 350.000 ; 1.050.000 
SỮA & SẢN PHẨM SỮA;SỮA & SẢN PHẨM SỮA;PES-GC-MS/MS;Triazophos;Triazophos;VLAB-CH-TP-614;GC-MS/MS;0.003 mg/kg;0.01 mg/kg;72;;; 350.000 ; 1.050.000 
SỮA & SẢN PHẨM SỮA;SỮA & SẢN PHẨM SỮA;PES-GC-MS/MS;Triflumizole;Triflumizole;VLAB-CH-TP-614;GC-MS/MS;0.003 mg/kg;0.01 mg/kg;72;;; 350.000 ; 1.050.000 
SỮA & SẢN PHẨM SỮA;SỮA & SẢN PHẨM SỮA;PES-GC-MS/MS;Trifluralin;Trifluralin;VLAB-CH-TP-614;GC-MS/MS;0.003 mg/kg;0.01 mg/kg;72;;; 350.000 ; 1.050.000 
SỮA & SẢN PHẨM SỮA;SỮA & SẢN PHẨM SỮA;PES-GC-MS/MS;Vinclozolin;Vinclozolin;VLAB-CH-TP-614;GC-MS/MS;0.003 mg/kg;0.01 mg/kg;72;;; 350.000 ; 1.050.000 
SỮA & SẢN PHẨM SỮA;SỮA & SẢN PHẨM SỮA;PES-GC-MS/MS;Fipronil disulfinyl;Fipronil disulfinyl;VLAB-CH-TP-614;GC-MS/MS;0.003 mg/kg;0.01 mg/kg;72;;; 350.000 ; 1.050.000 
SỮA & SẢN PHẨM SỮA;SỮA & SẢN PHẨM SỮA;;Hàm lượng Protein thô;Crude protein content;TCVN 8099-1:2015;Kjeldahl;;0,30%;96;;; 140.000 ; NA 
SỮA & SẢN PHẨM SỮA;SỮA & SẢN PHẨM SỮA;;Hàm lượng Protein ;Protein content;TCVN 8099-4:2018;-;;0,30%;96;;; 140.000 ; NA 
SỮA & SẢN PHẨM SỮA;SỮA & SẢN PHẨM SỮA;;Cronobacter spp;;VLAB-MI-TP-072;Phân lập ;/sample;;72;;; 140.000 ;NA
SỮA & SẢN PHẨM SỮA;Sữa bột và sản phẩm sữa bột;;Hàm lượng Béo ;Fat content;TCVN 7084:2010;-;;0,30%;72;;; 200.000 ; NA 
SỮA & SẢN PHẨM SỮA;Sữa chế biến;;Định lượng  tổng vi sinh vật hiếu khí;"Enumeration of aerobic microorganism
";VLAB-MI-TP-005;Đếm khuẩn lạc;CFU/ml;<1;72;;; 70.000 ;NA
SỮA & SẢN PHẨM SỮA;Sữa chế biến;;Định lượng Coliforms;Enumeration of Colifoms;VLAB-MI-TP-001;Đếm khuẩn lạc;CFU/ml;<1;48;;; 70.000 ;NA
SỮA & SẢN PHẨM SỮA;Sữa chế biến;;Định lượng E.coli dương tính với β-glucuronidase;Enumeration Escherichia coli  β-glucuronidase positive;VLAB-MI-TP-002;Đếm khuẩn lạc;CFU/ml;<1;48;;; 70.000 ;NA
SỮA & SẢN PHẨM SỮA;Sữa chế biến;;Định lượng Escherichia coli giả định;"Enumeration of presumptive 
Escherichia coli ";VLAB-MI-TP-003;MPN;MPN/ml;0;72;;; 70.000 ;NA
SỮA & SẢN PHẨM SỮA;Sữa chế biến;;Định lượng nấm men và nấm mốc;"Enumeration of 
yeasts and moulds ";VLAB-MI-TP-013;Đếm khuẩn lạc;CFU/ml;<1;120;;; 70.000 ;NA
SỮA & SẢN PHẨM SỮA;Sữa chế biến;;Định lượng nấm men và nấm mốc;"Enumeration of 
yeasts and moulds ";VLAB-MI-TP-014;Đếm khuẩn lạc;CFU/ml;<1;120;;; 70.000 ;NA
SỮA & SẢN PHẨM SỮA;Sữa chế biến;;Định lượng Staphylococci có phản ứng dương tính với coagulase (Staphylococcus aureus và các loài khác);"Enumeration of coagulase-positive Staphylococci (Staphylococcus
aureus and other species)";VLAB-MI-TP-008;Đếm khuẩn lạc;CFU/ml;<1;72;;; 70.000 ;NA
SỮA & SẢN PHẨM SỮA;Sữa chế biến;;Định lượng Staphylococci có phản ứng dương tính với coagulase (Staphylococcus aureus và các loài khác);"Enumeration of coagulase-positive Staphylococci (Staphylococcus
aureus and other species)";VLAB-MI-TP-033;MPN;MPN/ml;0;72;;; 70.000 ;NA
SỮA & SẢN PHẨM SỮA;Sữa chế biến;;Định lượng Clostridium perfringens;Enumeration of  Clostridium perfringens;VLAB-MI-TP-017;Đếm khuẩn lạc;CFU/ml;<1;48;;; 70.000 ;NA
SỮA & SẢN PHẨM SỮA;Sữa chế biến;;Phát hiện Salmonella spp.;Detection of Salmonella spp.;VLAB-MI-TP-004;Phân lập; /25ml;;120;;; 140.000 ;NA
SỮA & SẢN PHẨM SỮA;Sữa chế biến;;Định lượng Bacillus cereus giả định;Enumeration of presumptive Bacillus cereus;VLAB-MI-TP-016;Đếm khuẩn lạc;CFU/ml;<1;72;;; 70.000 ;NA
SỮA & SẢN PHẨM SỮA;Sữa chế biến;;Phát hiện Listeria monocytogenes;Detection of Listeria monocytogenes;VLAB-MI-TP-015;Phân lập; /25ml;;168;;; 140.000 ;NA
SỮA & SẢN PHẨM SỮA;Sữa chế biến;;Định lượng Listeria monocytogenes ;Enumeration of  Listeria monocytogenes ;VLAB-MI-TP-070;Đếm khuẩn lạc;CFU/ml;<1;120;;; 140.000 ;NA
SỮA & SẢN PHẨM SỮA;Sữa chế biến;;Định lượng Enterobacteriaceae;Enumeration of Enterobacteriaceae;VLAB-MI-TP-006;Đếm khuẩn lạc;CFU/ml;<1;96;;; 70.000 ;NA
SỮA & SẢN PHẨM SỮA;Sữa tươi nguyên liệu;;Hàm lượng Béo ;Fat content;TCVN 6508:2011;-;;0,30%;72;;; 200.000 ; NA 
SỮA & SẢN PHẨM SỮA;Sữa tươi tiệt trùng;;Hàm lượng Béo ;Fat content;TCVN 6508:2011;-;;0,30%;72;;; 200.000 ; NA 
SỮA & SẢN PHẨM SỮA;Thực phẩm bổ sung dạng sữa bột;;Hàm lượng Béo ;Fat content;VLAB-CH-TP-346 (Ref. TCVN 7084:2010);-;;0,30%;72;;; 140.000 ; NA 
TACN & NGUYÊN LIỆU;TACN & NGUYÊN LIỆU;NITROIMIDAZOLES;Dimetridazole (DMZ);Dimetridazole (DMZ);VLAB-CH-TP-609;LC-MS/MS;0.333 µg/kg;1 µg/kg;72;36;; 350.000 ; 700.000 
TACN & NGUYÊN LIỆU;TACN & NGUYÊN LIỆU;NITROIMIDAZOLES;Ipronidazole (IPZ);Ipronidazole (IPZ);VLAB-CH-TP-609;LC-MS/MS;0.333 µg/kg;1 µg/kg;72;;; 350.000 ; 700.000 
TACN & NGUYÊN LIỆU;TACN & NGUYÊN LIỆU;NITROIMIDAZOLES;Ipronidazol-OH (IPZ-OH);Ipronidazol-OH (IPZ-OH);VLAB-CH-TP-609;LC-MS/MS;0.167 µg/kg;0.5 µg/kg;72;;; 350.000 ; 700.000 
TACN & NGUYÊN LIỆU;TACN & NGUYÊN LIỆU;NITROIMIDAZOLES;Metronidazole (MNZ) (Metronidazol);Metronidazole (MNZ) (Metronidazol);VLAB-CH-TP-609;LC-MS/MS;0.167 µg/kg;0.5 µg/kg;72;36;; 350.000 ; 700.000 
TACN & NGUYÊN LIỆU;TACN & NGUYÊN LIỆU;NITROIMIDAZOLES;Metronidazole-OH (MNZ-OH);Metronidazole-OH (MNZ-OH);VLAB-CH-TP-609;LC-MS/MS;0.667 µg/kg;2 µg/kg;72;;; 350.000 ; 700.000 
TACN & NGUYÊN LIỆU;TACN & NGUYÊN LIỆU;NITROIMIDAZOLES;Ronidazole (RNZ);Ronidazole (RNZ);VLAB-CH-TP-609;LC-MS/MS;0.667 µg/kg;2 µg/kg;72;;; 350.000 ; 700.000 
TACN & NGUYÊN LIỆU;TACN & NGUYÊN LIỆU;NITROIMIDAZOLES;2-Hydroxymethyl-1-Methyl-5-Nitroimidazole (HMMNI);2-Hydroxymethyl-1-Methyl-5-Nitroimidazole (HMMNI);VLAB-CH-TP-609;LC-MS/MS;0.167 µg/kg;0.5 µg/kg;72;;; 350.000 ; 700.000 
TACN & NGUYÊN LIỆU;TACN & NGUYÊN LIỆU;NITROIMIDAZOLES;Tinidazole (TNZ);Tinidazole (TNZ);VLAB-CH-TP-609;LC-MS/MS;0.333 µg/kg;1 µg/kg;72;36;; 350.000 ; 700.000 
TACN & NGUYÊN LIỆU;TACN & NGUYÊN LIỆU;NITROIMIDAZOLES;Dimetridazole (DMZ);Dimetridazole (DMZ);VLAB-CH-TP-609;LC-MS/MS;0.333 µg/L;1 µg/L;72;36;; 350.000 ; 700.000 
TACN & NGUYÊN LIỆU;TACN & NGUYÊN LIỆU;NITROIMIDAZOLES;Ipronidazole (IPZ);Ipronidazole (IPZ);VLAB-CH-TP-609;LC-MS/MS;0.333 µg/L;1 µg/L;72;;; 350.000 ; 700.000 
TACN & NGUYÊN LIỆU;TACN & NGUYÊN LIỆU;NITROIMIDAZOLES;Ipronidazol-OH (IPZ-OH);Ipronidazol-OH (IPZ-OH);VLAB-CH-TP-609;LC-MS/MS;0.167 µg/L;0.5 µg/L;72;;; 350.000 ; 700.000 
TACN & NGUYÊN LIỆU;TACN & NGUYÊN LIỆU;NITROIMIDAZOLES;Metronidazole (MNZ) (Metronidazol);Metronidazole (MNZ) (Metronidazol);VLAB-CH-TP-609;LC-MS/MS;0.167 µg/L;0.5 µg/L;72;36;; 350.000 ; 700.000 
TACN & NGUYÊN LIỆU;TACN & NGUYÊN LIỆU;NITROIMIDAZOLES;Metronidazole-OH (MNZ-OH);Metronidazole-OH (MNZ-OH);VLAB-CH-TP-609;LC-MS/MS;0.667 µg/L;2 µg/L;72;36;; 350.000 ; 700.000 
TACN & NGUYÊN LIỆU;TACN & NGUYÊN LIỆU;NITROIMIDAZOLES;Ronidazole (RNZ);Ronidazole (RNZ);VLAB-CH-TP-609;LC-MS/MS;0.667 µg/L;2 µg/L;72;;; 350.000 ; 700.000 
TACN & NGUYÊN LIỆU;TACN & NGUYÊN LIỆU;NITROIMIDAZOLES;2-Hydroxymethyl-1-Methyl-5-Nitroimidazole (HMMNI);2-Hydroxymethyl-1-Methyl-5-Nitroimidazole (HMMNI);VLAB-CH-TP-609;LC-MS/MS;0.167 µg/L;0.5 µg/L;72;;; 350.000 ; 700.000 
TACN & NGUYÊN LIỆU;TACN & NGUYÊN LIỆU;NITROIMIDAZOLES;Tinidazole (TNZ);Tinidazole (TNZ);VLAB-CH-TP-609;LC-MS/MS;0.333 µg/L;1 µg/L;72;;; 350.000 ; 700.000 
TACN & NGUYÊN LIỆU;TACN & NGUYÊN LIỆU;AMINO ACIDS;Aspartic acid;Aspartic acid;VLAB-CH-TP-595;Biochrom;;0,02%;120;;; 350.000 ; 1.400.000 
TACN & NGUYÊN LIỆU;TACN & NGUYÊN LIỆU;AMINO ACIDS;Threonine;Threonine;VLAB-CH-TP-595;Biochrom;;0,02%;120;;; 350.000 ; 1.400.000 
TACN & NGUYÊN LIỆU;TACN & NGUYÊN LIỆU;AMINO ACIDS;Serine;Serine;VLAB-CH-TP-595;Biochrom;;0,02%;120;;; 350.000 ; 1.400.000 
TACN & NGUYÊN LIỆU;TACN & NGUYÊN LIỆU;AMINO ACIDS;Glutamic acid;Glutamic acid;VLAB-CH-TP-595;Biochrom;;0,02%;120;;; 350.000 ; 1.400.000 
TACN & NGUYÊN LIỆU;TACN & NGUYÊN LIỆU;AMINO ACIDS;Proline;Proline;VLAB-CH-TP-595;Biochrom;;0,02%;120;;; 350.000 ; 1.400.000 
TACN & NGUYÊN LIỆU;TACN & NGUYÊN LIỆU;AMINO ACIDS;Glycine;Glycine;VLAB-CH-TP-595;Biochrom;;0,02%;120;;; 350.000 ; 1.400.000 
TACN & NGUYÊN LIỆU;TACN & NGUYÊN LIỆU;AMINO ACIDS;Alanine;Alanine;VLAB-CH-TP-595;Biochrom;;0,02%;120;;; 350.000 ; 1.400.000 
TACN & NGUYÊN LIỆU;TACN & NGUYÊN LIỆU;AMINO ACIDS;Valine;Valine;VLAB-CH-TP-595;Biochrom;;0,02%;120;;; 350.000 ; 1.400.000 
TACN & NGUYÊN LIỆU;TACN & NGUYÊN LIỆU;AMINO ACIDS;Isoleucine;Isoleucine;VLAB-CH-TP-595;Biochrom;;0,02%;120;;; 350.000 ; 1.400.000 
TACN & NGUYÊN LIỆU;TACN & NGUYÊN LIỆU;AMINO ACIDS;Leucine;Leucine;VLAB-CH-TP-595;Biochrom;;0,02%;120;;; 350.000 ; 1.400.000 
TACN & NGUYÊN LIỆU;TACN & NGUYÊN LIỆU;AMINO ACIDS;Tyrosine;Tyrosine;VLAB-CH-TP-595;Biochrom;;0,02%;120;;; 350.000 ; 1.400.000 
TACN & NGUYÊN LIỆU;TACN & NGUYÊN LIỆU;AMINO ACIDS;Phenylalanie;Phenylalanie;VLAB-CH-TP-595;Biochrom;;0,02%;120;;; 350.000 ; 1.400.000 
TACN & NGUYÊN LIỆU;TACN & NGUYÊN LIỆU;AMINO ACIDS;Lysine;Lysine;VLAB-CH-TP-595;Biochrom;;0,02%;120;;; 350.000 ; 1.400.000 
TACN & NGUYÊN LIỆU;TACN & NGUYÊN LIỆU;AMINO ACIDS;Histidine;Histidine;VLAB-CH-TP-595;Biochrom;;0,02%;120;;; 350.000 ; 1.400.000 
TACN & NGUYÊN LIỆU;TACN & NGUYÊN LIỆU;AMINO ACIDS;Agrinine;Agrinine;VLAB-CH-TP-595;Biochrom;;0,02%;120;;; 350.000 ; 1.400.000 
TACN & NGUYÊN LIỆU;TACN & NGUYÊN LIỆU;AMINO ACIDS;Cystine (L-Cystine);Cystine (L-Cystine);VLAB-CH-TP-595;Biochrom;;0,02%;120;;; 350.000 ; 1.400.000 
TACN & NGUYÊN LIỆU;TACN & NGUYÊN LIỆU;AMINO ACIDS;Methionine (L-Methionin);Methionine (L-Methionin);VLAB-CH-TP-595;Biochrom;;0,02%;120;;; 350.000 ; 1.400.000 
TACN & NGUYÊN LIỆU;TACN & NGUYÊN LIỆU;AMINO ACIDS;Aspartic acid;Aspartic acid;VLAB-CH-TP-780;HPLC-FLD;;0,02%;120;;; 350.000 ; 1.400.000 
TACN & NGUYÊN LIỆU;TACN & NGUYÊN LIỆU;AMINO ACIDS;Threonine;Threonine;VLAB-CH-TP-780;HPLC-FLD;;0,02%;120;;; 350.000 ; 1.400.000 
TACN & NGUYÊN LIỆU;TACN & NGUYÊN LIỆU;AMINO ACIDS;Serine;Serine;VLAB-CH-TP-780;HPLC-FLD;;0,02%;120;;; 350.000 ; 1.400.000 
TACN & NGUYÊN LIỆU;TACN & NGUYÊN LIỆU;AMINO ACIDS;Glutamic acid;Glutamic acid;VLAB-CH-TP-780;HPLC-FLD;;0,02%;120;;; 350.000 ; 1.400.000 
TACN & NGUYÊN LIỆU;TACN & NGUYÊN LIỆU;AMINO ACIDS;Proline;Proline;VLAB-CH-TP-780;HPLC-FLD;;0,02%;120;;; 350.000 ; 1.400.000 
TACN & NGUYÊN LIỆU;TACN & NGUYÊN LIỆU;AMINO ACIDS;Glycine;Glycine;VLAB-CH-TP-780;HPLC-FLD;;0,02%;120;;; 350.000 ; 1.400.000 
TACN & NGUYÊN LIỆU;TACN & NGUYÊN LIỆU;AMINO ACIDS;Alanine;Alanine;VLAB-CH-TP-780;HPLC-FLD;;0,02%;120;;; 350.000 ; 1.400.000 
TACN & NGUYÊN LIỆU;TACN & NGUYÊN LIỆU;AMINO ACIDS;Valine;Valine;VLAB-CH-TP-780;HPLC-FLD;;0,02%;120;;; 350.000 ; 1.400.000 
TACN & NGUYÊN LIỆU;TACN & NGUYÊN LIỆU;AMINO ACIDS;Isoleucine;Isoleucine;VLAB-CH-TP-780;HPLC-FLD;;0,02%;120;;; 350.000 ; 1.400.000 
TACN & NGUYÊN LIỆU;TACN & NGUYÊN LIỆU;AMINO ACIDS;Leucine;Leucine;VLAB-CH-TP-780;HPLC-FLD;;0,02%;120;;; 350.000 ; 1.400.000 
TACN & NGUYÊN LIỆU;TACN & NGUYÊN LIỆU;AMINO ACIDS;Tyrosine;Tyrosine;VLAB-CH-TP-780;HPLC-FLD;;0,02%;120;;; 350.000 ; 1.400.000 
TACN & NGUYÊN LIỆU;TACN & NGUYÊN LIỆU;AMINO ACIDS;Phenylalanie;Phenylalanie;VLAB-CH-TP-780;HPLC-FLD;;0,02%;120;;; 350.000 ; 1.400.000 
TACN & NGUYÊN LIỆU;TACN & NGUYÊN LIỆU;AMINO ACIDS;Lysine;Lysine;VLAB-CH-TP-780;HPLC-FLD;;0,02%;120;;; 350.000 ; 1.400.000 
TACN & NGUYÊN LIỆU;TACN & NGUYÊN LIỆU;AMINO ACIDS;Histidine;Histidine;VLAB-CH-TP-780;HPLC-FLD;;0,02%;120;;; 350.000 ; 1.400.000 
TACN & NGUYÊN LIỆU;TACN & NGUYÊN LIỆU;AMINO ACIDS;Agrinine;Agrinine;VLAB-CH-TP-780;HPLC-FLD;;0,02%;120;;; 350.000 ; 1.400.000 
TACN & NGUYÊN LIỆU;TACN & NGUYÊN LIỆU;AMINO ACIDS;Cystine (L-Cystine);Cystine (L-Cystine);VLAB-CH-TP-780;HPLC-FLD;;0,02%;120;;; 350.000 ; 1.400.000 
TACN & NGUYÊN LIỆU;TACN & NGUYÊN LIỆU;AMINO ACIDS;Methionine (L-Methionin);Methionine (L-Methionin);VLAB-CH-TP-780;HPLC-FLD;;0,02%;120;;; 350.000 ; 1.400.000 
TACN & NGUYÊN LIỆU;TACN & NGUYÊN LIỆU;PHENOXY ACID HERBICIDES;2,4,5-T;2,4,5-T;VLAB-CH-TP-660;LC-MS/MS;0.033 mg/kg;0.1 mg/kg;72;;; 350.000 ; 1.050.000 
TACN & NGUYÊN LIỆU;TACN & NGUYÊN LIỆU;PHENOXY ACID HERBICIDES;Dichloprop;Dichloprop;VLAB-CH-TP-660;LC-MS/MS;0.033 mg/kg;0.1 mg/kg;72;;; 350.000 ; 1.050.000 
TACN & NGUYÊN LIỆU;TACN & NGUYÊN LIỆU;PHENOXY ACID HERBICIDES;Fenoprop;Fenoprop;VLAB-CH-TP-660;LC-MS/MS;0.033 mg/kg;0.1 mg/kg;72;;; 350.000 ; 1.050.000 
TACN & NGUYÊN LIỆU;TACN & NGUYÊN LIỆU;SULFONAMIDES;Sulfadiazine;Sulfadiazine;VLAB-CH-TP-659;LC-MS/MS;1.667 µg/kg;5 µg/kg;72;24;; 350.000 ; 700.000 
TACN & NGUYÊN LIỆU;TACN & NGUYÊN LIỆU;SULFONAMIDES;Sulfamethoxazole;Sulfamethoxazole;VLAB-CH-TP-659;LC-MS/MS;1.667 µg/kg;5 µg/kg;72;24;; 350.000 ; 700.000 
TACN & NGUYÊN LIỆU;TACN & NGUYÊN LIỆU;SULFONAMIDES;Sulfachloropyridazine;Sulfachloropyridazine;VLAB-CH-TP-659;LC-MS/MS;1.667 µg/kg;5 µg/kg;72;24;; 350.000 ; 700.000 
TACN & NGUYÊN LIỆU;TACN & NGUYÊN LIỆU;SULFONAMIDES;Sulfachinoxaline (Sulfaquinoxaline);Sulfachinoxaline (Sulfaquinoxaline);VLAB-CH-TP-659;LC-MS/MS;1.667 µg/kg;5 µg/kg;72;24;; 350.000 ; 700.000 
TACN & NGUYÊN LIỆU;TACN & NGUYÊN LIỆU;SULFONAMIDES;Sulfadimethoxine;Sulfadimethoxine;VLAB-CH-TP-659;LC-MS/MS;1.667 µg/kg;5 µg/kg;72;24;; 350.000 ; 700.000 
TACN & NGUYÊN LIỆU;TACN & NGUYÊN LIỆU;SULFONAMIDES;Sulfamethoxypyridazine;Sulfamethoxypyridazine;VLAB-CH-TP-659;LC-MS/MS;1.667 µg/kg;5 µg/kg;72;24;; 350.000 ; 700.000 
TACN & NGUYÊN LIỆU;TACN & NGUYÊN LIỆU;SULFONAMIDES;Sulfamonomethoxine;Sulfamonomethoxine;VLAB-CH-TP-659;LC-MS/MS;1.667 µg/kg;5 µg/kg;72;24;; 350.000 ; 700.000 
TACN & NGUYÊN LIỆU;TACN & NGUYÊN LIỆU;SULFONAMIDES;Sulfaguanidine;Sulfaguanidine;VLAB-CH-TP-659;LC-MS/MS;1.667 µg/kg;5 µg/kg;72;24;; 350.000 ; 700.000 
TACN & NGUYÊN LIỆU;TACN & NGUYÊN LIỆU;SULFONAMIDES;Sulfamethazine (Sulfadimidine);Sulfamethazine (Sulfadimidine);VLAB-CH-TP-659;LC-MS/MS;1.667 µg/kg;5 µg/kg;72;24;; 350.000 ; 700.000 
TACN & NGUYÊN LIỆU;TACN & NGUYÊN LIỆU;SULFONAMIDES;Sulfathiazole;Sulfathiazole;VLAB-CH-TP-659;LC-MS/MS;1.667 µg/kg;5 µg/kg;72;24;; 350.000 ; 700.000 
TACN & NGUYÊN LIỆU;TACN & NGUYÊN LIỆU;SULFONAMIDES;Sulfamerazine;Sulfamerazine;VLAB-CH-TP-659;LC-MS/MS;1.667 µg/kg;5 µg/kg;72;24;; 350.000 ; 700.000 
TACN & NGUYÊN LIỆU;TACN & NGUYÊN LIỆU;SULFONAMIDES;Sulfadoxine;Sulfadoxine;VLAB-CH-TP-659;LC-MS/MS;1.667 µg/kg;5 µg/kg;72;24;; 350.000 ; 700.000 
TACN & NGUYÊN LIỆU;TACN & NGUYÊN LIỆU;SULFONAMIDES;Sulfisoxazole (Sulfafurazole);Sulfisoxazole (Sulfafurazole);VLAB-CH-TP-659;LC-MS/MS;1.667 µg/kg;5 µg/kg;72;24;; 350.000 ; 700.000 
TACN & NGUYÊN LIỆU;TACN & NGUYÊN LIỆU;SULFONAMIDES;Sulfaphenazole;Sulfaphenazole;VLAB-CH-TP-659;LC-MS/MS;1.667 µg/kg;5 µg/kg;72;24;; 350.000 ; 700.000 
TACN & NGUYÊN LIỆU;TACN & NGUYÊN LIỆU;SULFONAMIDES;Sulfacetamide;Sulfacetamide;VLAB-CH-TP-659;LC-MS/MS;1.667 µg/kg;5 µg/kg;72;24;; 350.000 ; 700.000 
TACN & NGUYÊN LIỆU;TACN & NGUYÊN LIỆU;SULFONAMIDES;Sulfabenzamide;Sulfabenzamide;VLAB-CH-TP-659;LC-MS/MS;1.667 µg/kg;5 µg/kg;72;;; 350.000 ; 700.000 
TACN & NGUYÊN LIỆU;TACN & NGUYÊN LIỆU;SULFONAMIDES;Sulfamoxole;Sulfamoxole;VLAB-CH-TP-659;LC-MS/MS;1.667 µg/kg;5 µg/kg;72;24;; 350.000 ; 700.000 
TACN & NGUYÊN LIỆU;TACN & NGUYÊN LIỆU;SULFONAMIDES;Sulfapyridine;Sulfapyridine;VLAB-CH-TP-659;LC-MS/MS;1.667 µg/kg;5 µg/kg;72;24;; 350.000 ; 700.000 
TACN & NGUYÊN LIỆU;TACN & NGUYÊN LIỆU;SULFONAMIDES;Sulfanitran;Sulfanitran;VLAB-CH-TP-659;LC-MS/MS;1.667 µg/kg;5 µg/kg;72;;; 350.000 ; 700.000 
TACN & NGUYÊN LIỆU;TACN & NGUYÊN LIỆU;SULFONAMIDES;Sulfamethoxine;Sulfamethoxine;VLAB-CH-TP-659;LC-MS/MS;1.667 µg/kg;5 µg/kg;72;;; 350.000 ; 700.000 
TACN & NGUYÊN LIỆU;TACN & NGUYÊN LIỆU;SULFONAMIDES;Sulfameter (Sulfamethoxydiazine, Sulfametoxydiazine);Sulfameter (Sulfamethoxydiazine, Sulfametoxydiazine);VLAB-CH-TP-659;LC-MS/MS;1.667 µg/kg;5 µg/kg;72;24;; 350.000 ; 700.000 
TACN & NGUYÊN LIỆU;TACN & NGUYÊN LIỆU;SULFONAMIDES;Sulfatroxazole;Sulfatroxazole;VLAB-CH-TP-659;LC-MS/MS;1.667 µg/kg;5 µg/kg;72;;; 350.000 ; 700.000 
TACN & NGUYÊN LIỆU;TACN & NGUYÊN LIỆU;SULFONAMIDES;Sulfanilamide;Sulfanilamide;VLAB-CH-TP-659;LC-MS/MS;1.667 µg/kg;5 µg/kg;72;24;; 350.000 ; 700.000 
TACN & NGUYÊN LIỆU;TACN & NGUYÊN LIỆU;SULFONAMIDES;Trimethoprim;Trimethoprim;VLAB-CH-TP-659;LC-MS/MS;1.667 µg/kg;5 µg/kg;72;24;; 350.000 ; 700.000 
TACN & NGUYÊN LIỆU;TACN & NGUYÊN LIỆU;SULFONAMIDES;Ormetoprim;Ormetoprim;VLAB-CH-TP-659;LC-MS/MS;1.667 µg/kg;5 µg/kg;72;24;; 350.000 ; 700.000 
TACN & NGUYÊN LIỆU;TACN & NGUYÊN LIỆU;SULFONAMIDES;Sulfadiazine;Sulfadiazine;VLAB-CH-TP-659;LC-MS/MS;1.667 µg/L;5 µg/L;72;24;; 350.000 ; 700.000 
TACN & NGUYÊN LIỆU;TACN & NGUYÊN LIỆU;SULFONAMIDES;Sulfamethoxazole;Sulfamethoxazole;VLAB-CH-TP-659;LC-MS/MS;1.667 µg/L;5 µg/L;72;24;; 350.000 ; 700.000 
TACN & NGUYÊN LIỆU;TACN & NGUYÊN LIỆU;SULFONAMIDES;Sulfachloropyridazine;Sulfachloropyridazine;VLAB-CH-TP-659;LC-MS/MS;1.667 µg/L;5 µg/L;72;24;; 350.000 ; 700.000 
TACN & NGUYÊN LIỆU;TACN & NGUYÊN LIỆU;SULFONAMIDES;Sulfachinoxaline (Sulfaquinoxaline);Sulfachinoxaline (Sulfaquinoxaline);VLAB-CH-TP-659;LC-MS/MS;1.667 µg/L;5 µg/L;72;24;; 350.000 ; 700.000 
TACN & NGUYÊN LIỆU;TACN & NGUYÊN LIỆU;SULFONAMIDES;Sulfadimethoxine;Sulfadimethoxine;VLAB-CH-TP-659;LC-MS/MS;1.667 µg/L;5 µg/L;72;24;; 350.000 ; 700.000 
TACN & NGUYÊN LIỆU;TACN & NGUYÊN LIỆU;SULFONAMIDES;Sulfamethoxypyridazine;Sulfamethoxypyridazine;VLAB-CH-TP-659;LC-MS/MS;1.667 µg/L;5 µg/L;72;24;; 350.000 ; 700.000 
TACN & NGUYÊN LIỆU;TACN & NGUYÊN LIỆU;SULFONAMIDES;Sulfamonomethoxine;Sulfamonomethoxine;VLAB-CH-TP-659;LC-MS/MS;1.667 µg/L;5 µg/L;72;24;; 350.000 ; 700.000 
TACN & NGUYÊN LIỆU;TACN & NGUYÊN LIỆU;SULFONAMIDES;Sulfaguanidine;Sulfaguanidine;VLAB-CH-TP-659;LC-MS/MS;1.667 µg/L;5 µg/L;72;24;; 350.000 ; 700.000 
TACN & NGUYÊN LIỆU;TACN & NGUYÊN LIỆU;SULFONAMIDES;Sulfamethazine (Sulfadimidine);Sulfamethazine (Sulfadimidine);VLAB-CH-TP-659;LC-MS/MS;1.667 µg/L;5 µg/L;72;24;; 350.000 ; 700.000 
TACN & NGUYÊN LIỆU;TACN & NGUYÊN LIỆU;SULFONAMIDES;Sulfathiazole;Sulfathiazole;VLAB-CH-TP-659;LC-MS/MS;1.667 µg/L;5 µg/L;72;24;; 350.000 ; 700.000 
TACN & NGUYÊN LIỆU;TACN & NGUYÊN LIỆU;SULFONAMIDES;Sulfamerazine;Sulfamerazine;VLAB-CH-TP-659;LC-MS/MS;1.667 µg/L;5 µg/L;72;24;; 350.000 ; 700.000 
TACN & NGUYÊN LIỆU;TACN & NGUYÊN LIỆU;SULFONAMIDES;Sulfadoxine;Sulfadoxine;VLAB-CH-TP-659;LC-MS/MS;1.667 µg/L;5 µg/L;72;24;; 350.000 ; 700.000 
TACN & NGUYÊN LIỆU;TACN & NGUYÊN LIỆU;SULFONAMIDES;Sulfisoxazole (Sulfafurazole);Sulfisoxazole (Sulfafurazole);VLAB-CH-TP-659;LC-MS/MS;1.667 µg/L;5 µg/L;72;24;; 350.000 ; 700.000 
TACN & NGUYÊN LIỆU;TACN & NGUYÊN LIỆU;SULFONAMIDES;Sulfaphenazole;Sulfaphenazole;VLAB-CH-TP-659;LC-MS/MS;1.667 µg/L;5 µg/L;72;24;; 350.000 ; 700.000 
TACN & NGUYÊN LIỆU;TACN & NGUYÊN LIỆU;SULFONAMIDES;Sulfacetamide;Sulfacetamide;VLAB-CH-TP-659;LC-MS/MS;1.667 µg/L;5 µg/L;72;24;; 350.000 ; 700.000 
TACN & NGUYÊN LIỆU;TACN & NGUYÊN LIỆU;SULFONAMIDES;Sulfabenzamide;Sulfabenzamide;VLAB-CH-TP-659;LC-MS/MS;1.667 µg/L;5 µg/L;72;;; 350.000 ; 700.000 
TACN & NGUYÊN LIỆU;TACN & NGUYÊN LIỆU;SULFONAMIDES;Sulfamoxole;Sulfamoxole;VLAB-CH-TP-659;LC-MS/MS;1.667 µg/L;5 µg/L;72;24;; 350.000 ; 700.000 
TACN & NGUYÊN LIỆU;TACN & NGUYÊN LIỆU;SULFONAMIDES;Sulfapyridine;Sulfapyridine;VLAB-CH-TP-659;LC-MS/MS;1.667 µg/L;5 µg/L;72;24;; 350.000 ; 700.000 
TACN & NGUYÊN LIỆU;TACN & NGUYÊN LIỆU;SULFONAMIDES;Sulfanitran;Sulfanitran;VLAB-CH-TP-659;LC-MS/MS;1.667 µg/L;5 µg/L;72;;; 350.000 ; 700.000 
TACN & NGUYÊN LIỆU;TACN & NGUYÊN LIỆU;SULFONAMIDES;Sulfamethoxine;Sulfamethoxine;VLAB-CH-TP-659;LC-MS/MS;1.667 µg/L;5 µg/L;72;;; 350.000 ; 700.000 
TACN & NGUYÊN LIỆU;TACN & NGUYÊN LIỆU;SULFONAMIDES;Sulfameter (Sulfamethoxydiazine, Sulfametoxydiazine);Sulfameter (Sulfamethoxydiazine, Sulfametoxydiazine);VLAB-CH-TP-659;LC-MS/MS;1.667 µg/L;5 µg/L;72;24;; 350.000 ; 700.000 
TACN & NGUYÊN LIỆU;TACN & NGUYÊN LIỆU;SULFONAMIDES;Sulfatroxazole;Sulfatroxazole;VLAB-CH-TP-659;LC-MS/MS;1.667 µg/L;5 µg/L;72;;; 350.000 ; 700.000 
TACN & NGUYÊN LIỆU;TACN & NGUYÊN LIỆU;SULFONAMIDES;Sulfanilamide;Sulfanilamide;VLAB-CH-TP-659;LC-MS/MS;1.667 µg/L;5 µg/L;72;24;; 350.000 ; 700.000 
TACN & NGUYÊN LIỆU;TACN & NGUYÊN LIỆU;SULFONAMIDES;Trimethoprim;Trimethoprim;VLAB-CH-TP-659;LC-MS/MS;1.667 µg/L;5 µg/L;72;24;; 350.000 ; 700.000 
TACN & NGUYÊN LIỆU;TACN & NGUYÊN LIỆU;SULFONAMIDES;Ormetoprim;Ormetoprim;VLAB-CH-TP-659;LC-MS/MS;1.667 µg/L;5 µg/L;72;24;; 350.000 ; 700.000 
TACN & NGUYÊN LIỆU;TACN & NGUYÊN LIỆU;MYCOTOXINS;Aflatoxin (B1, B2, G1, G2);Aflatoxin (B1, B2, G1, G2);VLAB-CH-TP-599;LC-MS/MS;1.667 µg/kg;5 µg/kg;72;24;; 350.000 ; NA 
TACN & NGUYÊN LIỆU;TACN & NGUYÊN LIỆU;MYCOTOXINS;Aflatoxin tổng số;Aflatoxin total;VLAB-CH-TP-599;LC-MS/MS;6.667 µg/kg;20 µg/kg;72;24;; 350.000 ; NA 
TACN & NGUYÊN LIỆU;TACN & NGUYÊN LIỆU;MYCOTOXINS;Aflatoxin M1;Aflatoxin M1;VLAB-CH-TP-599;LC-MS/MS;0.167 µg/kg;0.5 µg/kg;72;24;; 350.000 ; NA 
TACN & NGUYÊN LIỆU;TACN & NGUYÊN LIỆU;MYCOTOXINS;Fumonisin B1;Fumonisin B1;VLAB-CH-TP-599;LC-MS/MS;8.333 µg/kg;25 µg/kg;72;24;; 350.000 ; NA 
TACN & NGUYÊN LIỆU;TACN & NGUYÊN LIỆU;MYCOTOXINS;Fumonision B2;Fumonision B2;VLAB-CH-TP-599;LC-MS/MS;8.333 µg/kg;25 µg/kg;72;24;; 350.000 ; NA 
TACN & NGUYÊN LIỆU;TACN & NGUYÊN LIỆU;MYCOTOXINS;Deoxynivalenol (DON);Deoxynivalenol (DON);VLAB-CH-TP-599;LC-MS/MS;1.667 µg/kg;5 µg/kg;72;24;; 350.000 ; NA 
TACN & NGUYÊN LIỆU;TACN & NGUYÊN LIỆU;MYCOTOXINS;Zearalenone (ZEN);Zearalenone (ZEN);VLAB-CH-TP-599;LC-MS/MS;1.667 µg/kg;5 µg/kg;72;24;; 350.000 ; NA 
TACN & NGUYÊN LIỆU;TACN & NGUYÊN LIỆU;MYCOTOXINS;Ochratoxin A (OTA);Ochratoxin A (OTA);VLAB-CH-TP-599;LC-MS/MS;1.667 µg/kg;5 µg/kg;72;24;; 350.000 ; NA 
TACN & NGUYÊN LIỆU;TACN & NGUYÊN LIỆU;MG/LMG;Malachite green;Malachite green;VLAB-CH-TP-679;LC-MS/MS;0.333 µg/kg;1 µg/kg;72;24;8; 350.000 ; 700.000 
TACN & NGUYÊN LIỆU;TACN & NGUYÊN LIỆU;MG/LMG;Leucomalachite green;Leucomalachite green;VLAB-CH-TP-679;LC-MS/MS;0.333 µg/kg;1 µg/kg;72;24;8; 350.000 ; 700.000 
TACN & NGUYÊN LIỆU;TACN & NGUYÊN LIỆU;MG/LMG;Crystal violet;Crystal violet;VLAB-CH-TP-679;LC-MS/MS;1 µg/kg;3 µg/kg;72;24;8; 350.000 ; 700.000 
TACN & NGUYÊN LIỆU;TACN & NGUYÊN LIỆU;MG/LMG;Leucocrystal violet;Leucocrystal violet;VLAB-CH-TP-679;LC-MS/MS;1 µg/kg;3 µg/kg;72;24;8; 350.000 ; 700.000 
TACN & NGUYÊN LIỆU;TACN & NGUYÊN LIỆU;MG/LMG;Ethoxyquin (ETX);Ethoxyquin (ETX);VLAB-CH-TP-679;LC-MS/MS;3.33 µg/kg;10 µg/kg;72;24;8; 350.000 ; 700.000 
TACN & NGUYÊN LIỆU;TACN & NGUYÊN LIỆU;MG/LMG;Tổng Malachite green+Leuco-malachite green;Total Malachite green+Leuco-malachite green;VLAB-CH-TP-679;LC-MS/MS;0.333 µg/kg;1 µg/kg;72;24;8; 350.000 ; 700.000 
TACN & NGUYÊN LIỆU;TACN & NGUYÊN LIỆU;MG/LMG;Tổng Crystal violet + Leucocrystal violet;Total Crystal violet + Leucocrystal violet;VLAB-CH-TP-679;LC-MS/MS;1 µg/kg;3 µg/kg;72;24;8; 350.000 ; 700.000 
TACN & NGUYÊN LIỆU;TACN & NGUYÊN LIỆU;MG/LMG;Malachite green;Malachite green;VLAB-CH-TP-679;LC-MS/MS;0.333 µg/L;1 µg/L;72;24;8; 350.000 ; 700.000 
TACN & NGUYÊN LIỆU;TACN & NGUYÊN LIỆU;MG/LMG;Leucomalachite green;Leucomalachite green;VLAB-CH-TP-679;LC-MS/MS;0.333 µg/L;1 µg/L;72;24;8; 350.000 ; 700.000 
TACN & NGUYÊN LIỆU;TACN & NGUYÊN LIỆU;MG/LMG;Crystal violet;Crystal violet;VLAB-CH-TP-679;LC-MS/MS;1 µg/L;3 µg/L;72;24;8; 350.000 ; 700.000 
TACN & NGUYÊN LIỆU;TACN & NGUYÊN LIỆU;MG/LMG;Leucocrystal violet;Leucocrystal violet;VLAB-CH-TP-679;LC-MS/MS;1 µg/L;3 µg/L;72;24;8; 350.000 ; 700.000 
TACN & NGUYÊN LIỆU;TACN & NGUYÊN LIỆU;MG/LMG;Ethoxyquin (ETX);Ethoxyquin (ETX);VLAB-CH-TP-679;LC-MS/MS;3.33 µg/L;10 µg/L;72;24;8; 350.000 ; 700.000 
TACN & NGUYÊN LIỆU;TACN & NGUYÊN LIỆU;MG/LMG;Tổng Malachite green+Leuco-malachite green;Total Malachite green+Leuco-malachite green;VLAB-CH-TP-679;LC-MS/MS;0.333 µg/L;1 µg/L;72;24;8; 350.000 ; 700.000 
TACN & NGUYÊN LIỆU;TACN & NGUYÊN LIỆU;MG/LMG;Tổng Crystal violet + Leucocrystal violet;Total Crystal violet + Leucocrystal violet;VLAB-CH-TP-679;LC-MS/MS;1 µg/L;3 µg/L;72;24;8; 350.000 ; 700.000 
TACN & NGUYÊN LIỆU;TACN & NGUYÊN LIỆU;PES-LC/MS/MS;Acephate;Acephate;VLAB-CH-TP-674;LC-MS/MS;0.03 mg/kg;0.1 mg/kg;72;;; 350.000 ; 1.050.000 
TACN & NGUYÊN LIỆU;TACN & NGUYÊN LIỆU;PES-LC/MS/MS;Acetamiprid;Acetamiprid;VLAB-CH-TP-674;LC-MS/MS;0.03 mg/kg;0.1 mg/kg;72;;; 350.000 ; 1.050.000 
TACN & NGUYÊN LIỆU;TACN & NGUYÊN LIỆU;PES-LC/MS/MS;Acibenzolar-S-methyl;Acibenzolar-S-methyl;VLAB-CH-TP-674;LC-MS/MS;0.03 mg/kg;0.1 mg/kg;72;;; 350.000 ; 1.050.000 
TACN & NGUYÊN LIỆU;TACN & NGUYÊN LIỆU;PES-LC/MS/MS;Albendazole;Albendazole;VLAB-CH-TP-674;LC-MS/MS;0.03 mg/kg;0.1 mg/kg;72;;; 350.000 ; 1.050.000 
TACN & NGUYÊN LIỆU;TACN & NGUYÊN LIỆU;PES-LC/MS/MS;Aldicarb;Aldicarb;VLAB-CH-TP-674;LC-MS/MS;0.03 mg/kg;0.1 mg/kg;72;;; 350.000 ; 1.050.000 
TACN & NGUYÊN LIỆU;TACN & NGUYÊN LIỆU;PES-LC/MS/MS;Aldicarb sulfone;Aldicarb sulfone;VLAB-CH-TP-674;LC-MS/MS;0.03 mg/kg;0.1 mg/kg;72;;; 350.000 ; 1.050.000 
TACN & NGUYÊN LIỆU;TACN & NGUYÊN LIỆU;PES-LC/MS/MS;Aldicarb sulfoxide;Aldicarb sulfoxide;VLAB-CH-TP-674;LC-MS/MS;0.03 mg/kg;0.1 mg/kg;72;;; 350.000 ; 1.050.000 
TACN & NGUYÊN LIỆU;TACN & NGUYÊN LIỆU;PES-LC/MS/MS;Ametryn;Ametryn;VLAB-CH-TP-674;LC-MS/MS;0.03 mg/kg;0.1 mg/kg;72;;; 350.000 ; 1.050.000 
TACN & NGUYÊN LIỆU;TACN & NGUYÊN LIỆU;PES-LC/MS/MS;Ametoctradin;Ametoctradin;VLAB-CH-TP-674;LC-MS/MS;0.03 mg/kg;0.1 mg/kg;72;;; 350.000 ; 1.050.000 
TACN & NGUYÊN LIỆU;TACN & NGUYÊN LIỆU;PES-LC/MS/MS;Aminocarb;Aminocarb;VLAB-CH-TP-674;LC-MS/MS;0.03 mg/kg;0.1 mg/kg;72;;; 350.000 ; 1.050.000 
TACN & NGUYÊN LIỆU;TACN & NGUYÊN LIỆU;PES-LC/MS/MS;Amitraz;Amitraz;VLAB-CH-TP-674;LC-MS/MS;0.03 mg/kg;0.1 mg/kg;72;;; 350.000 ; 1.050.000 
TACN & NGUYÊN LIỆU;TACN & NGUYÊN LIỆU;PES-LC/MS/MS;Azoxystrobin;Azoxystrobin;VLAB-CH-TP-674;LC-MS/MS;0.03 mg/kg;0.1 mg/kg;72;;; 350.000 ; 1.050.000 
TACN & NGUYÊN LIỆU;TACN & NGUYÊN LIỆU;PES-LC/MS/MS;Benalaxyl;Benalaxyl;VLAB-CH-TP-674;LC-MS/MS;0.03 mg/kg;0.1 mg/kg;72;;; 350.000 ; 1.050.000 
TACN & NGUYÊN LIỆU;TACN & NGUYÊN LIỆU;PES-LC/MS/MS;Bendiocarb;Bendiocarb;VLAB-CH-TP-674;LC-MS/MS;0.03 mg/kg;0.1 mg/kg;72;;; 350.000 ; 1.050.000 
TACN & NGUYÊN LIỆU;TACN & NGUYÊN LIỆU;PES-LC/MS/MS;Benomyl;Benomyl;VLAB-CH-TP-674;LC-MS/MS;0.03 mg/kg;0.1 mg/kg;72;;; 350.000 ; 1.050.000 
TACN & NGUYÊN LIỆU;TACN & NGUYÊN LIỆU;PES-LC/MS/MS;Benzoximate;Benzoximate;VLAB-CH-TP-674;LC-MS/MS;0.03 mg/kg;0.1 mg/kg;72;;; 350.000 ; 1.050.000 
TACN & NGUYÊN LIỆU;TACN & NGUYÊN LIỆU;PES-LC/MS/MS;Bifenazate;Bifenazate;VLAB-CH-TP-674;LC-MS/MS;0.03 mg/kg;0.1 mg/kg;72;;; 350.000 ; 1.050.000 
TACN & NGUYÊN LIỆU;TACN & NGUYÊN LIỆU;PES-LC/MS/MS;Bitertanol (Baycor);Bitertanol (Baycor);VLAB-CH-TP-674;LC-MS/MS;0.03 mg/kg;0.1 mg/kg;72;;; 350.000 ; 1.050.000 
TACN & NGUYÊN LIỆU;TACN & NGUYÊN LIỆU;PES-LC/MS/MS;Boscalid;Boscalid;VLAB-CH-TP-674;LC-MS/MS;0.03 mg/kg;0.1 mg/kg;72;;; 350.000 ; 1.050.000 
TACN & NGUYÊN LIỆU;TACN & NGUYÊN LIỆU;PES-LC/MS/MS;Bromuconazole;Bromuconazole;VLAB-CH-TP-674;LC-MS/MS;0.03 mg/kg;0.1 mg/kg;72;;; 350.000 ; 1.050.000 
TACN & NGUYÊN LIỆU;TACN & NGUYÊN LIỆU;PES-LC/MS/MS;Buprofezin;Buprofezin;VLAB-CH-TP-674;LC-MS/MS;0.03 mg/kg;0.1 mg/kg;72;;; 350.000 ; 1.050.000 
TACN & NGUYÊN LIỆU;TACN & NGUYÊN LIỆU;PES-LC/MS/MS;Bupirimate;Bupirimate;VLAB-CH-TP-674;LC-MS/MS;0.03 mg/kg;0.1 mg/kg;72;;; 350.000 ; 1.050.000 
TACN & NGUYÊN LIỆU;TACN & NGUYÊN LIỆU;PES-LC/MS/MS;Butafenacil;Butafenacil;VLAB-CH-TP-674;LC-MS/MS;0.03 mg/kg;0.1 mg/kg;72;;; 350.000 ; 1.050.000 
TACN & NGUYÊN LIỆU;TACN & NGUYÊN LIỆU;PES-LC/MS/MS;Butoxycarboxim;Butoxycarboxim;VLAB-CH-TP-674;LC-MS/MS;0.03 mg/kg;0.1 mg/kg;72;;; 350.000 ; 1.050.000 
TACN & NGUYÊN LIỆU;TACN & NGUYÊN LIỆU;PES-LC/MS/MS;Butocarboxim;Butocarboxim;VLAB-CH-TP-674;LC-MS/MS;0.03 mg/kg;0.1 mg/kg;72;;; 350.000 ; 1.050.000 
TACN & NGUYÊN LIỆU;TACN & NGUYÊN LIỆU;PES-LC/MS/MS;Carbaryl (sevin);Carbaryl (sevin);VLAB-CH-TP-674;LC-MS/MS;0.03 mg/kg;0.1 mg/kg;72;;; 350.000 ; 1.050.000 
TACN & NGUYÊN LIỆU;TACN & NGUYÊN LIỆU;PES-LC/MS/MS;Carbendazim;Carbendazim;VLAB-CH-TP-674;LC-MS/MS;0.03 mg/kg;0.1 mg/kg;72;;; 350.000 ; 1.050.000 
TACN & NGUYÊN LIỆU;TACN & NGUYÊN LIỆU;PES-LC/MS/MS;Carbetamide;Carbetamide;VLAB-CH-TP-674;LC-MS/MS;0.03 mg/kg;0.1 mg/kg;72;;; 350.000 ; 1.050.000 
TACN & NGUYÊN LIỆU;TACN & NGUYÊN LIỆU;PES-LC/MS/MS;Carbofuran;Carbofuran;VLAB-CH-TP-674;LC-MS/MS;0.03 mg/kg;0.1 mg/kg;72;;; 350.000 ; 1.050.000 
TACN & NGUYÊN LIỆU;TACN & NGUYÊN LIỆU;PES-LC/MS/MS;Carbofuran-3-hydroxy;Carbofuran-3-hydroxy;VLAB-CH-TP-674;LC-MS/MS;0.03 mg/kg;0.1 mg/kg;72;;; 350.000 ; 1.050.000 
TACN & NGUYÊN LIỆU;TACN & NGUYÊN LIỆU;PES-LC/MS/MS;Carboxin;Carboxin;VLAB-CH-TP-674;LC-MS/MS;0.03 mg/kg;0.1 mg/kg;72;;; 350.000 ; 1.050.000 
TACN & NGUYÊN LIỆU;TACN & NGUYÊN LIỆU;PES-LC/MS/MS;Chlorantraniliprole;Chlorantraniliprole;VLAB-CH-TP-674;LC-MS/MS;0.03 mg/kg;0.1 mg/kg;72;;; 350.000 ; 1.050.000 
TACN & NGUYÊN LIỆU;TACN & NGUYÊN LIỆU;PES-LC/MS/MS;Chloroxuron;Chloroxuron;VLAB-CH-TP-674;LC-MS/MS;0.03 mg/kg;0.1 mg/kg;72;;; 350.000 ; 1.050.000 
TACN & NGUYÊN LIỆU;TACN & NGUYÊN LIỆU;PES-LC/MS/MS;Clethodim;Clethodim;VLAB-CH-TP-674;LC-MS/MS;0.03 mg/kg;0.1 mg/kg;72;;; 350.000 ; 1.050.000 
TACN & NGUYÊN LIỆU;TACN & NGUYÊN LIỆU;PES-LC/MS/MS;Clofentezine;Clofentezine;VLAB-CH-TP-674;LC-MS/MS;0.03 mg/kg;0.1 mg/kg;72;;; 350.000 ; 1.050.000 
TACN & NGUYÊN LIỆU;TACN & NGUYÊN LIỆU;PES-LC/MS/MS;Clothianidin;Clothianidin;VLAB-CH-TP-674;LC-MS/MS;0.03 mg/kg;0.1 mg/kg;72;;; 350.000 ; 1.050.000 
TACN & NGUYÊN LIỆU;TACN & NGUYÊN LIỆU;PES-LC/MS/MS;Cyazofamid;Cyazofamid;VLAB-CH-TP-674;LC-MS/MS;0.03 mg/kg;0.1 mg/kg;72;;; 350.000 ; 1.050.000 
TACN & NGUYÊN LIỆU;TACN & NGUYÊN LIỆU;PES-LC/MS/MS;Cycluron;Cycluron;VLAB-CH-TP-674;LC-MS/MS;0.03 mg/kg;0.1 mg/kg;72;;; 350.000 ; 1.050.000 
TACN & NGUYÊN LIỆU;TACN & NGUYÊN LIỆU;PES-LC/MS/MS;Cyhexatin;Cyhexatin;VLAB-CH-TP-674;LC-MS/MS;0.03 mg/kg;0.1 mg/kg;72;;; 350.000 ; 1.050.000 
TACN & NGUYÊN LIỆU;TACN & NGUYÊN LIỆU;PES-LC/MS/MS;Cymoxanil;Cymoxanil;VLAB-CH-TP-674;LC-MS/MS;0.03 mg/kg;0.1 mg/kg;72;;; 350.000 ; 1.050.000 
TACN & NGUYÊN LIỆU;TACN & NGUYÊN LIỆU;PES-LC/MS/MS;Cyproconazole;Cyproconazole;VLAB-CH-TP-674;LC-MS/MS;0.03 mg/kg;0.1 mg/kg;72;;; 350.000 ; 1.050.000 
TACN & NGUYÊN LIỆU;TACN & NGUYÊN LIỆU;PES-LC/MS/MS;Cycloxydim;Cycloxydim;VLAB-CH-TP-674;LC-MS/MS;0.03 mg/kg;0.1 mg/kg;72;;; 350.000 ; 1.050.000 
TACN & NGUYÊN LIỆU;TACN & NGUYÊN LIỆU;PES-LC/MS/MS;Cyromazine;Cyromazine;VLAB-CH-TP-674;LC-MS/MS;0.03 mg/kg;0.1 mg/kg;72;;; 350.000 ; 1.050.000 
TACN & NGUYÊN LIỆU;TACN & NGUYÊN LIỆU;PES-LC/MS/MS;Cyprodinil;Cyprodinil;VLAB-CH-TP-674;LC-MS/MS;0.03 mg/kg;0.1 mg/kg;72;;; 350.000 ; 1.050.000 
TACN & NGUYÊN LIỆU;TACN & NGUYÊN LIỆU;PES-LC/MS/MS;Diafenthiuron;Diafenthiuron;VLAB-CH-TP-674;LC-MS/MS;0.03 mg/kg;0.1 mg/kg;72;;; 350.000 ; 1.050.000 
TACN & NGUYÊN LIỆU;TACN & NGUYÊN LIỆU;PES-LC/MS/MS;Dichlofluanid;Dichlofluanid;VLAB-CH-TP-674;LC-MS/MS;0.03 mg/kg;0.1 mg/kg;72;;; 350.000 ; 1.050.000 
TACN & NGUYÊN LIỆU;TACN & NGUYÊN LIỆU;PES-LC/MS/MS;Desmedipham;Desmedipham;VLAB-CH-TP-674;LC-MS/MS;0.03 mg/kg;0.1 mg/kg;72;;; 350.000 ; 1.050.000 
TACN & NGUYÊN LIỆU;TACN & NGUYÊN LIỆU;PES-LC/MS/MS;Dichlobutrazol;Dichlobutrazol;VLAB-CH-TP-674;LC-MS/MS;0.03 mg/kg;0.1 mg/kg;72;;; 350.000 ; 1.050.000 
TACN & NGUYÊN LIỆU;TACN & NGUYÊN LIỆU;PES-LC/MS/MS;Dicrotophos;Dicrotophos;VLAB-CH-TP-674;LC-MS/MS;0.03 mg/kg;0.1 mg/kg;72;;; 350.000 ; 1.050.000 
TACN & NGUYÊN LIỆU;TACN & NGUYÊN LIỆU;PES-LC/MS/MS;Diethofencarb;Diethofencarb;VLAB-CH-TP-674;LC-MS/MS;0.03 mg/kg;0.1 mg/kg;72;;; 350.000 ; 1.050.000 
TACN & NGUYÊN LIỆU;TACN & NGUYÊN LIỆU;PES-LC/MS/MS;Diflufenican;Diflufenican;VLAB-CH-TP-674;LC-MS/MS;0.03 mg/kg;0.1 mg/kg;72;;; 350.000 ; 1.050.000 
TACN & NGUYÊN LIỆU;TACN & NGUYÊN LIỆU;PES-LC/MS/MS;Difenoconazole;Difenoconazole;VLAB-CH-TP-674;LC-MS/MS;0.03 mg/kg;0.1 mg/kg;72;;; 350.000 ; 1.050.000 
TACN & NGUYÊN LIỆU;TACN & NGUYÊN LIỆU;PES-LC/MS/MS;Dimethirimol;Dimethirimol;VLAB-CH-TP-674;LC-MS/MS;0.03 mg/kg;0.1 mg/kg;72;;; 350.000 ; 1.050.000 
TACN & NGUYÊN LIỆU;TACN & NGUYÊN LIỆU;PES-LC/MS/MS;Dimethoate;Dimethoate;VLAB-CH-TP-674;LC-MS/MS;0.03 mg/kg;0.1 mg/kg;72;;; 350.000 ; 1.050.000 
TACN & NGUYÊN LIỆU;TACN & NGUYÊN LIỆU;PES-LC/MS/MS;Dimethomorph;Dimethomorph;VLAB-CH-TP-674;LC-MS/MS;0.03 mg/kg;0.1 mg/kg;72;;; 350.000 ; 1.050.000 
TACN & NGUYÊN LIỆU;TACN & NGUYÊN LIỆU;PES-LC/MS/MS;Dimoxystrobin;Dimoxystrobin;VLAB-CH-TP-674;LC-MS/MS;0.03 mg/kg;0.1 mg/kg;72;;; 350.000 ; 1.050.000 
TACN & NGUYÊN LIỆU;TACN & NGUYÊN LIỆU;PES-LC/MS/MS;N,N-Dimethyl-N'-p-tolylsulphamide (DMST);N,N-Dimethyl-N'-p-tolylsulphamide (DMST);VLAB-CH-TP-674;LC-MS/MS;0.03 mg/kg;0.1 mg/kg;72;;; 350.000 ; 1.050.000 
TACN & NGUYÊN LIỆU;TACN & NGUYÊN LIỆU;PES-LC/MS/MS;N,N-Dimethylaminosulfanilide (DMSA);N,N-Dimethylaminosulfanilide (DMSA);VLAB-CH-TP-674;LC-MS/MS;0.03 mg/kg;0.1 mg/kg;72;;; 350.000 ; 1.050.000 
TACN & NGUYÊN LIỆU;TACN & NGUYÊN LIỆU;PES-LC/MS/MS;Diniconazole;Diniconazole;VLAB-CH-TP-674;LC-MS/MS;0.03 mg/kg;0.1 mg/kg;72;;; 350.000 ; 1.050.000 
TACN & NGUYÊN LIỆU;TACN & NGUYÊN LIỆU;PES-LC/MS/MS;Dinotefuran;Dinotefuran;VLAB-CH-TP-674;LC-MS/MS;0.03 mg/kg;0.1 mg/kg;72;;; 350.000 ; 1.050.000 
TACN & NGUYÊN LIỆU;TACN & NGUYÊN LIỆU;PES-LC/MS/MS;Dioxacarb;Dioxacarb;VLAB-CH-TP-674;LC-MS/MS;0.03 mg/kg;0.1 mg/kg;72;;; 350.000 ; 1.050.000 
TACN & NGUYÊN LIỆU;TACN & NGUYÊN LIỆU;PES-LC/MS/MS;Diuron;Diuron;VLAB-CH-TP-674;LC-MS/MS;0.03 mg/kg;0.1 mg/kg;72;;; 350.000 ; 1.050.000 
TACN & NGUYÊN LIỆU;TACN & NGUYÊN LIỆU;PES-LC/MS/MS;Dodine;Dodine;VLAB-CH-TP-674;LC-MS/MS;0.03 mg/kg;0.1 mg/kg;72;;; 350.000 ; 1.050.000 
TACN & NGUYÊN LIỆU;TACN & NGUYÊN LIỆU;PES-LC/MS/MS;Emamectin Benzoate (Proclaim);Emamectin Benzoate (Proclaim);VLAB-CH-TP-674;LC-MS/MS;0.03 mg/kg;0.1 mg/kg;72;;; 350.000 ; 1.050.000 
TACN & NGUYÊN LIỆU;TACN & NGUYÊN LIỆU;PES-LC/MS/MS;Epoxiconazole;Epoxiconazole;VLAB-CH-TP-674;LC-MS/MS;0.03 mg/kg;0.1 mg/kg;72;;; 350.000 ; 1.050.000 
TACN & NGUYÊN LIỆU;TACN & NGUYÊN LIỆU;PES-LC/MS/MS;Ethoxyquin;Ethoxyquin;VLAB-CH-TP-674;LC-MS/MS;0.03 mg/kg;0.1 mg/kg;72;;; 350.000 ; 1.050.000 
TACN & NGUYÊN LIỆU;TACN & NGUYÊN LIỆU;PES-LC/MS/MS;Etaconazole;Etaconazole;VLAB-CH-TP-674;LC-MS/MS;0.03 mg/kg;0.1 mg/kg;72;;; 350.000 ; 1.050.000 
TACN & NGUYÊN LIỆU;TACN & NGUYÊN LIỆU;PES-LC/MS/MS;Ethiofencarb;Ethiofencarb;VLAB-CH-TP-674;LC-MS/MS;0.03 mg/kg;0.1 mg/kg;72;;; 350.000 ; 1.050.000 
TACN & NGUYÊN LIỆU;TACN & NGUYÊN LIỆU;PES-LC/MS/MS;Ethiprole;Ethiprole;VLAB-CH-TP-674;LC-MS/MS;0.03 mg/kg;0.1 mg/kg;72;;; 350.000 ; 1.050.000 
TACN & NGUYÊN LIỆU;TACN & NGUYÊN LIỆU;PES-LC/MS/MS;Ethofumesate;Ethofumesate;VLAB-CH-TP-674;LC-MS/MS;0.03 mg/kg;0.1 mg/kg;72;;; 350.000 ; 1.050.000 
TACN & NGUYÊN LIỆU;TACN & NGUYÊN LIỆU;PES-LC/MS/MS;Fenamidone;Fenamidone;VLAB-CH-TP-674;LC-MS/MS;0.03 mg/kg;0.1 mg/kg;72;;; 350.000 ; 1.050.000 
TACN & NGUYÊN LIỆU;TACN & NGUYÊN LIỆU;PES-LC/MS/MS;Fenarimol;Fenarimol;VLAB-CH-TP-674;LC-MS/MS;0.03 mg/kg;0.1 mg/kg;72;;; 350.000 ; 1.050.000 
TACN & NGUYÊN LIỆU;TACN & NGUYÊN LIỆU;PES-LC/MS/MS;Fenazaquin;Fenazaquin;VLAB-CH-TP-674;LC-MS/MS;0.03 mg/kg;0.1 mg/kg;72;;; 350.000 ; 1.050.000 
TACN & NGUYÊN LIỆU;TACN & NGUYÊN LIỆU;PES-LC/MS/MS;Fenbuconazole;Fenbuconazole;VLAB-CH-TP-674;LC-MS/MS;0.03 mg/kg;0.1 mg/kg;72;;; 350.000 ; 1.050.000 
TACN & NGUYÊN LIỆU;TACN & NGUYÊN LIỆU;PES-LC/MS/MS;Fenbutatin oxide;Fenbutatin oxide;VLAB-CH-TP-674;LC-MS/MS;0.03 mg/kg;0.1 mg/kg;72;;; 350.000 ; 1.050.000 
TACN & NGUYÊN LIỆU;TACN & NGUYÊN LIỆU;PES-LC/MS/MS;Fenbendazole;Fenbendazole;VLAB-CH-TP-674;LC-MS/MS;0.03 mg/kg;0.1 mg/kg;72;;; 350.000 ; 1.050.000 
TACN & NGUYÊN LIỆU;TACN & NGUYÊN LIỆU;PES-LC/MS/MS;Fenhexamid;Fenhexamid;VLAB-CH-TP-674;LC-MS/MS;0.03 mg/kg;0.1 mg/kg;72;;; 350.000 ; 1.050.000 
TACN & NGUYÊN LIỆU;TACN & NGUYÊN LIỆU;PES-LC/MS/MS;Fenobucarb;Fenobucarb;VLAB-CH-TP-674;LC-MS/MS;0.03 mg/kg;0.1 mg/kg;72;;; 350.000 ; 1.050.000 
TACN & NGUYÊN LIỆU;TACN & NGUYÊN LIỆU;PES-LC/MS/MS;Fenoxycarb;Fenoxycarb;VLAB-CH-TP-674;LC-MS/MS;0.03 mg/kg;0.1 mg/kg;72;;; 350.000 ; 1.050.000 
TACN & NGUYÊN LIỆU;TACN & NGUYÊN LIỆU;PES-LC/MS/MS;Fenpropimorph;Fenpropimorph;VLAB-CH-TP-674;LC-MS/MS;0.03 mg/kg;0.1 mg/kg;72;;; 350.000 ; 1.050.000 
TACN & NGUYÊN LIỆU;TACN & NGUYÊN LIỆU;PES-LC/MS/MS;Fenpyroximate;Fenpyroximate;VLAB-CH-TP-674;LC-MS/MS;0.03 mg/kg;0.1 mg/kg;72;;; 350.000 ; 1.050.000 
TACN & NGUYÊN LIỆU;TACN & NGUYÊN LIỆU;PES-LC/MS/MS;Fenuron;Fenuron;VLAB-CH-TP-674;LC-MS/MS;0.03 mg/kg;0.1 mg/kg;72;;; 350.000 ; 1.050.000 
TACN & NGUYÊN LIỆU;TACN & NGUYÊN LIỆU;PES-LC/MS/MS;Flonicamid;Flonicamid;VLAB-CH-TP-674;LC-MS/MS;0.03 mg/kg;0.1 mg/kg;72;;; 350.000 ; 1.050.000 
TACN & NGUYÊN LIỆU;TACN & NGUYÊN LIỆU;PES-LC/MS/MS;Flubendiamide;Flubendiamide;VLAB-CH-TP-674;LC-MS/MS;0.03 mg/kg;0.1 mg/kg;72;;; 350.000 ; 1.050.000 
TACN & NGUYÊN LIỆU;TACN & NGUYÊN LIỆU;PES-LC/MS/MS;Flubendazole;Flubendazole;VLAB-CH-TP-674;LC-MS/MS;0.03 mg/kg;0.1 mg/kg;72;;; 350.000 ; 1.050.000 
TACN & NGUYÊN LIỆU;TACN & NGUYÊN LIỆU;PES-LC/MS/MS;Fludioxonil;Fludioxonil;VLAB-CH-TP-674;LC-MS/MS;0.03 mg/kg;0.1 mg/kg;72;;; 350.000 ; 1.050.000 
TACN & NGUYÊN LIỆU;TACN & NGUYÊN LIỆU;PES-LC/MS/MS;Flufenoxuron;Flufenoxuron;VLAB-CH-TP-674;LC-MS/MS;0.03 mg/kg;0.1 mg/kg;72;;; 350.000 ; 1.050.000 
TACN & NGUYÊN LIỆU;TACN & NGUYÊN LIỆU;PES-LC/MS/MS;Flufenacet;Flufenacet;VLAB-CH-TP-674;LC-MS/MS;0.03 mg/kg;0.1 mg/kg;72;;; 350.000 ; 1.050.000 
TACN & NGUYÊN LIỆU;TACN & NGUYÊN LIỆU;PES-LC/MS/MS;Fluometuron (Fluomethuron);Fluometuron (Fluomethuron);VLAB-CH-TP-674;LC-MS/MS;0.03 mg/kg;0.1 mg/kg;72;;; 350.000 ; 1.050.000 
TACN & NGUYÊN LIỆU;TACN & NGUYÊN LIỆU;PES-LC/MS/MS;Fluopyram;Fluopyram;VLAB-CH-TP-674;LC-MS/MS;0.03 mg/kg;0.1 mg/kg;72;;; 350.000 ; 1.050.000 
TACN & NGUYÊN LIỆU;TACN & NGUYÊN LIỆU;PES-LC/MS/MS;Fluoxastrobin;Fluoxastrobin;VLAB-CH-TP-674;LC-MS/MS;0.03 mg/kg;0.1 mg/kg;72;;; 350.000 ; 1.050.000 
TACN & NGUYÊN LIỆU;TACN & NGUYÊN LIỆU;PES-LC/MS/MS;Fluquinconazole;Fluquinconazole;VLAB-CH-TP-674;LC-MS/MS;0.03 mg/kg;0.1 mg/kg;72;;; 350.000 ; 1.050.000 
TACN & NGUYÊN LIỆU;TACN & NGUYÊN LIỆU;PES-LC/MS/MS;Fluxapyroxad;Fluxapyroxad;VLAB-CH-TP-674;LC-MS/MS;0.03 mg/kg;0.1 mg/kg;72;;; 350.000 ; 1.050.000 
TACN & NGUYÊN LIỆU;TACN & NGUYÊN LIỆU;PES-LC/MS/MS;Flusilazole;Flusilazole;VLAB-CH-TP-674;LC-MS/MS;0.03 mg/kg;0.1 mg/kg;72;;; 350.000 ; 1.050.000 
TACN & NGUYÊN LIỆU;TACN & NGUYÊN LIỆU;PES-LC/MS/MS;Flutriafol;Flutriafol;VLAB-CH-TP-674;LC-MS/MS;0.03 mg/kg;0.1 mg/kg;72;;; 350.000 ; 1.050.000 
TACN & NGUYÊN LIỆU;TACN & NGUYÊN LIỆU;PES-LC/MS/MS;Fluopicolide;Fluopicolide;VLAB-CH-TP-674;LC-MS/MS;0.03 mg/kg;0.1 mg/kg;72;;; 350.000 ; 1.050.000 
TACN & NGUYÊN LIỆU;TACN & NGUYÊN LIỆU;PES-LC/MS/MS;Forchlorfenuron;Forchlorfenuron;VLAB-CH-TP-674;LC-MS/MS;0.03 mg/kg;0.1 mg/kg;72;;; 350.000 ; 1.050.000 
TACN & NGUYÊN LIỆU;TACN & NGUYÊN LIỆU;PES-LC/MS/MS;Formetanate;Formetanate;VLAB-CH-TP-674;LC-MS/MS;0.03 mg/kg;0.1 mg/kg;72;;; 350.000 ; 1.050.000 
TACN & NGUYÊN LIỆU;TACN & NGUYÊN LIỆU;PES-LC/MS/MS;Fuberidazole;Fuberidazole;VLAB-CH-TP-674;LC-MS/MS;0.03 mg/kg;0.1 mg/kg;72;;; 350.000 ; 1.050.000 
TACN & NGUYÊN LIỆU;TACN & NGUYÊN LIỆU;PES-LC/MS/MS;Furalaxyl;Furalaxyl;VLAB-CH-TP-674;LC-MS/MS;0.03 mg/kg;0.1 mg/kg;72;;; 350.000 ; 1.050.000 
TACN & NGUYÊN LIỆU;TACN & NGUYÊN LIỆU;PES-LC/MS/MS;Furathiocarb;Furathiocarb;VLAB-CH-TP-674;LC-MS/MS;0.03 mg/kg;0.1 mg/kg;72;;; 350.000 ; 1.050.000 
TACN & NGUYÊN LIỆU;TACN & NGUYÊN LIỆU;PES-LC/MS/MS;Halofenozide;Halofenozide;VLAB-CH-TP-674;LC-MS/MS;0.03 mg/kg;0.1 mg/kg;72;;; 350.000 ; 1.050.000 
TACN & NGUYÊN LIỆU;TACN & NGUYÊN LIỆU;PES-LC/MS/MS;Hexaconazole;Hexaconazole;VLAB-CH-TP-674;LC-MS/MS;0.03 mg/kg;0.1 mg/kg;72;;; 350.000 ; 1.050.000 
TACN & NGUYÊN LIỆU;TACN & NGUYÊN LIỆU;PES-LC/MS/MS;Haloxyfop;Haloxyfop;VLAB-CH-TP-674;LC-MS/MS;0.03 mg/kg;0.1 mg/kg;72;;; 350.000 ; 1.050.000 
TACN & NGUYÊN LIỆU;TACN & NGUYÊN LIỆU;PES-LC/MS/MS;Hexythiazox;Hexythiazox;VLAB-CH-TP-674;LC-MS/MS;0.03 mg/kg;0.1 mg/kg;72;;; 350.000 ; 1.050.000 
TACN & NGUYÊN LIỆU;TACN & NGUYÊN LIỆU;PES-LC/MS/MS;Hydramethylnon;Hydramethylnon;VLAB-CH-TP-674;LC-MS/MS;0.03 mg/kg;0.1 mg/kg;72;;; 350.000 ; 1.050.000 
TACN & NGUYÊN LIỆU;TACN & NGUYÊN LIỆU;PES-LC/MS/MS;Imazalil;Imazalil;VLAB-CH-TP-674;LC-MS/MS;0.03 mg/kg;0.1 mg/kg;72;;; 350.000 ; 1.050.000 
TACN & NGUYÊN LIỆU;TACN & NGUYÊN LIỆU;PES-LC/MS/MS;Imidacloprid;Imidacloprid;VLAB-CH-TP-674;LC-MS/MS;0.03 mg/kg;0.1 mg/kg;72;;; 350.000 ; 1.050.000 
TACN & NGUYÊN LIỆU;TACN & NGUYÊN LIỆU;PES-LC/MS/MS;Indoxacarb;Indoxacarb;VLAB-CH-TP-674;LC-MS/MS;0.03 mg/kg;0.1 mg/kg;72;;; 350.000 ; 1.050.000 
TACN & NGUYÊN LIỆU;TACN & NGUYÊN LIỆU;PES-LC/MS/MS;Ipconazole;Ipconazole;VLAB-CH-TP-674;LC-MS/MS;0.03 mg/kg;0.1 mg/kg;72;;; 350.000 ; 1.050.000 
TACN & NGUYÊN LIỆU;TACN & NGUYÊN LIỆU;PES-LC/MS/MS;Iprovalicarb;Iprovalicarb;VLAB-CH-TP-674;LC-MS/MS;0.03 mg/kg;0.1 mg/kg;72;;; 350.000 ; 1.050.000 
TACN & NGUYÊN LIỆU;TACN & NGUYÊN LIỆU;PES-LC/MS/MS;Isoprocarb;Isoprocarb;VLAB-CH-TP-674;LC-MS/MS;0.03 mg/kg;0.1 mg/kg;72;;; 350.000 ; 1.050.000 
TACN & NGUYÊN LIỆU;TACN & NGUYÊN LIỆU;PES-LC/MS/MS;Iprodione;Iprodione;VLAB-CH-TP-674;LC-MS/MS;0.03 mg/kg;0.1 mg/kg;72;;; 350.000 ; 1.050.000 
TACN & NGUYÊN LIỆU;TACN & NGUYÊN LIỆU;PES-LC/MS/MS;Isoproturon;Isoproturon;VLAB-CH-TP-674;LC-MS/MS;0.03 mg/kg;0.1 mg/kg;72;;; 350.000 ; 1.050.000 
TACN & NGUYÊN LIỆU;TACN & NGUYÊN LIỆU;PES-LC/MS/MS;Isoxaflutole;Isoxaflutole;VLAB-CH-TP-674;LC-MS/MS;0.03 mg/kg;0.1 mg/kg;72;;; 350.000 ; 1.050.000 
TACN & NGUYÊN LIỆU;TACN & NGUYÊN LIỆU;PES-LC/MS/MS;Kresoxim-methyl;Kresoxim-methyl;VLAB-CH-TP-674;LC-MS/MS;0.03 mg/kg;0.1 mg/kg;72;;; 350.000 ; 1.050.000 
TACN & NGUYÊN LIỆU;TACN & NGUYÊN LIỆU;PES-LC/MS/MS;Linuron;Linuron;VLAB-CH-TP-674;LC-MS/MS;0.03 mg/kg;0.1 mg/kg;72;;; 350.000 ; 1.050.000 
TACN & NGUYÊN LIỆU;TACN & NGUYÊN LIỆU;PES-LC/MS/MS;Lufenuron;Lufenuron;VLAB-CH-TP-674;LC-MS/MS;0.03 mg/kg;0.1 mg/kg;72;;; 350.000 ; 1.050.000 
TACN & NGUYÊN LIỆU;TACN & NGUYÊN LIỆU;PES-LC/MS/MS;Mandipropamid;Mandipropamid;VLAB-CH-TP-674;LC-MS/MS;0.03 mg/kg;0.1 mg/kg;72;;; 350.000 ; 1.050.000 
TACN & NGUYÊN LIỆU;TACN & NGUYÊN LIỆU;PES-LC/MS/MS;Mecarbam;Mecarbam;VLAB-CH-TP-674;LC-MS/MS;0.03 mg/kg;0.1 mg/kg;72;;; 350.000 ; 1.050.000 
TACN & NGUYÊN LIỆU;TACN & NGUYÊN LIỆU;PES-LC/MS/MS;Mefenacet;Mefenacet;VLAB-CH-TP-674;LC-MS/MS;0.03 mg/kg;0.1 mg/kg;72;;; 350.000 ; 1.050.000 
TACN & NGUYÊN LIỆU;TACN & NGUYÊN LIỆU;PES-LC/MS/MS;Mepanipyrim;Mepanipyrim;VLAB-CH-TP-674;LC-MS/MS;0.03 mg/kg;0.1 mg/kg;72;;; 350.000 ; 1.050.000 
TACN & NGUYÊN LIỆU;TACN & NGUYÊN LIỆU;PES-LC/MS/MS;Mepronil;Mepronil;VLAB-CH-TP-674;LC-MS/MS;0.03 mg/kg;0.1 mg/kg;72;;; 350.000 ; 1.050.000 
TACN & NGUYÊN LIỆU;TACN & NGUYÊN LIỆU;PES-LC/MS/MS;Mesotrione;Mesotrione;VLAB-CH-TP-674;LC-MS/MS;0.03 mg/kg;0.1 mg/kg;72;;; 350.000 ; 1.050.000 
TACN & NGUYÊN LIỆU;TACN & NGUYÊN LIỆU;PES-LC/MS/MS;Metalaxyl;Metalaxyl;VLAB-CH-TP-674;LC-MS/MS;0.03 mg/kg;0.1 mg/kg;72;;; 350.000 ; 1.050.000 
TACN & NGUYÊN LIỆU;TACN & NGUYÊN LIỆU;PES-LC/MS/MS;Metconazole;Metconazole;VLAB-CH-TP-674;LC-MS/MS;0.03 mg/kg;0.1 mg/kg;72;;; 350.000 ; 1.050.000 
TACN & NGUYÊN LIỆU;TACN & NGUYÊN LIỆU;PES-LC/MS/MS;Methabenzthiazuron;Methabenzthiazuron;VLAB-CH-TP-674;LC-MS/MS;0.03 mg/kg;0.1 mg/kg;72;;; 350.000 ; 1.050.000 
TACN & NGUYÊN LIỆU;TACN & NGUYÊN LIỆU;PES-LC/MS/MS;Methamidophos;Methamidophos;VLAB-CH-TP-674;LC-MS/MS;0.03 mg/kg;0.1 mg/kg;72;;; 350.000 ; 1.050.000 
TACN & NGUYÊN LIỆU;TACN & NGUYÊN LIỆU;PES-LC/MS/MS;Methiocarb;Methiocarb;VLAB-CH-TP-674;LC-MS/MS;0.03 mg/kg;0.1 mg/kg;72;;; 350.000 ; 1.050.000 
TACN & NGUYÊN LIỆU;TACN & NGUYÊN LIỆU;PES-LC/MS/MS;Methomyl;Methomyl;VLAB-CH-TP-674;LC-MS/MS;0.03 mg/kg;0.1 mg/kg;72;;; 350.000 ; 1.050.000 
TACN & NGUYÊN LIỆU;TACN & NGUYÊN LIỆU;PES-LC/MS/MS;Methoprotryne;Methoprotryne;VLAB-CH-TP-674;LC-MS/MS;0.03 mg/kg;0.1 mg/kg;72;;; 350.000 ; 1.050.000 
TACN & NGUYÊN LIỆU;TACN & NGUYÊN LIỆU;PES-LC/MS/MS;Methoxyfenozide;Methoxyfenozide;VLAB-CH-TP-674;LC-MS/MS;0.03 mg/kg;0.1 mg/kg;72;;; 350.000 ; 1.050.000 
TACN & NGUYÊN LIỆU;TACN & NGUYÊN LIỆU;PES-LC/MS/MS;Metobromuron;Metobromuron;VLAB-CH-TP-674;LC-MS/MS;0.03 mg/kg;0.1 mg/kg;72;;; 350.000 ; 1.050.000 
TACN & NGUYÊN LIỆU;TACN & NGUYÊN LIỆU;PES-LC/MS/MS;Metribuzin;Metribuzin;VLAB-CH-TP-674;LC-MS/MS;0.03 mg/kg;0.1 mg/kg;72;;; 350.000 ; 1.050.000 
TACN & NGUYÊN LIỆU;TACN & NGUYÊN LIỆU;PES-LC/MS/MS;Mexacarbate (Zectran);Mexacarbate (Zectran);VLAB-CH-TP-674;LC-MS/MS;0.03 mg/kg;0.1 mg/kg;72;;; 350.000 ; 1.050.000 
TACN & NGUYÊN LIỆU;TACN & NGUYÊN LIỆU;PES-LC/MS/MS;Mevinphos;Mevinphos;VLAB-CH-TP-674;LC-MS/MS;0.03 mg/kg;0.1 mg/kg;72;;; 350.000 ; 1.050.000 
TACN & NGUYÊN LIỆU;TACN & NGUYÊN LIỆU;PES-LC/MS/MS;Monocrotophos;Monocrotophos;VLAB-CH-TP-674;LC-MS/MS;0.03 mg/kg;0.1 mg/kg;72;;; 350.000 ; 1.050.000 
TACN & NGUYÊN LIỆU;TACN & NGUYÊN LIỆU;PES-LC/MS/MS;Monolinuron;Monolinuron;VLAB-CH-TP-674;LC-MS/MS;0.03 mg/kg;0.1 mg/kg;72;;; 350.000 ; 1.050.000 
TACN & NGUYÊN LIỆU;TACN & NGUYÊN LIỆU;PES-LC/MS/MS;Neburon;Neburon;VLAB-CH-TP-674;LC-MS/MS;0.03 mg/kg;0.1 mg/kg;72;;; 350.000 ; 1.050.000 
TACN & NGUYÊN LIỆU;TACN & NGUYÊN LIỆU;PES-LC/MS/MS;Nitenpyram;Nitenpyram;VLAB-CH-TP-674;LC-MS/MS;0.03 mg/kg;0.1 mg/kg;72;;; 350.000 ; 1.050.000 
TACN & NGUYÊN LIỆU;TACN & NGUYÊN LIỆU;PES-LC/MS/MS;Novaluron;Novaluron;VLAB-CH-TP-674;LC-MS/MS;0.03 mg/kg;0.1 mg/kg;72;;; 350.000 ; 1.050.000 
TACN & NGUYÊN LIỆU;TACN & NGUYÊN LIỆU;PES-LC/MS/MS;Nuarimol;Nuarimol;VLAB-CH-TP-674;LC-MS/MS;0.03 mg/kg;0.1 mg/kg;72;;; 350.000 ; 1.050.000 
TACN & NGUYÊN LIỆU;TACN & NGUYÊN LIỆU;PES-LC/MS/MS;Omethoate;Omethoate;VLAB-CH-TP-674;LC-MS/MS;0.03 mg/kg;0.1 mg/kg;72;;; 350.000 ; 1.050.000 
TACN & NGUYÊN LIỆU;TACN & NGUYÊN LIỆU;PES-LC/MS/MS;Oxadixyl;Oxadixyl;VLAB-CH-TP-674;LC-MS/MS;0.03 mg/kg;0.1 mg/kg;72;;; 350.000 ; 1.050.000 
TACN & NGUYÊN LIỆU;TACN & NGUYÊN LIỆU;PES-LC/MS/MS;Paclobutrazol;Paclobutrazol;VLAB-CH-TP-674;LC-MS/MS;0.03 mg/kg;0.1 mg/kg;72;;; 350.000 ; 1.050.000 
TACN & NGUYÊN LIỆU;TACN & NGUYÊN LIỆU;PES-LC/MS/MS;Oxamyl;Oxamyl;VLAB-CH-TP-674;LC-MS/MS;0.03 mg/kg;0.1 mg/kg;72;;; 350.000 ; 1.050.000 
TACN & NGUYÊN LIỆU;TACN & NGUYÊN LIỆU;PES-LC/MS/MS;Penconazole;Penconazole;VLAB-CH-TP-674;LC-MS/MS;0.03 mg/kg;0.1 mg/kg;72;;; 350.000 ; 1.050.000 
TACN & NGUYÊN LIỆU;TACN & NGUYÊN LIỆU;PES-LC/MS/MS;Penthipyorad;Penthipyorad;VLAB-CH-TP-674;LC-MS/MS;0.03 mg/kg;0.1 mg/kg;72;;; 350.000 ; 1.050.000 
TACN & NGUYÊN LIỆU;TACN & NGUYÊN LIỆU;PES-LC/MS/MS;Phenmedipham;Phenmedipham;VLAB-CH-TP-674;LC-MS/MS;0.03 mg/kg;0.1 mg/kg;72;;; 350.000 ; 1.050.000 
TACN & NGUYÊN LIỆU;TACN & NGUYÊN LIỆU;PES-LC/MS/MS;Picoxystrobin;Picoxystrobin;VLAB-CH-TP-674;LC-MS/MS;0.03 mg/kg;0.1 mg/kg;72;;; 350.000 ; 1.050.000 
TACN & NGUYÊN LIỆU;TACN & NGUYÊN LIỆU;PES-GC-MS/MS;Piperonyl butoxide;Piperonyl butoxide;VLAB-CH-TP-614;GC-MS/MS;0.03 mg/kg;0.1 mg/kg;72;;; 350.000 ; 1.050.000 
TACN & NGUYÊN LIỆU;TACN & NGUYÊN LIỆU;PES-LC/MS/MS;Pirimicarb;Pirimicarb;VLAB-CH-TP-674;LC-MS/MS;0.03 mg/kg;0.1 mg/kg;72;;; 350.000 ; 1.050.000 
TACN & NGUYÊN LIỆU;TACN & NGUYÊN LIỆU;PES-LC/MS/MS;Prochloraz;Prochloraz;VLAB-CH-TP-674;LC-MS/MS;0.03 mg/kg;0.1 mg/kg;72;;; 350.000 ; 1.050.000 
TACN & NGUYÊN LIỆU;TACN & NGUYÊN LIỆU;PES-LC/MS/MS;Promecarb;Promecarb;VLAB-CH-TP-674;LC-MS/MS;0.03 mg/kg;0.1 mg/kg;72;;; 350.000 ; 1.050.000 
TACN & NGUYÊN LIỆU;TACN & NGUYÊN LIỆU;PES-LC/MS/MS;Prometon;Prometon;VLAB-CH-TP-674;LC-MS/MS;0.03 mg/kg;0.1 mg/kg;72;;; 350.000 ; 1.050.000 
TACN & NGUYÊN LIỆU;TACN & NGUYÊN LIỆU;PES-LC/MS/MS;Prometryne;Prometryne;VLAB-CH-TP-674;LC-MS/MS;0.03 mg/kg;0.1 mg/kg;72;;; 350.000 ; 1.050.000 
TACN & NGUYÊN LIỆU;TACN & NGUYÊN LIỆU;PES-LC/MS/MS;Propamocarb;Propamocarb;VLAB-CH-TP-674;LC-MS/MS;0.03 mg/kg;0.1 mg/kg;72;;; 350.000 ; 1.050.000 
TACN & NGUYÊN LIỆU;TACN & NGUYÊN LIỆU;PES-GC-MS/MS;Propargite;Propargite;VLAB-CH-TP-614;GC-MS/MS;0.03 mg/kg;0.1 mg/kg;72;;; 350.000 ; 1.050.000 
TACN & NGUYÊN LIỆU;TACN & NGUYÊN LIỆU;PES-LC/MS/MS;Propham;Propham;VLAB-CH-TP-674;LC-MS/MS;0.03 mg/kg;0.1 mg/kg;72;;; 350.000 ; 1.050.000 
TACN & NGUYÊN LIỆU;TACN & NGUYÊN LIỆU;PES-LC/MS/MS;Propetamphos;Propetamphos;VLAB-CH-TP-674;LC-MS/MS;0.03 mg/kg;0.1 mg/kg;72;;; 350.000 ; 1.050.000 
TACN & NGUYÊN LIỆU;TACN & NGUYÊN LIỆU;PES-LC/MS/MS;Propiconazole;Propiconazole;VLAB-CH-TP-674;LC-MS/MS;0.03 mg/kg;0.1 mg/kg;72;;; 350.000 ; 1.050.000 
TACN & NGUYÊN LIỆU;TACN & NGUYÊN LIỆU;PES-LC/MS/MS;Propoxur;Propoxur;VLAB-CH-TP-674;LC-MS/MS;0.03 mg/kg;0.1 mg/kg;72;;; 350.000 ; 1.050.000 
TACN & NGUYÊN LIỆU;TACN & NGUYÊN LIỆU;PES-LC/MS/MS;Prothioconazole;Prothioconazole;VLAB-CH-TP-674;LC-MS/MS;0.03 mg/kg;0.1 mg/kg;72;;; 350.000 ; 1.050.000 
TACN & NGUYÊN LIỆU;TACN & NGUYÊN LIỆU;PES-LC/MS/MS;Pymetrozine;Pymetrozine;VLAB-CH-TP-674;LC-MS/MS;0.03 mg/kg;0.1 mg/kg;72;;; 350.000 ; 1.050.000 
TACN & NGUYÊN LIỆU;TACN & NGUYÊN LIỆU;PES-LC/MS/MS;Pyraclostrobin;Pyraclostrobin;VLAB-CH-TP-674;LC-MS/MS;0.03 mg/kg;0.1 mg/kg;72;;; 350.000 ; 1.050.000 
TACN & NGUYÊN LIỆU;TACN & NGUYÊN LIỆU;PES-LC/MS/MS;Pyracarbolid;Pyracarbolid;VLAB-CH-TP-674;LC-MS/MS;0.03 mg/kg;0.1 mg/kg;72;;; 350.000 ; 1.050.000 
TACN & NGUYÊN LIỆU;TACN & NGUYÊN LIỆU;PES-GC-MS/MS;Pyridaben;Pyridaben;VLAB-CH-TP-614;GC-MS/MS;0.03 mg/kg;0.1 mg/kg;72;;; 350.000 ; 1.050.000 
TACN & NGUYÊN LIỆU;TACN & NGUYÊN LIỆU;PES-GC-MS/MS;Pyrimethanil;Pyrimethanil;VLAB-CH-TP-614;GC-MS/MS;0.03 mg/kg;0.1 mg/kg;72;;; 350.000 ; 1.050.000 
TACN & NGUYÊN LIỆU;TACN & NGUYÊN LIỆU;PES-LC/MS/MS;Quinoxyfen;Quinoxyfen;VLAB-CH-TP-674;LC-MS/MS;0.03 mg/kg;0.1 mg/kg;72;;; 350.000 ; 1.050.000 
TACN & NGUYÊN LIỆU;TACN & NGUYÊN LIỆU;PES-LC/MS/MS;Rotenone;Rotenone;VLAB-CH-TP-674;LC-MS/MS;0.03 mg/kg;0.1 mg/kg;72;;; 350.000 ; 1.050.000 
TACN & NGUYÊN LIỆU;TACN & NGUYÊN LIỆU;PES-LC/MS/MS;Secbumeton;Secbumeton;VLAB-CH-TP-674;LC-MS/MS;0.03 mg/kg;0.1 mg/kg;72;;; 350.000 ; 1.050.000 
TACN & NGUYÊN LIỆU;TACN & NGUYÊN LIỆU;PES-LC/MS/MS;Siduron;Siduron;VLAB-CH-TP-674;LC-MS/MS;0.03 mg/kg;0.1 mg/kg;72;;; 350.000 ; 1.050.000 
TACN & NGUYÊN LIỆU;TACN & NGUYÊN LIỆU;PES-LC/MS/MS;Simetryn;Simetryn;VLAB-CH-TP-674;LC-MS/MS;0.03 mg/kg;0.1 mg/kg;72;;; 350.000 ; 1.050.000 
TACN & NGUYÊN LIỆU;TACN & NGUYÊN LIỆU;PES-LC/MS/MS;Sulfentrazone;Sulfentrazone;VLAB-CH-TP-674;LC-MS/MS;0.03 mg/kg;0.1 mg/kg;72;;; 350.000 ; 1.050.000 
TACN & NGUYÊN LIỆU;TACN & NGUYÊN LIỆU;PES-LC/MS/MS;Spinetoram (J&L);Spinetoram (J&L);VLAB-CH-TP-674;LC-MS/MS;0.03 mg/kg;0.1 mg/kg;72;;; 350.000 ; 1.050.000 
TACN & NGUYÊN LIỆU;TACN & NGUYÊN LIỆU;PES-LC/MS/MS;Spinosad (Spinosyn A);Spinosad (Spinosyn A);VLAB-CH-TP-674;LC-MS/MS;0.03 mg/kg;0.1 mg/kg;72;;; 350.000 ; 1.050.000 
TACN & NGUYÊN LIỆU;TACN & NGUYÊN LIỆU;PES-LC/MS/MS;Spinosad (Spinosyn D);Spinosad (Spinosyn D);VLAB-CH-TP-674;LC-MS/MS;0.03 mg/kg;0.1 mg/kg;72;;; 350.000 ; 1.050.000 
TACN & NGUYÊN LIỆU;TACN & NGUYÊN LIỆU;PES-LC/MS/MS;Spiromesifen;Spiromesifen;VLAB-CH-TP-674;LC-MS/MS;0.03 mg/kg;0.1 mg/kg;72;;; 350.000 ; 1.050.000 
TACN & NGUYÊN LIỆU;TACN & NGUYÊN LIỆU;PES-LC/MS/MS;Spirotetramat;Spirotetramat;VLAB-CH-TP-674;LC-MS/MS;0.03 mg/kg;0.1 mg/kg;72;;; 350.000 ; 1.050.000 
TACN & NGUYÊN LIỆU;TACN & NGUYÊN LIỆU;PES-LC/MS/MS;Spiroxamin;Spiroxamin;VLAB-CH-TP-674;LC-MS/MS;0.03 mg/kg;0.1 mg/kg;72;;; 350.000 ; 1.050.000 
TACN & NGUYÊN LIỆU;TACN & NGUYÊN LIỆU;PES-LC/MS/MS;Saflufenacil;Saflufenacil;VLAB-CH-TP-674;LC-MS/MS;0.03 mg/kg;0.1 mg/kg;72;;; 350.000 ; 1.050.000 
TACN & NGUYÊN LIỆU;TACN & NGUYÊN LIỆU;PES-LC/MS/MS;Sulfoxaflor;Sulfoxaflor;VLAB-CH-TP-674;LC-MS/MS;0.03 mg/kg;0.1 mg/kg;72;;; 350.000 ; 1.050.000 
TACN & NGUYÊN LIỆU;TACN & NGUYÊN LIỆU;PES-LC/MS/MS;Tebuconazole;Tebuconazole;VLAB-CH-TP-674;LC-MS/MS;0.03 mg/kg;0.1 mg/kg;72;;; 350.000 ; 1.050.000 
TACN & NGUYÊN LIỆU;TACN & NGUYÊN LIỆU;PES-LC/MS/MS;Tebufenozide;Tebufenozide;VLAB-CH-TP-674;LC-MS/MS;0.03 mg/kg;0.1 mg/kg;72;;; 350.000 ; 1.050.000 
TACN & NGUYÊN LIỆU;TACN & NGUYÊN LIỆU;PES-LC/MS/MS;Tebufenpyrad;Tebufenpyrad;VLAB-CH-TP-674;LC-MS/MS;0.03 mg/kg;0.1 mg/kg;72;;; 350.000 ; 1.050.000 
TACN & NGUYÊN LIỆU;TACN & NGUYÊN LIỆU;PES-LC/MS/MS;Tebuthiuron;Tebuthiuron;VLAB-CH-TP-674;LC-MS/MS;0.03 mg/kg;0.1 mg/kg;72;;; 350.000 ; 1.050.000 
TACN & NGUYÊN LIỆU;TACN & NGUYÊN LIỆU;PES-LC/MS/MS;Teflubenzuron;Teflubenzuron;VLAB-CH-TP-674;LC-MS/MS;0.03 mg/kg;0.1 mg/kg;72;;; 350.000 ; 1.050.000 
TACN & NGUYÊN LIỆU;TACN & NGUYÊN LIỆU;PES-LC/MS/MS;Temephos (Abate);Temephos (Abate);VLAB-CH-TP-674;LC-MS/MS;0.03 mg/kg;0.1 mg/kg;72;;; 350.000 ; 1.050.000 
TACN & NGUYÊN LIỆU;TACN & NGUYÊN LIỆU;PES-LC/MS/MS;Terbumeton;Terbumeton;VLAB-CH-TP-674;LC-MS/MS;0.03 mg/kg;0.1 mg/kg;72;;; 350.000 ; 1.050.000 
TACN & NGUYÊN LIỆU;TACN & NGUYÊN LIỆU;PES-LC/MS/MS;Terbutryn;Terbutryn;VLAB-CH-TP-674;LC-MS/MS;0.03 mg/kg;0.1 mg/kg;72;;; 350.000 ; 1.050.000 
TACN & NGUYÊN LIỆU;TACN & NGUYÊN LIỆU;PES-LC/MS/MS;Tolyfluanid;Tolyfluanid;VLAB-CH-TP-674;LC-MS/MS;0.03 mg/kg;0.1 mg/kg;72;;; 350.000 ; 1.050.000 
TACN & NGUYÊN LIỆU;TACN & NGUYÊN LIỆU;PES-LC/MS/MS;Tetraconazole;Tetraconazole;VLAB-CH-TP-674;LC-MS/MS;0.03 mg/kg;0.1 mg/kg;72;;; 350.000 ; 1.050.000 
TACN & NGUYÊN LIỆU;TACN & NGUYÊN LIỆU;PES-LC/MS/MS;Thiabendazole;Thiabendazole;VLAB-CH-TP-674;LC-MS/MS;0.03 mg/kg;0.1 mg/kg;72;;; 350.000 ; 1.050.000 
TACN & NGUYÊN LIỆU;TACN & NGUYÊN LIỆU;PES-LC/MS/MS;Thiacloprid;Thiacloprid;VLAB-CH-TP-674;LC-MS/MS;0.03 mg/kg;0.1 mg/kg;72;;; 350.000 ; 1.050.000 
TACN & NGUYÊN LIỆU;TACN & NGUYÊN LIỆU;PES-LC/MS/MS;Thiamethoxam;Thiamethoxam;VLAB-CH-TP-674;LC-MS/MS;0.03 mg/kg;0.1 mg/kg;72;;; 350.000 ; 1.050.000 
TACN & NGUYÊN LIỆU;TACN & NGUYÊN LIỆU;PES-LC/MS/MS;Thidiazuron;Thidiazuron;VLAB-CH-TP-674;LC-MS/MS;0.03 mg/kg;0.1 mg/kg;72;;; 350.000 ; 1.050.000 
TACN & NGUYÊN LIỆU;TACN & NGUYÊN LIỆU;PES-LC/MS/MS;Thiobencarb (Benthiocarb);Thiobencarb (Benthiocarb);VLAB-CH-TP-674;LC-MS/MS;0.03 mg/kg;0.1 mg/kg;72;;; 350.000 ; 1.050.000 
TACN & NGUYÊN LIỆU;TACN & NGUYÊN LIỆU;PES-LC/MS/MS;Thiofanox;Thiofanox;VLAB-CH-TP-674;LC-MS/MS;0.03 mg/kg;0.1 mg/kg;72;;; 350.000 ; 1.050.000 
TACN & NGUYÊN LIỆU;TACN & NGUYÊN LIỆU;PES-LC/MS/MS;Thiophanate-methyl;Thiophanate-methyl;VLAB-CH-TP-674;LC-MS/MS;0.03 mg/kg;0.1 mg/kg;72;;; 350.000 ; 1.050.000 
TACN & NGUYÊN LIỆU;TACN & NGUYÊN LIỆU;PES-LC/MS/MS;Triadimenol;Triadimenol;VLAB-CH-TP-674;LC-MS/MS;0.03 mg/kg;0.1 mg/kg;72;;; 350.000 ; 1.050.000 
TACN & NGUYÊN LIỆU;TACN & NGUYÊN LIỆU;PES-LC/MS/MS;Trichlorfon;Trichlorfon;VLAB-CH-TP-674;LC-MS/MS;0.03 mg/kg;0.1 mg/kg;72;;; 350.000 ; 1.050.000 
TACN & NGUYÊN LIỆU;TACN & NGUYÊN LIỆU;PES-LC/MS/MS;Tricyclazole;Tricyclazole;VLAB-CH-TP-674;LC-MS/MS;0.03 mg/kg;0.1 mg/kg;72;;; 350.000 ; 1.050.000 
TACN & NGUYÊN LIỆU;TACN & NGUYÊN LIỆU;PES-LC/MS/MS;Trifloxystrobin;Trifloxystrobin;VLAB-CH-TP-674;LC-MS/MS;0.03 mg/kg;0.1 mg/kg;72;;; 350.000 ; 1.050.000 
TACN & NGUYÊN LIỆU;TACN & NGUYÊN LIỆU;PES-LC/MS/MS;Triflumuron;Triflumuron;VLAB-CH-TP-674;LC-MS/MS;0.03 mg/kg;0.1 mg/kg;72;;; 350.000 ; 1.050.000 
TACN & NGUYÊN LIỆU;TACN & NGUYÊN LIỆU;PES-LC/MS/MS;Triticonazole;Triticonazole;VLAB-CH-TP-674;LC-MS/MS;0.03 mg/kg;0.1 mg/kg;72;;; 350.000 ; 1.050.000 
TACN & NGUYÊN LIỆU;TACN & NGUYÊN LIỆU;PES-LC/MS/MS;Triforine;Triforine;VLAB-CH-TP-674;LC-MS/MS;0.03 mg/kg;0.1 mg/kg;72;;; 350.000 ; 1.050.000 
TACN & NGUYÊN LIỆU;TACN & NGUYÊN LIỆU;PES-LC/MS/MS;XMC (3,5-dimethylphenyl N-methylcarbamate);XMC (3,5-dimethylphenyl N-methylcarbamate);VLAB-CH-TP-674;LC-MS/MS;0.03 mg/kg;0.1 mg/kg;72;;; 350.000 ; 1.050.000 
TACN & NGUYÊN LIỆU;TACN & NGUYÊN LIỆU;PES-LC/MS/MS;Zoxamide;Zoxamide;VLAB-CH-TP-674;LC-MS/MS;0.03 mg/kg;0.1 mg/kg;72;;; 350.000 ; 1.050.000 
TACN & NGUYÊN LIỆU;TACN & NGUYÊN LIỆU;PES-GC-MS/MS;2,3,5,6-Tetrachloroaniline;2,3,5,6-Tetrachloroaniline;VLAB-CH-TP-614;GC-MS/MS;0.03 mg/kg;0.1 mg/kg;72;;; 350.000 ; 1.050.000 
TACN & NGUYÊN LIỆU;TACN & NGUYÊN LIỆU;PES-GC-MS/MS;2,6-dichlorobenzonitrile;2,6-dichlorobenzonitrile;VLAB-CH-TP-614;GC-MS/MS;0.03 mg/kg;0.1 mg/kg;72;;; 350.000 ; 1.050.000 
TACN & NGUYÊN LIỆU;TACN & NGUYÊN LIỆU;PES-GC-MS/MS;2-phenylphenol;2-phenylphenol;VLAB-CH-TP-614;GC-MS/MS;0.03 mg/kg;0.1 mg/kg;72;;; 350.000 ; 1.050.000 
TACN & NGUYÊN LIỆU;TACN & NGUYÊN LIỆU;PES-GC-MS/MS;3,4-Dichloroaniline;3,4-Dichloroaniline;VLAB-CH-TP-614;GC-MS/MS;0.03 mg/kg;0.1 mg/kg;72;;; 350.000 ; 1.050.000 
TACN & NGUYÊN LIỆU;TACN & NGUYÊN LIỆU;PES-GC-MS/MS;4,4'-Dichlorobenzophenone;4,4'-Dichlorobenzophenone;VLAB-CH-TP-614;GC-MS/MS;0.03 mg/kg;0.1 mg/kg;72;;; 350.000 ; 1.050.000 
TACN & NGUYÊN LIỆU;TACN & NGUYÊN LIỆU;PES-GC-MS/MS;Acetochlor;Acetochlor;VLAB-CH-TP-614;GC-MS/MS;0.03 mg/kg;0.1 mg/kg;72;;; 350.000 ; 1.050.000 
TACN & NGUYÊN LIỆU;TACN & NGUYÊN LIỆU;PES-GC-MS/MS;Acibenzolar-S-methyl;Acibenzolar-S-methyl;VLAB-CH-TP-614;GC-MS/MS;0.03 mg/kg;0.1 mg/kg;72;;; 350.000 ; 1.050.000 
TACN & NGUYÊN LIỆU;TACN & NGUYÊN LIỆU;PES-GC-MS/MS;Aclonifen;Aclonifen;VLAB-CH-TP-614;GC-MS/MS;0.03 mg/kg;0.1 mg/kg;72;;; 350.000 ; 1.050.000 
TACN & NGUYÊN LIỆU;TACN & NGUYÊN LIỆU;PES-GC-MS/MS;Acrinathrin;Acrinathrin;VLAB-CH-TP-614;GC-MS/MS;0.03 mg/kg;0.1 mg/kg;72;;; 350.000 ; 1.050.000 
TACN & NGUYÊN LIỆU;TACN & NGUYÊN LIỆU;PES-GC-MS/MS;Alachlor;Alachlor;VLAB-CH-TP-614;GC-MS/MS;0.03 mg/kg;0.1 mg/kg;72;;; 350.000 ; 1.050.000 
TACN & NGUYÊN LIỆU;TACN & NGUYÊN LIỆU;PES-GC-MS/MS;Aldrin;Aldrin;VLAB-CH-TP-614;GC-MS/MS;0.03 mg/kg;0.1 mg/kg;72;;; 350.000 ; 1.050.000 
TACN & NGUYÊN LIỆU;TACN & NGUYÊN LIỆU;PES-GC-MS/MS;Allidochlor;Allidochlor;VLAB-CH-TP-614;GC-MS/MS;0.03 mg/kg;0.1 mg/kg;72;;; 350.000 ; 1.050.000 
TACN & NGUYÊN LIỆU;TACN & NGUYÊN LIỆU;PES-GC-MS/MS;alpha-BHC (benzene hexachloride);alpha-BHC (benzene hexachloride);VLAB-CH-TP-614;GC-MS/MS;0.03 mg/kg;0.1 mg/kg;72;;; 350.000 ; 1.050.000 
TACN & NGUYÊN LIỆU;TACN & NGUYÊN LIỆU;PES-GC-MS/MS;Anilofos;Anilofos;VLAB-CH-TP-614;GC-MS/MS;0.03 mg/kg;0.1 mg/kg;72;;; 350.000 ; 1.050.000 
TACN & NGUYÊN LIỆU;TACN & NGUYÊN LIỆU;PES-GC-MS/MS;Anthraquinone;Anthraquinone;VLAB-CH-TP-614;GC-MS/MS;0.03 mg/kg;0.1 mg/kg;72;;; 350.000 ; 1.050.000 
TACN & NGUYÊN LIỆU;TACN & NGUYÊN LIỆU;PES-GC-MS/MS;Aspon (Tetrapropyl thiodiphosphate);Aspon (Tetrapropyl thiodiphosphate);VLAB-CH-TP-614;GC-MS/MS;0.03 mg/kg;0.1 mg/kg;72;;; 350.000 ; 1.050.000 
TACN & NGUYÊN LIỆU;TACN & NGUYÊN LIỆU;PES-GC-MS/MS;Atrazine;Atrazine;VLAB-CH-TP-614;GC-MS/MS;0.03 mg/kg;0.1 mg/kg;72;;; 350.000 ; 1.050.000 
TACN & NGUYÊN LIỆU;TACN & NGUYÊN LIỆU;PES-GC-MS/MS;Atrazine-desethyl;Atrazine-desethyl;VLAB-CH-TP-614;GC-MS/MS;0.03 mg/kg;0.1 mg/kg;72;;; 350.000 ; 1.050.000 
TACN & NGUYÊN LIỆU;TACN & NGUYÊN LIỆU;PES-GC-MS/MS;Azinphos-ethyl;Azinphos-ethyl;VLAB-CH-TP-614;GC-MS/MS;0.03 mg/kg;0.1 mg/kg;72;;; 350.000 ; 1.050.000 
TACN & NGUYÊN LIỆU;TACN & NGUYÊN LIỆU;PES-GC-MS/MS;Benfluralin;Benfluralin;VLAB-CH-TP-614;GC-MS/MS;0.03 mg/kg;0.1 mg/kg;72;;; 350.000 ; 1.050.000 
TACN & NGUYÊN LIỆU;TACN & NGUYÊN LIỆU;PES-GC-MS/MS;beta-BHC;beta-BHC;VLAB-CH-TP-614;GC-MS/MS;0.03 mg/kg;0.1 mg/kg;72;;; 350.000 ; 1.050.000 
TACN & NGUYÊN LIỆU;TACN & NGUYÊN LIỆU;PES-GC-MS/MS;Bifenthrin;Bifenthrin;VLAB-CH-TP-614;GC-MS/MS;0.03 mg/kg;0.1 mg/kg;72;;; 350.000 ; 1.050.000 
TACN & NGUYÊN LIỆU;TACN & NGUYÊN LIỆU;PES-GC-MS/MS;Biphenyl;Biphenyl;VLAB-CH-TP-614;GC-MS/MS;0.03 mg/kg;0.1 mg/kg;72;;; 350.000 ; 1.050.000 
TACN & NGUYÊN LIỆU;TACN & NGUYÊN LIỆU;PES-GC-MS/MS;Bromfenvinfos;Bromfenvinfos;VLAB-CH-TP-614;GC-MS/MS;0.03 mg/kg;0.1 mg/kg;72;;; 350.000 ; 1.050.000 
TACN & NGUYÊN LIỆU;TACN & NGUYÊN LIỆU;PES-GC-MS/MS;Bromfenvinfos-methyl;Bromfenvinfos-methyl;VLAB-CH-TP-614;GC-MS/MS;0.03 mg/kg;0.1 mg/kg;72;;; 350.000 ; 1.050.000 
TACN & NGUYÊN LIỆU;TACN & NGUYÊN LIỆU;PES-GC-MS/MS;Bromophos;Bromophos;VLAB-CH-TP-614;GC-MS/MS;0.03 mg/kg;0.1 mg/kg;72;;; 350.000 ; 1.050.000 
TACN & NGUYÊN LIỆU;TACN & NGUYÊN LIỆU;PES-GC-MS/MS;Bromophos-ethyl;Bromophos-ethyl;VLAB-CH-TP-614;GC-MS/MS;0.03 mg/kg;0.1 mg/kg;72;;; 350.000 ; 1.050.000 
TACN & NGUYÊN LIỆU;TACN & NGUYÊN LIỆU;PES-GC-MS/MS;Bromopropylate;Bromopropylate;VLAB-CH-TP-614;GC-MS/MS;0.03 mg/kg;0.1 mg/kg;72;;; 350.000 ; 1.050.000 
TACN & NGUYÊN LIỆU;TACN & NGUYÊN LIỆU;PES-GC-MS/MS;Bupirimate;Bupirimate;VLAB-CH-TP-614;GC-MS/MS;0.03 mg/kg;0.1 mg/kg;72;;; 350.000 ; 1.050.000 
TACN & NGUYÊN LIỆU;TACN & NGUYÊN LIỆU;PES-GC-MS/MS;Buprofezin (Buprofenzin);Buprofezin (Buprofenzin);VLAB-CH-TP-614;GC-MS/MS;0.03 mg/kg;0.1 mg/kg;72;;; 350.000 ; 1.050.000 
TACN & NGUYÊN LIỆU;TACN & NGUYÊN LIỆU;PES-GC-MS/MS;Butachlor;Butachlor;VLAB-CH-TP-614;GC-MS/MS;0.03 mg/kg;0.1 mg/kg;72;;; 350.000 ; 1.050.000 
TACN & NGUYÊN LIỆU;TACN & NGUYÊN LIỆU;PES-GC-MS/MS;Cadusafos;Cadusafos;VLAB-CH-TP-614;GC-MS/MS;0.03 mg/kg;0.1 mg/kg;72;;; 350.000 ; 1.050.000 
TACN & NGUYÊN LIỆU;TACN & NGUYÊN LIỆU;PES-GC-MS/MS;Captan;Captan;VLAB-CH-TP-614;GC-MS/MS;0.03 mg/kg;0.1 mg/kg;72;;; 350.000 ; 1.050.000 
TACN & NGUYÊN LIỆU;TACN & NGUYÊN LIỆU;PES-GC-MS/MS;Carbophenothion;Carbophenothion;VLAB-CH-TP-614;GC-MS/MS;0.03 mg/kg;0.1 mg/kg;72;;; 350.000 ; 1.050.000 
TACN & NGUYÊN LIỆU;TACN & NGUYÊN LIỆU;PES-GC-MS/MS;Carbosulfan;Carbosulfan;VLAB-CH-TP-614;GC-MS/MS;0.03 mg/kg;0.1 mg/kg;72;;; 350.000 ; 1.050.000 
TACN & NGUYÊN LIỆU;TACN & NGUYÊN LIỆU;PES-GC-MS/MS;Carfentrazone-ethyl;Carfentrazone-ethyl;VLAB-CH-TP-614;GC-MS/MS;0.03 mg/kg;0.1 mg/kg;72;;; 350.000 ; 1.050.000 
TACN & NGUYÊN LIỆU;TACN & NGUYÊN LIỆU;PES-GC-MS/MS;Chinomethionate (Oxythioquinox);Chinomethionate (Oxythioquinox);VLAB-CH-TP-614;GC-MS/MS;0.03 mg/kg;0.1 mg/kg;72;;; 350.000 ; 1.050.000 
TACN & NGUYÊN LIỆU;TACN & NGUYÊN LIỆU;PES-GC-MS/MS;Chlorbenside;Chlorbenside;VLAB-CH-TP-614;GC-MS/MS;0.03 mg/kg;0.1 mg/kg;72;;; 350.000 ; 1.050.000 
TACN & NGUYÊN LIỆU;TACN & NGUYÊN LIỆU;PES-GC-MS/MS;Chlorfenapyr;Chlorfenapyr;VLAB-CH-TP-614;GC-MS/MS;0.03 mg/kg;0.1 mg/kg;72;;; 350.000 ; 1.050.000 
TACN & NGUYÊN LIỆU;TACN & NGUYÊN LIỆU;PES-GC-MS/MS;Chlorfenson;Chlorfenson;VLAB-CH-TP-614;GC-MS/MS;0.03 mg/kg;0.1 mg/kg;72;;; 350.000 ; 1.050.000 
TACN & NGUYÊN LIỆU;TACN & NGUYÊN LIỆU;PES-GC-MS/MS;Chlorfenvinphos;Chlorfenvinphos;VLAB-CH-TP-614;GC-MS/MS;0.03 mg/kg;0.1 mg/kg;72;;; 350.000 ; 1.050.000 
TACN & NGUYÊN LIỆU;TACN & NGUYÊN LIỆU;PES-GC-MS/MS;Chlorobenzilate;Chlorobenzilate;VLAB-CH-TP-614;GC-MS/MS;0.03 mg/kg;0.1 mg/kg;72;;; 350.000 ; 1.050.000 
TACN & NGUYÊN LIỆU;TACN & NGUYÊN LIỆU;PES-GC-MS/MS;Chloroneb;Chloroneb;VLAB-CH-TP-614;GC-MS/MS;0.03 mg/kg;0.1 mg/kg;72;;; 350.000 ; 1.050.000 
TACN & NGUYÊN LIỆU;TACN & NGUYÊN LIỆU;PES-GC-MS/MS;Chloropropylate;Chloropropylate;VLAB-CH-TP-614;GC-MS/MS;0.03 mg/kg;0.1 mg/kg;72;;; 350.000 ; 1.050.000 
TACN & NGUYÊN LIỆU;TACN & NGUYÊN LIỆU;PES-GC-MS/MS;Chlorothalonil;Chlorothalonil;VLAB-CH-TP-614;GC-MS/MS;0.03 mg/kg;0.1 mg/kg;72;;; 350.000 ; 1.050.000 
TACN & NGUYÊN LIỆU;TACN & NGUYÊN LIỆU;PES-GC-MS/MS;Chlorpropham;Chlorpropham;VLAB-CH-TP-614;GC-MS/MS;0.03 mg/kg;0.1 mg/kg;72;;; 350.000 ; 1.050.000 
TACN & NGUYÊN LIỆU;TACN & NGUYÊN LIỆU;PES-GC-MS/MS;Chlorpyrifos (Chlorpyrifos ethyl);Chlorpyrifos (Chlorpyrifos ethyl);VLAB-CH-TP-614;GC-MS/MS;0.03 mg/kg;0.1 mg/kg;72;;; 350.000 ; 1.050.000 
TACN & NGUYÊN LIỆU;TACN & NGUYÊN LIỆU;PES-GC-MS/MS;Chlorpyrifos-methyl;Chlorpyrifos-methyl;VLAB-CH-TP-614;GC-MS/MS;0.03 mg/kg;0.1 mg/kg;72;;; 350.000 ; 1.050.000 
TACN & NGUYÊN LIỆU;TACN & NGUYÊN LIỆU;PES-GC-MS/MS;Chlorthiophos;Chlorthiophos;VLAB-CH-TP-614;GC-MS/MS;0.03 mg/kg;0.1 mg/kg;72;;; 350.000 ; 1.050.000 
TACN & NGUYÊN LIỆU;TACN & NGUYÊN LIỆU;PES-GC-MS/MS;Chlozolinate;Chlozolinate;VLAB-CH-TP-614;GC-MS/MS;0.03 mg/kg;0.1 mg/kg;72;;; 350.000 ; 1.050.000 
TACN & NGUYÊN LIỆU;TACN & NGUYÊN LIỆU;PES-GC-MS/MS;cis-1,2,3,6-Tetrahydrophthalimide;cis-1,2,3,6-Tetrahydrophthalimide;VLAB-CH-TP-614;GC-MS/MS;0.03 mg/kg;0.1 mg/kg;72;;; 350.000 ; 1.050.000 
TACN & NGUYÊN LIỆU;TACN & NGUYÊN LIỆU;PES-GC-MS/MS;cis-Chlordane;cis-Chlordane;VLAB-CH-TP-614;GC-MS/MS;0.03 mg/kg;0.1 mg/kg;72;;; 350.000 ; 1.050.000 
TACN & NGUYÊN LIỆU;TACN & NGUYÊN LIỆU;PES-GC-MS/MS;cis-Nonachlor;cis-Nonachlor;VLAB-CH-TP-614;GC-MS/MS;0.03 mg/kg;0.1 mg/kg;72;;; 350.000 ; 1.050.000 
TACN & NGUYÊN LIỆU;TACN & NGUYÊN LIỆU;PES-GC-MS/MS;Clomazone;Clomazone;VLAB-CH-TP-614;GC-MS/MS;0.03 mg/kg;0.1 mg/kg;72;;; 350.000 ; 1.050.000 
TACN & NGUYÊN LIỆU;TACN & NGUYÊN LIỆU;PES-GC-MS/MS;Cloquintocet-mexyl;Cloquintocet-mexyl;VLAB-CH-TP-614;GC-MS/MS;0.03 mg/kg;0.1 mg/kg;72;;; 350.000 ; 1.050.000 
TACN & NGUYÊN LIỆU;TACN & NGUYÊN LIỆU;PES-GC-MS/MS;Coumaphos;Coumaphos;VLAB-CH-TP-614;GC-MS/MS;0.03 mg/kg;0.1 mg/kg;72;;; 350.000 ; 1.050.000 
TACN & NGUYÊN LIỆU;TACN & NGUYÊN LIỆU;PES-GC-MS/MS;Crimidine;Crimidine;VLAB-CH-TP-614;GC-MS/MS;0.03 mg/kg;0.1 mg/kg;72;;; 350.000 ; 1.050.000 
TACN & NGUYÊN LIỆU;TACN & NGUYÊN LIỆU;PES-GC-MS/MS;Cyanofenphos;Cyanofenphos;VLAB-CH-TP-614;GC-MS/MS;0.03 mg/kg;0.1 mg/kg;72;;; 350.000 ; 1.050.000 
TACN & NGUYÊN LIỆU;TACN & NGUYÊN LIỆU;PES-GC-MS/MS;Cyanophos;Cyanophos;VLAB-CH-TP-614;GC-MS/MS;0.03 mg/kg;0.1 mg/kg;72;;; 350.000 ; 1.050.000 
TACN & NGUYÊN LIỆU;TACN & NGUYÊN LIỆU;PES-GC-MS/MS;Cycloate;Cycloate;VLAB-CH-TP-614;GC-MS/MS;0.03 mg/kg;0.1 mg/kg;72;;; 350.000 ; 1.050.000 
TACN & NGUYÊN LIỆU;TACN & NGUYÊN LIỆU;PES-GC-MS/MS;Cyfluthrin;Cyfluthrin;VLAB-CH-TP-614;GC-MS/MS;0.03 mg/kg;0.1 mg/kg;72;;; 350.000 ; 1.050.000 
TACN & NGUYÊN LIỆU;TACN & NGUYÊN LIỆU;PES-GC-MS/MS;Cyhalofop-butyl;Cyhalofop-butyl;VLAB-CH-TP-614;GC-MS/MS;0.03 mg/kg;0.1 mg/kg;72;;; 350.000 ; 1.050.000 
TACN & NGUYÊN LIỆU;TACN & NGUYÊN LIỆU;PES-GC-MS/MS;Cyhalothrin (Gamma);Cyhalothrin (Gamma);VLAB-CH-TP-614;GC-MS/MS;0.03 mg/kg;0.1 mg/kg;72;;; 350.000 ; 1.050.000 
TACN & NGUYÊN LIỆU;TACN & NGUYÊN LIỆU;PES-GC-MS/MS;Cyhalothrin (Lambda);Cyhalothrin (Lambda);VLAB-CH-TP-614;GC-MS/MS;0.03 mg/kg;0.1 mg/kg;72;;; 350.000 ; 1.050.000 
TACN & NGUYÊN LIỆU;TACN & NGUYÊN LIỆU;PES-GC-MS/MS;Cypermethrin;Cypermethrin;VLAB-CH-TP-614;GC-MS/MS;0.03 mg/kg;0.1 mg/kg;72;;; 350.000 ; 1.050.000 
TACN & NGUYÊN LIỆU;TACN & NGUYÊN LIỆU;PES-LC/MS/MS-1;Cyproconazole;Cyproconazole;VLAB-CH-TP-674;GC-MS/MS;0.03 mg/kg;0.1 mg/kg;72;;; 350.000 ; 1.050.000 
TACN & NGUYÊN LIỆU;TACN & NGUYÊN LIỆU;PES-GC-MS/MS;Cyprodinil;Cyprodinil;VLAB-CH-TP-614;GC-MS/MS;0.03 mg/kg;0.1 mg/kg;72;;; 350.000 ; 1.050.000 
TACN & NGUYÊN LIỆU;TACN & NGUYÊN LIỆU;PES-GC-MS/MS;DCPA (Dacthal, Chlorthal-dimethyl);DCPA (Dacthal, Chlorthal-dimethyl);VLAB-CH-TP-614;GC-MS/MS;0.03 mg/kg;0.1 mg/kg;72;;; 350.000 ; 1.050.000 
TACN & NGUYÊN LIỆU;TACN & NGUYÊN LIỆU;PES-GC-MS/MS;DDD-o,p' (2,4'-DDD);DDD-o,p' (2,4'-DDD);VLAB-CH-TP-614;GC-MS/MS;0.03 mg/kg;0.1 mg/kg;72;;; 350.000 ; 1.050.000 
TACN & NGUYÊN LIỆU;TACN & NGUYÊN LIỆU;PES-GC-MS/MS;DDD-p,p' (4,4'-DDD);DDD-p,p' (4,4'-DDD);VLAB-CH-TP-614;GC-MS/MS;0.03 mg/kg;0.1 mg/kg;72;;; 350.000 ; 1.050.000 
TACN & NGUYÊN LIỆU;TACN & NGUYÊN LIỆU;PES-GC-MS/MS;DDE-o,p' (2,4'-DDE);DDE-o,p' (2,4'-DDE);VLAB-CH-TP-614;GC-MS/MS;0.03 mg/kg;0.1 mg/kg;72;;; 350.000 ; 1.050.000 
TACN & NGUYÊN LIỆU;TACN & NGUYÊN LIỆU;PES-GC-MS/MS;DDE-p,p' (4,4'-DDE);DDE-p,p' (4,4'-DDE);VLAB-CH-TP-614;GC-MS/MS;0.03 mg/kg;0.1 mg/kg;72;;; 350.000 ; 1.050.000 
TACN & NGUYÊN LIỆU;TACN & NGUYÊN LIỆU;PES-GC-MS/MS;DDT-o,p' (2,4'-DDT);DDT-o,p' (2,4'-DDT);VLAB-CH-TP-614;GC-MS/MS;0.03 mg/kg;0.1 mg/kg;72;;; 350.000 ; 1.050.000 
TACN & NGUYÊN LIỆU;TACN & NGUYÊN LIỆU;PES-GC-MS/MS;DDT-p,p' (4,4'-DDT);DDT-p,p' (4,4'-DDT);VLAB-CH-TP-614;GC-MS/MS;0.03 mg/kg;0.1 mg/kg;72;;; 350.000 ; 1.050.000 
TACN & NGUYÊN LIỆU;TACN & NGUYÊN LIỆU;PES-GC-MS/MS;DEF (Tribufos);DEF (Tribufos);VLAB-CH-TP-614;GC-MS/MS;0.03 mg/kg;0.1 mg/kg;72;;; 350.000 ; 1.050.000 
TACN & NGUYÊN LIỆU;TACN & NGUYÊN LIỆU;PES-GC-MS/MS;delta-BHC;delta-BHC;VLAB-CH-TP-614;GC-MS/MS;0.03 mg/kg;0.1 mg/kg;72;;; 350.000 ; 1.050.000 
TACN & NGUYÊN LIỆU;TACN & NGUYÊN LIỆU;PES-GC-MS/MS;Deltamethrin;Deltamethrin;VLAB-CH-TP-614;GC-MS/MS;0.03 mg/kg;0.1 mg/kg;72;;; 350.000 ; 1.050.000 
TACN & NGUYÊN LIỆU;TACN & NGUYÊN LIỆU;PES-GC-MS/MS;Desmetryn;Desmetryn;VLAB-CH-TP-614;GC-MS/MS;0.03 mg/kg;0.1 mg/kg;72;;; 350.000 ; 1.050.000 
TACN & NGUYÊN LIỆU;TACN & NGUYÊN LIỆU;PES-GC-MS/MS;Dialifos;Dialifos;VLAB-CH-TP-614;GC-MS/MS;0.03 mg/kg;0.1 mg/kg;72;;; 350.000 ; 1.050.000 
TACN & NGUYÊN LIỆU;TACN & NGUYÊN LIỆU;PES-GC-MS/MS;Diallate;Diallate;VLAB-CH-TP-614;GC-MS/MS;0.03 mg/kg;0.1 mg/kg;72;;; 350.000 ; 1.050.000 
TACN & NGUYÊN LIỆU;TACN & NGUYÊN LIỆU;PES-GC-MS/MS;Diazinon;Diazinon;VLAB-CH-TP-614;GC-MS/MS;0.03 mg/kg;0.1 mg/kg;72;;; 350.000 ; 1.050.000 
TACN & NGUYÊN LIỆU;TACN & NGUYÊN LIỆU;PES-GC-MS/MS;Dichlofenthion;Dichlofenthion;VLAB-CH-TP-614;GC-MS/MS;0.03 mg/kg;0.1 mg/kg;72;;; 350.000 ; 1.050.000 
TACN & NGUYÊN LIỆU;TACN & NGUYÊN LIỆU;PES-GC-MS/MS;Dichloran;Dichloran;VLAB-CH-TP-614;GC-MS/MS;0.03 mg/kg;0.1 mg/kg;72;;; 350.000 ; 1.050.000 
TACN & NGUYÊN LIỆU;TACN & NGUYÊN LIỆU;PES-GC-MS/MS;Dichlorvos;Dichlorvos;VLAB-CH-TP-614;GC-MS/MS;0.03 mg/kg;0.1 mg/kg;72;;; 350.000 ; 1.050.000 
TACN & NGUYÊN LIỆU;TACN & NGUYÊN LIỆU;PES-GC-MS/MS;Diclobutrazol (Dichlobutrazol);Diclobutrazol (Dichlobutrazol);VLAB-CH-TP-614;GC-MS/MS;0.03 mg/kg;0.1 mg/kg;72;;; 350.000 ; 1.050.000 
TACN & NGUYÊN LIỆU;TACN & NGUYÊN LIỆU;PES-GC-MS/MS;Diclofop-methyl;Diclofop-methyl;VLAB-CH-TP-614;GC-MS/MS;0.03 mg/kg;0.1 mg/kg;72;;; 350.000 ; 1.050.000 
TACN & NGUYÊN LIỆU;TACN & NGUYÊN LIỆU;PES-GC-MS/MS;Dieldrin;Dieldrin;VLAB-CH-TP-614;GC-MS/MS;0.03 mg/kg;0.1 mg/kg;72;;; 350.000 ; 1.050.000 
TACN & NGUYÊN LIỆU;TACN & NGUYÊN LIỆU;PES-GC-MS/MS;Dimethachlor;Dimethachlor;VLAB-CH-TP-614;GC-MS/MS;0.03 mg/kg;0.1 mg/kg;72;;; 350.000 ; 1.050.000 
TACN & NGUYÊN LIỆU;TACN & NGUYÊN LIỆU;PES-GC-MS/MS;Dimethenamid-P;Dimethenamid-P;VLAB-CH-TP-614;GC-MS/MS;0.03 mg/kg;0.1 mg/kg;72;;; 350.000 ; 1.050.000 
TACN & NGUYÊN LIỆU;TACN & NGUYÊN LIỆU;PES-GC-MS/MS;Diofenolan;Diofenolan;VLAB-CH-TP-614;GC-MS/MS;0.03 mg/kg;0.1 mg/kg;72;;; 350.000 ; 1.050.000 
TACN & NGUYÊN LIỆU;TACN & NGUYÊN LIỆU;PES-GC-MS/MS;Diphenamid;Diphenamid;VLAB-CH-TP-614;GC-MS/MS;0.03 mg/kg;0.1 mg/kg;72;;; 350.000 ; 1.050.000 
TACN & NGUYÊN LIỆU;TACN & NGUYÊN LIỆU;PES-GC-MS/MS;Diphenylamine;Diphenylamine;VLAB-CH-TP-614;GC-MS/MS;0.03 mg/kg;0.1 mg/kg;72;;; 350.000 ; 1.050.000 
TACN & NGUYÊN LIỆU;TACN & NGUYÊN LIỆU;PES-GC-MS/MS;Disulfoton;Disulfoton;VLAB-CH-TP-614;GC-MS/MS;0.03 mg/kg;0.1 mg/kg;72;;; 350.000 ; 1.050.000 
TACN & NGUYÊN LIỆU;TACN & NGUYÊN LIỆU;PES-GC-MS/MS;Disulfoton-sulfoxide;Disulfoton-sulfoxide;VLAB-CH-TP-614;GC-MS/MS;0.03 mg/kg;0.1 mg/kg;72;;; 350.000 ; 1.050.000 
TACN & NGUYÊN LIỆU;TACN & NGUYÊN LIỆU;PES-GC-MS/MS;Ditalimfos;Ditalimfos;VLAB-CH-TP-614;GC-MS/MS;0.03 mg/kg;0.1 mg/kg;72;;; 350.000 ; 1.050.000 
TACN & NGUYÊN LIỆU;TACN & NGUYÊN LIỆU;PES-GC-MS/MS;Dithiopyr;Dithiopyr;VLAB-CH-TP-614;GC-MS/MS;0.03 mg/kg;0.1 mg/kg;72;;; 350.000 ; 1.050.000 
TACN & NGUYÊN LIỆU;TACN & NGUYÊN LIỆU;PES-GC-MS/MS;Endosulfan ether;Endosulfan ether;VLAB-CH-TP-614;GC-MS/MS;0.03 mg/kg;0.1 mg/kg;72;;; 350.000 ; 1.050.000 
TACN & NGUYÊN LIỆU;TACN & NGUYÊN LIỆU;PES-GC-MS/MS;Endosulfan I (alpha isomer);Endosulfan I (alpha isomer);VLAB-CH-TP-614;GC-MS/MS;0.03 mg/kg;0.1 mg/kg;72;;; 350.000 ; 1.050.000 
TACN & NGUYÊN LIỆU;TACN & NGUYÊN LIỆU;PES-GC-MS/MS;Endosulfan II (beta isomer);Endosulfan II (beta isomer);VLAB-CH-TP-614;GC-MS/MS;0.03 mg/kg;0.1 mg/kg;72;;; 350.000 ; 1.050.000 
TACN & NGUYÊN LIỆU;TACN & NGUYÊN LIỆU;PES-GC-MS/MS;Endosulfan sulfate;Endosulfan sulfate;VLAB-CH-TP-614;GC-MS/MS;0.03 mg/kg;0.1 mg/kg;72;;; 350.000 ; 1.050.000 
TACN & NGUYÊN LIỆU;TACN & NGUYÊN LIỆU;PES-GC-MS/MS;Endrin;Endrin;VLAB-CH-TP-614;GC-MS/MS;0.03 mg/kg;0.1 mg/kg;72;;; 350.000 ; 1.050.000 
TACN & NGUYÊN LIỆU;TACN & NGUYÊN LIỆU;PES-GC-MS/MS;EPN (O-Ethyl O-(4-nitrophenyl) phenylphosphonothioate);EPN (O-Ethyl O-(4-nitrophenyl) phenylphosphonothioate);VLAB-CH-TP-614;GC-MS/MS;0.03 mg/kg;0.1 mg/kg;72;;; 350.000 ; 1.050.000 
TACN & NGUYÊN LIỆU;TACN & NGUYÊN LIỆU;PES-GC-MS/MS;Ethalfluralin;Ethalfluralin;VLAB-CH-TP-614;GC-MS/MS;0.03 mg/kg;0.1 mg/kg;72;;; 350.000 ; 1.050.000 
TACN & NGUYÊN LIỆU;TACN & NGUYÊN LIỆU;PES-GC-MS/MS;Ethion;Ethion;VLAB-CH-TP-614;GC-MS/MS;0.03 mg/kg;0.1 mg/kg;72;;; 350.000 ; 1.050.000 
TACN & NGUYÊN LIỆU;TACN & NGUYÊN LIỆU;PES-GC-MS/MS;Ethofenprox (Etofenprox);Ethofenprox (Etofenprox);VLAB-CH-TP-614;GC-MS/MS;0.03 mg/kg;0.1 mg/kg;72;;; 350.000 ; 1.050.000 
TACN & NGUYÊN LIỆU;TACN & NGUYÊN LIỆU;PES-GC-MS/MS;Ethofumesate;Ethofumesate;VLAB-CH-TP-614;GC-MS/MS;0.03 mg/kg;0.1 mg/kg;72;;; 350.000 ; 1.050.000 
TACN & NGUYÊN LIỆU;TACN & NGUYÊN LIỆU;PES-GC-MS/MS;Ethylan (Perthane);Ethylan (Perthane);VLAB-CH-TP-614;GC-MS/MS;0.03 mg/kg;0.1 mg/kg;72;;; 350.000 ; 1.050.000 
TACN & NGUYÊN LIỆU;TACN & NGUYÊN LIỆU;PES-GC-MS/MS;Fenamiphos;Fenamiphos;VLAB-CH-TP-614;GC-MS/MS;0.03 mg/kg;0.1 mg/kg;72;;; 350.000 ; 1.050.000 
TACN & NGUYÊN LIỆU;TACN & NGUYÊN LIỆU;PES-GC-MS/MS;Fenarimol;Fenarimol;VLAB-CH-TP-614;GC-MS/MS;0.03 mg/kg;0.1 mg/kg;72;;; 350.000 ; 1.050.000 
TACN & NGUYÊN LIỆU;TACN & NGUYÊN LIỆU;PES-GC-MS/MS;Fenitrothion;Fenitrothion;VLAB-CH-TP-614;GC-MS/MS;0.03 mg/kg;0.1 mg/kg;72;;; 350.000 ; 1.050.000 
TACN & NGUYÊN LIỆU;TACN & NGUYÊN LIỆU;PES-GC-MS/MS;Fenpropathrin;Fenpropathrin;VLAB-CH-TP-614;GC-MS/MS;0.03 mg/kg;0.1 mg/kg;72;;; 350.000 ; 1.050.000 
TACN & NGUYÊN LIỆU;TACN & NGUYÊN LIỆU;PES-GC-MS/MS;Fenpropimorph;Fenpropimorph;VLAB-CH-TP-614;GC-MS/MS;0.03 mg/kg;0.1 mg/kg;72;;; 350.000 ; 1.050.000 
TACN & NGUYÊN LIỆU;TACN & NGUYÊN LIỆU;PES-GC-MS/MS;Fenson;Fenson;VLAB-CH-TP-614;GC-MS/MS;0.03 mg/kg;0.1 mg/kg;72;;; 350.000 ; 1.050.000 
TACN & NGUYÊN LIỆU;TACN & NGUYÊN LIỆU;PES-GC-MS/MS;Fensulfothion;Fensulfothion;VLAB-CH-TP-614;GC-MS/MS;0.03 mg/kg;0.1 mg/kg;72;;; 350.000 ; 1.050.000 
TACN & NGUYÊN LIỆU;TACN & NGUYÊN LIỆU;PES-GC-MS/MS;Fenthion;Fenthion;VLAB-CH-TP-614;GC-MS/MS;0.03 mg/kg;0.1 mg/kg;72;;; 350.000 ; 1.050.000 
TACN & NGUYÊN LIỆU;TACN & NGUYÊN LIỆU;PES-GC-MS/MS;Fenthion sulfone;Fenthion sulfone;VLAB-CH-TP-614;GC-MS/MS;0.03 mg/kg;0.1 mg/kg;72;;; 350.000 ; 1.050.000 
TACN & NGUYÊN LIỆU;TACN & NGUYÊN LIỆU;PES-GC-MS/MS;Fenvalerate;Fenvalerate;VLAB-CH-TP-614;GC-MS/MS;0.03 mg/kg;0.1 mg/kg;72;;; 350.000 ; 1.050.000 
TACN & NGUYÊN LIỆU;TACN & NGUYÊN LIỆU;PES-GC-MS/MS;Fipronil;Fipronil;VLAB-CH-TP-614;GC-MS/MS;0.03 mg/kg;0.1 mg/kg;72;;; 350.000 ; 1.050.000 
TACN & NGUYÊN LIỆU;TACN & NGUYÊN LIỆU;PES-GC-MS/MS;Fipronil sulfide;Fipronil sulfide;VLAB-CH-TP-614;GC-MS/MS;0.03 mg/kg;0.1 mg/kg;72;;; 350.000 ; 1.050.000 
TACN & NGUYÊN LIỆU;TACN & NGUYÊN LIỆU;PES-GC-MS/MS;Fipronil sulfone;Fipronil sulfone;VLAB-CH-TP-614;GC-MS/MS;0.03 mg/kg;0.1 mg/kg;72;;; 350.000 ; 1.050.000 
TACN & NGUYÊN LIỆU;TACN & NGUYÊN LIỆU;PES-GC-MS/MS;Fluazifop-p-butyl;Fluazifop-p-butyl;VLAB-CH-TP-614;GC-MS/MS;0.03 mg/kg;0.1 mg/kg;72;;; 350.000 ; 1.050.000 
TACN & NGUYÊN LIỆU;TACN & NGUYÊN LIỆU;PES-GC-MS/MS;Fluchloralin;Fluchloralin;VLAB-CH-TP-614;GC-MS/MS;0.03 mg/kg;0.1 mg/kg;72;;; 350.000 ; 1.050.000 
TACN & NGUYÊN LIỆU;TACN & NGUYÊN LIỆU;PES-GC-MS/MS;Flucythrinate;Flucythrinate;VLAB-CH-TP-614;GC-MS/MS;0.03 mg/kg;0.1 mg/kg;72;;; 350.000 ; 1.050.000 
TACN & NGUYÊN LIỆU;TACN & NGUYÊN LIỆU;PES-GC-MS/MS;Fludioxonil;Fludioxonil;VLAB-CH-TP-614;GC-MS/MS;0.03 mg/kg;0.1 mg/kg;72;;; 350.000 ; 1.050.000 
TACN & NGUYÊN LIỆU;TACN & NGUYÊN LIỆU;PES-GC-MS/MS;Flufenacet;Flufenacet;VLAB-CH-TP-614;GC-MS/MS;0.03 mg/kg;0.1 mg/kg;72;;; 350.000 ; 1.050.000 
TACN & NGUYÊN LIỆU;TACN & NGUYÊN LIỆU;PES-GC-MS/MS;Flumetralin;Flumetralin;VLAB-CH-TP-614;GC-MS/MS;0.03 mg/kg;0.1 mg/kg;72;;; 350.000 ; 1.050.000 
TACN & NGUYÊN LIỆU;TACN & NGUYÊN LIỆU;PES-GC-MS/MS;Fluquinconazole;Fluquinconazole;VLAB-CH-TP-614;GC-MS/MS;0.03 mg/kg;0.1 mg/kg;72;;; 350.000 ; 1.050.000 
TACN & NGUYÊN LIỆU;TACN & NGUYÊN LIỆU;PES-GC-MS/MS;Flusilazole;Flusilazole;VLAB-CH-TP-614;GC-MS/MS;0.03 mg/kg;0.1 mg/kg;72;;; 350.000 ; 1.050.000 
TACN & NGUYÊN LIỆU;TACN & NGUYÊN LIỆU;PES-GC-MS/MS;Flutolanil;Flutolanil;VLAB-CH-TP-614;GC-MS/MS;0.03 mg/kg;0.1 mg/kg;72;;; 350.000 ; 1.050.000 
TACN & NGUYÊN LIỆU;TACN & NGUYÊN LIỆU;PES-GC-MS/MS;Flutriafol;Flutriafol;VLAB-CH-TP-614;GC-MS/MS;0.03 mg/kg;0.1 mg/kg;72;;; 350.000 ; 1.050.000 
TACN & NGUYÊN LIỆU;TACN & NGUYÊN LIỆU;PES-GC-MS/MS;Folpet;Folpet;VLAB-CH-TP-614;GC-MS/MS;0.03 mg/kg;0.1 mg/kg;72;;; 350.000 ; 1.050.000 
TACN & NGUYÊN LIỆU;TACN & NGUYÊN LIỆU;PES-GC-MS/MS;Fonofos (Dyfonate);Fonofos (Dyfonate);VLAB-CH-TP-614;GC-MS/MS;0.03 mg/kg;0.1 mg/kg;72;;; 350.000 ; 1.050.000 
TACN & NGUYÊN LIỆU;TACN & NGUYÊN LIỆU;PES-GC-MS/MS;Formothion;Formothion;VLAB-CH-TP-614;GC-MS/MS;0.03 mg/kg;0.1 mg/kg;72;;; 350.000 ; 1.050.000 
TACN & NGUYÊN LIỆU;TACN & NGUYÊN LIỆU;PES-GC-MS/MS;Furalaxyl;Furalaxyl;VLAB-CH-TP-614;GC-MS/MS;0.03 mg/kg;0.1 mg/kg;72;;; 350.000 ; 1.050.000 
TACN & NGUYÊN LIỆU;TACN & NGUYÊN LIỆU;PES-GC-MS/MS;gamma-BHC- (Lindane, gamma HCH);gamma-BHC- (Lindane, gamma HCH);VLAB-CH-TP-614;GC-MS/MS;0.03 mg/kg;0.1 mg/kg;72;;; 350.000 ; 1.050.000 
TACN & NGUYÊN LIỆU;TACN & NGUYÊN LIỆU;PES-GC-MS/MS;Haloxyfop-methyl;Haloxyfop-methyl;VLAB-CH-TP-614;GC-MS/MS;0.03 mg/kg;0.1 mg/kg;72;;; 350.000 ; 1.050.000 
TACN & NGUYÊN LIỆU;TACN & NGUYÊN LIỆU;PES-GC-MS/MS;Heptachlor;Heptachlor;VLAB-CH-TP-614;GC-MS/MS;0.03 mg/kg;0.1 mg/kg;72;;; 350.000 ; 1.050.000 
TACN & NGUYÊN LIỆU;TACN & NGUYÊN LIỆU;PES-GC-MS/MS;Heptachlor endo-epoxide (isomer A);Heptachlor endo-epoxide (isomer A);VLAB-CH-TP-614;GC-MS/MS;0.03 mg/kg;0.1 mg/kg;72;;; 350.000 ; 1.050.000 
TACN & NGUYÊN LIỆU;TACN & NGUYÊN LIỆU;PES-GC-MS/MS;Heptachlor exo-epoxide (Heptachlor epoxide);Heptachlor exo-epoxide (Heptachlor epoxide);VLAB-CH-TP-614;GC-MS/MS;0.03 mg/kg;0.1 mg/kg;72;;; 350.000 ; 1.050.000 
TACN & NGUYÊN LIỆU;TACN & NGUYÊN LIỆU;PES-GC-MS/MS;Heptenophos;Heptenophos;VLAB-CH-TP-614;GC-MS/MS;0.03 mg/kg;0.1 mg/kg;72;;; 350.000 ; 1.050.000 
TACN & NGUYÊN LIỆU;TACN & NGUYÊN LIỆU;PES-GC-MS/MS;Hexachlorobenzene (HCB);Hexachlorobenzene (HCB);VLAB-CH-TP-614;GC-MS/MS;0.03 mg/kg;0.1 mg/kg;72;;; 350.000 ; 1.050.000 
TACN & NGUYÊN LIỆU;TACN & NGUYÊN LIỆU;PES-LC/MS/MS-1;Hexaconazole;Hexaconazole;VLAB-CH-TP-674;LC-MS/MS;0.03 mg/kg;0.1 mg/kg;72;;; 350.000 ; 1.050.000 
TACN & NGUYÊN LIỆU;TACN & NGUYÊN LIỆU;PES-GC-MS/MS;Iodofenphos;Iodofenphos;VLAB-CH-TP-614;GC-MS/MS;0.03 mg/kg;0.1 mg/kg;72;;; 350.000 ; 1.050.000 
TACN & NGUYÊN LIỆU;TACN & NGUYÊN LIỆU;PES-GC-MS/MS;Iprobenfos;Iprobenfos;VLAB-CH-TP-614;GC-MS/MS;0.03 mg/kg;0.1 mg/kg;72;;; 350.000 ; 1.050.000 
TACN & NGUYÊN LIỆU;TACN & NGUYÊN LIỆU;PES-GC-MS/MS;Isazofos (Isazophos);Isazofos (Isazophos);VLAB-CH-TP-614;GC-MS/MS;0.03 mg/kg;0.1 mg/kg;72;;; 350.000 ; 1.050.000 
TACN & NGUYÊN LIỆU;TACN & NGUYÊN LIỆU;PES-GC-MS/MS;Isobenzan;Isobenzan;VLAB-CH-TP-614;GC-MS/MS;0.03 mg/kg;0.1 mg/kg;72;;; 350.000 ; 1.050.000 
TACN & NGUYÊN LIỆU;TACN & NGUYÊN LIỆU;PES-GC-MS/MS;Isodrin;Isodrin;VLAB-CH-TP-614;GC-MS/MS;0.03 mg/kg;0.1 mg/kg;72;;; 350.000 ; 1.050.000 
TACN & NGUYÊN LIỆU;TACN & NGUYÊN LIỆU;PES-GC-MS/MS;Isopropalin;Isopropalin;VLAB-CH-TP-614;GC-MS/MS;0.03 mg/kg;0.1 mg/kg;72;;; 350.000 ; 1.050.000 
TACN & NGUYÊN LIỆU;TACN & NGUYÊN LIỆU;PES-GC-MS/MS;Kresoxim-methyl;Kresoxim-methyl;VLAB-CH-TP-614;GC-MS/MS;0.03 mg/kg;0.1 mg/kg;72;;; 350.000 ; 1.050.000 
TACN & NGUYÊN LIỆU;TACN & NGUYÊN LIỆU;PES-GC-MS/MS;Lenacil;Lenacil;VLAB-CH-TP-614;GC-MS/MS;0.03 mg/kg;0.1 mg/kg;72;;; 350.000 ; 1.050.000 
TACN & NGUYÊN LIỆU;TACN & NGUYÊN LIỆU;PES-GC-MS/MS;Leptophos;Leptophos;VLAB-CH-TP-614;GC-MS/MS;0.03 mg/kg;0.1 mg/kg;72;;; 350.000 ; 1.050.000 
TACN & NGUYÊN LIỆU;TACN & NGUYÊN LIỆU;PES-GC-MS/MS;Malathion;Malathion;VLAB-CH-TP-614;GC-MS/MS;0.03 mg/kg;0.1 mg/kg;72;;; 350.000 ; 1.050.000 
TACN & NGUYÊN LIỆU;TACN & NGUYÊN LIỆU;PES-GC-MS/MS;Mecarbam;Mecarbam;VLAB-CH-TP-614;GC-MS/MS;0.03 mg/kg;0.1 mg/kg;72;;; 350.000 ; 1.050.000 
TACN & NGUYÊN LIỆU;TACN & NGUYÊN LIỆU;PES-GC-MS/MS;Mefenpyr-diethyl;Mefenpyr-diethyl;VLAB-CH-TP-614;GC-MS/MS;0.03 mg/kg;0.1 mg/kg;72;;; 350.000 ; 1.050.000 
TACN & NGUYÊN LIỆU;TACN & NGUYÊN LIỆU;PES-GC-MS/MS;Mepronil;Mepronil;VLAB-CH-TP-614;GC-MS/MS;0.03 mg/kg;0.1 mg/kg;72;;; 350.000 ; 1.050.000 
TACN & NGUYÊN LIỆU;TACN & NGUYÊN LIỆU;PES-GC-MS/MS;Metalaxyl (Mefenoxam);Metalaxyl (Mefenoxam);VLAB-CH-TP-614;GC-MS/MS;0.03 mg/kg;0.1 mg/kg;72;;; 350.000 ; 1.050.000 
TACN & NGUYÊN LIỆU;TACN & NGUYÊN LIỆU;PES-GC-MS/MS;Metazachlor;Metazachlor;VLAB-CH-TP-614;GC-MS/MS;0.03 mg/kg;0.1 mg/kg;72;;; 350.000 ; 1.050.000 
TACN & NGUYÊN LIỆU;TACN & NGUYÊN LIỆU;PES-GC-MS/MS;Methacrifos;Methacrifos;VLAB-CH-TP-614;GC-MS/MS;0.03 mg/kg;0.1 mg/kg;72;;; 350.000 ; 1.050.000 
TACN & NGUYÊN LIỆU;TACN & NGUYÊN LIỆU;PES-GC-MS/MS;Methidathion;Methidathion;VLAB-CH-TP-614;GC-MS/MS;0.03 mg/kg;0.1 mg/kg;72;;; 350.000 ; 1.050.000 
TACN & NGUYÊN LIỆU;TACN & NGUYÊN LIỆU;PES-GC-MS/MS;Methoxychlor olefin;Methoxychlor olefin;VLAB-CH-TP-614;GC-MS/MS;0.03 mg/kg;0.1 mg/kg;72;;; 350.000 ; 1.050.000 
TACN & NGUYÊN LIỆU;TACN & NGUYÊN LIỆU;PES-GC-MS/MS;Metolachlor;Metolachlor;VLAB-CH-TP-614;GC-MS/MS;0.03 mg/kg;0.1 mg/kg;72;;; 350.000 ; 1.050.000 
TACN & NGUYÊN LIỆU;TACN & NGUYÊN LIỆU;PES-GC-MS/MS;Metrafenone;Metrafenone;VLAB-CH-TP-614;GC-MS/MS;0.03 mg/kg;0.1 mg/kg;72;;; 350.000 ; 1.050.000 
TACN & NGUYÊN LIỆU;TACN & NGUYÊN LIỆU;PES-GC-MS/MS;Metribuzin;Metribuzin;VLAB-CH-TP-614;GC-MS/MS;0.03 mg/kg;0.1 mg/kg;72;;; 350.000 ; 1.050.000 
TACN & NGUYÊN LIỆU;TACN & NGUYÊN LIỆU;PES-GC-MS/MS;Mevinphos;Mevinphos;VLAB-CH-TP-614;GC-MS/MS;0.03 mg/kg;0.1 mg/kg;72;;; 350.000 ; 1.050.000 
TACN & NGUYÊN LIỆU;TACN & NGUYÊN LIỆU;PES-GC-MS/MS;MGK-264 (N-Octyl bicycloheptene dicarboximide);MGK-264 (N-Octyl bicycloheptene dicarboximide);VLAB-CH-TP-614;GC-MS/MS;0.03 mg/kg;0.1 mg/kg;72;;; 350.000 ; 1.050.000 
TACN & NGUYÊN LIỆU;TACN & NGUYÊN LIỆU;PES-GC-MS/MS;Molinate;Molinate;VLAB-CH-TP-614;GC-MS/MS;0.03 mg/kg;0.1 mg/kg;72;;; 350.000 ; 1.050.000 
TACN & NGUYÊN LIỆU;TACN & NGUYÊN LIỆU;PES-GC-MS/MS;Myclobutanil;Myclobutanil;VLAB-CH-TP-614;GC-MS/MS;0.03 mg/kg;0.1 mg/kg;72;;; 350.000 ; 1.050.000 
TACN & NGUYÊN LIỆU;TACN & NGUYÊN LIỆU;PES-GC-MS/MS;N-(2,4-dimethylphenyl) formamide;N-(2,4-dimethylphenyl) formamide;VLAB-CH-TP-614;GC-MS/MS;0.03 mg/kg;0.1 mg/kg;72;;; 350.000 ; 1.050.000 
TACN & NGUYÊN LIỆU;TACN & NGUYÊN LIỆU;PES-GC-MS/MS;Napropamide;Napropamide;VLAB-CH-TP-614;GC-MS/MS;0.03 mg/kg;0.1 mg/kg;72;;; 350.000 ; 1.050.000 
TACN & NGUYÊN LIỆU;TACN & NGUYÊN LIỆU;PES-GC-MS/MS;Nitrothal-isopropyl;Nitrothal-isopropyl;VLAB-CH-TP-614;GC-MS/MS;0.03 mg/kg;0.1 mg/kg;72;;; 350.000 ; 1.050.000 
TACN & NGUYÊN LIỆU;TACN & NGUYÊN LIỆU;PES-GC-MS/MS;Norflurazon;Norflurazon;VLAB-CH-TP-614;GC-MS/MS;0.03 mg/kg;0.1 mg/kg;72;;; 350.000 ; 1.050.000 
TACN & NGUYÊN LIỆU;TACN & NGUYÊN LIỆU;PES-GC-MS/MS;Nuarimol;Nuarimol;VLAB-CH-TP-614;GC-MS/MS;0.03 mg/kg;0.1 mg/kg;72;;; 350.000 ; 1.050.000 
TACN & NGUYÊN LIỆU;TACN & NGUYÊN LIỆU;PES-GC-MS/MS;o, p'-Dicofol;o, p'-Dicofol;VLAB-CH-TP-614;GC-MS/MS;0.03 mg/kg;0.1 mg/kg;72;;; 350.000 ; 1.050.000 
TACN & NGUYÊN LIỆU;TACN & NGUYÊN LIỆU;PES-GC-MS/MS;Oxadiazon;Oxadiazon;VLAB-CH-TP-614;GC-MS/MS;0.03 mg/kg;0.1 mg/kg;72;;; 350.000 ; 1.050.000 
TACN & NGUYÊN LIỆU;TACN & NGUYÊN LIỆU;PES-GC-MS/MS;oxy-Chlordane;oxy-Chlordane;VLAB-CH-TP-614;GC-MS/MS;0.03 mg/kg;0.1 mg/kg;72;;; 350.000 ; 1.050.000 
TACN & NGUYÊN LIỆU;TACN & NGUYÊN LIỆU;PES-GC-MS/MS;Oxyfluorfen;Oxyfluorfen;VLAB-CH-TP-614;GC-MS/MS;0.03 mg/kg;0.1 mg/kg;72;;; 350.000 ; 1.050.000 
TACN & NGUYÊN LIỆU;TACN & NGUYÊN LIỆU;PES-GC-MS/MS;Paclobutrazol;Paclobutrazol;VLAB-CH-TP-614;GC-MS/MS;0.03 mg/kg;0.1 mg/kg;72;;; 350.000 ; 1.050.000 
TACN & NGUYÊN LIỆU;TACN & NGUYÊN LIỆU;PES-GC-MS/MS;Parathion (Ethyl parathion);Parathion (Ethyl parathion);VLAB-CH-TP-614;GC-MS/MS;0.03 mg/kg;0.1 mg/kg;72;;; 350.000 ; 1.050.000 
TACN & NGUYÊN LIỆU;TACN & NGUYÊN LIỆU;PES-GC-MS/MS;Parathion-methyl;Parathion-methyl;VLAB-CH-TP-614;GC-MS/MS;0.03 mg/kg;0.1 mg/kg;72;;; 350.000 ; 1.050.000 
TACN & NGUYÊN LIỆU;TACN & NGUYÊN LIỆU;PES-GC-MS/MS;Pebulate;Pebulate;VLAB-CH-TP-614;GC-MS/MS;0.03 mg/kg;0.1 mg/kg;72;;; 350.000 ; 1.050.000 
TACN & NGUYÊN LIỆU;TACN & NGUYÊN LIỆU;PES-GC-MS/MS;Penconazole;Penconazole;VLAB-CH-TP-614;GC-MS/MS;0.03 mg/kg;0.1 mg/kg;72;;; 350.000 ; 1.050.000 
TACN & NGUYÊN LIỆU;TACN & NGUYÊN LIỆU;PES-GC-MS/MS;Pencycuron (Monceren);Pencycuron (Monceren);VLAB-CH-TP-614;GC-MS/MS;0.03 mg/kg;0.1 mg/kg;72;;; 350.000 ; 1.050.000 
TACN & NGUYÊN LIỆU;TACN & NGUYÊN LIỆU;PES-GC-MS/MS;Pendimethalin;Pendimethalin;VLAB-CH-TP-614;GC-MS/MS;0.03 mg/kg;0.1 mg/kg;72;;; 350.000 ; 1.050.000 
TACN & NGUYÊN LIỆU;TACN & NGUYÊN LIỆU;PES-GC-MS/MS;Pentachloroaniline;Pentachloroaniline;VLAB-CH-TP-614;GC-MS/MS;0.03 mg/kg;0.1 mg/kg;72;;; 350.000 ; 1.050.000 
TACN & NGUYÊN LIỆU;TACN & NGUYÊN LIỆU;PES-GC-MS/MS;Pentachloroanisole;Pentachloroanisole;VLAB-CH-TP-614;GC-MS/MS;0.03 mg/kg;0.1 mg/kg;72;;; 350.000 ; 1.050.000 
TACN & NGUYÊN LIỆU;TACN & NGUYÊN LIỆU;PES-GC-MS/MS;Pentachlorobenzene;Pentachlorobenzene;VLAB-CH-TP-614;GC-MS/MS;0.03 mg/kg;0.1 mg/kg;72;;; 350.000 ; 1.050.000 
TACN & NGUYÊN LIỆU;TACN & NGUYÊN LIỆU;PES-GC-MS/MS;Pentachlorobenzonitrile;Pentachlorobenzonitrile;VLAB-CH-TP-614;GC-MS/MS;0.03 mg/kg;0.1 mg/kg;72;;; 350.000 ; 1.050.000 
TACN & NGUYÊN LIỆU;TACN & NGUYÊN LIỆU;PES-GC-MS/MS;Pentachloronitrobenzene;Pentachloronitrobenzene;VLAB-CH-TP-614;GC-MS/MS;0.03 mg/kg;0.1 mg/kg;72;;; 350.000 ; 1.050.000 
TACN & NGUYÊN LIỆU;TACN & NGUYÊN LIỆU;PES-GC-MS/MS;Pentachlorothioanisole;Pentachlorothioanisole;VLAB-CH-TP-614;GC-MS/MS;0.03 mg/kg;0.1 mg/kg;72;;; 350.000 ; 1.050.000 
TACN & NGUYÊN LIỆU;TACN & NGUYÊN LIỆU;PES-GC-MS/MS;Permethrin-cis-trans;Permethrin-cis-trans;VLAB-CH-TP-614;GC-MS/MS;0.03 mg/kg;0.1 mg/kg;72;;; 350.000 ; 1.050.000 
TACN & NGUYÊN LIỆU;TACN & NGUYÊN LIỆU;PES-GC-MS/MS;Phenothrin;Phenothrin;VLAB-CH-TP-614;GC-MS/MS;0.03 mg/kg;0.1 mg/kg;72;;; 350.000 ; 1.050.000 
TACN & NGUYÊN LIỆU;TACN & NGUYÊN LIỆU;PES-GC-MS/MS;Phenthoate;Phenthoate;VLAB-CH-TP-614;GC-MS/MS;0.03 mg/kg;0.1 mg/kg;72;;; 350.000 ; 1.050.000 
TACN & NGUYÊN LIỆU;TACN & NGUYÊN LIỆU;PES-GC-MS/MS;Phorate;Phorate;VLAB-CH-TP-614;GC-MS/MS;0.03 mg/kg;0.1 mg/kg;72;;; 350.000 ; 1.050.000 
TACN & NGUYÊN LIỆU;TACN & NGUYÊN LIỆU;PES-GC-MS/MS;Phorate sulfone;Phorate sulfone;VLAB-CH-TP-614;GC-MS/MS;0.03 mg/kg;0.1 mg/kg;72;;; 350.000 ; 1.050.000 
TACN & NGUYÊN LIỆU;TACN & NGUYÊN LIỆU;PES-GC-MS/MS;Phosalone;Phosalone;VLAB-CH-TP-614;GC-MS/MS;0.03 mg/kg;0.1 mg/kg;72;;; 350.000 ; 1.050.000 
TACN & NGUYÊN LIỆU;TACN & NGUYÊN LIỆU;PES-GC-MS/MS;Picolinafen;Picolinafen;VLAB-CH-TP-614;GC-MS/MS;0.03 mg/kg;0.1 mg/kg;72;;; 350.000 ; 1.050.000 
TACN & NGUYÊN LIỆU;TACN & NGUYÊN LIỆU;PES-GC-MS/MS;Piperonyl butoxide;Piperonyl butoxide;VLAB-CH-TP-614;GC-MS/MS;0.03 mg/kg;0.1 mg/kg;72;;; 350.000 ; 1.050.000 
TACN & NGUYÊN LIỆU;TACN & NGUYÊN LIỆU;PES-GC-MS/MS;Piperophos;Piperophos;VLAB-CH-TP-614;GC-MS/MS;0.03 mg/kg;0.1 mg/kg;72;;; 350.000 ; 1.050.000 
TACN & NGUYÊN LIỆU;TACN & NGUYÊN LIỆU;PES-GC-MS/MS;Pirimiphos-ethyl;Pirimiphos-ethyl;VLAB-CH-TP-614;GC-MS/MS;0.03 mg/kg;0.1 mg/kg;72;;; 350.000 ; 1.050.000 
TACN & NGUYÊN LIỆU;TACN & NGUYÊN LIỆU;PES-GC-MS/MS;Pirimiphos-methyl;Pirimiphos-methyl;VLAB-CH-TP-614;GC-MS/MS;0.03 mg/kg;0.1 mg/kg;72;;; 350.000 ; 1.050.000 
TACN & NGUYÊN LIỆU;TACN & NGUYÊN LIỆU;PES-GC-MS/MS;Pretilachlor;Pretilachlor;VLAB-CH-TP-614;GC-MS/MS;0.03 mg/kg;0.1 mg/kg;72;;; 350.000 ; 1.050.000 
TACN & NGUYÊN LIỆU;TACN & NGUYÊN LIỆU;PES-LC/MS/MS-1;Prochloraz;Prochloraz;VLAB-CH-TP-674;GC-MS/MS;0.03 mg/kg;0.1 mg/kg;72;;; 350.000 ; 1.050.000 
TACN & NGUYÊN LIỆU;TACN & NGUYÊN LIỆU;PES-GC-MS/MS;Procymidone;Procymidone;VLAB-CH-TP-614;GC-MS/MS;0.03 mg/kg;0.1 mg/kg;72;;; 350.000 ; 1.050.000 
TACN & NGUYÊN LIỆU;TACN & NGUYÊN LIỆU;PES-GC-MS/MS;Prodiamine;Prodiamine;VLAB-CH-TP-614;GC-MS/MS;0.03 mg/kg;0.1 mg/kg;72;;; 350.000 ; 1.050.000 
TACN & NGUYÊN LIỆU;TACN & NGUYÊN LIỆU;PES-GC-MS/MS;Profenofos;Profenofos;VLAB-CH-TP-614;GC-MS/MS;0.03 mg/kg;0.1 mg/kg;72;;; 350.000 ; 1.050.000 
TACN & NGUYÊN LIỆU;TACN & NGUYÊN LIỆU;PES-GC-MS/MS;Profluralin;Profluralin;VLAB-CH-TP-614;GC-MS/MS;0.03 mg/kg;0.1 mg/kg;72;;; 350.000 ; 1.050.000 
TACN & NGUYÊN LIỆU;TACN & NGUYÊN LIỆU;PES-LC/MS/MS-1;Prometryn;Prometryn;VLAB-CH-TP-674;LC-MS/MS;0.03 mg/kg;0.1 mg/kg;72;;; 350.000 ; 1.050.000 
TACN & NGUYÊN LIỆU;TACN & NGUYÊN LIỆU;PES-GC-MS/MS;Propachlor;Propachlor;VLAB-CH-TP-614;GC-MS/MS;0.03 mg/kg;0.1 mg/kg;72;;; 350.000 ; 1.050.000 
TACN & NGUYÊN LIỆU;TACN & NGUYÊN LIỆU;PES-GC-MS/MS;Propanil;Propanil;VLAB-CH-TP-614;GC-MS/MS;0.03 mg/kg;0.1 mg/kg;72;;; 350.000 ; 1.050.000 
TACN & NGUYÊN LIỆU;TACN & NGUYÊN LIỆU;PES-GC-MS/MS;Propargite;Propargite;VLAB-CH-TP-614;GC-MS/MS;0.03 mg/kg;0.1 mg/kg;72;;; 350.000 ; 1.050.000 
TACN & NGUYÊN LIỆU;TACN & NGUYÊN LIỆU;PES-GC-MS/MS;Propazine;Propazine;VLAB-CH-TP-614;GC-MS/MS;0.03 mg/kg;0.1 mg/kg;72;;; 350.000 ; 1.050.000 
TACN & NGUYÊN LIỆU;TACN & NGUYÊN LIỆU;PES-GC-MS/MS;Propetamphos;Propetamphos;VLAB-CH-TP-614;GC-MS/MS;0.03 mg/kg;0.1 mg/kg;72;;; 350.000 ; 1.050.000 
TACN & NGUYÊN LIỆU;TACN & NGUYÊN LIỆU;PES-GC-MS/MS;Propham;Propham;VLAB-CH-TP-614;GC-MS/MS;0.03 mg/kg;0.1 mg/kg;72;;; 350.000 ; 1.050.000 
TACN & NGUYÊN LIỆU;TACN & NGUYÊN LIỆU;PES-GC-MS/MS;Propisochlor;Propisochlor;VLAB-CH-TP-614;GC-MS/MS;0.03 mg/kg;0.1 mg/kg;72;;; 350.000 ; 1.050.000 
TACN & NGUYÊN LIỆU;TACN & NGUYÊN LIỆU;PES-GC-MS/MS;Propyzamide;Propyzamide;VLAB-CH-TP-614;GC-MS/MS;0.03 mg/kg;0.1 mg/kg;72;;; 350.000 ; 1.050.000 
TACN & NGUYÊN LIỆU;TACN & NGUYÊN LIỆU;PES-GC-MS/MS;Prothiofos;Prothiofos;VLAB-CH-TP-614;GC-MS/MS;0.03 mg/kg;0.1 mg/kg;72;;; 350.000 ; 1.050.000 
TACN & NGUYÊN LIỆU;TACN & NGUYÊN LIỆU;PES-GC-MS/MS;Pyraclofos;Pyraclofos;VLAB-CH-TP-614;GC-MS/MS;0.03 mg/kg;0.1 mg/kg;72;;; 350.000 ; 1.050.000 
TACN & NGUYÊN LIỆU;TACN & NGUYÊN LIỆU;PES-GC-MS/MS;Pyrazophos;Pyrazophos;VLAB-CH-TP-614;GC-MS/MS;0.03 mg/kg;0.1 mg/kg;72;;; 350.000 ; 1.050.000 
TACN & NGUYÊN LIỆU;TACN & NGUYÊN LIỆU;PES-GC-MS/MS;Pyridaben;Pyridaben;VLAB-CH-TP-614;GC-MS/MS;0.03 mg/kg;0.1 mg/kg;72;;; 350.000 ; 1.050.000 
TACN & NGUYÊN LIỆU;TACN & NGUYÊN LIỆU;PES-GC-MS/MS;Pyridaphenthion;Pyridaphenthion;VLAB-CH-TP-614;GC-MS/MS;0.03 mg/kg;0.1 mg/kg;72;;; 350.000 ; 1.050.000 
TACN & NGUYÊN LIỆU;TACN & NGUYÊN LIỆU;PES-GC-MS/MS;Pyrifenox;Pyrifenox;VLAB-CH-TP-614;GC-MS/MS;0.03 mg/kg;0.1 mg/kg;72;;; 350.000 ; 1.050.000 
TACN & NGUYÊN LIỆU;TACN & NGUYÊN LIỆU;PES-GC-MS/MS;Pyrimethanil;Pyrimethanil;VLAB-CH-TP-614;GC-MS/MS;0.03 mg/kg;0.1 mg/kg;72;;; 350.000 ; 1.050.000 
TACN & NGUYÊN LIỆU;TACN & NGUYÊN LIỆU;PES-GC-MS/MS;Pyriproxyfen;Pyriproxyfen;VLAB-CH-TP-614;GC-MS/MS;0.03 mg/kg;0.1 mg/kg;72;;; 350.000 ; 1.050.000 
TACN & NGUYÊN LIỆU;TACN & NGUYÊN LIỆU;PES-GC-MS/MS;Pyroquilon;Pyroquilon;VLAB-CH-TP-614;GC-MS/MS;0.03 mg/kg;0.1 mg/kg;72;;; 350.000 ; 1.050.000 
TACN & NGUYÊN LIỆU;TACN & NGUYÊN LIỆU;PES-GC-MS/MS;Quinalphos;Quinalphos;VLAB-CH-TP-614;GC-MS/MS;0.03 mg/kg;0.1 mg/kg;72;;; 350.000 ; 1.050.000 
TACN & NGUYÊN LIỆU;TACN & NGUYÊN LIỆU;PES-GC-MS/MS;Quintozene (Pentachloronitrobenzene);Quintozene (Pentachloronitrobenzene);VLAB-CH-TP-614;GC-MS/MS;0.03 mg/kg;0.1 mg/kg;72;;; 350.000 ; 1.050.000 
TACN & NGUYÊN LIỆU;TACN & NGUYÊN LIỆU;PES-GC-MS/MS;Ronnel (Fenchlorphos);Ronnel (Fenchlorphos);VLAB-CH-TP-614;GC-MS/MS;0.03 mg/kg;0.1 mg/kg;72;;; 350.000 ; 1.050.000 
TACN & NGUYÊN LIỆU;TACN & NGUYÊN LIỆU;PES-GC-MS/MS;Simazine;Simazine;VLAB-CH-TP-614;GC-MS/MS;0.03 mg/kg;0.1 mg/kg;72;;; 350.000 ; 1.050.000 
TACN & NGUYÊN LIỆU;TACN & NGUYÊN LIỆU;PES-GC-MS/MS;Simeconazole;Simeconazole;VLAB-CH-TP-614;GC-MS/MS;0.03 mg/kg;0.1 mg/kg;72;;; 350.000 ; 1.050.000 
TACN & NGUYÊN LIỆU;TACN & NGUYÊN LIỆU;PES-GC-MS/MS;Sulfotep;Sulfotep;VLAB-CH-TP-614;GC-MS/MS;0.03 mg/kg;0.1 mg/kg;72;;; 350.000 ; 1.050.000 
TACN & NGUYÊN LIỆU;TACN & NGUYÊN LIỆU;PES-GC-MS/MS;Sulprofos;Sulprofos;VLAB-CH-TP-614;GC-MS/MS;0.03 mg/kg;0.1 mg/kg;72;;; 350.000 ; 1.050.000 
TACN & NGUYÊN LIỆU;TACN & NGUYÊN LIỆU;PES-GC-MS/MS;tau-Fluvalinate;tau-Fluvalinate;VLAB-CH-TP-614;GC-MS/MS;0.03 mg/kg;0.1 mg/kg;72;;; 350.000 ; 1.050.000 
TACN & NGUYÊN LIỆU;TACN & NGUYÊN LIỆU;PES-GC-MS/MS;Tebufenpyrad;Tebufenpyrad;VLAB-CH-TP-614;GC-MS/MS;0.03 mg/kg;0.1 mg/kg;72;;; 350.000 ; 1.050.000 
TACN & NGUYÊN LIỆU;TACN & NGUYÊN LIỆU;PES-GC-MS/MS;Tebupirimfos;Tebupirimfos;VLAB-CH-TP-614;GC-MS/MS;0.03 mg/kg;0.1 mg/kg;72;;; 350.000 ; 1.050.000 
TACN & NGUYÊN LIỆU;TACN & NGUYÊN LIỆU;PES-GC-MS/MS;Tecnazene;Tecnazene;VLAB-CH-TP-614;GC-MS/MS;0.03 mg/kg;0.1 mg/kg;72;;; 350.000 ; 1.050.000 
TACN & NGUYÊN LIỆU;TACN & NGUYÊN LIỆU;PES-GC-MS/MS;Tefluthrin;Tefluthrin;VLAB-CH-TP-614;GC-MS/MS;0.03 mg/kg;0.1 mg/kg;72;;; 350.000 ; 1.050.000 
TACN & NGUYÊN LIỆU;TACN & NGUYÊN LIỆU;PES-GC-MS/MS;Terbacil;Terbacil;VLAB-CH-TP-614;GC-MS/MS;0.03 mg/kg;0.1 mg/kg;72;;; 350.000 ; 1.050.000 
TACN & NGUYÊN LIỆU;TACN & NGUYÊN LIỆU;PES-GC-MS/MS;Terbufos;Terbufos;VLAB-CH-TP-614;GC-MS/MS;0.03 mg/kg;0.1 mg/kg;72;;; 350.000 ; 1.050.000 
TACN & NGUYÊN LIỆU;TACN & NGUYÊN LIỆU;PES-GC-MS/MS;Terbumeton;Terbumeton;VLAB-CH-TP-614;GC-MS/MS;0.03 mg/kg;0.1 mg/kg;72;;; 350.000 ; 1.050.000 
TACN & NGUYÊN LIỆU;TACN & NGUYÊN LIỆU;PES-GC-MS/MS;Terbuthylazine;Terbuthylazine;VLAB-CH-TP-614;GC-MS/MS;0.03 mg/kg;0.1 mg/kg;72;;; 350.000 ; 1.050.000 
TACN & NGUYÊN LIỆU;TACN & NGUYÊN LIỆU;PES-GC-MS/MS;Tetradifon;Tetradifon;VLAB-CH-TP-614;GC-MS/MS;0.03 mg/kg;0.1 mg/kg;72;;; 350.000 ; 1.050.000 
TACN & NGUYÊN LIỆU;TACN & NGUYÊN LIỆU;PES-GC-MS/MS;Tetramethrin;Tetramethrin;VLAB-CH-TP-614;GC-MS/MS;0.03 mg/kg;0.1 mg/kg;72;;; 350.000 ; 1.050.000 
TACN & NGUYÊN LIỆU;TACN & NGUYÊN LIỆU;PES-GC-MS/MS;Tetrasul;Tetrasul;VLAB-CH-TP-614;GC-MS/MS;0.03 mg/kg;0.1 mg/kg;72;;; 350.000 ; 1.050.000 
TACN & NGUYÊN LIỆU;TACN & NGUYÊN LIỆU;PES-GC-MS/MS;Thiazopyr;Thiazopyr;VLAB-CH-TP-614;GC-MS/MS;0.03 mg/kg;0.1 mg/kg;72;;; 350.000 ; 1.050.000 
TACN & NGUYÊN LIỆU;TACN & NGUYÊN LIỆU;PES-GC-MS/MS;Tolclofos-methyl;Tolclofos-methyl;VLAB-CH-TP-614;GC-MS/MS;0.03 mg/kg;0.1 mg/kg;72;;; 350.000 ; 1.050.000 
TACN & NGUYÊN LIỆU;TACN & NGUYÊN LIỆU;PES-GC-MS/MS;trans-Chlordane;trans-Chlordane;VLAB-CH-TP-614;GC-MS/MS;0.03 mg/kg;0.1 mg/kg;72;;; 350.000 ; 1.050.000 
TACN & NGUYÊN LIỆU;TACN & NGUYÊN LIỆU;PES-GC-MS/MS;Transfluthrin;Transfluthrin;VLAB-CH-TP-614;GC-MS/MS;0.03 mg/kg;0.1 mg/kg;72;;; 350.000 ; 1.050.000 
TACN & NGUYÊN LIỆU;TACN & NGUYÊN LIỆU;PES-GC-MS/MS;trans-Nonachlor;trans-Nonachlor;VLAB-CH-TP-614;GC-MS/MS;0.03 mg/kg;0.1 mg/kg;72;;; 350.000 ; 1.050.000 
TACN & NGUYÊN LIỆU;TACN & NGUYÊN LIỆU;PES-GC-MS/MS;Triadimefon;Triadimefon;VLAB-CH-TP-614;GC-MS/MS;0.03 mg/kg;0.1 mg/kg;72;;; 350.000 ; 1.050.000 
TACN & NGUYÊN LIỆU;TACN & NGUYÊN LIỆU;PES-GC-MS/MS;Triadimenol;Triadimenol;VLAB-CH-TP-614;GC-MS/MS;0.03 mg/kg;0.1 mg/kg;72;;; 350.000 ; 1.050.000 
TACN & NGUYÊN LIỆU;TACN & NGUYÊN LIỆU;PES-GC-MS/MS;Triallate;Triallate;VLAB-CH-TP-614;GC-MS/MS;0.03 mg/kg;0.1 mg/kg;72;;; 350.000 ; 1.050.000 
TACN & NGUYÊN LIỆU;TACN & NGUYÊN LIỆU;PES-GC-MS/MS;Triazophos;Triazophos;VLAB-CH-TP-614;GC-MS/MS;0.03 mg/kg;0.1 mg/kg;72;;; 350.000 ; 1.050.000 
TACN & NGUYÊN LIỆU;TACN & NGUYÊN LIỆU;PES-GC-MS/MS;Triflumizole;Triflumizole;VLAB-CH-TP-614;GC-MS/MS;0.03 mg/kg;0.1 mg/kg;72;;; 350.000 ; 1.050.000 
TACN & NGUYÊN LIỆU;TACN & NGUYÊN LIỆU;PES-GC-MS/MS;Trifluralin;Trifluralin;VLAB-CH-TP-614;GC-MS/MS;0.03 mg/kg;0.1 mg/kg;72;;; 350.000 ; 1.050.000 
TACN & NGUYÊN LIỆU;TACN & NGUYÊN LIỆU;PES-GC-MS/MS;Vinclozolin;Vinclozolin;VLAB-CH-TP-614;GC-MS/MS;0.03 mg/kg;0.1 mg/kg;72;;; 350.000 ; 1.050.000 
TACN & NGUYÊN LIỆU;TACN & NGUYÊN LIỆU;PES-GC-MS/MS;Fipronil disulfinyl;Fipronil disulfinyl;VLAB-CH-TP-614;GC-MS/MS;0.03 mg/kg;0.1 mg/kg;72;;; 350.000 ; 1.050.000 
TACN & NGUYÊN LIỆU;TACN & NGUYÊN LIỆU;ANTHELMINTICS;Praziquantel;Praziquantel;VLAB-CH-TP-656;LC-MS/MS;3.33 µg/kg;10 µg/kg;72;;; 350.000 ; 1.400.000 
TACN & NGUYÊN LIỆU;TACN & NGUYÊN LIỆU;ANTHELMINTICS;Albendazole;Albendazole;VLAB-CH-TP-656;LC-MS/MS;3.33 µg/kg;10 µg/kg;72;;; 350.000 ; 1.400.000 
TACN & NGUYÊN LIỆU;TACN & NGUYÊN LIỆU;ANTHELMINTICS;Fenbendazole;Fenbendazole;VLAB-CH-TP-656;LC-MS/MS;3.33 µg/kg;10 µg/kg;72;;; 350.000 ; 1.400.000 
TACN & NGUYÊN LIỆU;TACN & NGUYÊN LIỆU;ANTHELMINTICS;Mebendazole;Mebendazole;VLAB-CH-TP-656;LC-MS/MS;3.33 µg/kg;10 µg/kg;72;;; 350.000 ; 1.400.000 
TACN & NGUYÊN LIỆU;TACN & NGUYÊN LIỆU;ANTHELMINTICS;Levamisol;Levamisol;VLAB-CH-TP-656;LC-MS/MS;3.33 µg/kg;10 µg/kg;72;;; 350.000 ; 1.400.000 
TACN & NGUYÊN LIỆU;TACN & NGUYÊN LIỆU;CORTICOSTEROIDS;Dexamethason;Dexamethason;VLAB-CH-TP-656;LC-MS/MS;3.33 µg/kg;10 µg/kg;72;;; 350.000 ; 1.400.000 
TACN & NGUYÊN LIỆU;TACN & NGUYÊN LIỆU;CORTICOSTEROIDS;Prednison;Prednison;VLAB-CH-TP-656;LC-MS/MS;3.33 µg/kg;10 µg/kg;72;;; 350.000 ; 1.400.000 
TACN & NGUYÊN LIỆU;TACN & NGUYÊN LIỆU;;Tryptophan;Tryptophan;VLAB-CH-TP-723;HPLC- FLD;-;50 mg/kg ;120;;; 350.000 ; NA 
TACN & NGUYÊN LIỆU;TACN & NGUYÊN LIỆU;NITROFURANS METABIOLIZE;AMOZ;AMOZ;VLAB-CH-TP-617;LC-MS/MS;0.167 µg/kg;0.5 µg/kg;72;;; 350.000 ; 700.000 
TACN & NGUYÊN LIỆU;TACN & NGUYÊN LIỆU;NITROFURANS METABIOLIZE;AOZ;AOZ;VLAB-CH-TP-617;LC-MS/MS;0.167 µg/kg;0.5 µg/kg;72;;; 350.000 ; 700.000 
TACN & NGUYÊN LIỆU;TACN & NGUYÊN LIỆU;NITROFURANS METABIOLIZE;AHD;AHD;VLAB-CH-TP-617;LC-MS/MS;0.167 µg/kg;0.5 µg/kg;72;;; 350.000 ; 700.000 
TACN & NGUYÊN LIỆU;TACN & NGUYÊN LIỆU;NITROFURANS METABIOLIZE;SEM;SEM;VLAB-CH-TP-617;LC-MS/MS;0.167 µg/kg;0.5 µg/kg;72;;; 350.000 ; 700.000 
TACN & NGUYÊN LIỆU;TACN & NGUYÊN LIỆU;NITROFURANS METABIOLIZE;3,5-dinitrosalicylic acid hydrazide (DNSH);3,5-dinitrosalicylic acid hydrazide (DNSH);VLAB-CH-TP-617;LC-MS/MS;0.017 µg/kg;0.05 µg/kg;72;;; 350.000 ; NA 
TACN & NGUYÊN LIỆU;TACN & NGUYÊN LIỆU;MELAMINE;Melamin;Melamin;VLAB-CH-TP-664;LC-MS/MS;0.167 mg/kg;0.5 mg/kg;72;;; 350.000 ; NA 
TACN & NGUYÊN LIỆU;TACN & NGUYÊN LIỆU;MELAMINE;Ammelide;Ammelide;VLAB-CH-TP-664;LC-MS/MS;0.167 mg/kg;0.5 mg/kg;72;;; 350.000 ; NA 
TACN & NGUYÊN LIỆU;TACN & NGUYÊN LIỆU;MELAMINE;Cyanuric acid;Cyanuric acid;VLAB-CH-TP-664;LC-MS/MS;0.167 mg/kg;0.5 mg/kg;72;;; 350.000 ; NA 
TACN & NGUYÊN LIỆU;TACN & NGUYÊN LIỆU;β-AGONISTS;Clenbuterol;Clenbuterol;VLAB-CH-TP-585;LC-MS/MS;0.333 µg/kg;1 µg/kg;72;;; 350.000 ; 700.000 
TACN & NGUYÊN LIỆU;TACN & NGUYÊN LIỆU;β-AGONISTS;Salbutamol;Salbutamol;VLAB-CH-TP-585;LC-MS/MS;3.33 µg/kg;10 µg/kg;72;;; 350.000 ; 700.000 
TACN & NGUYÊN LIỆU;TACN & NGUYÊN LIỆU;β-AGONISTS;Ractopamin;Ractopamin;VLAB-CH-TP-585;LC-MS/MS;3.33 µg/kg;10 µg/kg;72;;; 350.000 ; 700.000 
TACN & NGUYÊN LIỆU;TACN & NGUYÊN LIỆU;;Acid propionic;Acid propionic;VLAB-CH-TP-503;HPLC-PAD;-;20 mg/kg ;72;;; 350.000 ; NA 
TACN & NGUYÊN LIỆU;TACN & NGUYÊN LIỆU;;Acid butyric;Acid butyric;VLAB-CH-TP-503;HPLC-PAD;-;20 mg/kg ;72;;; 350.000 ; NA 
TACN & NGUYÊN LIỆU;TACN & NGUYÊN LIỆU;NITROFURANS;Furaltadone;Furaltadone;VLAB-CH-TP-588;LC-MS/MS;3.33 µg/kg;10µg/kg;72;;; 350.000 ; 700.000 
TACN & NGUYÊN LIỆU;TACN & NGUYÊN LIỆU;NITROFURANS;Furazolidone;Furazolidone;VLAB-CH-TP-588;LC-MS/MS;3.33 µg/kg;10µg/kg;72;;; 350.000 ; 700.000 
TACN & NGUYÊN LIỆU;TACN & NGUYÊN LIỆU;NITROFURANS;Nitrofurantoin;Nitrofurantoin;VLAB-CH-TP-588;LC-MS/MS;3.33 µg/kg;10µg/kg;72;;; 350.000 ; 700.000 
TACN & NGUYÊN LIỆU;TACN & NGUYÊN LIỆU;NITROFURANS;Nitrofurazone;Nitrofurazone;VLAB-CH-TP-588;LC-MS/MS;3.33 µg/kg;10µg/kg;72;;; 350.000 ; 700.000 
TACN & NGUYÊN LIỆU;TACN & NGUYÊN LIỆU;;Tylosin;Tylosin;VLAB-CH-TP-646;LC-MS/MS;16.67 µg/kg;50 µg/kg;72;;; 350.000 ; 1.400.000 
TACN & NGUYÊN LIỆU;TACN & NGUYÊN LIỆU;;Leucomycin;Leucomycin;VLAB-CH-TP-646;LC-MS/MS;16.67 µg/kg;50 µg/kg;72;;; 350.000 ; 1.400.000 
TACN & NGUYÊN LIỆU;TACN & NGUYÊN LIỆU;;Lincomycin;Lincomycin;VLAB-CH-TP-646;LC-MS/MS;16.67 µg/kg;50 µg/kg;72;;; 350.000 ; 1.400.000 
TACN & NGUYÊN LIỆU;TACN & NGUYÊN LIỆU;;Spiramycin;Spiramycin;VLAB-CH-TP-646;LC-MS/MS;16.67 µg/kg;50 µg/kg;72;;; 350.000 ; 1.400.000 
TACN & NGUYÊN LIỆU;TACN & NGUYÊN LIỆU;;Erythromycin;Erythromycin;VLAB-CH-TP-646;LC-MS/MS;16.67 µg/kg;50 µg/kg;72;;; 350.000 ; 1.400.000 
TACN & NGUYÊN LIỆU;TACN & NGUYÊN LIỆU;;Tilmicosin;Tilmicosin;VLAB-CH-TP-646;LC-MS/MS;16.67 µg/kg;50 µg/kg;72;;; 350.000 ; 1.400.000 
TACN & NGUYÊN LIỆU;TACN & NGUYÊN LIỆU;;Virginiamycin M1;Virginiamycin M1;VLAB-CH-TP-646;LC-MS/MS;16.67 µg/kg;50 µg/kg;72;;; 350.000 ; 1.400.000 
TACN & NGUYÊN LIỆU;TACN & NGUYÊN LIỆU;;Clindamycin;Clindamycin;VLAB-CH-TP-646;LC-MS/MS;16.67 µg/kg;50 µg/kg;72;;; 350.000 ; 1.400.000 
TACN & NGUYÊN LIỆU;TACN & NGUYÊN LIỆU;;Pirlimycin;Pirlimycin;VLAB-CH-TP-646;LC-MS/MS;16.67 µg/kg;50 µg/kg;72;;; 350.000 ; 1.400.000 
TACN & NGUYÊN LIỆU;TACN & NGUYÊN LIỆU;;Gamithromycin;Gamithromycin;VLAB-CH-TP-646;LC-MS/MS;16.67 µg/kg;50 µg/kg;72;;; 350.000 ; 1.400.000 
TACN & NGUYÊN LIỆU;TACN & NGUYÊN LIỆU;;Rifampicin;Rifampicin;VLAB-CH-TP-646;LC-MS/MS;16.67 µg/kg;50 µg/kg;72;;; 350.000 ; 1.400.000 
TACN & NGUYÊN LIỆU;TACN & NGUYÊN LIỆU;;Fosfomycin;Fosfomycin;VLAB-CH-TP-646;LC-MS/MS;16.67 µg/kg;50 µg/kg;72;;; 350.000 ; 1.400.000 
TACN & NGUYÊN LIỆU;TACN & NGUYÊN LIỆU;;Colchicine;Colchicine;VLAB-CH-TP-646;LC-MS/MS;16.67 µg/kg;50 µg/kg;72;;; 350.000 ; 1.400.000 
TACN & NGUYÊN LIỆU;TACN & NGUYÊN LIỆU;;Tylosin;Tylosin;VLAB-CH-TP-646;LC-MS/MS;16.67 µg/kg;50 µg/kg;72;;; 350.000 ; 1.400.000 
TACN & NGUYÊN LIỆU;TACN & NGUYÊN LIỆU;;Leucomycin;Leucomycin;VLAB-CH-TP-646;LC-MS/MS;16.67 µg/kg;50 µg/kg;72;;; 350.000 ; 1.400.000 
TACN & NGUYÊN LIỆU;TACN & NGUYÊN LIỆU;;Lincomycin;Lincomycin;VLAB-CH-TP-646;LC-MS/MS;16.67 µg/kg;50 µg/kg;72;;; 350.000 ; 1.400.000 
TACN & NGUYÊN LIỆU;TACN & NGUYÊN LIỆU;;Spiramycin;Spiramycin;VLAB-CH-TP-646;LC-MS/MS;16.67 µg/kg;50 µg/kg;72;;; 350.000 ; 1.400.000 
TACN & NGUYÊN LIỆU;TACN & NGUYÊN LIỆU;;Erythromycin;Erythromycin;VLAB-CH-TP-646;LC-MS/MS;16.67 µg/kg;50 µg/kg;72;;; 350.000 ; 1.400.000 
TACN & NGUYÊN LIỆU;TACN & NGUYÊN LIỆU;;Tilmicosin;Tilmicosin;VLAB-CH-TP-646;LC-MS/MS;16.67 µg/kg;50 µg/kg;72;;; 350.000 ; 1.400.000 
TACN & NGUYÊN LIỆU;TACN & NGUYÊN LIỆU;;Virginiamycin M1;Virginiamycin M1;VLAB-CH-TP-646;LC-MS/MS;16.67 µg/kg;50 µg/kg;72;;; 350.000 ; 1.400.000 
TACN & NGUYÊN LIỆU;TACN & NGUYÊN LIỆU;;Clindamycin;Clindamycin;VLAB-CH-TP-646;LC-MS/MS;16.67 µg/kg;50 µg/kg;72;;; 350.000 ; 1.400.000 
TACN & NGUYÊN LIỆU;TACN & NGUYÊN LIỆU;;Pirlimycin;Pirlimycin;VLAB-CH-TP-646;LC-MS/MS;16.67 µg/kg;50 µg/kg;72;;; 350.000 ; 1.400.000 
TACN & NGUYÊN LIỆU;TACN & NGUYÊN LIỆU;;Gamithromycin;Gamithromycin;VLAB-CH-TP-646;LC-MS/MS;16.67 µg/kg;50 µg/kg;72;;; 350.000 ; 1.400.000 
TACN & NGUYÊN LIỆU;TACN & NGUYÊN LIỆU;;Rifampicin;Rifampicin;VLAB-CH-TP-646;LC-MS/MS;16.67 µg/kg;50 µg/kg;72;;; 350.000 ; 1.400.000 
TACN & NGUYÊN LIỆU;TACN & NGUYÊN LIỆU;;Fosfomycin;Fosfomycin;VLAB-CH-TP-646;LC-MS/MS;16.67 µg/kg;50 µg/kg;72;;; 350.000 ; 1.400.000 
TACN & NGUYÊN LIỆU;TACN & NGUYÊN LIỆU;;Colchicine;Colchicine;VLAB-CH-TP-646;LC-MS/MS;16.67 µg/kg;50 µg/kg;72;;; 350.000 ; 1.400.000 
TACN & NGUYÊN LIỆU;TACN & NGUYÊN LIỆU;;Napthalene;Napthalene;VLAB-CH-TP-731;GC-MS/MS;-;0.3 µg/kg;72;;; 350.000 ; 1.400.000 
TACN & NGUYÊN LIỆU;TACN & NGUYÊN LIỆU;;Acenaphthene;Acenaphthene;VLAB-CH-TP-731;GC-MS/MS;-;0.3 µg/kg;72;;; 350.000 ; 1.400.000 
TACN & NGUYÊN LIỆU;TACN & NGUYÊN LIỆU;;Acenaphthylene;Acenaphthylene;VLAB-CH-TP-731;GC-MS/MS;-;0.3 µg/kg;72;;; 350.000 ; 1.400.000 
TACN & NGUYÊN LIỆU;TACN & NGUYÊN LIỆU;;Fluorene;Fluorene;VLAB-CH-TP-731;GC-MS/MS;-;0.3 µg/kg;72;;; 350.000 ; 1.400.000 
TACN & NGUYÊN LIỆU;TACN & NGUYÊN LIỆU;;Phenanthrene;Phenanthrene;VLAB-CH-TP-731;GC-MS/MS;-;0.3 µg/kg;72;;; 350.000 ; 1.400.000 
TACN & NGUYÊN LIỆU;TACN & NGUYÊN LIỆU;;Anthracene;Anthracene;VLAB-CH-TP-731;GC-MS/MS;-;0.3 µg/kg;72;;; 350.000 ; 1.400.000 
TACN & NGUYÊN LIỆU;TACN & NGUYÊN LIỆU;;Fluoranthene;Fluoranthene;VLAB-CH-TP-731;GC-MS/MS;-;0.3 µg/kg;72;;; 350.000 ; 1.400.000 
TACN & NGUYÊN LIỆU;TACN & NGUYÊN LIỆU;;Pyrene;Pyrene;VLAB-CH-TP-731;GC-MS/MS;-;0.3 µg/kg;72;;; 350.000 ; 1.400.000 
TACN & NGUYÊN LIỆU;TACN & NGUYÊN LIỆU;;Benz[a]anthracene;Benz[a]anthracene;VLAB-CH-TP-731;GC-MS/MS;-;0.3 µg/kg;72;;; 350.000 ; 1.400.000 
TACN & NGUYÊN LIỆU;TACN & NGUYÊN LIỆU;;Chrysene;Chrysene;VLAB-CH-TP-731;GC-MS/MS;-;0.3 µg/kg;72;;; 350.000 ; 1.400.000 
TACN & NGUYÊN LIỆU;TACN & NGUYÊN LIỆU;;Benzo[b]fluoranthene;Benzo[b]fluoranthene;VLAB-CH-TP-731;GC-MS/MS;-;0.3 µg/kg;72;;; 350.000 ; 1.400.000 
TACN & NGUYÊN LIỆU;TACN & NGUYÊN LIỆU;;Benzo[k]fluoranthene;Benzo[k]fluoranthene;VLAB-CH-TP-731;GC-MS/MS;-;0.3 µg/kg;72;;; 350.000 ; 1.400.000 
TACN & NGUYÊN LIỆU;TACN & NGUYÊN LIỆU;;Benzo[a]pyrene;Benzo[a]pyrene;VLAB-CH-TP-731;GC-MS/MS;-;0.3 µg/kg;72;;; 350.000 ; 1.400.000 
TACN & NGUYÊN LIỆU;TACN & NGUYÊN LIỆU;;Indeno(1,2,3-c,d) pyrene;Indeno(1,2,3-c,d) pyrene;VLAB-CH-TP-731;GC-MS/MS;-;0.3 µg/kg;72;;; 350.000 ; 1.400.000 
TACN & NGUYÊN LIỆU;TACN & NGUYÊN LIỆU;;Dibenzo[a,h] anthracene;Dibenzo[a,h] anthracene;VLAB-CH-TP-731;GC-MS/MS;-;0.3 µg/kg;72;;; 350.000 ; 1.400.000 
TACN & NGUYÊN LIỆU;TACN & NGUYÊN LIỆU;;Benzo[g,h,i] perylene;Benzo[g,h,i] perylene;VLAB-CH-TP-731;GC-MS/MS;-;0.3 µg/kg;72;;; 350.000 ; 1.400.000 
TACN & NGUYÊN LIỆU;TACN & NGUYÊN LIỆU;FLUOROQUINOLNES;Enrofloxacin;Enrofloxacin;VLAB-CH-TP-621;LC-MS/MS;1.667 µg/kg;5 µg/kg;72;;; 350.000 ; 700.000 
TACN & NGUYÊN LIỆU;TACN & NGUYÊN LIỆU;FLUOROQUINOLNES;Ciprofloxacin;Ciprofloxacin;VLAB-CH-TP-621;LC-MS/MS;1.667 µg/kg;5 µg/kg;72;;; 350.000 ; 700.000 
TACN & NGUYÊN LIỆU;TACN & NGUYÊN LIỆU;FLUOROQUINOLNES;Norfloxacin;Norfloxacin;VLAB-CH-TP-621;LC-MS/MS;1.667 µg/kg;5 µg/kg;72;;; 350.000 ; 700.000 
TACN & NGUYÊN LIỆU;TACN & NGUYÊN LIỆU;FLUOROQUINOLNES;Difloxacin;Difloxacin;VLAB-CH-TP-621;LC-MS/MS;1.667 µg/kg;5 µg/kg;72;;; 350.000 ; 700.000 
TACN & NGUYÊN LIỆU;TACN & NGUYÊN LIỆU;FLUOROQUINOLNES;Flumequin;Flumequin;VLAB-CH-TP-621;LC-MS/MS;1.667 µg/kg;5 µg/kg;72;;; 350.000 ; 700.000 
TACN & NGUYÊN LIỆU;TACN & NGUYÊN LIỆU;FLUOROQUINOLNES;Sarafloxacin;Sarafloxacin;VLAB-CH-TP-621;LC-MS/MS;1.667 µg/kg;5 µg/kg;72;;; 350.000 ; 700.000 
TACN & NGUYÊN LIỆU;TACN & NGUYÊN LIỆU;FLUOROQUINOLNES;Nalidixic acid;Nalidixic acid;VLAB-CH-TP-621;LC-MS/MS;1.667 µg/kg;5 µg/kg;72;;; 350.000 ; 700.000 
TACN & NGUYÊN LIỆU;TACN & NGUYÊN LIỆU;FLUOROQUINOLNES;Danofloxacin;Danofloxacin;VLAB-CH-TP-621;LC-MS/MS;1.667 µg/kg;5 µg/kg;72;;; 350.000 ; 700.000 
TACN & NGUYÊN LIỆU;TACN & NGUYÊN LIỆU;FLUOROQUINOLNES;Gatifloxacin;Gatifloxacin;VLAB-CH-TP-621;LC-MS/MS;1.667 µg/kg;5 µg/kg;72;;; 350.000 ; 700.000 
TACN & NGUYÊN LIỆU;TACN & NGUYÊN LIỆU;FLUOROQUINOLNES;Perfloxacin;Perfloxacin;VLAB-CH-TP-621;LC-MS/MS;1.667 µg/kg;5 µg/kg;72;;; 350.000 ; 700.000 
TACN & NGUYÊN LIỆU;TACN & NGUYÊN LIỆU;FLUOROQUINOLNES;Marbofloxacin;Marbofloxacin;VLAB-CH-TP-621;LC-MS/MS;1.667 µg/kg;5 µg/kg;72;;; 350.000 ; 700.000 
TACN & NGUYÊN LIỆU;TACN & NGUYÊN LIỆU;FLUOROQUINOLNES;Moxifloxacin;Moxifloxacin;VLAB-CH-TP-621;LC-MS/MS;1.667 µg/kg;5 µg/kg;72;;; 350.000 ; 700.000 
TACN & NGUYÊN LIỆU;TACN & NGUYÊN LIỆU;FLUOROQUINOLNES;Oxolinic acid;Oxolinic acid;VLAB-CH-TP-621;LC-MS/MS;1.667 µg/kg;5 µg/kg;72;;; 350.000 ; 700.000 
TACN & NGUYÊN LIỆU;TACN & NGUYÊN LIỆU;FLUOROQUINOLNES;Orbifloxacin;Orbifloxacin;VLAB-CH-TP-621;LC-MS/MS;1.667 µg/kg;5 µg/kg;72;;; 350.000 ; 700.000 
TACN & NGUYÊN LIỆU;TACN & NGUYÊN LIỆU;FLUOROQUINOLNES;Lomefloxacin;Lomefloxacin;VLAB-CH-TP-621;LC-MS/MS;1.667 µg/kg;5 µg/kg;72;;; 350.000 ; 700.000 
TACN & NGUYÊN LIỆU;TACN & NGUYÊN LIỆU;FLUOROQUINOLNES;Sparfloxacin;Sparfloxacin;VLAB-CH-TP-621;LC-MS/MS;1.667 µg/kg;5 µg/kg;72;;; 350.000 ; 700.000 
TACN & NGUYÊN LIỆU;TACN & NGUYÊN LIỆU;FLUOROQUINOLNES;Tổng Levofloxacin và Ofloxacin;Tổng Levofloxacin và Ofloxacin;VLAB-CH-TP-621;LC-MS/MS;1.667 µg/kg;5 µg/kg;72;;; 350.000 ; 700.000 
TACN & NGUYÊN LIỆU;TACN & NGUYÊN LIỆU;FLUOROQUINOLNES;Tổng Enrofloxacin và Ciprofloxacin;Tổng Enrofloxacin và Ciprofloxacin;VLAB-CH-TP-621;LC-MS/MS;1.667 µg/kg;5 µg/kg;72;;; 350.000 ; 700.000 
TACN & NGUYÊN LIỆU;TACN & NGUYÊN LIỆU;TETRACYCLINES;Chlortetracycline;Chlortetracycline;VLAB-CH-TP-609;LC-MS/MS;6.667 µg/kg;20 µg/kg;72;;; 350.000 ; 560.000 
TACN & NGUYÊN LIỆU;TACN & NGUYÊN LIỆU;TETRACYCLINES;Doxycycline;Doxycycline;VLAB-CH-TP-609;LC-MS/MS;6.667 µg/kg;20 µg/kg;72;;; 350.000 ; 560.000 
TACN & NGUYÊN LIỆU;TACN & NGUYÊN LIỆU;TETRACYCLINES;Tetracycline;Tetracycline;VLAB-CH-TP-609;LC-MS/MS;6.667 µg/kg;20 µg/kg;72;;; 350.000 ; 560.000 
TACN & NGUYÊN LIỆU;TACN & NGUYÊN LIỆU;TETRACYCLINES;Oxytetracycline;Oxytetracycline;VLAB-CH-TP-609;LC-MS/MS;6.667 µg/kg;20 µg/kg;72;;; 350.000 ; 560.000 
TACN & NGUYÊN LIỆU;TACN & NGUYÊN LIỆU;TETRACYCLINES;Tổng Doxycycline + 4-epidocycline;Sum of  Doxycycline and 4-epidocycline;VLAB-CH-TP-609;LC-MS/MS;6.667 µg/kg;20 µg/kg;72;;; 350.000 ; NA 
TACN & NGUYÊN LIỆU;TACN & NGUYÊN LIỆU;TETRACYCLINES;Tổng Oxycycline + 4-epioxycycline;Sum of  Oxycycline and 4-epioxycycline;VLAB-CH-TP-609;LC-MS/MS;6.667 µg/kg;20 µg/kg;72;;; 350.000 ; NA 
TACN & NGUYÊN LIỆU;TACN & NGUYÊN LIỆU;TETRACYCLINES;Tổng Tetracycline + 4-epitetracycline;Sum of Tetracycline and 4-epitetracycline;VLAB-CH-TP-609;LC-MS/MS;6.667 µg/kg;20 µg/kg;72;;; 350.000 ; NA 
TACN & NGUYÊN LIỆU;TACN & NGUYÊN LIỆU;TETRACYCLINES;Tổng Chlortetracycline + 4-epichlortetracycline;Sum of Chlortetracycline and 4-epichlortetracycline;VLAB-CH-TP-609;LC-MS/MS;6.667 µg/kg;20 µg/kg;72;;; 350.000 ; NA 
TACN & NGUYÊN LIỆU;TACN & NGUYÊN LIỆU;NITROFURANS;Nitrovin (NIT);Nitrovin (NIT);VLAB-CH-TP-609;LC-MS/MS;16.667 µg/kg;50 µg/kg;72;;; 350.000 ; NA 
TACN & NGUYÊN LIỆU;TACN & NGUYÊN LIỆU;TETRACYCLINES;Chlortetracycline;Chlortetracycline;VLAB-CH-TP-609;LC-MS/MS;6.667 µg/L;20 µg/L;72;;; 350.000 ; 560.000 
TACN & NGUYÊN LIỆU;TACN & NGUYÊN LIỆU;TETRACYCLINES;Doxycycline;Doxycycline;VLAB-CH-TP-609;LC-MS/MS;6.667 µg/L;20 µg/L;72;;; 350.000 ; 560.000 
TACN & NGUYÊN LIỆU;TACN & NGUYÊN LIỆU;TETRACYCLINES;Tetracycline;Tetracycline;VLAB-CH-TP-609;LC-MS/MS;6.667 µg/L;20 µg/L;72;;; 350.000 ; 560.000 
TACN & NGUYÊN LIỆU;TACN & NGUYÊN LIỆU;TETRACYCLINES;Oxytetracycline;Oxytetracycline;VLAB-CH-TP-609;LC-MS/MS;6.667 µg/L;20 µg/L;72;;; 350.000 ; 560.000 
TACN & NGUYÊN LIỆU;TACN & NGUYÊN LIỆU;TETRACYCLINES;Tổng Doxycycline + 4-epidocycline;Sum of  Doxycycline and 4-epidocycline;VLAB-CH-TP-609;LC-MS/MS;6.667 µg/L;20 µg/L;72;;; 350.000 ; NA 
TACN & NGUYÊN LIỆU;TACN & NGUYÊN LIỆU;TETRACYCLINES;Tổng Oxycycline + 4-epioxycycline;Sum of  Oxycycline and 4-epioxycycline;VLAB-CH-TP-609;LC-MS/MS;6.667 µg/L;20 µg/L;72;;; 350.000 ; NA 
TACN & NGUYÊN LIỆU;TACN & NGUYÊN LIỆU;TETRACYCLINES;Tổng Tetracycline + 4-epitetracycline;Sum of Tetracycline and 4-epitetracycline;VLAB-CH-TP-609;LC-MS/MS;6.667 µg/L;20 µg/L;72;;; 350.000 ; NA 
TACN & NGUYÊN LIỆU;TACN & NGUYÊN LIỆU;TETRACYCLINES;Tổng Chlortetracycline + 4-epichlortetracycline;Sum of Chlortetracycline and 4-epichlortetracycline;VLAB-CH-TP-609;LC-MS/MS;6.667 µg/L;20 µg/L;72;;; 350.000 ; NA 
TACN & NGUYÊN LIỆU;TACN & NGUYÊN LIỆU;NITROFURANS;Nitrovin (NIT);Nitrovin (NIT);VLAB-CH-TP-609;LC-MS/MS;16.667 µg/L;50 µg/L;72;;; 350.000 ; NA 
TACN & NGUYÊN LIỆU;TACN & NGUYÊN LIỆU;AMPHENICOL;Chloramphenicol (CAP);Chloramphenicol (CAP);VLAB-CH-TP-621;LC-MS/MS;0.167 µg/kg;0.5 µg/kg;72;;; 350.000 ; 560.000 
TACN & NGUYÊN LIỆU;TACN & NGUYÊN LIỆU;AMPHENICOL;Florfenicol (FF);Florfenicol (FF);VLAB-CH-TP-621;LC-MS/MS;0.167 µg/kg;0.5 µg/kg;72;;; 350.000 ; 560.000 
TACN & NGUYÊN LIỆU;TACN & NGUYÊN LIỆU;AMPHENICOL;Thiamphenicol (THIAM);Thiamphenicol (THIAM);VLAB-CH-TP-621;LC-MS/MS;0.167 µg/kg;0.5 µg/kg;72;;; 350.000 ; 560.000 
TACN & NGUYÊN LIỆU;TACN & NGUYÊN LIỆU;FLUOROQUINOLNES;Enrofloxacin;Enrofloxacin;VLAB-CH-TP-621;LC-MS/MS;1.667 µg/L;5 µg/L;72;;; 350.000 ; 700.000 
TACN & NGUYÊN LIỆU;TACN & NGUYÊN LIỆU;FLUOROQUINOLNES;Ciprofloxacin;Ciprofloxacin;VLAB-CH-TP-621;LC-MS/MS;1.667 µg/L;5 µg/L;72;;; 350.000 ; 700.000 
TACN & NGUYÊN LIỆU;TACN & NGUYÊN LIỆU;FLUOROQUINOLNES;Norfloxacin;Norfloxacin;VLAB-CH-TP-621;LC-MS/MS;1.667 µg/L;5 µg/L;72;;; 350.000 ; 700.000 
TACN & NGUYÊN LIỆU;TACN & NGUYÊN LIỆU;FLUOROQUINOLNES;Difloxacin;Difloxacin;VLAB-CH-TP-621;LC-MS/MS;1.667 µg/L;5 µg/L;72;;; 350.000 ; 700.000 
TACN & NGUYÊN LIỆU;TACN & NGUYÊN LIỆU;FLUOROQUINOLNES;Flumequin;Flumequin;VLAB-CH-TP-621;LC-MS/MS;1.667 µg/L;5 µg/L;72;;; 350.000 ; 700.000 
TACN & NGUYÊN LIỆU;TACN & NGUYÊN LIỆU;FLUOROQUINOLNES;Sarafloxacin;Sarafloxacin;VLAB-CH-TP-621;LC-MS/MS;1.667 µg/L;5 µg/L;72;;; 350.000 ; 700.000 
TACN & NGUYÊN LIỆU;TACN & NGUYÊN LIỆU;FLUOROQUINOLNES;Nalidixic acid;Nalidixic acid;VLAB-CH-TP-621;LC-MS/MS;1.667 µg/L;5 µg/L;72;;; 350.000 ; 700.000 
TACN & NGUYÊN LIỆU;TACN & NGUYÊN LIỆU;FLUOROQUINOLNES;Danofloxacin;Danofloxacin;VLAB-CH-TP-621;LC-MS/MS;1.667 µg/L;5 µg/L;72;;; 350.000 ; 700.000 
TACN & NGUYÊN LIỆU;TACN & NGUYÊN LIỆU;FLUOROQUINOLNES;Gatifloxacin;Gatifloxacin;VLAB-CH-TP-621;LC-MS/MS;1.667 µg/L;5 µg/L;72;;; 350.000 ; 700.000 
TACN & NGUYÊN LIỆU;TACN & NGUYÊN LIỆU;FLUOROQUINOLNES;Perfloxacin;Perfloxacin;VLAB-CH-TP-621;LC-MS/MS;1.667 µg/L;5 µg/L;72;;; 350.000 ; 700.000 
TACN & NGUYÊN LIỆU;TACN & NGUYÊN LIỆU;FLUOROQUINOLNES;Marbofloxacin;Marbofloxacin;VLAB-CH-TP-621;LC-MS/MS;1.667 µg/L;5 µg/L;72;;; 350.000 ; 700.000 
TACN & NGUYÊN LIỆU;TACN & NGUYÊN LIỆU;FLUOROQUINOLNES;Moxifloxacin;Moxifloxacin;VLAB-CH-TP-621;LC-MS/MS;1.667 µg/L;5 µg/L;72;;; 350.000 ; 700.000 
TACN & NGUYÊN LIỆU;TACN & NGUYÊN LIỆU;FLUOROQUINOLNES;Oxolinic acid;Oxolinic acid;VLAB-CH-TP-621;LC-MS/MS;1.667 µg/L;5 µg/L;72;;; 350.000 ; 700.000 
TACN & NGUYÊN LIỆU;TACN & NGUYÊN LIỆU;FLUOROQUINOLNES;Orbifloxacin;Orbifloxacin;VLAB-CH-TP-621;LC-MS/MS;1.667 µg/L;5 µg/L;72;;; 350.000 ; 700.000 
TACN & NGUYÊN LIỆU;TACN & NGUYÊN LIỆU;FLUOROQUINOLNES;Lomefloxacin;Lomefloxacin;VLAB-CH-TP-621;LC-MS/MS;1.667 µg/L;5 µg/L;72;;; 350.000 ; 700.000 
TACN & NGUYÊN LIỆU;TACN & NGUYÊN LIỆU;FLUOROQUINOLNES;Sparfloxacin;Sparfloxacin;VLAB-CH-TP-621;LC-MS/MS;1.667 µg/L;5 µg/L;72;;; 350.000 ; 700.000 
TACN & NGUYÊN LIỆU;TACN & NGUYÊN LIỆU;FLUOROQUINOLNES;Tổng Levofloxacin và Ofloxacin;Sum of Levofloxacin and Ofloxacin;VLAB-CH-TP-621;LC-MS/MS;1.667 µg/L;5 µg/L;72;;; 350.000 ; 700.000 
TACN & NGUYÊN LIỆU;TACN & NGUYÊN LIỆU;FLUOROQUINOLNES;Tổng Enrofloxacin và Ciprofloxacin;Sum of Enrofloxacin and Ciprofloxacin;VLAB-CH-TP-621;LC-MS/MS;1.667 µg/L;5 µg/L;72;;; 350.000 ; 700.000 
TACN & NGUYÊN LIỆU;TACN & NGUYÊN LIỆU;AMPHENICOL;Chloramphenicol (CAP);Chloramphenicol (CAP);VLAB-CH-TP-621;LC-MS/MS;0.167 µg/L;0.5 µg/L;72;;; 350.000 ; 700.000 
TACN & NGUYÊN LIỆU;TACN & NGUYÊN LIỆU;AMPHENICOL;Florfenicol (FF);Florfenicol (FF);VLAB-CH-TP-621;LC-MS/MS;0.167 µg/L;0.5 µg/L;72;;; 350.000 ; 700.000 
TACN & NGUYÊN LIỆU;TACN & NGUYÊN LIỆU;AMPHENICOL;Thiamphenicol (THIAM);Thiamphenicol (THIAM);VLAB-CH-TP-621;LC-MS/MS;0.167 µg/L;0.5 µg/L;72;;; 350.000 ; 700.000 
TACN & NGUYÊN LIỆU;TACN & NGUYÊN LIỆU;;Vitamin B1;Vitamin B1;VLAB-CH-TP-769;HPLC-PAD;3.33 mg/kg;10 mg/kg;72;;; 420.000 ; NA 
TACN & NGUYÊN LIỆU;TACN & NGUYÊN LIỆU;;Vitamin B2;Vitamin B2;VLAB-CH-TP-769;HPLC-PAD;3.33 mg/kg;10 mg/kg;72;;; 420.000 ; NA 
TACN & NGUYÊN LIỆU;TACN & NGUYÊN LIỆU;;Vitamin B3;Vitamin B3;VLAB-CH-TP-769;HPLC-PAD;3.33 mg/kg;10 mg/kg;72;;; 420.000 ; NA 
TACN & NGUYÊN LIỆU;TACN & NGUYÊN LIỆU;;Vitamin B5;Vitamin B5;VLAB-CH-TP-769;HPLC-PAD;3.33 mg/kg;10 mg/kg;72;;; 420.000 ; NA 
TACN & NGUYÊN LIỆU;TACN & NGUYÊN LIỆU;;Vitamin B6;Vitamin B6;VLAB-CH-TP-769;C/N;3.33 mg/kg;10 mg/kg;72;;; 420.000 ; NA 
TACN & NGUYÊN LIỆU;TACN & NGUYÊN LIỆU;;Vitamin B7 (Biotin);Vitamin B7 (Biotin);VLAB-CH-TP-769;HPLC-PAD;3.33 mg/kg;10 mg/kg;72;;; 420.000 ; NA 
TACN & NGUYÊN LIỆU;TACN & NGUYÊN LIỆU;;Vitamin B9 (Folic);Vitamin B9 (Folic);VLAB-CH-TP-769;HPLC-PAD;3.33 mg/kg;10 mg/kg;72;;; 420.000 ; NA 
TACN & NGUYÊN LIỆU;TACN & NGUYÊN LIỆU;;Vitamin B12;Vitamin B12;VLAB-CH-TP-769;HPLC-PAD;3.33 mg/kg;10 mg/kg;72;;; 420.000 ; NA 
TACN & NGUYÊN LIỆU;TACN & NGUYÊN LIỆU;;Vitamin PP;Vitamin PP;VLAB-CH-TP-769;HPLC-PAD;3.33 mg/kg;10 mg/kg;72;;; 420.000 ; NA 
TACN & NGUYÊN LIỆU;TACN & NGUYÊN LIỆU;;Vitamin K3;Vitamin K3;VLAB-CH-TP-769;HPLC-PAD;3.33 mg/kg;10 mg/kg;72;;; 420.000 ; NA 
TACN & NGUYÊN LIỆU;TACN & NGUYÊN LIỆU;;Histamin;Histamin;VLAB-CH-TP-624;LC-MS/MS;0.067 mg/kg;0.2 mg/kg;72;;; 350.000 ; NA 
TACN & NGUYÊN LIỆU;TACN & NGUYÊN LIỆU;;Acid citric;Acid citric;VLAB-CH-TP-662;HPLC-PAD;6.67 mg/kg;20 mg/kg;72;;; 350.000 ; NA 
TACN & NGUYÊN LIỆU;TACN & NGUYÊN LIỆU;;Colistin;Colistin;VLAB-CH-TP-504;LC-MS/MS;166,66 µg/kg ;500 µg/kg ;72;;; 420.000 ; NA 
TACN & NGUYÊN LIỆU;TACN & NGUYÊN LIỆU;;Chỉ số Peroxide;Peroxide Value;TCVN 6121:2018;Chuẩn độ;;0.5 Meq/kg;120;;; 140.000 ; NA 
TACN & NGUYÊN LIỆU;TACN & NGUYÊN LIỆU;;Chỉ số axit hoặc độ axit;Acid value or  Acidity;TCVN 6127: 2010;Chuẩn độ;;0,05%;120;;; 140.000 ; NA 
TACN & NGUYÊN LIỆU;TACN & NGUYÊN LIỆU;;Hàm lượng Chì (Pb);Lead (Pb) content;TCVN 8126: 2009;GF-AAS;;0.2 mg/kg;72;;; 140.000 ; NA 
TACN & NGUYÊN LIỆU;TACN & NGUYÊN LIỆU;;Hàm lượng Cadimi (Cd);Cadmium (Cd) content;TCVN 8126: 2009;GF-AAS;;0.02 mg/kg;72;;; 140.000 ; NA 
TACN & NGUYÊN LIỆU;TACN & NGUYÊN LIỆU;METAL/ICP-MS;Hàm lượng Thiếc (Sn);Tin (Sn) content;VLAB-CH-TP-426 (Ref. TCVN 9588:2013,ISO 27085:2009,AOAC 2015.06);ICP-MS;;0.3 mg/kg;72;;; 140.000 ; NA 
TACN & NGUYÊN LIỆU;TACN & NGUYÊN LIỆU;METAL/ICP-MS;Hàm lượng Antimon (Sb);Antimon (Sb) content;VLAB-CH-TP-426 (Ref. TCVN 9588:2013,ISO 27085:2009,AOAC 2015.06);ICP-MS;;0.1 mg/kg;72;;; 140.000 ; NA 
TACN & NGUYÊN LIỆU;TACN & NGUYÊN LIỆU;METAL/ICP-MS;Hàm lượng Selen (Se);Selenium (Se) content;VLAB-CH-TP-426 (Ref. TCVN 9588:2013,ISO 27085:2009,AOAC 2015.06);ICP-MS;;0.1 mg/kg;72;;; 140.000 ; NA 
TACN & NGUYÊN LIỆU;TACN & NGUYÊN LIỆU;METAL/ICP-MS;Hàm lượng Crom (Cr);Chromium (Cr) content;VLAB-CH-TP-426 (Ref. TCVN 9588:2013,ISO 27085:2009,AOAC 2015.06);ICP-MS;;0.5 mg/kg;72;;; 140.000 ; NA 
TACN & NGUYÊN LIỆU;TACN & NGUYÊN LIỆU;METAL/ICP-MS;Hàm lượng Molypden (Mo);Molypdenum (Mo) content;VLAB-CH-TP-426 (Ref. TCVN 9588:2013,ISO 27085:2009,AOAC 2015.06);ICP-MS;;0.3 mg/kg;72;;; 140.000 ; NA 
TACN & NGUYÊN LIỆU;TACN & NGUYÊN LIỆU;METAL/ICP-MS;Hàm lượng Coban (Co);Cobalt (Co) content;VLAB-CH-TP-426 (Ref. TCVN 9588:2013,ISO 27085:2009,AOAC 2015.06);ICP-MS;;0.5 mg/kg;72;;; 140.000 ; NA 
TACN & NGUYÊN LIỆU;TACN & NGUYÊN LIỆU;METAL/ICP-MS;Hàm lượng Niken (Ni);Nickel (Ni) content;VLAB-CH-TP-426 (Ref. TCVN 9588:2013,ISO 27085:2009,AOAC 2015.06);ICP-MS;;0.5 mg/kg;72;;; 140.000 ; NA 
TACN & NGUYÊN LIỆU;TACN & NGUYÊN LIỆU;METAL/ICP-MS;Hàm lượng Chì (Pb);Lead (Pb) content;VLAB-CH-TP-426 (Ref. TCVN 9588:2013,ISO 27085:2009,AOAC 2015.06);ICP-MS;;0.1 mg/kg;72;;; 140.000 ; NA 
TACN & NGUYÊN LIỆU;TACN & NGUYÊN LIỆU;METAL/ICP-MS;Hàm lượng Cadimi (Cd);Cadmium (Cd) content;VLAB-CH-TP-426 (Ref. TCVN 9588:2013,ISO 27085:2009,AOAC 2015.06);ICP-MS;;0.03 mg/kg;72;;; 140.000 ; NA 
TACN & NGUYÊN LIỆU;TACN & NGUYÊN LIỆU;METAL/ICP-MS;Hàm lượng Asen (As);Arsenic (As) content;VLAB-CH-TP-426 (Ref. TCVN 9588:2013,ISO 27085:2009,AOAC 2015.06);ICP-MS;;0.1 mg/kg;72;;; 140.000 ; NA 
TACN & NGUYÊN LIỆU;TACN & NGUYÊN LIỆU;METAL/ICP-MS;Hàm lượng Thủy ngân (Hg);Mercury (Hg) content;VLAB-CH-TP-426 (Ref. TCVN 9588:2013,ISO 27085:2009,AOAC 2015.06);ICP-MS;;0.01 mg/kg;72;;; 140.000 ; NA 
TACN & NGUYÊN LIỆU;TACN & NGUYÊN LIỆU;;Hàm lượng Canxi (Ca);Calcium (Ca) content;TCVN 1537: 2007;F-AAS;;45 mg/kg;72;;; 140.000 ; NA 
TACN & NGUYÊN LIỆU;TACN & NGUYÊN LIỆU;;Hàm lượng Mangan (Mn);Manganese (Mn) content;TCVN 1537: 2007;F-AAS;;40 mg/kg;72;;; 140.000 ; NA 
TACN & NGUYÊN LIỆU;TACN & NGUYÊN LIỆU;;Hàm lượng Kẽm (Zn);Zinc (Zn) content;TCVN 1537: 2007;F-AAS;;45 mg/kg;72;;; 140.000 ; NA 
TACN & NGUYÊN LIỆU;TACN & NGUYÊN LIỆU;;Hàm lượng Sắt (Fe);Iron (Fe) content;TCVN 1537: 2007;F-AAS;;40 mg/kg;72;;; 140.000 ; NA 
TACN & NGUYÊN LIỆU;TACN & NGUYÊN LIỆU;;Hàm lượng Đồng (Cu);Copper (Cu) content;TCVN 1537: 2007;F-AAS;;45 mg/kg;72;;; 140.000 ; NA 
TACN & NGUYÊN LIỆU;TACN & NGUYÊN LIỆU;;Hàm lượng Natri (Na);Sodium (Na) content;TCVN 1537: 2007;F-AAS;;45 mg/kg;72;;; 140.000 ; NA 
TACN & NGUYÊN LIỆU;TACN & NGUYÊN LIỆU;;Hàm lượng Kali (K);Potassium (K) content;TCVN 1537: 2007;F-AAS;;45 mg/kg;72;;; 140.000 ; NA 
TACN & NGUYÊN LIỆU;TACN & NGUYÊN LIỆU;;Hàm lượng Magie (Mg);Magnesium (Mg) content;TCVN 1537: 2007;F-AAS;;45 mg/kg;72;;; 140.000 ; NA 
TACN & NGUYÊN LIỆU;TACN & NGUYÊN LIỆU;;Hàm lượng Nitơ amoniac;Nitrogen ammonia content;TCVN 10494 : 2014;Chuẩn độ;;5 mg/100g;72;;; 140.000 ; NA 
TACN & NGUYÊN LIỆU;TACN & NGUYÊN LIỆU;;Hàm lượng protein thô ;Crude protein content;TCVN 4328-1:2007;Chuẩn độ;;0,30%;72;;; 140.000 ; NA 
TACN & NGUYÊN LIỆU;TACN & NGUYÊN LIỆU;;Năng lượng trao đổi;Energy exchange;TCVN 8762: 2012;Tính toán;;-;120;;; 700.000 ; NA 
TACN & NGUYÊN LIỆU;TACN & NGUYÊN LIỆU;;Hàm lượng Tinh bột;Starch content;VLAB-CH-TP-276 (Ref. TCVN 4594:1988);Chuẩn độ;;-;120;;; 200.000 ; NA 
TACN & NGUYÊN LIỆU;TACN & NGUYÊN LIỆU;;Độ bền trong nước;Durability in water;"TCVN 10300:2014
TCVN 10301:2014
TCVN 10325:2014";Khối lượng;;-;72;;; 105.000 ; NA 
TACN & NGUYÊN LIỆU;TACN & NGUYÊN LIỆU;;Tỷ lệ chiều dài đường kính;Ratio of length to diameter;"TCVN 10300:2014
TCVN 10301:2014
TCVN 10325:2014";-;;-;72;;; 105.000 ; NA 
TACN & NGUYÊN LIỆU;TACN & NGUYÊN LIỆU;;Tỷ lệ vụn nát;Crumb rate;"TCVN 10300:2014
TCVN 10301:2014
TCVN 10325:2014";Khối lượng;;-;72;;; 105.000 ; NA 
TACN & NGUYÊN LIỆU;TACN & NGUYÊN LIỆU;;Hàm lượng Asen (As);Arsenic (As) content;AOAC 986.15;HG-AAS;;0.08 mg/kg;72;;; 140.000 ; NA 
TACN & NGUYÊN LIỆU;TACN & NGUYÊN LIỆU;;Cảm quan;Sensory;TCVN 1532:1993;Cảm quan;;-;72;;; 105.000 ; NA 
TACN & NGUYÊN LIỆU;TACN & NGUYÊN LIỆU;;Hàm lượng Đường tổng;Total sugar content;TCVN 10327:2014;Chuẩn độ;;0,30%;96;;; 140.000 ; NA 
TACN & NGUYÊN LIỆU;TACN & NGUYÊN LIỆU;;Hàm lượng Đường khử;Inver sugar content;TCVN 10327:2014;Chuẩn độ;;0,30%;96;;; 140.000 ; NA 
TACN & NGUYÊN LIỆU;TACN & NGUYÊN LIỆU;;Hàm lượng Xơ thô;Crude fiber content;TCVN 4329: 2007;Khối lượng;;1%;72;;; 140.000 ; NA 
TACN & NGUYÊN LIỆU;TACN & NGUYÊN LIỆU;;Độ ẩm và hàm lượng chất bay hơi;Moisture and other volative matter content;TCVN 4326:2001;Khối lượng;;0,30%;72;;; 140.000 ; NA 
TACN & NGUYÊN LIỆU;TACN & NGUYÊN LIỆU;;Hàm lượng Clorua hòa tan trong nước;Water-soluble chloride content;TCVN 4806-1:2018;Chuẩn độ;;0,10%;72;;; 140.000 ; NA 
TACN & NGUYÊN LIỆU;TACN & NGUYÊN LIỆU;;Hàm lượng Photpho (P);Phosphorus content;TCVN 1525: 2001;UV-Vis;;200 mg/kg;72;;; 140.000 ; NA 
TACN & NGUYÊN LIỆU;TACN & NGUYÊN LIỆU;;Hàm lượng Tro thô;Crude ash content;TCVN 4327: 2007;Khối lượng;;0,10%;72;;; 140.000 ; NA 
TACN & NGUYÊN LIỆU;TACN & NGUYÊN LIỆU;;Hàm lượng Tro không tan trong HCl (Cát sạn);Insoluble ash in hydrochloric acid;TCVN 9474:2012;Khối lượng;;0,10%;72;;; 140.000 ; NA 
TACN & NGUYÊN LIỆU;TACN & NGUYÊN LIỆU;;Hàm lượng béo (Béo thô);Fat content (Crude fat content);TCVN 4331: 2001;Khối lượng;;0,30%;72;;; 140.000 ; NA 
TACN & NGUYÊN LIỆU;TACN & NGUYÊN LIỆU;;Hàm lượng Nitơ bazơ bay hơi (TVBN);Total volatile basic nitrogen (TVBN) content;TCVN 10326:2014;Chuẩn độ;;10 mg/100g;72;;; 140.000 ; NA 
TACN & NGUYÊN LIỆU;TACN & NGUYÊN LIỆU;;Hàm lượng Nitơ hòa tan sau khi xử lý bằng pepsin trong axit clohydric loãng hoặc Hàm lượng đạm tiêu hóa;Soluble Protein content after treatment with pepsin in dilute hydrocloric acid or Digestible protein;TCVN 9129: 2011;Chuẩn độ;;0,30%;120;;; 140.000 ; NA 
TACN & NGUYÊN LIỆU;TACN & NGUYÊN LIỆU;;Hàm lượng Thủy ngân (Hg);Mercury (Hg) content;TCVN 7604:2007;CV-AAS;;0.04 mg/kg;72;;; 140.000 ; NA 
TACN & NGUYÊN LIỆU;TACN & NGUYÊN LIỆU;;Hàm lượng Coban (Co);Cobalt (Co) content;VLAB-CH-TP-025 (Ref. TCVN 9520:2012/ TCVN 9588:2013);F-AAS;;50 mg/kg;72;;; 140.000 ; NA 
TACN & NGUYÊN LIỆU;TACN & NGUYÊN LIỆU;;Định lượng  tổng vi sinh vật hiếu khí;"Enumeration of aerobic microorganism
";VLAB-MI-TP-005;Đếm khuẩn lạc;CFU/g;<10;72;;; 70.000 ;NA
TACN & NGUYÊN LIỆU;TACN & NGUYÊN LIỆU;;Định lượng Coliforms;Enumeration of Colifoms;VLAB-MI-TP-001;Đếm khuẩn lạc;CFU/g;<10;48;;; 70.000 ;NA
TACN & NGUYÊN LIỆU;TACN & NGUYÊN LIỆU;;Định lượng Enterobacteriaceae;Enumeration of Enterobacteriaceae;VLAB-MI-TP-006;Đếm khuẩn lạc;CFU/g;<10;96;;; 70.000 ;NA
TACN & NGUYÊN LIỆU;TACN & NGUYÊN LIỆU;;Định lượng E.coli dương tính với β-glucuronidase;Enumeration Escherichia coli  β-glucuronidase positive;VLAB-MI-TP-002;Đếm khuẩn lạc;CFU/g;<10;48;;; 70.000 ;NA
TACN & NGUYÊN LIỆU;TACN & NGUYÊN LIỆU;;Định lượng Staphylococci có phản ứng dương tính với coagulase (Staphylococcus aureus và các loài khác);"Enumeration of coagulase-positive Staphylococci (Staphylococcus
aureus and other species)";VLAB-MI-TP-008;Đếm khuẩn lạc;CFU/g;<10;72;;; 70.000 ;NA
TACN & NGUYÊN LIỆU;TACN & NGUYÊN LIỆU;;Định lượng Clostridium perfringens;Enumeration of  Clostridium perfringens;VLAB-MI-TP-017;Đếm khuẩn lạc;CFU/g;<10;48;;; 70.000 ;NA
TACN & NGUYÊN LIỆU;TACN & NGUYÊN LIỆU;;Định lượng Bacillus cereus giả định;Enumeration of presumptive Bacillus cereus;VLAB-MI-TP-016;Cấy trang bề mặt;CFU/g;<10;72;;; 70.000 ;NA
TACN & NGUYÊN LIỆU;TACN & NGUYÊN LIỆU;;Định lượng Staphylococcus aureus;Enumeration of  Staphylococcus aureus;VLAB-MI-TP-116;Cấy trang bề mặt;CFU/g;<10;72;;; 70.000 ;NA
TACN & NGUYÊN LIỆU;TACN & NGUYÊN LIỆU;;Phát hiện Salmonella spp.;Detection of Salmonella spp.;VLAB-MI-TP-004;Phân lập;/25g;;120;;; 140.000 ;NA
TACN & NGUYÊN LIỆU;TACN & NGUYÊN LIỆU;;Phát hiện Coliforms;Detection of Coliforms;VLAB-MI-TP-010;MPN;/g ;;72;;; 70.000 ;NA
TACN & NGUYÊN LIỆU;TACN & NGUYÊN LIỆU;;Định lượng Coliforms;Enumeration of  Coliforms;VLAB-MI-TP-010;MPN;MPN/g ;0;72;;; 70.000 ;NA
TACN & NGUYÊN LIỆU;TACN & NGUYÊN LIỆU;;Định lượng Staphylococci có phản ứng dương tính với coagulase (Staphylococcus aureus và các loài khác);"Enumeration of coagulase-positive Staphylococci (Staphylococcus
aureus and other species)";VLAB-MI-TP-033;MPN;MPN/g ;0;72;;; 70.000 ;NA
TACN & NGUYÊN LIỆU;TACN & NGUYÊN LIỆU;;Định lượng Enterobacteriaceae;Enumeration of Enterobacteriaceae;VLAB-MI-TP-012;MPN;MPN/g ;0;96;;; 70.000 ;NA
TACN & NGUYÊN LIỆU;TACN & NGUYÊN LIỆU;;Phát hiện Escherichia coli giả định;"Detection of presumptive 
Escherichia coli ";VLAB-MI-TP-003;MPN;/g ;;72;;; 70.000 ;NA
TACN & NGUYÊN LIỆU;TACN & NGUYÊN LIỆU;;Định lượng Escherichia coli giả định;"Enumeration of presumptive 
Escherichia coli ";VLAB-MI-TP-003;MPN;MPN/g ;0;72;;; 70.000 ;NA
TACN & NGUYÊN LIỆU;TACN & NGUYÊN LIỆU;;Định lượng Vi sinh vật;"Enumeration of
 microorganisms";VLAB-MI-TP-027;Đếm khuẩn lạc;CFU/g;<10;48;;; 70.000 ;NA
TACN & NGUYÊN LIỆU;TACN & NGUYÊN LIỆU;;Định lượng Escherichia coli;"Enumeration of 
Escherichia coli ";VLAB-MI-TP-011;Đếm khuẩn lạc;CFU/g;<10;48;;; 70.000 ;NA
TACN & NGUYÊN LIỆU;TACN & NGUYÊN LIỆU;; Định lượng Coliforms;Enumeration of  Coliforms;VLAB-MI-TP-011;Đếm khuẩn lạc;CFU/g;<10;48;;; 70.000 ;NA
TACN & NGUYÊN LIỆU;TACN & NGUYÊN LIỆU;;Định lượng nấm men và nấm mốc;"Enumeration of 
yeasts and moulds ";VLAB-MI-TP-014;Đếm khuẩn lạc;CFU/g;<10;120;;; 70.000 ;NA
TACN & NGUYÊN LIỆU;TACN & NGUYÊN LIỆU;;Định lượng Bacillus spp.;Enumeration of Bacillus spp.;VLAB-MI-TP-099;Đếm khuẩn lạc;CFU/g;<10;72;;; 70.000 ;NA
TACN & NGUYÊN LIỆU;TACN & NGUYÊN LIỆU;;Phát hiện Salmonella spp.;Detection of Salmonella spp.;VLAB-MI-TP-004;Phân lập;/25g;;120;;; 140.000 ;NA
TACN & NGUYÊN LIỆU;TACN & NGUYÊN LIỆU;;Coliforms;;VLAB-MI-TP-032;RAPID’E. coli 2 Agar;CFU/g;<10;24;;; 70.000 ;NA
TACN & NGUYÊN LIỆU;TACN & NGUYÊN LIỆU;;Escherichia coli;;VLAB-MI-TP-032;RAPID’E. coli 2 Agar;CFU/g;<10;24;;; 70.000 ;NA
TACN & NGUYÊN LIỆU;TACN & NGUYÊN LIỆU;;Định lượng  tổng vi sinh vật hiếu khí;"Enumeration of aerobic microorganism
";VLAB-MI-TP-005;Đếm khuẩn lạc;CFU/g;<10;72;;; 70.000 ;NA
TACN & NGUYÊN LIỆU;TACN & NGUYÊN LIỆU;;Định lượng  tổng vi sinh vật hiếu khí;"Enumeration of aerobic microorganism
";VLAB-MI-TP-005;Đếm khuẩn lạc;CFU/ml;<1;72;;; 70.000 ;NA
TACN & NGUYÊN LIỆU;TACN & NGUYÊN LIỆU;;Định lượng Coliforms;Enumeration of Colifoms;VLAB-MI-TP-001;Đếm khuẩn lạc;CFU/g;<10;48;;; 70.000 ;NA
TACN & NGUYÊN LIỆU;TACN & NGUYÊN LIỆU;;Định lượng Coliforms;Enumeration of Colifoms;VLAB-MI-TP-001;Đếm khuẩn lạc;CFU/ml;<1;48;;; 70.000 ;NA
TACN & NGUYÊN LIỆU;TACN & NGUYÊN LIỆU;;Định lượng Clostridium perfringens;Enumeration of  Clostridium perfringens;VLAB-MI-TP-017;Đếm khuẩn lạc;CFU/g;<10;48;;; 70.000 ;NA
TACN & NGUYÊN LIỆU;TACN & NGUYÊN LIỆU;;Định lượng Clostridium perfringens;Enumeration of  Clostridium perfringens;VLAB-MI-TP-017;Đếm khuẩn lạc;CFU/ml;<1;48;;; 70.000 ;NA
TACN & NGUYÊN LIỆU;TACN & NGUYÊN LIỆU;;Định lượng E.coli dương tính với β-glucuronidase;Enumeration Escherichia coli  β-glucuronidase positive;VLAB-MI-TP-002;Đếm khuẩn lạc;CFU/g;<10;48;;; 70.000 ;NA
TACN & NGUYÊN LIỆU;TACN & NGUYÊN LIỆU;;Định lượng E.coli dương tính với β-glucuronidase;Enumeration Escherichia coli  β-glucuronidase positive;VLAB-MI-TP-002;Đếm khuẩn lạc;CFU/ml;<1;48;;; 70.000 ;NA
TACN & NGUYÊN LIỆU;TACN & NGUYÊN LIỆU;;Phát hiện Salmonella spp.;Detection of Salmonella spp.;VLAB-MI-TP-004;Phân lập;/25g;;120;;; 140.000 ;NA
TACN & NGUYÊN LIỆU;TACN & NGUYÊN LIỆU;;Phát hiện Salmonella spp.;Detection of Salmonella spp.;VLAB-MI-TP-004;Phân lập;/25ml;;120;;; 140.000 ;NA
TACN & NGUYÊN LIỆU;TACN & NGUYÊN LIỆU;;Butylated Hydroxyanisole (BHA);;VLAB-CH-TP-512;-;;;72;;; 350.000 ; NA 
TACN & NGUYÊN LIỆU;TACN & NGUYÊN LIỆU;;Choline Chloride;;VLAB-CH-TP-002;-;;;72;;; 350.000 ; NA 
TACN & NGUYÊN LIỆU;TACN & NGUYÊN LIỆU;;Nicarbazine;;VLAB-CH-TP-578;-;;;72;;; 350.000 ; NA 
TACN & NGUYÊN LIỆU;TACN & NGUYÊN LIỆU;;Cysteamin;;VLAB-CH-TP-589;-;;;72;;; 350.000 ; NA 
TACN & NGUYÊN LIỆU;TACN & NGUYÊN LIỆU;;Auramin O;;VLAB-CH-TP-720;LC-MS/MS;-;5 µg/kg;72;;; 350.000 ; NA 
TACN & NGUYÊN LIỆU;TACN & NGUYÊN LIỆU;;Urea;;VLAB-CH-TP-740;HPLC;-;10 mg/kg;72;;; 280.000 ; NA 
TACN & NGUYÊN LIỆU;TACN & NGUYÊN LIỆU;POLAR PESTICIDES;Paraquat;;VLAB-CH-TP-764;LC-MS/MS;0.003 mg/kg;0.01 mg/kg;72;;; 350.000 ; 840.000 
TACN & NGUYÊN LIỆU;TACN & NGUYÊN LIỆU;POLAR PESTICIDES;Diquat;;VLAB-CH-TP-764;LC-MS/MS;0.003 mg/kg;0.01 mg/kg;72;;; 350.000 ; 840.000 
TACN & NGUYÊN LIỆU;TACN & NGUYÊN LIỆU;POLAR PESTICIDES;Chlormequat;;VLAB-CH-TP-764;LC-MS/MS;0.003 mg/kg;0.01 mg/kg;72;;; 350.000 ; 840.000 
TACN & NGUYÊN LIỆU;TACN & NGUYÊN LIỆU;POLAR PESTICIDES;Mepiquat;;VLAB-CH-TP-764;LC-MS/MS;0.003 mg/kg;0.01 mg/kg;72;;; 350.000 ; 840.000 
TACN & NGUYÊN LIỆU;TACN & NGUYÊN LIỆU;POLAR PESTICIDES;Glufosinate-Ammonium ;;VLAB-CH-TP-764;LC-MS/MS;0.003 mg/kg;0.01 mg/kg;72;;; 350.000 ; 840.000 
TACN & NGUYÊN LIỆU;TACN & NGUYÊN LIỆU;POLAR PESTICIDES;Glyphosate;;VLAB-CH-TP-764;LC-MS/MS;0.003 mg/kg;0.01 mg/kg;72;;; 350.000 ; 840.000 
THỨC ĂN CHĂN NUÔI;;;Cefotaxime;Cefotaxime;VLAB-CH-TP-621;LC-MS/MS;3.33 µg/L;10 µg/L;72;36;; 350.000 ; NA 
THỨC ĂN THỦY SẢN;;;Cefotaxime;Cefotaxime;VLAB-CH-TP-621;LC-MS/MS;3.33 µg/kg;10 µg/kg;72;36;; 350.000 ; NA 
THỰC PHẨM;Thực phẩm;;Hàm lượng Chì (Pb);Lead (Pb) content;AOAC 2015.01;ICP-MS;;0.05 mg/kg;72;;; 140.000 ; NA 
THỰC PHẨM;Thực phẩm;;Hàm lượng Cadimi (Cd);Cadmium (Cd) content;AOAC 2015.01;ICP-MS;;0.015 mg/kg;72;;; 140.000 ; NA 
THỰC PHẨM;Thực phẩm;;Hàm lượng Asen (As);Arsenic (As) content;AOAC 2015.01;ICP-MS;;0.03 mg/kg;72;;; 140.000 ; NA 
THỰC PHẨM;Thực phẩm;;Hàm lượng Thủy ngân (Hg);Mercury (Hg) content;AOAC 2015.01;ICP-MS;;0.02 mgkg;72;;; 140.000 ; NA 
THỰC PHẨM;Thực phẩm ;;pH;pH Value;AOAC 981.12;-;;-;72;;; 70.000 ; NA 
THỰC PHẨM;Thực phẩm đã axit hóa;;pH;pH Value;AOAC 981.12;-;;-;72;;; 140.000 ; NA 
THỰC PHẨM;Thực phẩm;;Hàm lượng Xơ tiêu hóa (TDF) hoặc hàm lượng Xơ dinh dưỡng (TDF);Total Dietary Fiber (TDF) content;AOAC 985.29;Chuẩn độ;;0,50%;120;;; 350.000 ; NA 
THỰC PHẨM;Thực phẩm;;Hàm lượng Photpho tổng;Phosphorus content;AOAC 995.11;UV-Vis;;0,06%;96;;; 140.000 ; NA 
THỰC PHẨM;Thực phẩm;;Hàm lượng P2O5 (tính theo P);Phosphorus pentoxide content (as phosphorus);AOAC 995.11;UV-Vis;;0,06%;96;;; 140.000 ; NA 
THỰC PHẨM;Thực phẩm;;Hàm lượng Photphate (tính theo P);Phosphate content (as phosphorus);AOAC 995.11;UV-Vis;;0,06%;96;;; 140.000 ; NA 
THỰC PHẨM;Thực phẩm;;Hàm lượng Đồng (Cu);Copper (Cu) content;AOAC 999.11;F-AAS;;2.0 mg/kg;72;;; 140.000 ; NA 
THỰC PHẨM;Thực phẩm;;Hàm lượng Sắt (Fe);Iron (Fe) content;AOAC 999.11;F-AAS;;2.0 mg/kg;72;;; 140.000 ; NA 
THỰC PHẨM;Thực phẩm;;Hàm lượng Kẽm (Zn);Zinc (Zn) content;AOAC 999.11;F-AAS;;1.0 mg/kg;72;;; 140.000 ; NA 
THỰC PHẨM;Thực phẩm;;Hàm lượng Chì (Pb);Lead (Pb) content;AOAC 999.11;GF-AAS;;0.01 mg/kg ;72;;; 140.000 ; NA 
THỰC PHẨM;Thực phẩm;;Hàm lượng Cadimi (Cd);Cadmium (Cd) content;AOAC 999.11;GF-AAS;;0.01 mg/kg ;72;;; 140.000 ; NA 
THỰC PHẨM;Thực phẩm;;Cảm quan (Trạng thái, Màu sắc, Mùi vị, Tạp chất nhìn thấy bằng mắt thường);Sensory (Appearance, Color, Taste, odor, impurities);Cảm quan;-;;-;72;;; 120.000 ; NA 
THỰC PHẨM;Thực phẩm (trừ sữa và sản phẩm sữa);;Hàm lượng Carbohydrate (không bao gồm xơ);Carbohydrate (not include dietary fiber) content;FAO, Food and Nutrition P.77, 2003;-;;0,30%;120;;; 600.000 ; NA 
THỰC PHẨM;Thực phẩm (trừ sữa và sản phẩm sữa);;Năng lượng;Calories;FAO, Food and Nutrition P.77, 2003;-;;-;120;;; 950.000 ; NA 
THỰC PHẨM;THỰC PHẨM;;Vibrio parahaemolyticus CFU/g;;NMKL 156:1997;Đếm khuẩn lạc;CFU/g;;120;;; 140.000 ; NA 
THỰC PHẨM;Thực phẩm;;Định tính Formaldehyde hoặc Hàm lượng Formaldehyde;Qualitative of  Formaldehyde or Formaldehyde content;NMKL 54:1964;-;;10 mg/kg;120;;; 350.000 ; NA 
THỰC PHẨM;THỰC PHẨM;;Hàm lượng tinh bột;Starch content;Ref TCVN 4594:1988;-;;0,30%;168;;; 200.000 ; NA 
THỰC PHẨM;THỰC PHẨM;;Hàm lượng axit hydrocyanic (HCN);Hydrocyanic acid content;Ref. TCVN 8763:2012;-;2 mg/kg;5 mg/kg;120;;; 200.000 ; NA 
THỰC PHẨM;Thực phẩm;;Hàm lượng nitơ tổng số và protein thô;Total nitrogen content or Protein content;TCVN 10034:2013;Kjeldahl;;0,30%;96;;; 140.000 ; NA 
THỰC PHẨM;Thực phẩm;;Định tính Amoniac;Qualitative test for Ammonia;TCVN 3699:1990;-;;-;-;;; 140.000 ; NA 
THỦY SẢN VÀ SẢN PHẨM THỦY SẢN;THỦY SẢN VÀ SẢN PHẨM THỦY SẢN;;Định tính Amoniac;Qualitative test for Ammonia;TCVN 3699:1990;-;;10 mg/100g;72;;; 140.000 ; NA 
THỦY SẢN VÀ SẢN PHẨM THỦY SẢN;THỦY SẢN VÀ SẢN PHẨM THỦY SẢN;;Định tính Hydro sulfua;Qualitative test for hydrogen sulfide;TCVN 3699:1990;-;;50 mg/kg;72;;; 140.000 ; NA 
THỦY SẢN VÀ SẢN PHẨM THỦY SẢN;THỦY SẢN VÀ SẢN PHẨM THỦY SẢN;;Độ ẩm;Moisture content;TCVN 3700:1990;Sấy;;0,30%;96;;; 120.000 ; NA 
THỦY SẢN VÀ SẢN PHẨM THỦY SẢN;THỦY SẢN VÀ SẢN PHẨM THỦY SẢN;;Hàm lượng Muối (Natri clorua);Sodium chloride (Salt) content;TCVN 3701: 2009;Chuẩn độ;;0,30%;120;;; 140.000 ; NA 
THỦY SẢN VÀ SẢN PHẨM THỦY SẢN;THỦY SẢN VÀ SẢN PHẨM THỦY SẢN;;Hàm lượng axit;Acid content;TCVN 3702: 2009;-;;-;72;;; 140.000 ; NA 
THỦY SẢN VÀ SẢN PHẨM THỦY SẢN;THỦY SẢN VÀ SẢN PHẨM THỦY SẢN;;Hàm lượng Béo tổng;Total fat content;TCVN 3703:2009;Khối lượng;;0,30%;120;;; 140.000 ; NA 
THỦY SẢN VÀ SẢN PHẨM THỦY SẢN;THỦY SẢN VÀ SẢN PHẨM THỦY SẢN;;Hàm lượng nitơ tổng số;Total nitrogen content;TCVN 3705:1990;Kjeldahl;;0,30%;120;;; 140.000 ; NA 
THỦY SẢN VÀ SẢN PHẨM THỦY SẢN;THỦY SẢN VÀ SẢN PHẨM THỦY SẢN;;Hàm lượng protein;Protein content;TCVN 3705:1990;Kjeldahl;;0,30%;120;;; 140.000 ; NA 
THỦY SẢN VÀ SẢN PHẨM THỦY SẢN;THỦY SẢN VÀ SẢN PHẨM THỦY SẢN;;Hàm lượng Nitơ amoniac;Nitrogen ammonia content;TCVN 3706:1990;Chuẩn độ;;5 mg/100g;120;;; 140.000 ; NA 
THỦY SẢN VÀ SẢN PHẨM THỦY SẢN;THỦY SẢN VÀ SẢN PHẨM THỦY SẢN;;Hàm lượng Nitơ amin amoniac;Nitrogen amin-ammonia content;TCVN 3707:1990;Chuẩn độ;;5 mg/100g;120;;; 140.000 ; NA 
THỦY SẢN VÀ SẢN PHẨM THỦY SẢN;THỦY SẢN VÀ SẢN PHẨM THỦY SẢN;;Hàm lượng nitơ axit amin;Nitrogen amino acid content;TCVN 3708:1990;Chuẩn độ;;5 mg/100g;120;;; 140.000 ; NA 
THỰC PHẨM;;;Tỷ trọng;Density;TCVN 3731:2007;-;;-;72;;; 140.000 ; NA 
THỰC PHẨM;Bánh, mứt, kẹo ;;Độ ẩm;Moisture content;TCVN 4069 : 2009;Sấy;;0,30%;96;;; 120.000 ; NA 
THỰC PHẨM;Bánh, mứt, kẹo ;;Hàm lượng tro tổng;Total ash content;TCVN 4070: 2009;Khối lượng;;0,10%;96;;; 140.000 ; NA 
THỰC PHẨM;Bánh, mứt, kẹo ;;Hàm lượng Tro không tan trong HCl;Insoluble ash in hydrochloric acid;TCVN 4071 : 2009;Khối lượng;;0,10%;72;;; 140.000 ; NA 
THỰC PHẨM;Bánh, mứt, kẹo ;;Hàm lượng Béo tổng;Total fat content;TCVN 4072: 2009;Chiết Soxhlet;;0,20%;72;;; 140.000 ; NA 
THỰC PHẨM;kẹo ;;Hàm lượng axit;Acid content;TCVN 4073 : 2009;Chuẩn độ;;0.1 g/kg;72;;; 140.000 ; NA 
THỰC PHẨM;Bánh, mứt, kẹo ;;Hàm lượng Đường tổng;Total sugar content;TCVN 4074 : 2009;Chuẩn độ;;1%;120;;; 140.000 ; NA 
THỰC PHẨM;Kẹo ;;Hàm lượng Đường tổng (tính theo sacaroza);Total sugar content (as sucrose);TCVN 4074 : 2009;Chuẩn độ;;1%;120;;; 140.000 ; NA 
THỰC PHẨM;Bánh, mứt, kẹo ;;Hàm lượng Đường khử;Inver sugar content;TCVN 4075: 2009;Chuẩn độ;;1%;72;;; 140.000 ; NA 
THỰC PHẨM;Thực phẩm;;Hàm lượng Chất khô hoà tan (độ brix);Soluble solids content (Brix);TCVN 4414:1987;-;;-;72;;; 140.000 ; NA 
THỰC PHẨM;Thực phẩm;;Hàm lượng axit ;Acid content;TCVN 4589:1988;-;;-;72;;; 140.000 ; NA 
THỰC PHẨM;Đồ hộp;;Hàm lượng Đường khử;Inver sugar content;TCVN 4594:1988;-;;0,30%;120;;; 140.000 ; NA 
THỰC PHẨM;Đồ hộp;;Hàm lượng Gluxit;Glucid content;TCVN 4594:1988;-;;0,30%;120;;; 140.000 ; NA 
THỰC PHẨM;Đồ hộp, thực phẩm;;Hàm lượng Đường tổng;Total sugar content;TCVN 4594:1988;-;;0,30%;120;;; 140.000 ; NA 
THỰC PHẨM;Đồ hộp, thực phẩm;;Hàm lượng tinh bột ;Starch content;TCVN 4594:1988;Chuẩn độ;;0,30%;120;;; 200.000 ; NA 
THỰC PHẨM;Thịt và sản phẩm thịt ;;pH;pH value;TCVN 4835:2002;-;;-;72;;; 70.000 ; NA 
THỦY SẢN VÀ SẢN PHẨM THỦY SẢN;THỦY SẢN VÀ SẢN PHẨM THỦY SẢN;;Hàm lượng tro tổng;Total ash content;TCVN 5105: 2009;Khối lượng;;0,10%;96;;; 140.000 ; NA 
THỰC PHẨM;Thực phẩm;;Định tính phẩm màu hữu cơ tan tổng hợp tan trong nước (Tatrazine, Pouceau 4R, Amaranth, Erythrosine, Alura Red, Brilliant black, Fast green, Sunset Yellow);;TCVN 5517:1991;-;-;0,10%;72;;; 350.000 ; NA 
THỦY SẢN VÀ SẢN PHẨM THỦY SẢN;THỦY SẢN VÀ SẢN PHẨM THỦY SẢN;;Hàm lượng tro không tan trong HCl;Insoluble ash in hydrochloric acid;TCVN 6175-1:2017;-;;0,10%;72;;; 140.000 ; NA 
THỰC PHẨM;Thịt và sản phẩm thịt ;;Hàm lượng tro tổng;Total ash content;TCVN 7142:2002;Khối lượng;;0,10%;96;;; 140.000 ; NA 
THỰC PHẨM;Thịt và sản phẩm thịt ;;Hàm lượng nitrit;Nitrite content;TCVN 7992:2009;UV-Vis;;15 mg/kg;120;;; 140.000 ; NA 
THỰC PHẨM;Thực phẩm;;Hàm lượng Chì (Pb);Lead (Pb) content;TCVN 8126: 2009;GF-AAS;;0.08 mg/kg;72;;; 140.000 ; NA 
THỰC PHẨM;Thực phẩm;;Hàm lượng Cadimi (Cd);Cadmium (Cd) content;TCVN 8126: 2009;GF-AAS;;0.008 mg/kg;72;;; 140.000 ; NA 
THỰC PHẨM;Thịt và sản phẩm thịt ;;Hàm lượng nitơ tổng số;Total nitrogen content;TCVN 8134: 2009;Kjeldahl;;0,30%;96;;; 140.000 ; NA 
THỰC PHẨM;Thịt và sản phẩm thịt ;;Hàm lượng protein;Protein content;TCVN 8134: 2009;Kjeldahl;;0,30%;96;;; 140.000 ; NA 
THỰC PHẨM;Thịt và sản phẩm thịt ;;Độ ẩm;Moisture content;TCVN 8135: 2009;Sấy;;0,30%;96;;; 120.000 ; NA 
THỰC PHẨM;Thịt và sản phẩm thịt ;;Hàm lượng Béo tổng;Total fat content;TCVN 8136: 2009;Chiết Soxhlet;;0,30%;96;;; 140.000 ; NA 
THỰC PHẨM;THỰC PHẨM;;Định tính borate;Qualitative of borate;TCVN 8895:2012;-;;60 mg/kg;72;;; 200.000 ; NA 
THỦY SẢN VÀ SẢN PHẨM THỦY SẢN;THỦY SẢN VÀ SẢN PHẨM THỦY SẢN;;Hàm lượng Nitơ bazơ bay hơi (TVBN);Total volatile basic nitrogen (TVBN) content;TCVN 9215 : 2012;Chuẩn độ;;10 mg/100g;72;;; 140.000 ; NA 
THỰC PHẨM;Thực phẩm;;Hàm lượng sulfit (SO2);Sulfite content;TCVN 9519-1:2012;Chuẩn độ;;10 mg/kg;96;;; 140.000 ; NA 
THỰC PHẨM;Thực phẩm;;Phản ứng Kreiss;Kreiss reaction;VLAB-CH-TP- 105;-;;-;72;;; 140.000 ; NA 
THỰC PHẨM;THỰC PHẨM;PFAS;HFPO-DA;HFPO-DA;VLAB-CH-TP-053;LC-MS/MS;-;0.1 µg/kg;72;;; 1.050.000 ; 2.100.000 
THỰC PHẨM;THỰC PHẨM;PFAS;PFBS;PFBS;VLAB-CH-TP-053;LC-MS/MS;-;0.1 µg/kg;72;;; 1.050.000 ; 2.100.000 
THỰC PHẨM;THỰC PHẨM;PFAS;PFHxA;PFHxA;VLAB-CH-TP-053;LC-MS/MS;-;0.1 µg/kg;72;;; 1.050.000 ; 2.100.000 
THỰC PHẨM;THỰC PHẨM;PFAS;PFHpA;PFHpA;VLAB-CH-TP-053;LC-MS/MS;-;0.1 µg/kg;72;;; 1.050.000 ; 2.100.000 
THỰC PHẨM;THỰC PHẨM;PFAS;NaDONA;NaDONA;VLAB-CH-TP-053;LC-MS/MS;-;0.1 µg/kg;72;;; 1.050.000 ; 2.100.000 
THỰC PHẨM;THỰC PHẨM;PFAS;PFHxS;PFHxS;VLAB-CH-TP-053;LC-MS/MS;-;0.1 µg/kg;72;;; 1.050.000 ; 2.100.000 
THỰC PHẨM;THỰC PHẨM;PFAS;PFOA;PFOA;VLAB-CH-TP-053;LC-MS/MS;-;0.1 µg/kg;72;;; 1.050.000 ; 2.100.000 
THỰC PHẨM;THỰC PHẨM;PFAS;PFNA;PFNA;VLAB-CH-TP-053;LC-MS/MS;-;0.1 µg/kg;72;;; 1.050.000 ; 2.100.000 
THỰC PHẨM;THỰC PHẨM;PFAS;PFOS;PFOS;VLAB-CH-TP-053;LC-MS/MS;-;0.1 µg/kg;72;;; 1.050.000 ; 2.100.000 
THỰC PHẨM;THỰC PHẨM;PFAS;PFDA;PFDA;VLAB-CH-TP-053;LC-MS/MS;-;0.1 µg/kg;72;;; 1.050.000 ; 2.100.000 
THỰC PHẨM;THỰC PHẨM;PFAS;9CL-PF3ONS;9CL-PF3ONS;VLAB-CH-TP-053;LC-MS/MS;-;0.1 µg/kg;72;;; 1.050.000 ; 2.100.000 
THỰC PHẨM;THỰC PHẨM;PFAS;PFUdA;PFUdA;VLAB-CH-TP-053;LC-MS/MS;-;0.1 µg/kg;72;;; 1.050.000 ; 2.100.000 
THỰC PHẨM;THỰC PHẨM;PFAS;N-MeFOSAA;N-MeFOSAA;VLAB-CH-TP-053;LC-MS/MS;-;0.1 µg/kg;72;;; 1.050.000 ; 2.100.000 
THỰC PHẨM;THỰC PHẨM;PFAS;N-EtFOSAA;N-EtFOSAA;VLAB-CH-TP-053;LC-MS/MS;-;0.1 µg/kg;72;;; 1.050.000 ; 2.100.000 
THỰC PHẨM;THỰC PHẨM;PFAS;PFDoA;PFDoA;VLAB-CH-TP-053;LC-MS/MS;-;0.1 µg/kg;72;;; 1.050.000 ; 2.100.000 
THỰC PHẨM;THỰC PHẨM;PFAS;11Cl-PF3OUdS;11Cl-PF3OUdS;VLAB-CH-TP-053;LC-MS/MS;-;0.1 µg/kg;72;;; 1.050.000 ; 2.100.000 
THỰC PHẨM;THỰC PHẨM;PFAS;PFTrDA;PFTrDA;VLAB-CH-TP-053;LC-MS/MS;-;0.1 µg/kg;72;;; 1.050.000 ; 2.100.000 
THỰC PHẨM;THỰC PHẨM;PFAS;PFTeDA;PFTeDA;VLAB-CH-TP-053;LC-MS/MS;-;0.1 µg/kg;72;;; 1.050.000 ; 2.100.000 
THỰC PHẨM;Thực phẩm;;Độ ẩm;Moisture content;VLAB-CH-TP-101;-;;0,30%;72;;; 120.000 ; NA 
THỰC PHẨM;Thực phẩm;;Hàm lượng tro tổng;Total ash content;VLAB-CH-TP-102;-;;0,10%;72;;; 140.000 ; NA 
THỰC PHẨM;Thực phẩm;;Hàm lượng tro không tan trong HCl;Insoluble ash in hydrochloric acid;VLAB-CH-TP-103;-;;0,10%;72;;; 140.000 ; NA 
THỰC PHẨM;Thực phẩm;;Hàm lượng xơ thô;Crude fiber content;VLAB-CH-TP-104;-;;0,30%;96;;; 140.000 ; NA 
THỰC PHẨM;Thực phẩm;;Hàm lượng Béo tổng;Total fat content;VLAB-CH-TP-106;Chiết Soxhlet;;0,30%;96;;; 140.000 ; NA 
THỰC PHẨM;Thực phẩm;;Hàm lượng nitrit;Nitrite content;VLAB-CH-TP-112;UV-Vis;;15 mg/kg;120;;; 140.000 ; NA 
THỰC PHẨM;Thực phẩm (trừ sữa và sản phẩm sữa);;Hàm lượng Carbohydrate;Carbohydrate content;VLAB-CH-TP-140;-;;0,30%;120;;; 600.000 ; NA 
THỰC PHẨM;Thực phẩm (trừ sữa và sản phẩm sữa);;Năng lượng;Calories;VLAB-CH-TP-140;-;;;120;;; 600.000 ; NA 
THỰC PHẨM;Thịt và sản phẩm thịt ;;Định tính Hydro sulfua;Qualitative test for hydrogen sulfide;VLAB-CH-TP-142 (Ref. TCVN 3699:1990);-;;50 mg/kg;72;;; 140.000 ; NA 
THỰC PHẨM;Thực phẩm;;Hàm lượng Asen (As);Arsenic (As) content;VLAB-CH-TP-200 (Ref. AOAC 986.15);HG-AAS;;0.08 mg/kg;72;;; 140.000 ; NA 
THỰC PHẨM;Thực phẩm;;Hàm lượng Thủy ngân (Hg);Mercury (Hg) content;VLAB-CH-TP-201 (Ref. AOAC 971.21);CV-AAS;;0.04 mg/kg;72;;; 140.000 ; NA 
THỰC PHẨM;Thực phẩm;;Hàm lượng Natri (Na);Sodium (Na) content;VLAB-CH-TP-204 (Ref. AOAC 969.23);F-AAS;;2.0 mg/kg;72;;; 140.000 ; NA 
THỰC PHẨM;Thực phẩm;;Hàm lượng Kali (K);Potassium (K) content;VLAB-CH-TP-204 (Ref. AOAC 969.23);F-AAS;;2.0 mg/kg;72;;; 140.000 ; NA 
THỰC PHẨM;Thực phẩm;;Hàm lượng Canxi (Ca);Calcium (Ca) content;VLAB-CH-TP-205 (Ref. AOAC 968.08);F-AAS;;5 mg/kg;72;;; 140.000 ; NA 
THỰC PHẨM;Thực phẩm;;Hàm lượng Magie (Mg);Magnesium (Mg) content;VLAB-CH-TP-205 (Ref. AOAC 968.08);F-AAS;;5 mg/kg;72;;; 140.000 ; NA 
THỰC PHẨM;Thực phẩm;;Hàm lượng muối (Natri clorua);Sodium chloride (Salt) content;VLAB-CH-TP-299;-;;0,30%;72;;; 140.000 ; NA 
THỰC PHẨM;Thịt và sản phẩm thịt ;;Chỉ số Peroxide;Peroxide Value;VLAB-CH-TP-302 (Ref. TCVN 6121:2018);Chuẩn độ;;0.5 Meq/kg;120;;; 140.000 ; NA 
THỰC PHẨM;Thịt và sản phẩm thịt ;;Hàm lượng nitơ bazơ bay hơi (TVBN);Total volatile basic nitrogen (TVBN) content;VLAB-CH-TP-312 (Ref. TCVN 9215:2012);Chuẩn độ;;10 mg/100g;120;;; 140.000 ; NA 
THỰC PHẨM;Bánh mứt;;Hàm lượng Axit hoặc Chỉ số axit;Acid content or acid value;VLAB-CH-TP-343 (Ref. TCVN 4073:2009);Chuẩn độ;;0.1 g/kg;72;;; 140.000 ; NA 
THỰC PHẨM;Thực phẩm;;Hàm lượng Axit hoặc Chỉ số axit;Acid content or acid value;VLAB-CH-TP-343 (Ref. TCVN 4073:2009);Chuẩn độ;;0.1 g/kg;72;;; 140.000 ; NA 
THỰC PHẨM;Thịt và sản phẩm thịt ;;Hàm lượng Nitơ amoniac;Nitrogen ammonia content;VLAB-CH-TP-369 (Ref. TCVN 3706:1990);Chuẩn độ;;5 mg/100g;120;;; 140.000 ; NA 
THỰC PHẨM;Thực phẩm;METAL/ICP-MS;Hàm lượng Thiếc (Sn);Tin (Sn) content;VLAB-CH-TP-422 (Ref. AOAC 2015.01);ICP-MS;;0.3 mg/kg;72;;; 140.000 ; NA 
THỰC PHẨM;Thực phẩm;METAL/ICP-MS;Hàm lượng Antimon (Sb);Antimon (Sb) content;VLAB-CH-TP-422 (Ref. AOAC 2015.01);ICP-MS;;0.06 mg/kg;72;;; 140.000 ; NA 
THỰC PHẨM;Thực phẩm;METAL/ICP-MS;Hàm lượng Selen (Se);Selenium (Se) content;VLAB-CH-TP-422 (Ref. AOAC 2015.01);ICP-MS;;0.05 mg/kg;72;;; 140.000 ; NA 
THỰC PHẨM;Thực phẩm;METAL/ICP-MS;Hàm lượng Crom (Cr);Chromium (Cr) content;VLAB-CH-TP-422 (Ref. AOAC 2015.01);ICP-MS;;0.05 mg/kg;72;;; 140.000 ; NA 
THỰC PHẨM;Thực phẩm;METAL/ICP-MS;Hàm lượng Molypden (Mo);Molypdenum (Mo) content;VLAB-CH-TP-422 (Ref. AOAC 2015.01);ICP-MS;;0.05 mg/kg;72;;; 140.000 ; NA 
THỰC PHẨM;Thực phẩm;METAL/ICP-MS;Hàm lượng Nhôm (Al);Aluminum (Al) content;VLAB-CH-TP-423 (Ref. AOAC 2015.01&AOAC 2015.06);ICP-MS;;4.0 mg/kg;72;;; 140.000 ; NA 
THỰC PHẨM;Thực phẩm;METAL/ICP-MS;Hàm lượng Niken (Ni);Nickel (Ni) content;VLAB-CH-TP-423 (Ref. AOAC 2015.01&AOAC 2015.06);ICP-MS;;0.2 mg/kg;72;;; 140.000 ; NA 
THỰC PHẨM;Thực phẩm;METAL/ICP-MS;Hàm lượng Mangan (Mn);Manganese (Mn) content;VLAB-CH-TP-423 (Ref. AOAC 2015.01&AOAC 2015.06);ICP-MS;;1.0 mg/kg;72;;; 140.000 ; NA 
THỦY SẢN VÀ SẢN PHẨM THỦY SẢN;THỦY SẢN VÀ SẢN PHẨM THỦY SẢN;;Hàm lượng Asen vô cơ;Inorganic Arsenic (As) content;VLAB-CH-TP-425;ICP-MS;;0.05 mg/kg;72;;; 140.000 ; NA 
THỰC PHẨM;THỰC PHẨM;β-LACTAM (PENICILLINS);Cloxacillin;Cloxacillin;VLAB-CH-TP-500;LC-MS/MS;0.333 µg/kg;1 µg/kg;72;24;8; 315.000 ; 1.050.000 
THỰC PHẨM;THỰC PHẨM;β-LACTAM (PENICILLINS);Penicillin G;Penicillin G;VLAB-CH-TP-500;LC-MS/MS;0.333 µg/kg;1 µg/kg;72;24;8; 315.000 ; 1.050.000 
THỰC PHẨM;THỰC PHẨM;β-LACTAM (PENICILLINS);Penicillin V;Penicillin V;VLAB-CH-TP-500;LC-MS/MS;0.333 µg/kg;1 µg/kg;72;;; 315.000 ; 1.050.000 
THỰC PHẨM;THỰC PHẨM;β-LACTAM (PENICILLINS);Procaine Penicillin G;Procaine Penicillin G;VLAB-CH-TP-500;LC-MS/MS;0.333 µg/kg;1 µg/kg;72;24;8; 315.000 ; 1.050.000 
THỰC PHẨM;THỰC PHẨM;β-LACTAM (PENICILLINS);Amoxicillin;Amoxicillin;VLAB-CH-TP-500;LC-MS/MS;3.33 µg/kg;10 µg/kg;72;24;8; 315.000 ; 1.050.000 
THỰC PHẨM;THỰC PHẨM;β-LACTAM (PENICILLINS);Dicloxacillin;Dicloxacillin;VLAB-CH-TP-500;LC-MS/MS;3.33 µg/kg;10 µg/kg;72;24;8; 315.000 ; 1.050.000 
THỰC PHẨM;THỰC PHẨM;β-LACTAM (PENICILLINS);Oxacillin;Oxacillin;VLAB-CH-TP-500;LC-MS/MS;3.33 µg/kg;10 µg/kg;72;;; 315.000 ; 1.050.000 
THỰC PHẨM;THỰC PHẨM;β-LACTAM (PENICILLINS);Ampicillin;Ampicillin;VLAB-CH-TP-500;LC-MS/MS;0.333 µg/L;1 µg/L;72;24;8; 315.000 ; 1.050.000 
THỰC PHẨM;THỰC PHẨM;β-LACTAM (PENICILLINS);Cloxacillin;Cloxacillin;VLAB-CH-TP-500;LC-MS/MS;0.333 µg/L;1 µg/L;72;24;8; 315.000 ; 1.050.000 
THỰC PHẨM;THỰC PHẨM;β-LACTAM (PENICILLINS);Penicillin G;Penicillin G;VLAB-CH-TP-500;LC-MS/MS;0.333 µg/L;1 µg/L;72;24;8; 315.000 ; 1.050.000 
THỰC PHẨM;THỰC PHẨM;β-LACTAM (PENICILLINS);Penicillin V;Penicillin V;VLAB-CH-TP-500;LC-MS/MS;0.333 µg/L;1 µg/L;72;;; 315.000 ; 1.050.000 
THỰC PHẨM;THỰC PHẨM;β-LACTAM (PENICILLINS);Procaine Penicillin G;Procaine Penicillin G;VLAB-CH-TP-500;LC-MS/MS;0.333 µg/L;1 µg/L;72;24;8; 315.000 ; 1.050.000 
THỰC PHẨM;THỰC PHẨM;β-LACTAM (PENICILLINS);Amoxicillin;Amoxicillin;VLAB-CH-TP-500;LC-MS/MS;3.33 µg/L;10 µg/L;72;24;8; 315.000 ; 1.050.000 
THỰC PHẨM;THỰC PHẨM;β-LACTAM (PENICILLINS);Dicloxacillin;Dicloxacillin;VLAB-CH-TP-500;LC-MS/MS;3.33 µg/L;10 µg/L;72;24;8; 315.000 ; 1.050.000 
THỰC PHẨM;THỰC PHẨM;β-LACTAM (PENICILLINS);Oxacillin;Oxacillin;VLAB-CH-TP-500;LC-MS/MS;3.33 µg/L;10 µg/L;72;24;8; 315.000 ; 1.050.000 
THỰC PHẨM;Thịt và sản phẩm thịt ;;Colistin;Colistin;VLAB-CH-TP-504;LC-MS/MS;16,66 µg/kg ;50 µg/kg ;72;;; 420.000 ; NA 
THỦY SẢN VÀ SẢN PHẨM THỦY SẢN;THỦY SẢN VÀ SẢN PHẨM THỦY SẢN;;Chlorate;Chlorate;VLAB-CH-TP-558;LC-MS/MS;6.67µg/kg;20µg/kg;72;;; 350.000 ; NA 
THỦY SẢN VÀ SẢN PHẨM THỦY SẢN;THỦY SẢN VÀ SẢN PHẨM THỦY SẢN;;Perchlorate;Perchlorate;VLAB-CH-TP-558;LC-MS/MS;6.67µg/kg;20µg/kg;72;;; 350.000 ; NA 
THỰC PHẨM;THỰC PHẨM;β-AGONISTS;Clenbuterol;Clenbuterol;VLAB-CH-TP-585;LC-MS/MS;0.033 µg/kg;0.1 µg/kg;72;;; 350.000 ; 700.000 
THỰC PHẨM;THỰC PHẨM;β-AGONISTS;Salbutamol;Salbutamol;VLAB-CH-TP-585;LC-MS/MS;0.333 µg/kg;1 µg/kg;72;;; 350.000 ; 700.000 
THỰC PHẨM;THỰC PHẨM;β-AGONISTS;Ractopamin;Ractopamin;VLAB-CH-TP-585;LC-MS/MS;0.333 µg/kg;1 µg/kg;72;;; 350.000 ; 700.000 
THỦY SẢN VÀ SẢN PHẨM THỦY SẢN;THỦY SẢN VÀ SẢN PHẨM THỦY SẢN;NITROFURANS;Furaltadone;Furaltadone;VLAB-CH-TP-588;LC-MS/MS;0.33 µg/kg;1µg/kg;72;;; 350.000 ; 560.000 
THỦY SẢN VÀ SẢN PHẨM THỦY SẢN;THỦY SẢN VÀ SẢN PHẨM THỦY SẢN;NITROFURANS;Furazolidone;Furazolidone;VLAB-CH-TP-588;LC-MS/MS;0.33 µg/kg;1µg/kg;72;;; 350.000 ; 560.000 
THỦY SẢN VÀ SẢN PHẨM THỦY SẢN;THỦY SẢN VÀ SẢN PHẨM THỦY SẢN;NITROFURANS;Nitrofurantoin;Nitrofurantoin;VLAB-CH-TP-588;LC-MS/MS;0.33 µg/kg;1µg/kg;72;;; 350.000 ; 560.000 
THỦY SẢN VÀ SẢN PHẨM THỦY SẢN;THỦY SẢN VÀ SẢN PHẨM THỦY SẢN;NITROFURANS;Nitrofurazone;Nitrofurazone;VLAB-CH-TP-588;LC-MS/MS;0.33 µg/kg;1µg/kg;72;;; 350.000 ; 560.000 
THỰC PHẨM;THỰC PHẨM;AMINO ACIDS;Aspartic acid;Aspartic acid;VLAB-CH-TP-595;Biochrom;;0,02%;120;;; 350.000 ; 1.400.000 
THỰC PHẨM;THỰC PHẨM;AMINO ACIDS;Threonine;Threonine;VLAB-CH-TP-595;Biochrom;;0,02%;120;;; 350.000 ; 1.400.000 
THỰC PHẨM;THỰC PHẨM;AMINO ACIDS;Serine;Serine;VLAB-CH-TP-595;Biochrom;;0,02%;120;;; 350.000 ; 1.400.000 
THỰC PHẨM;THỰC PHẨM;AMINO ACIDS;Glutamic acid;Glutamic acid;VLAB-CH-TP-595;Biochrom;;0,02%;120;;; 350.000 ; 1.400.000 
THỰC PHẨM;THỰC PHẨM;AMINO ACIDS;Proline;Proline;VLAB-CH-TP-595;Biochrom;;0,02%;120;;; 350.000 ; 1.400.000 
THỰC PHẨM;THỰC PHẨM;AMINO ACIDS;Glycine;Glycine;VLAB-CH-TP-595;Biochrom;;0,02%;120;;; 350.000 ; 1.400.000 
THỰC PHẨM;THỰC PHẨM;AMINO ACIDS;Alanine;Alanine;VLAB-CH-TP-595;Biochrom;;0,02%;120;;; 350.000 ; 1.400.000 
THỰC PHẨM;THỰC PHẨM;AMINO ACIDS;Valine;Valine;VLAB-CH-TP-595;Biochrom;;0,02%;120;;; 350.000 ; 1.400.000 
THỰC PHẨM;THỰC PHẨM;AMINO ACIDS;Isoleucine;Isoleucine;VLAB-CH-TP-595;Biochrom;;0,02%;120;;; 350.000 ; 1.400.000 
THỰC PHẨM;THỰC PHẨM;AMINO ACIDS;Leucine;Leucine;VLAB-CH-TP-595;Biochrom;;0,02%;120;;; 350.000 ; 1.400.000 
THỰC PHẨM;THỰC PHẨM;AMINO ACIDS;Tyrosine;Tyrosine;VLAB-CH-TP-595;Biochrom;;0,02%;120;;; 350.000 ; 1.400.000 
THỰC PHẨM;THỰC PHẨM;AMINO ACIDS;Phenylalanie;Phenylalanie;VLAB-CH-TP-595;Biochrom;;0,02%;120;;; 350.000 ; 1.400.000 
THỰC PHẨM;THỰC PHẨM;AMINO ACIDS;Lysine;Lysine;VLAB-CH-TP-595;Biochrom;;0,02%;120;;; 350.000 ; 1.400.000 
THỰC PHẨM;THỰC PHẨM;AMINO ACIDS;Histidine;Histidine;VLAB-CH-TP-595;Biochrom;;0,02%;120;;; 350.000 ; 1.400.000 
THỰC PHẨM;THỰC PHẨM;AMINO ACIDS;Agrinine;Agrinine;VLAB-CH-TP-595;Biochrom;;0,02%;120;;; 350.000 ; 1.400.000 
THỰC PHẨM;THỰC PHẨM;AMINO ACIDS;Cystine (L-Cystine);Cystine (L-Cystine);VLAB-CH-TP-595;Biochrom;;0,02%;120;;; 350.000 ; 1.400.000 
THỰC PHẨM;THỰC PHẨM;AMINO ACIDS;Methionine (L-Methionin);Methionine (L-Methionin);VLAB-CH-TP-595;Biochrom;;0,02%;120;;; 350.000 ; 1.400.000 
THỰC PHẨM;THỰC PHẨM;TETRACYCLINES;Chlortetracycline;Chlortetracycline;VLAB-CH-TP-609;LC-MS/MS;0.667 µg/kg;2 µg/kg;72;;; 280.000 ; 420.000 
THỰC PHẨM;THỰC PHẨM;TETRACYCLINES;Doxycycline;Doxycycline;VLAB-CH-TP-609;LC-MS/MS;0.667 µg/kg;2 µg/kg;72;;; 280.000 ; 420.000 
THỰC PHẨM;THỰC PHẨM;TETRACYCLINES;Tetracycline;Tetracycline;VLAB-CH-TP-609;LC-MS/MS;0.667 µg/kg;2 µg/kg;72;;; 280.000 ; 420.000 
THỰC PHẨM;THỰC PHẨM;TETRACYCLINES;Oxytetracycline;Oxytetracycline;VLAB-CH-TP-609;LC-MS/MS;0.667 µg/kg;2 µg/kg;72;;; 280.000 ; 420.000 
THỰC PHẨM;THỰC PHẨM;TETRACYCLINES;Tổng Doxycycline + 4-epidocycline;Tổng Doxycycline + 4-epidocycline;VLAB-CH-TP-609;LC-MS/MS;0.667 µg/kg;2 µg/kg;72;;; 280.000 ; NA 
THỰC PHẨM;THỰC PHẨM;TETRACYCLINES;Tổng Oxycycline + 4-epioxycycline;Tổng Oxycycline + 4-epioxycycline;VLAB-CH-TP-609;LC-MS/MS;0.667 µg/kg;2 µg/kg;72;;; 280.000 ; NA 
THỰC PHẨM;THỰC PHẨM;TETRACYCLINES;Tổng Tetracycline + 4-epitetracycline;Tổng Tetracycline + 4-epitetracycline;VLAB-CH-TP-609;LC-MS/MS;0.667 µg/kg;2 µg/kg;72;;; 280.000 ; NA 
THỰC PHẨM;THỰC PHẨM;TETRACYCLINES;Tổng Chlortetracycline + 4-epichlortetracycline;Tổng Chlortetracycline + 4-epichlortetracycline;VLAB-CH-TP-609;LC-MS/MS;0.667 µg/kg;2 µg/kg;72;;; 280.000 ; NA 
THỰC PHẨM;THỰC PHẨM;NITROFURANS;Nitrovin (NIT);Nitrovin (NIT);VLAB-CH-TP-609;LC-MS/MS;1.667 µg/kg;5 µg/kg;72;;; 280.000 ; NA 
THỰC PHẨM;Thực phẩm;;Nifursol ;;VLAB-CH-TP-609;LC-MS/MS;0.003 µg/kg;1 µg/kg;72;;; 280.000 ; NA 
THỦY SẢN VÀ SẢN PHẨM THỦY SẢN;THỦY SẢN VÀ SẢN PHẨM THỦY SẢN;NITROIMIDAZOLES;Dimetridazole (DMZ);Dimetridazole (DMZ);VLAB-CH-TP-609;LC-MS/MS;0.033 µg/kg;0.1 µg/kg;72;36;; 280.000 ; 560.000 
THỦY SẢN VÀ SẢN PHẨM THỦY SẢN;THỦY SẢN VÀ SẢN PHẨM THỦY SẢN;NITROIMIDAZOLES;Ipronidazole (IPZ);Ipronidazole (IPZ);VLAB-CH-TP-609;LC-MS/MS;0.033 µg/kg;0.1 µg/kg;72;;; 280.000 ; 560.000 
THỦY SẢN VÀ SẢN PHẨM THỦY SẢN;THỦY SẢN VÀ SẢN PHẨM THỦY SẢN;NITROIMIDAZOLES;Ipronidazol-OH (IPZ-OH);Ipronidazol-OH (IPZ-OH);VLAB-CH-TP-609;LC-MS/MS;0.017 µg/kg;0.05 µg/kg;72;;; 280.000 ; 560.000 
THỦY SẢN VÀ SẢN PHẨM THỦY SẢN;THỦY SẢN VÀ SẢN PHẨM THỦY SẢN;NITROIMIDAZOLES;Metronidazole (MNZ) (Metronidazol);Metronidazole (MNZ) (Metronidazol);VLAB-CH-TP-609;LC-MS/MS;0.017 µg/kg;0.05 µg/kg;72;36;; 280.000 ; 560.000 
THỦY SẢN VÀ SẢN PHẨM THỦY SẢN;THỦY SẢN VÀ SẢN PHẨM THỦY SẢN;NITROIMIDAZOLES;Metronidazole-OH (MNZ-OH);Metronidazole-OH (MNZ-OH);VLAB-CH-TP-609;LC-MS/MS;0.067 µg/kg;0.2 µg/kg;72;;; 280.000 ; 560.000 
THỦY SẢN VÀ SẢN PHẨM THỦY SẢN;THỦY SẢN VÀ SẢN PHẨM THỦY SẢN;NITROIMIDAZOLES;Ronidazole (RNZ);Ronidazole (RNZ);VLAB-CH-TP-609;LC-MS/MS;0.067 µg/kg;0.2 µg/kg;72;;; 280.000 ; 560.000 
THỦY SẢN VÀ SẢN PHẨM THỦY SẢN;THỦY SẢN VÀ SẢN PHẨM THỦY SẢN;NITROIMIDAZOLES;2-Hydroxymethyl-1-Methyl-5-Nitroimidazole (HMMNI);2-Hydroxymethyl-1-Methyl-5-Nitroimidazole (HMMNI);VLAB-CH-TP-609;LC-MS/MS;0.017 µg/kg;0.05 µg/kg;72;;; 280.000 ; 560.000 
THỦY SẢN VÀ SẢN PHẨM THỦY SẢN;THỦY SẢN VÀ SẢN PHẨM THỦY SẢN;NITROIMIDAZOLES;Tinidazole (TNZ);Tinidazole (TNZ);VLAB-CH-TP-609;LC-MS/MS;0.033 µg/kg;0.1 µg/kg;72;;; 280.000 ; 560.000 
THỦY SẢN VÀ SẢN PHẨM THỦY SẢN;THỦY SẢN VÀ SẢN PHẨM THỦY SẢN;NITROIMIDAZOLES;Dimetridazole (DMZ);Dimetridazole (DMZ);VLAB-CH-TP-609;LC-MS/MS;0.033 µg/L;0.1 µg/L;72;36;; 280.000 ; 560.000 
THỦY SẢN VÀ SẢN PHẨM THỦY SẢN;THỦY SẢN VÀ SẢN PHẨM THỦY SẢN;NITROIMIDAZOLES;Ipronidazole (IPZ);Ipronidazole (IPZ);VLAB-CH-TP-609;LC-MS/MS;0.033 µg/L;0.1 µg/L;72;;; 280.000 ; 560.000 
THỦY SẢN VÀ SẢN PHẨM THỦY SẢN;THỦY SẢN VÀ SẢN PHẨM THỦY SẢN;NITROIMIDAZOLES;Ipronidazol-OH (IPZ-OH);Ipronidazol-OH (IPZ-OH);VLAB-CH-TP-609;LC-MS/MS;0.017 µg/L;0.05 µg/L;72;;; 280.000 ; 560.000 
THỦY SẢN VÀ SẢN PHẨM THỦY SẢN;THỦY SẢN VÀ SẢN PHẨM THỦY SẢN;NITROIMIDAZOLES;Metronidazole (MNZ) (Metronidazol);Metronidazole (MNZ) (Metronidazol);VLAB-CH-TP-609;LC-MS/MS;0.017 µg/L;0.05 µg/L;72;36;; 280.000 ; 560.000 
THỦY SẢN VÀ SẢN PHẨM THỦY SẢN;THỦY SẢN VÀ SẢN PHẨM THỦY SẢN;NITROIMIDAZOLES;Metronidazole-OH (MNZ-OH);Metronidazole-OH (MNZ-OH);VLAB-CH-TP-609;LC-MS/MS;0.067 µg/L;0.2 µg/L;72;;; 280.000 ; 560.000 
THỦY SẢN VÀ SẢN PHẨM THỦY SẢN;THỦY SẢN VÀ SẢN PHẨM THỦY SẢN;NITROIMIDAZOLES;Ronidazole (RNZ);Ronidazole (RNZ);VLAB-CH-TP-609;LC-MS/MS;0.067 µg/L;0.2 µg/L;72;;; 280.000 ; 560.000 
THỦY SẢN VÀ SẢN PHẨM THỦY SẢN;THỦY SẢN VÀ SẢN PHẨM THỦY SẢN;NITROIMIDAZOLES;2-Hydroxymethyl-1-Methyl-5-Nitroimidazole (HMMNI);2-Hydroxymethyl-1-Methyl-5-Nitroimidazole (HMMNI);VLAB-CH-TP-609;LC-MS/MS;0.017 µg/L;0.05 µg/L;72;;; 280.000 ; 560.000 
THỦY SẢN VÀ SẢN PHẨM THỦY SẢN;THỦY SẢN VÀ SẢN PHẨM THỦY SẢN;NITROIMIDAZOLES;Tinidazole (TNZ);Tinidazole (TNZ);VLAB-CH-TP-609;LC-MS/MS;0.033 µg/L;0.1 µg/L;72;;; 280.000 ; 560.000 
THỦY SẢN VÀ SẢN PHẨM THỦY SẢN;THỦY SẢN VÀ SẢN PHẨM THỦY SẢN;TETRACYCLINES;Chlortetracycline;Chlortetracycline;VLAB-CH-TP-609;LC-MS/MS;0.667 µg/L;2 µg/L;72;;; 280.000 ; 420.000 
THỦY SẢN VÀ SẢN PHẨM THỦY SẢN;THỦY SẢN VÀ SẢN PHẨM THỦY SẢN;TETRACYCLINES;Doxycycline;Doxycycline;VLAB-CH-TP-609;LC-MS/MS;0.667 µg/L;2 µg/L;72;;; 280.000 ; 420.000 
THỦY SẢN VÀ SẢN PHẨM THỦY SẢN;THỦY SẢN VÀ SẢN PHẨM THỦY SẢN;TETRACYCLINES;Tetracycline;Tetracycline;VLAB-CH-TP-609;LC-MS/MS;0.667 µg/L;2 µg/L;72;;; 280.000 ; 420.000 
THỦY SẢN VÀ SẢN PHẨM THỦY SẢN;THỦY SẢN VÀ SẢN PHẨM THỦY SẢN;TETRACYCLINES;Oxytetracycline;Oxytetracycline;VLAB-CH-TP-609;LC-MS/MS;0.667 µg/L;2 µg/L;72;;; 280.000 ; 420.000 
THỦY SẢN VÀ SẢN PHẨM THỦY SẢN;THỦY SẢN VÀ SẢN PHẨM THỦY SẢN;TETRACYCLINES;Tổng Doxycycline + 4-epidocycline;Sum of  Doxycycline and 4-epidocycline;VLAB-CH-TP-609;LC-MS/MS;0.667 µg/L;2 µg/L;72;;; 280.000 ; NA 
THỦY SẢN VÀ SẢN PHẨM THỦY SẢN;THỦY SẢN VÀ SẢN PHẨM THỦY SẢN;TETRACYCLINES;Tổng Oxycycline + 4-epioxycycline;Sum of  Oxycycline and 4-epioxycycline;VLAB-CH-TP-609;LC-MS/MS;0.667 µg/L;2 µg/L;72;;; 280.000 ; NA 
THỦY SẢN VÀ SẢN PHẨM THỦY SẢN;THỦY SẢN VÀ SẢN PHẨM THỦY SẢN;TETRACYCLINES;Tổng Tetracycline + 4-epitetracycline;Sum of Tetracycline and 4-epitetracycline;VLAB-CH-TP-609;LC-MS/MS;0.667 µg/L;2 µg/L;72;;; 280.000 ; NA 
THỦY SẢN VÀ SẢN PHẨM THỦY SẢN;THỦY SẢN VÀ SẢN PHẨM THỦY SẢN;TETRACYCLINES;Tổng Chlortetracycline + 4-epichlortetracycline;Sum of Chlortetracycline and 4-epichlortetracycline;VLAB-CH-TP-609;LC-MS/MS;0.667 µg/L;2 µg/L;72;;; 280.000 ; NA 
THỦY SẢN VÀ SẢN PHẨM THỦY SẢN;THỦY SẢN VÀ SẢN PHẨM THỦY SẢN;NITROFURANS;Nitrovin (NIT);Nitrovin (NIT);VLAB-CH-TP-609;LC-MS/MS;1.667 µg/L;5 µg/L;72;;; 280.000 ; NA 
THỦY SẢN VÀ SẢN PHẨM THỦY SẢN;THỦY SẢN VÀ SẢN PHẨM THỦY SẢN;PES-GC-MS/MS;Piperonyl butoxide;Piperonyl butoxide;VLAB-CH-TP-614;GC-MS/MS;0.003 mg/kg;0.01 mg/kg;72;;; 315.000 ; 840.000 
THỦY SẢN VÀ SẢN PHẨM THỦY SẢN;THỦY SẢN VÀ SẢN PHẨM THỦY SẢN;PES-GC-MS/MS;Propargite;Propargite;VLAB-CH-TP-614;GC-MS/MS;0.003 mg/kg;0.01 mg/kg;72;;; 315.000 ; 840.000 
THỦY SẢN VÀ SẢN PHẨM THỦY SẢN;THỦY SẢN VÀ SẢN PHẨM THỦY SẢN;PES-GC-MS/MS;Pyridaben;Pyridaben;VLAB-CH-TP-614;GC-MS/MS;0.003 mg/kg;0.01 mg/kg;72;;; 315.000 ; 840.000 
THỦY SẢN VÀ SẢN PHẨM THỦY SẢN;THỦY SẢN VÀ SẢN PHẨM THỦY SẢN;PES-GC-MS/MS;Pyrimethanil;Pyrimethanil;VLAB-CH-TP-614;GC-MS/MS;0.003 mg/kg;0.01 mg/kg;72;;; 315.000 ; 840.000 
THỦY SẢN VÀ SẢN PHẨM THỦY SẢN;THỦY SẢN VÀ SẢN PHẨM THỦY SẢN;NITROFURANS METABIOLIZE;AMOZ;AMOZ;VLAB-CH-TP-617;LC-MS/MS;0.017 µg/kg;0.05 µg/kg;72;;; 280.000 ; 560.000 
THỦY SẢN VÀ SẢN PHẨM THỦY SẢN;THỦY SẢN VÀ SẢN PHẨM THỦY SẢN;NITROFURANS METABIOLIZE;AOZ;AOZ;VLAB-CH-TP-617;LC-MS/MS;0.017 µg/kg;0.05 µg/kg;72;;; 280.000 ; 560.000 
THỦY SẢN VÀ SẢN PHẨM THỦY SẢN;THỦY SẢN VÀ SẢN PHẨM THỦY SẢN;NITROFURANS METABIOLIZE;AHD;AHD;VLAB-CH-TP-617;LC-MS/MS;0.017 µg/kg;0.05 µg/kg;72;;; 280.000 ; 560.000 
THỦY SẢN VÀ SẢN PHẨM THỦY SẢN;THỦY SẢN VÀ SẢN PHẨM THỦY SẢN;NITROFURANS METABIOLIZE;SEM;SEM;VLAB-CH-TP-617;LC-MS/MS;0.017 µg/kg;0.05 µg/kg;72;;; 280.000 ; 560.000 
THỦY SẢN VÀ SẢN PHẨM THỦY SẢN;THỦY SẢN VÀ SẢN PHẨM THỦY SẢN;NITROFURANS METABIOLIZE;3,5-dinitrosalicylic acid hydrazide (DNSH);3,5-dinitrosalicylic acid hydrazide (DNSH);VLAB-CH-TP-617;LC-MS/MS;0.017 µg/kg;0.05 µg/kg;72;;; 350.000 ; NA 
THỰC PHẨM;THỰC PHẨM;;Cefotaxime;Cefotaxime;VLAB-CH-TP-621;LC-MS/MS;0.333 µg/L;1 µg/L;72;36;; 280.000 ; NA 
THỰC PHẨM;THỰC PHẨM;FLUOROQUINOLNES;Enrofloxacin;Enrofloxacin;VLAB-CH-TP-621;LC-MS/MS;0.167 µg/kg;0.5 µg/kg;72;;; 280.000 ; 560.000 
THỰC PHẨM;THỰC PHẨM;FLUOROQUINOLNES;Ciprofloxacin;Ciprofloxacin;VLAB-CH-TP-621;LC-MS/MS;0.167 µg/kg;0.5 µg/kg;72;;; 280.000 ; 560.000 
THỰC PHẨM;THỰC PHẨM;FLUOROQUINOLNES;Norfloxacin;Norfloxacin;VLAB-CH-TP-621;LC-MS/MS;0.167 µg/kg;0.5 µg/kg;72;;; 280.000 ; 560.000 
THỰC PHẨM;THỰC PHẨM;FLUOROQUINOLNES;Difloxacin;Difloxacin;VLAB-CH-TP-621;LC-MS/MS;0.167 µg/kg;0.5 µg/kg;72;;; 280.000 ; 560.000 
THỰC PHẨM;THỰC PHẨM;FLUOROQUINOLNES;Flumequin;Flumequin;VLAB-CH-TP-621;LC-MS/MS;0.167 µg/kg;0.5 µg/kg;72;;; 280.000 ; 560.000 
THỰC PHẨM;THỰC PHẨM;FLUOROQUINOLNES;Sarafloxacin;Sarafloxacin;VLAB-CH-TP-621;LC-MS/MS;0.167 µg/kg;0.5 µg/kg;72;;; 280.000 ; 560.000 
THỰC PHẨM;THỰC PHẨM;FLUOROQUINOLNES;Nalidixic acid;Nalidixic acid;VLAB-CH-TP-621;LC-MS/MS;0.167 µg/kg;0.5 µg/kg;72;;; 280.000 ; 560.000 
THỰC PHẨM;THỰC PHẨM;FLUOROQUINOLNES;Danofloxacin;Danofloxacin;VLAB-CH-TP-621;LC-MS/MS;0.167 µg/kg;0.5 µg/kg;72;;; 280.000 ; 560.000 
THỰC PHẨM;THỰC PHẨM;FLUOROQUINOLNES;Gatifloxacin;Gatifloxacin;VLAB-CH-TP-621;LC-MS/MS;0.167 µg/kg;0.5 µg/kg;72;;; 280.000 ; 560.000 
THỰC PHẨM;THỰC PHẨM;FLUOROQUINOLNES;Perfloxacin;Perfloxacin;VLAB-CH-TP-621;LC-MS/MS;0.167 µg/kg;0.5 µg/kg;72;;; 280.000 ; 560.000 
THỰC PHẨM;THỰC PHẨM;FLUOROQUINOLNES;Marbofloxacin;Marbofloxacin;VLAB-CH-TP-621;LC-MS/MS;0.167 µg/kg;0.5 µg/kg;72;;; 280.000 ; 560.000 
THỰC PHẨM;THỰC PHẨM;FLUOROQUINOLNES;Moxifloxacin;Moxifloxacin;VLAB-CH-TP-621;LC-MS/MS;0.167 µg/kg;0.5 µg/kg;72;;; 280.000 ; 560.000 
THỰC PHẨM;THỰC PHẨM;FLUOROQUINOLNES;Oxolinic acid;Oxolinic acid;VLAB-CH-TP-621;LC-MS/MS;0.167 µg/kg;0.5 µg/kg;72;;; 280.000 ; 560.000 
THỰC PHẨM;THỰC PHẨM;FLUOROQUINOLNES;Orbifloxacin;Orbifloxacin;VLAB-CH-TP-621;LC-MS/MS;0.167 µg/kg;0.5 µg/kg;72;;; 280.000 ; 560.000 
THỰC PHẨM;THỰC PHẨM;FLUOROQUINOLNES;Lomefloxacin;Lomefloxacin;VLAB-CH-TP-621;LC-MS/MS;0.167 µg/kg;0.5 µg/kg;72;;; 280.000 ; 560.000 
THỰC PHẨM;THỰC PHẨM;FLUOROQUINOLNES;Sparfloxacin;Sparfloxacin;VLAB-CH-TP-621;LC-MS/MS;0.167 µg/kg;0.5 µg/kg;72;;; 280.000 ; 560.000 
THỰC PHẨM;THỰC PHẨM;FLUOROQUINOLNES;Tổng Levofloxacin và Ofloxacin;Sum of Levofloxacin and Ofloxacin;VLAB-CH-TP-621;LC-MS/MS;0.167 µg/kg;0.5 µg/kg;72;;; 280.000 ; 560.000 
THỰC PHẨM;THỰC PHẨM;FLUOROQUINOLNES;Tổng Enrofloxacin và Ciprofloxacin;Sum of Enrofloxacin and Ciprofloxacin;VLAB-CH-TP-621;LC-MS/MS;0.167 µg/kg;0.5 µg/kg;72;;; 280.000 ; 560.000 
THỰC PHẨM;THỰC PHẨM;AMPHENICOL;Chloramphenicol (CAP);Chloramphenicol (CAP);VLAB-CH-TP-621;LC-MS/MS;0.017 µg/kg;0.05 µg/kg;72;;; 280.000 ; 560.000 
THỰC PHẨM;THỰC PHẨM;AMPHENICOL;Florfenicol (FF);Florfenicol (FF);VLAB-CH-TP-621;LC-MS/MS;0.017 µg/kg;0.05 µg/kg;72;;; 280.000 ; 560.000 
THỰC PHẨM;THỰC PHẨM;AMPHENICOL;Thiamphenicol (THIAM);Thiamphenicol (THIAM);VLAB-CH-TP-621;LC-MS/MS;0.017 µg/kg;0.05 µg/kg;72;;; 280.000 ; 560.000 
THỦY SẢN VÀ SẢN PHẨM THỦY SẢN;THỦY SẢN VÀ SẢN PHẨM THỦY SẢN;;Cefotaxime;Cefotaxime;VLAB-CH-TP-621;LC-MS/MS;0.333 µg/kg;1 µg/kg;72;36;; 280.000 ; NA 
THỦY SẢN VÀ SẢN PHẨM THỦY SẢN;THỦY SẢN VÀ SẢN PHẨM THỦY SẢN;FLUOROQUINOLNES;Enrofloxacin;Enrofloxacin;VLAB-CH-TP-621;LC-MS/MS;0.167 µg/L;0.5 µg/L;72;;; 280.000 ; 560.000 
THỦY SẢN VÀ SẢN PHẨM THỦY SẢN;THỦY SẢN VÀ SẢN PHẨM THỦY SẢN;FLUOROQUINOLNES;Ciprofloxacin;Ciprofloxacin;VLAB-CH-TP-621;LC-MS/MS;0.167 µg/L;0.5 µg/L;72;;; 280.000 ; 560.000 
THỦY SẢN VÀ SẢN PHẨM THỦY SẢN;THỦY SẢN VÀ SẢN PHẨM THỦY SẢN;FLUOROQUINOLNES;Norfloxacin;Norfloxacin;VLAB-CH-TP-621;LC-MS/MS;0.167 µg/L;0.5 µg/L;72;;; 280.000 ; 560.000 
THỦY SẢN VÀ SẢN PHẨM THỦY SẢN;THỦY SẢN VÀ SẢN PHẨM THỦY SẢN;FLUOROQUINOLNES;Difloxacin;Difloxacin;VLAB-CH-TP-621;LC-MS/MS;0.167 µg/L;0.5 µg/L;72;;; 280.000 ; 560.000 
THỦY SẢN VÀ SẢN PHẨM THỦY SẢN;THỦY SẢN VÀ SẢN PHẨM THỦY SẢN;FLUOROQUINOLNES;Flumequin;Flumequin;VLAB-CH-TP-621;LC-MS/MS;0.167 µg/L;0.5 µg/L;72;;; 280.000 ; 560.000 
THỦY SẢN VÀ SẢN PHẨM THỦY SẢN;THỦY SẢN VÀ SẢN PHẨM THỦY SẢN;FLUOROQUINOLNES;Sarafloxacin;Sarafloxacin;VLAB-CH-TP-621;LC-MS/MS;0.167 µg/L;0.5 µg/L;72;;; 280.000 ; 560.000 
THỦY SẢN VÀ SẢN PHẨM THỦY SẢN;THỦY SẢN VÀ SẢN PHẨM THỦY SẢN;FLUOROQUINOLNES;Nalidixic acid;Nalidixic acid;VLAB-CH-TP-621;LC-MS/MS;0.167 µg/L;0.5 µg/L;72;;; 280.000 ; 560.000 
THỦY SẢN VÀ SẢN PHẨM THỦY SẢN;THỦY SẢN VÀ SẢN PHẨM THỦY SẢN;FLUOROQUINOLNES;Danofloxacin;Danofloxacin;VLAB-CH-TP-621;LC-MS/MS;0.167 µg/L;0.5 µg/L;72;;; 280.000 ; 560.000 
THỦY SẢN VÀ SẢN PHẨM THỦY SẢN;THỦY SẢN VÀ SẢN PHẨM THỦY SẢN;FLUOROQUINOLNES;Gatifloxacin;Gatifloxacin;VLAB-CH-TP-621;LC-MS/MS;0.167 µg/L;0.5 µg/L;72;;; 280.000 ; 560.000 
THỦY SẢN VÀ SẢN PHẨM THỦY SẢN;THỦY SẢN VÀ SẢN PHẨM THỦY SẢN;FLUOROQUINOLNES;Perfloxacin;Perfloxacin;VLAB-CH-TP-621;LC-MS/MS;0.167 µg/L;0.5 µg/L;72;;; 280.000 ; 560.000 
THỦY SẢN VÀ SẢN PHẨM THỦY SẢN;THỦY SẢN VÀ SẢN PHẨM THỦY SẢN;FLUOROQUINOLNES;Marbofloxacin;Marbofloxacin;VLAB-CH-TP-621;LC-MS/MS;0.167 µg/L;0.5 µg/L;72;;; 280.000 ; 560.000 
THỦY SẢN VÀ SẢN PHẨM THỦY SẢN;THỦY SẢN VÀ SẢN PHẨM THỦY SẢN;FLUOROQUINOLNES;Moxifloxacin;Moxifloxacin;VLAB-CH-TP-621;LC-MS/MS;0.167 µg/L;0.5 µg/L;72;;; 280.000 ; 560.000 
THỦY SẢN VÀ SẢN PHẨM THỦY SẢN;THỦY SẢN VÀ SẢN PHẨM THỦY SẢN;FLUOROQUINOLNES;Oxolinic acid;Oxolinic acid;VLAB-CH-TP-621;LC-MS/MS;0.167 µg/L;0.5 µg/L;72;;; 280.000 ; 560.000 
THỦY SẢN VÀ SẢN PHẨM THỦY SẢN;THỦY SẢN VÀ SẢN PHẨM THỦY SẢN;FLUOROQUINOLNES;Orbifloxacin;Orbifloxacin;VLAB-CH-TP-621;LC-MS/MS;0.167 µg/L;0.5 µg/L;72;;; 280.000 ; 560.000 
THỦY SẢN VÀ SẢN PHẨM THỦY SẢN;THỦY SẢN VÀ SẢN PHẨM THỦY SẢN;FLUOROQUINOLNES;Lomefloxacin;Lomefloxacin;VLAB-CH-TP-621;LC-MS/MS;0.167 µg/L;0.5 µg/L;72;;; 280.000 ; 560.000 
THỦY SẢN VÀ SẢN PHẨM THỦY SẢN;THỦY SẢN VÀ SẢN PHẨM THỦY SẢN;FLUOROQUINOLNES;Sparfloxacin;Sparfloxacin;VLAB-CH-TP-621;LC-MS/MS;0.167 µg/L;0.5 µg/L;72;;; 280.000 ; 560.000 
THỦY SẢN VÀ SẢN PHẨM THỦY SẢN;THỦY SẢN VÀ SẢN PHẨM THỦY SẢN;FLUOROQUINOLNES;Tổng Levofloxacin và Ofloxacin;Sum of Levofloxacin and Ofloxacin;VLAB-CH-TP-621;LC-MS/MS;0.167 µg/L;0.5 µg/L;72;;; 280.000 ; 560.000 
THỦY SẢN VÀ SẢN PHẨM THỦY SẢN;THỦY SẢN VÀ SẢN PHẨM THỦY SẢN;FLUOROQUINOLNES;Tổng Enrofloxacin và Ciprofloxacin;Sum of Enrofloxacin and Ciprofloxacin;VLAB-CH-TP-621;LC-MS/MS;0.167 µg/L;0.5 µg/L;72;;; 280.000 ; 560.000 
THỦY SẢN VÀ SẢN PHẨM THỦY SẢN;THỦY SẢN VÀ SẢN PHẨM THỦY SẢN;AMPHENICOL;Chloramphenicol (CAP);Chloramphenicol (CAP);VLAB-CH-TP-621;LC-MS/MS;0.017 µg/L;0.05 µg/L;72;;; 280.000 ; 560.000 
THỦY SẢN VÀ SẢN PHẨM THỦY SẢN;THỦY SẢN VÀ SẢN PHẨM THỦY SẢN;AMPHENICOL;Florfenicol (FF);Florfenicol (FF);VLAB-CH-TP-621;LC-MS/MS;0.017 µg/L;0.05 µg/L;72;;; 280.000 ; 560.000 
THỦY SẢN VÀ SẢN PHẨM THỦY SẢN;THỦY SẢN VÀ SẢN PHẨM THỦY SẢN;AMPHENICOL;Thiamphenicol (THIAM);Thiamphenicol (THIAM);VLAB-CH-TP-621;LC-MS/MS;0.017 µg/L;0.05 µg/L;72;;; 280.000 ; 560.000 
THỰC PHẨM;THỰC PHẨM;FLUOROQUINOLNES;Ofloxacin;Ofloxacin;VLAB-CH-TP-622;LC-MS/MS;0.167 µg/kg;0.5 µg/kg;72;;; 280.000 ; 560.000 
THỦY SẢN VÀ SẢN PHẨM THỦY SẢN;THỦY SẢN VÀ SẢN PHẨM THỦY SẢN;;Histamin;Histamin;VLAB-CH-TP-624;LC-MS/MS;0.067 mg/kg;0.2 mg/kg;72;;; 315.000 ; NA 
THỰC PHẨM;THỰC PHẨM;FATTY ACIDS;Butanoic acid;Butanoic acid;VLAB-CH-TP-628;GC-FID;-;0.01 g/100g;120;;; 350.000 ; 1.260.000 
THỰC PHẨM;THỰC PHẨM;FATTY ACIDS;Hexanoic acid;Hexanoic acid;VLAB-CH-TP-628;GC-FID;-;0.01 g/100g;120;;; 350.000 ; 1.260.000 
THỰC PHẨM;THỰC PHẨM;FATTY ACIDS;Octanoic acid;Octanoic acid;VLAB-CH-TP-628;GC-FID;-;0.01 g/100g;120;;; 350.000 ; 1.260.000 
THỰC PHẨM;THỰC PHẨM;FATTY ACIDS;Decanoic acid;Decanoic acid;VLAB-CH-TP-628;GC-FID;-;0.01 g/100g;120;;; 350.000 ; 1.260.000 
THỰC PHẨM;THỰC PHẨM;FATTY ACIDS;Undecanoic acid;Undecanoic acid;VLAB-CH-TP-628;GC-FID;-;0.01 g/100g;120;;; 350.000 ; 1.260.000 
THỰC PHẨM;THỰC PHẨM;FATTY ACIDS;Dodecanoic (Lauric) acid;Dodecanoic (Lauric) acid;VLAB-CH-TP-628;GC-FID;-;0.01 g/100g;120;;; 350.000 ; 1.260.000 
THỰC PHẨM;THỰC PHẨM;FATTY ACIDS;Tridecanoic acid;Tridecanoic acid;VLAB-CH-TP-628;GC-FID;-;0.01 g/100g;120;;; 350.000 ; 1.260.000 
THỰC PHẨM;THỰC PHẨM;FATTY ACIDS;Myristic acid (Tetradecanoic acid);Myristic acid (Tetradecanoic acid);VLAB-CH-TP-628;GC-FID;-;0.01 g/100g;120;;; 350.000 ; 1.260.000 
THỰC PHẨM;THỰC PHẨM;FATTY ACIDS;Myristoleic acid;Myristoleic acid;VLAB-CH-TP-628;GC-FID;-;0.01 g/100g;120;;; 350.000 ; 1.260.000 
THỰC PHẨM;THỰC PHẨM;FATTY ACIDS;Pentadecanoic acid;Pentadecanoic acid;VLAB-CH-TP-628;GC-FID;-;0.01 g/100g;120;;; 350.000 ; 1.260.000 
THỰC PHẨM;THỰC PHẨM;FATTY ACIDS;cis-10-Pentadecenoic Acid;cis-10-Pentadecenoic Acid;VLAB-CH-TP-628;GC-FID;-;0.01 g/100g;120;;; 350.000 ; 1.260.000 
THỰC PHẨM;THỰC PHẨM;FATTY ACIDS;Hexadecanoic (Palmitic) acid;Hexadecanoic (Palmitic) acid;VLAB-CH-TP-628;GC-FID;-;0.01 g/100g;120;;; 350.000 ; 1.260.000 
THỰC PHẨM;THỰC PHẨM;FATTY ACIDS;Palmitoleic acid;Palmitoleic acid;VLAB-CH-TP-628;GC-FID;-;0.01 g/100g;120;;; 350.000 ; 1.260.000 
THỰC PHẨM;THỰC PHẨM;FATTY ACIDS;Heptadecanoic (Palmitic) acid;Heptadecanoic (Palmitic) acid;VLAB-CH-TP-628;GC-FID;-;0.01 g/100g;120;;; 350.000 ; 1.260.000 
THỰC PHẨM;THỰC PHẨM;FATTY ACIDS;cis-10-Heptadecenoic Acid;cis-10-Heptadecenoic Acid;VLAB-CH-TP-628;GC-FID;-;0.01 g/100g;120;;; 350.000 ; 1.260.000 
THỰC PHẨM;THỰC PHẨM;FATTY ACIDS;Stearic acid (Octadecanoic acid);Stearic acid (Octadecanoic acid);VLAB-CH-TP-628;GC-FID;-;0.01 g/100g;120;;; 350.000 ; 1.260.000 
THỰC PHẨM;THỰC PHẨM;FATTY ACIDS;Elaidic acid;Elaidic acid;VLAB-CH-TP-628;GC-FID;-;0.01 g/100g;120;;; 350.000 ; 1.260.000 
THỰC PHẨM;THỰC PHẨM;FATTY ACIDS;Oleic acid;Oleic acid;VLAB-CH-TP-628;GC-FID;-;0.01 g/100g;120;;; 350.000 ; 1.260.000 
THỰC PHẨM;THỰC PHẨM;FATTY ACIDS;Linolelaidic acid;Linolelaidic acid;VLAB-CH-TP-628;GC-FID;-;0.01 g/100g;120;;; 350.000 ; 1.260.000 
THỰC PHẨM;THỰC PHẨM;FATTY ACIDS;Linolenic Acid;Linolenic Acid;VLAB-CH-TP-628;GC-FID;-;0.01 g/100g;120;;; 350.000 ; 1.260.000 
THỰC PHẨM;THỰC PHẨM;FATTY ACIDS;Arachidic Acid;Arachidic Acid;VLAB-CH-TP-628;GC-FID;-;0.01 g/100g;120;;; 350.000 ; 1.260.000 
THỰC PHẨM;THỰC PHẨM;FATTY ACIDS;γ-Linolenic Acid;γ-Linolenic Acid;VLAB-CH-TP-628;GC-FID;-;0.01 g/100g;120;;; 350.000 ; 1.260.000 
THỰC PHẨM;THỰC PHẨM;FATTY ACIDS;Cis-11-Eicosenoic Acid;Cis-11-Eicosenoic Acid;VLAB-CH-TP-628;GC-FID;-;0.01 g/100g;120;;; 350.000 ; 1.260.000 
THỰC PHẨM;THỰC PHẨM;FATTY ACIDS;α-Linolenic Acid;α-Linolenic Acid;VLAB-CH-TP-628;GC-FID;-;0.01 g/100g;120;;; 350.000 ; 1.260.000 
THỰC PHẨM;THỰC PHẨM;FATTY ACIDS;Heneicosanoic Acid;Heneicosanoic Acid;VLAB-CH-TP-628;GC-FID;-;0.01 g/100g;120;;; 350.000 ; 1.260.000 
THỰC PHẨM;THỰC PHẨM;FATTY ACIDS;Cis-11,14-Eicosadienoic Acid;Cis-11,14-Eicosadienoic Acid;VLAB-CH-TP-628;GC-FID;-;0.01 g/100g;120;;; 350.000 ; 1.260.000 
THỰC PHẨM;THỰC PHẨM;FATTY ACIDS;Behenic Acid (Docosanoic Acid);Behenic Acid (Docosanoic Acid);VLAB-CH-TP-628;GC-FID;-;0.01 g/100g;120;;; 350.000 ; 1.260.000 
THỰC PHẨM;THỰC PHẨM;FATTY ACIDS;Cis-8,11,14-Eicosatrienoic Acid;Cis-8,11,14-Eicosatrienoic Acid;VLAB-CH-TP-628;GC-FID;-;0.01 g/100g;120;;; 350.000 ; 1.260.000 
THỰC PHẨM;THỰC PHẨM;FATTY ACIDS;Erucic Acid;Erucic Acid;VLAB-CH-TP-628;GC-FID;-;0.01 g/100g;120;;; 350.000 ; 1.260.000 
THỰC PHẨM;THỰC PHẨM;FATTY ACIDS;Cis-11,14,17-Eicosatrienoic Acid;Cis-11,14,17-Eicosatrienoic Acid;VLAB-CH-TP-628;GC-FID;-;0.01 g/100g;120;;; 350.000 ; 1.260.000 
THỰC PHẨM;THỰC PHẨM;FATTY ACIDS;Cis-5,8,11,14-Eicosapentaenoic Acid;Cis-5,8,11,14-Eicosapentaenoic Acid;VLAB-CH-TP-628;GC-FID;-;0.01 g/100g;120;;; 350.000 ; 1.260.000 
THỰC PHẨM;THỰC PHẨM;FATTY ACIDS;Tricosanoic Acid;Tricosanoic Acid;VLAB-CH-TP-628;GC-FID;-;0.01 g/100g;120;;; 350.000 ; 1.260.000 
THỰC PHẨM;THỰC PHẨM;FATTY ACIDS;Cis-13,16-Docosadienoic Acid;Cis-13,16-Docosadienoic Acid;VLAB-CH-TP-628;GC-FID;-;0.01 g/100g;120;;; 350.000 ; 1.260.000 
THỰC PHẨM;THỰC PHẨM;FATTY ACIDS;Lignoceric Acid;Lignoceric Acid;VLAB-CH-TP-628;GC-FID;-;0.01 g/100g;120;;; 350.000 ; 1.260.000 
THỰC PHẨM;THỰC PHẨM;FATTY ACIDS;Cis-5,8,11,14,17-Eicosatetraenoic Acid;Cis-5,8,11,14,17-Eicosatetraenoic Acid;VLAB-CH-TP-628;GC-FID;-;0.01 g/100g;120;;; 350.000 ; 1.260.000 
THỰC PHẨM;THỰC PHẨM;FATTY ACIDS;Nervonic Acid;Nervonic Acid;VLAB-CH-TP-628;GC-FID;-;0.01 g/100g;120;;; 350.000 ; 1.260.000 
THỰC PHẨM;THỰC PHẨM;FATTY ACIDS;Cis-4,7,10,13,16,19-Docosahexaenoic Acid;Cis-4,7,10,13,16,19-Docosahexaenoic Acid;VLAB-CH-TP-628;GC-FID;-;0.01 g/100g;120;;; 350.000 ; 1.260.000 
THỰC PHẨM;THỰC PHẨM;FATTY ACIDS;Cholesterol;Cholesterol;VLAB-CH-TP-629;GC-FID;-;0.01 g/100g;72;;; 350.000 ; NA 
THỰC PHẨM;THỰC PHẨM;;Chloroforms;;VLAB-CH-TP-639;-;10 µg/kg;;72;;; 420.000 ; NA 
THỰC PHẨM;THỰC PHẨM;;Styren và Ethylbenzen;;VLAB-CH-TP-639;-;10 µg/kg;;72;;; 420.000 ; NA 
THỰC PHẨM;THỰC PHẨM;;Tylosin;Tylosin;VLAB-CH-TP-646;LC-MS/MS;1.67 µg/kg;5 µg/kg;72;;; 315.000 ; 1.400.000 
THỰC PHẨM;THỰC PHẨM;;Leucomycin;Leucomycin;VLAB-CH-TP-646;LC-MS/MS;1.67 µg/kg;5 µg/kg;72;;; 315.000 ; 1.400.000 
THỰC PHẨM;THỰC PHẨM;;Lincomycin;Lincomycin;VLAB-CH-TP-646;LC-MS/MS;1.67 µg/kg;5 µg/kg;72;;; 315.000 ; 1.400.000 
THỰC PHẨM;THỰC PHẨM;;Spiramycin;Spiramycin;VLAB-CH-TP-646;LC-MS/MS;1.67 µg/kg;5 µg/kg;72;;; 315.000 ; 1.400.000 
THỰC PHẨM;THỰC PHẨM;;Erythromycin;Erythromycin;VLAB-CH-TP-646;LC-MS/MS;1.67 µg/kg;5 µg/kg;72;;; 315.000 ; 1.400.000 
THỰC PHẨM;THỰC PHẨM;;Tilmicosin;Tilmicosin;VLAB-CH-TP-646;LC-MS/MS;1.67 µg/kg;5 µg/kg;72;;; 315.000 ; 1.400.000 
THỰC PHẨM;THỰC PHẨM;;Virginiamycin M1;Virginiamycin M1;VLAB-CH-TP-646;LC-MS/MS;1.67 µg/kg;5 µg/kg;72;;; 315.000 ; 1.400.000 
THỰC PHẨM;THỰC PHẨM;;Clindamycin;Clindamycin;VLAB-CH-TP-646;LC-MS/MS;1.67 µg/kg;5 µg/kg;72;;; 315.000 ; 1.400.000 
THỰC PHẨM;THỰC PHẨM;;Pirlimycin;Pirlimycin;VLAB-CH-TP-646;LC-MS/MS;1.67 µg/kg;5 µg/kg;72;;; 315.000 ; 1.400.000 
THỰC PHẨM;THỰC PHẨM;;Gamithromycin;Gamithromycin;VLAB-CH-TP-646;LC-MS/MS;1.67 µg/kg;5 µg/kg;72;;; 315.000 ; 1.400.000 
THỰC PHẨM;THỰC PHẨM;;Rifampicin;Rifampicin;VLAB-CH-TP-646;LC-MS/MS;1.67 µg/kg;5 µg/kg;72;;; 315.000 ; 1.400.000 
THỰC PHẨM;THỰC PHẨM;;Fosfomycin;Fosfomycin;VLAB-CH-TP-646;LC-MS/MS;1.67 µg/kg;5 µg/kg;72;;; 315.000 ; 1.400.000 
THỰC PHẨM;THỰC PHẨM;;Colchicine;Colchicine;VLAB-CH-TP-646;LC-MS/MS;1.67 µg/kg;5 µg/kg;72;;; 315.000 ; 1.400.000 
THỦY SẢN VÀ SẢN PHẨM THỦY SẢN;THỦY SẢN VÀ SẢN PHẨM THỦY SẢN;;Tylosin;Tylosin;VLAB-CH-TP-646;LC-MS/MS;1.67 µg/kg;5 µg/kg;72;;; 315.000 ; 1.400.000 
THỦY SẢN VÀ SẢN PHẨM THỦY SẢN;THỦY SẢN VÀ SẢN PHẨM THỦY SẢN;;Leucomycin;Leucomycin;VLAB-CH-TP-646;LC-MS/MS;1.67 µg/kg;5 µg/kg;72;;; 315.000 ; 1.400.000 
THỦY SẢN VÀ SẢN PHẨM THỦY SẢN;THỦY SẢN VÀ SẢN PHẨM THỦY SẢN;;Lincomycin;Lincomycin;VLAB-CH-TP-646;LC-MS/MS;1.67 µg/kg;5 µg/kg;72;;; 315.000 ; 1.400.000 
THỦY SẢN VÀ SẢN PHẨM THỦY SẢN;THỦY SẢN VÀ SẢN PHẨM THỦY SẢN;;Spiramycin;Spiramycin;VLAB-CH-TP-646;LC-MS/MS;1.67 µg/kg;5 µg/kg;72;;; 315.000 ; 1.400.000 
THỦY SẢN VÀ SẢN PHẨM THỦY SẢN;THỦY SẢN VÀ SẢN PHẨM THỦY SẢN;;Erythromycin;Erythromycin;VLAB-CH-TP-646;LC-MS/MS;1.67 µg/kg;5 µg/kg;72;;; 315.000 ; 1.400.000 
THỦY SẢN VÀ SẢN PHẨM THỦY SẢN;THỦY SẢN VÀ SẢN PHẨM THỦY SẢN;;Tilmicosin;Tilmicosin;VLAB-CH-TP-646;LC-MS/MS;1.67 µg/kg;5 µg/kg;72;;; 315.000 ; 1.400.000 
THỦY SẢN VÀ SẢN PHẨM THỦY SẢN;THỦY SẢN VÀ SẢN PHẨM THỦY SẢN;;Virginiamycin M1;Virginiamycin M1;VLAB-CH-TP-646;LC-MS/MS;1.67 µg/kg;5 µg/kg;72;;; 315.000 ; 1.400.000 
THỦY SẢN VÀ SẢN PHẨM THỦY SẢN;THỦY SẢN VÀ SẢN PHẨM THỦY SẢN;;Clindamycin;Clindamycin;VLAB-CH-TP-646;LC-MS/MS;1.67 µg/kg;5 µg/kg;72;;; 315.000 ; 1.400.000 
THỦY SẢN VÀ SẢN PHẨM THỦY SẢN;THỦY SẢN VÀ SẢN PHẨM THỦY SẢN;;Pirlimycin;Pirlimycin;VLAB-CH-TP-646;LC-MS/MS;1.67 µg/kg;5 µg/kg;72;;; 315.000 ; 1.400.000 
THỦY SẢN VÀ SẢN PHẨM THỦY SẢN;THỦY SẢN VÀ SẢN PHẨM THỦY SẢN;;Gamithromycin;Gamithromycin;VLAB-CH-TP-646;LC-MS/MS;1.67 µg/kg;5 µg/kg;72;;; 315.000 ; 1.400.000 
THỦY SẢN VÀ SẢN PHẨM THỦY SẢN;THỦY SẢN VÀ SẢN PHẨM THỦY SẢN;;Rifampicin;Rifampicin;VLAB-CH-TP-646;LC-MS/MS;1.67 µg/kg;5 µg/kg;72;;; 315.000 ; 1.400.000 
THỦY SẢN VÀ SẢN PHẨM THỦY SẢN;THỦY SẢN VÀ SẢN PHẨM THỦY SẢN;;Fosfomycin;Fosfomycin;VLAB-CH-TP-646;LC-MS/MS;1.67 µg/kg;5 µg/kg;72;;; 315.000 ; 1.400.000 
THỦY SẢN VÀ SẢN PHẨM THỦY SẢN;THỦY SẢN VÀ SẢN PHẨM THỦY SẢN;;Colchicine;Colchicine;VLAB-CH-TP-646;LC-MS/MS;1.67 µg/kg;5 µg/kg;72;;; 315.000 ; 1.400.000 
THỦY SẢN VÀ SẢN PHẨM THỦY SẢN;THỦY SẢN VÀ SẢN PHẨM THỦY SẢN;;Tylosin;Tylosin;VLAB-CH-TP-646;LC-MS/MS;1.67 µg/L;5 µg/L;72;;; 315.000 ; 1.400.000 
THỦY SẢN VÀ SẢN PHẨM THỦY SẢN;THỦY SẢN VÀ SẢN PHẨM THỦY SẢN;;Leucomycin;Leucomycin;VLAB-CH-TP-646;LC-MS/MS;1.67 µg/L;5 µg/L;72;;; 315.000 ; 1.400.000 
THỦY SẢN VÀ SẢN PHẨM THỦY SẢN;THỦY SẢN VÀ SẢN PHẨM THỦY SẢN;;Lincomycin;Lincomycin;VLAB-CH-TP-646;LC-MS/MS;1.67 µg/L;5 µg/L;72;;; 315.000 ; 1.400.000 
THỦY SẢN VÀ SẢN PHẨM THỦY SẢN;THỦY SẢN VÀ SẢN PHẨM THỦY SẢN;;Spiramycin;Spiramycin;VLAB-CH-TP-646;LC-MS/MS;1.67 µg/L;5 µg/L;72;;; 315.000 ; 1.400.000 
THỦY SẢN VÀ SẢN PHẨM THỦY SẢN;THỦY SẢN VÀ SẢN PHẨM THỦY SẢN;;Erythromycin;Erythromycin;VLAB-CH-TP-646;LC-MS/MS;1.67 µg/L;5 µg/L;72;;; 315.000 ; 1.400.000 
THỦY SẢN VÀ SẢN PHẨM THỦY SẢN;THỦY SẢN VÀ SẢN PHẨM THỦY SẢN;;Tilmicosin;Tilmicosin;VLAB-CH-TP-646;LC-MS/MS;1.67 µg/L;5 µg/L;72;;; 315.000 ; 1.400.000 
THỦY SẢN VÀ SẢN PHẨM THỦY SẢN;THỦY SẢN VÀ SẢN PHẨM THỦY SẢN;;Virginiamycin M1;Virginiamycin M1;VLAB-CH-TP-646;LC-MS/MS;1.67 µg/L;5 µg/L;72;;; 315.000 ; 1.400.000 
THỦY SẢN VÀ SẢN PHẨM THỦY SẢN;THỦY SẢN VÀ SẢN PHẨM THỦY SẢN;;Clindamycin;Clindamycin;VLAB-CH-TP-646;LC-MS/MS;1.67 µg/L;5 µg/L;72;;; 315.000 ; 1.400.000 
THỦY SẢN VÀ SẢN PHẨM THỦY SẢN;THỦY SẢN VÀ SẢN PHẨM THỦY SẢN;;Pirlimycin;Pirlimycin;VLAB-CH-TP-646;LC-MS/MS;1.67 µg/L;5 µg/L;72;;; 315.000 ; 1.400.000 
THỦY SẢN VÀ SẢN PHẨM THỦY SẢN;THỦY SẢN VÀ SẢN PHẨM THỦY SẢN;;Gamithromycin;Gamithromycin;VLAB-CH-TP-646;LC-MS/MS;1.67 µg/L;5 µg/L;72;;; 315.000 ; 1.400.000 
THỦY SẢN VÀ SẢN PHẨM THỦY SẢN;THỦY SẢN VÀ SẢN PHẨM THỦY SẢN;;Rifampicin;Rifampicin;VLAB-CH-TP-646;LC-MS/MS;1.67 µg/L;5 µg/L;72;;; 315.000 ; 1.400.000 
THỦY SẢN VÀ SẢN PHẨM THỦY SẢN;THỦY SẢN VÀ SẢN PHẨM THỦY SẢN;;Fosfomycin;Fosfomycin;VLAB-CH-TP-646;LC-MS/MS;1.67 µg/L;5 µg/L;72;;; 315.000 ; 1.400.000 
THỦY SẢN VÀ SẢN PHẨM THỦY SẢN;THỦY SẢN VÀ SẢN PHẨM THỦY SẢN;;Colchicine;Colchicine;VLAB-CH-TP-646;LC-MS/MS;1.67 µg/L;5 µg/L;72;;; 315.000 ; 1.400.000 
THỰC PHẨM;Thịt và sản phẩm thịt;;Diclazuril;;VLAB-CH-TP-651;LC-MS/MS;-;5 µg/kg;72;;; 350.000 ; NA 
THỰC PHẨM;THỰC PHẨM;;Spectinomycin;Spectinomycin;VLAB-CH-TP-652;LC-MS/MS;33.33 µg/kg;100 µg/kg;72;;; 315.000 ; 1.050.000 
THỰC PHẨM;THỰC PHẨM;;Streptomycin;Streptomycin;VLAB-CH-TP-652;LC-MS/MS;33.33 µg/kg;100 µg/kg;72;;; 315.000 ; 1.050.000 
THỰC PHẨM;THỰC PHẨM;;Streptomycin sulfate;Streptomycin sulfate;VLAB-CH-TP-652;LC-MS/MS;33.33 µg/kg;100 µg/kg;72;;; 315.000 ; 1.050.000 
THỰC PHẨM;THỰC PHẨM;;Gentamycin;Gentamycin;VLAB-CH-TP-652;LC-MS/MS;33.33 µg/kg;100 µg/kg;72;;; 315.000 ; 1.050.000 
THỰC PHẨM;THỰC PHẨM;;Kanamycin;Kanamycin;VLAB-CH-TP-652;LC-MS/MS;33.33 µg/kg;100 µg/kg;72;;; 315.000 ; 1.050.000 
THỰC PHẨM;THỰC PHẨM;;Neomycin;Neomycin;VLAB-CH-TP-652;LC-MS/MS;33.33 µg/kg;100 µg/kg;72;;; 315.000 ; 1.050.000 
THỰC PHẨM;THỰC PHẨM;;Dihydrostreptomycin;Dihydrostreptomycin;VLAB-CH-TP-652;LC-MS/MS;33.33 µg/kg;100 µg/kg;72;;; 315.000 ; 1.050.000 
THỦY SẢN VÀ SẢN PHẨM THỦY SẢN;THỦY SẢN VÀ SẢN PHẨM THỦY SẢN;;Benzalkonium chloride (BKC);Benzalkonium chloride (BKC);VLAB-CH-TP-654;LC-MS/MS;1 µg/kg;3 µg/kg;72;;; 280.000 ; NA 
THỰC PHẨM;THỰC PHẨM;ANTHELMINTICS;Praziquantel;Praziquantel;VLAB-CH-TP-656;LC-MS/MS;3.33 µg/kg;10 µg/kg;72;;; 315.000 ; 1.400.000 
THỰC PHẨM;THỰC PHẨM;ANTHELMINTICS;Albendazole;Albendazole;VLAB-CH-TP-656;LC-MS/MS;3.33 µg/kg;10 µg/kg;72;;; 315.000 ; 1.400.000 
THỰC PHẨM;THỰC PHẨM;ANTHELMINTICS;Fenbendazole;Fenbendazole;VLAB-CH-TP-656;LC-MS/MS;3.33 µg/kg;10 µg/kg;72;;; 315.000 ; 1.400.000 
THỰC PHẨM;THỰC PHẨM;ANTHELMINTICS;Mebendazole;Mebendazole;VLAB-CH-TP-656;LC-MS/MS;3.33 µg/kg;10 µg/kg;72;;; 315.000 ; 1.400.000 
THỰC PHẨM;THỰC PHẨM;ANTHELMINTICS;Levamisol;Levamisol;VLAB-CH-TP-656;LC-MS/MS;3.33 µg/kg;10 µg/kg;72;;; 315.000 ; 1.400.000 
THỰC PHẨM;THỰC PHẨM;CORTICOSTEROIDS;Dexamethason;Dexamethason;VLAB-CH-TP-656;LC-MS/MS;3.33 µg/kg;10 µg/kg;72;;; 315.000 ; 1.400.000 
THỰC PHẨM;THỰC PHẨM;CORTICOSTEROIDS;Prednison;Prednison;VLAB-CH-TP-656;LC-MS/MS;3.33 µg/kg;10 µg/kg;72;;; 315.000 ; 1.400.000 
THỰC PHẨM;THỰC PHẨM;SULFONAMIDES;Sulfadiazine;Sulfadiazine;VLAB-CH-TP-659;LC-MS/MS;0.167 µg/L;0.5 µg/L;72;24;; 280.000 ; 560.000 
THỰC PHẨM;THỰC PHẨM;SULFONAMIDES;Sulfamethoxazole;Sulfamethoxazole;VLAB-CH-TP-659;LC-MS/MS;0.167 µg/L;0.5 µg/L;72;24;; 280.000 ; 560.000 
THỰC PHẨM;THỰC PHẨM;SULFONAMIDES;Sulfachloropyridazine;Sulfachloropyridazine;VLAB-CH-TP-659;LC-MS/MS;0.167 µg/L;0.5 µg/L;72;24;; 280.000 ; 560.000 
THỰC PHẨM;THỰC PHẨM;SULFONAMIDES;Sulfachinoxaline (Sulfaquinoxaline);Sulfachinoxaline (Sulfaquinoxaline);VLAB-CH-TP-659;LC-MS/MS;0.167 µg/L;0.5 µg/L;72;24;; 280.000 ; 560.000 
THỰC PHẨM;THỰC PHẨM;SULFONAMIDES;Sulfadimethoxine;Sulfadimethoxine;VLAB-CH-TP-659;LC-MS/MS;0.167 µg/L;0.5 µg/L;72;24;; 280.000 ; 560.000 
THỰC PHẨM;THỰC PHẨM;SULFONAMIDES;Sulfamethoxypyridazine;Sulfamethoxypyridazine;VLAB-CH-TP-659;LC-MS/MS;0.167 µg/L;0.5 µg/L;72;24;; 280.000 ; 560.000 
THỰC PHẨM;THỰC PHẨM;SULFONAMIDES;Sulfamonomethoxine;Sulfamonomethoxine;VLAB-CH-TP-659;LC-MS/MS;0.167 µg/L;0.5 µg/L;72;24;; 280.000 ; 560.000 
THỰC PHẨM;THỰC PHẨM;SULFONAMIDES;Sulfaguanidine;Sulfaguanidine;VLAB-CH-TP-659;LC-MS/MS;0.167 µg/L;0.5 µg/L;72;24;; 280.000 ; 560.000 
THỰC PHẨM;THỰC PHẨM;SULFONAMIDES;Sulfamethazine (Sulfadimidine);Sulfamethazine (Sulfadimidine);VLAB-CH-TP-659;LC-MS/MS;0.167 µg/L;0.5 µg/L;72;24;; 280.000 ; 560.000 
THỰC PHẨM;THỰC PHẨM;SULFONAMIDES;Sulfathiazole;Sulfathiazole;VLAB-CH-TP-659;LC-MS/MS;0.167 µg/L;0.5 µg/L;72;24;; 280.000 ; 560.000 
THỰC PHẨM;THỰC PHẨM;SULFONAMIDES;Sulfamerazine;Sulfamerazine;VLAB-CH-TP-659;LC-MS/MS;0.167 µg/L;0.5 µg/L;72;24;; 280.000 ; 560.000 
THỰC PHẨM;THỰC PHẨM;SULFONAMIDES;Sulfadoxine;Sulfadoxine;VLAB-CH-TP-659;LC-MS/MS;0.167 µg/L;0.5 µg/L;72;24;; 280.000 ; 560.000 
THỰC PHẨM;THỰC PHẨM;SULFONAMIDES;Sulfisoxazole (Sulfafurazole);Sulfisoxazole (Sulfafurazole);VLAB-CH-TP-659;LC-MS/MS;0.167 µg/L;0.5 µg/L;72;24;; 280.000 ; 560.000 
THỰC PHẨM;THỰC PHẨM;SULFONAMIDES;Sulfaphenazole;Sulfaphenazole;VLAB-CH-TP-659;LC-MS/MS;0.167 µg/L;0.5 µg/L;72;24;; 280.000 ; 560.000 
THỰC PHẨM;THỰC PHẨM;SULFONAMIDES;Sulfacetamide;Sulfacetamide;VLAB-CH-TP-659;LC-MS/MS;0.167 µg/L;0.5 µg/L;72;24;; 280.000 ; 560.000 
THỰC PHẨM;THỰC PHẨM;SULFONAMIDES;Sulfabenzamide;Sulfabenzamide;VLAB-CH-TP-659;LC-MS/MS;0.167 µg/L;0.5 µg/L;72;;; 280.000 ; 560.000 
THỰC PHẨM;THỰC PHẨM;SULFONAMIDES;Sulfamoxole;Sulfamoxole;VLAB-CH-TP-659;LC-MS/MS;0.167 µg/L;0.5 µg/L;72;24;; 280.000 ; 560.000 
THỰC PHẨM;THỰC PHẨM;SULFONAMIDES;Sulfapyridine;Sulfapyridine;VLAB-CH-TP-659;LC-MS/MS;0.167 µg/L;0.5 µg/L;72;24;; 280.000 ; 560.000 
THỰC PHẨM;THỰC PHẨM;SULFONAMIDES;Sulfanitran;Sulfanitran;VLAB-CH-TP-659;LC-MS/MS;0.167 µg/L;0.5 µg/L;72;;; 280.000 ; 560.000 
THỰC PHẨM;THỰC PHẨM;SULFONAMIDES;Sulfamethoxine;Sulfamethoxine;VLAB-CH-TP-659;LC-MS/MS;0.167 µg/L;0.5 µg/L;72;;; 280.000 ; 560.000 
THỰC PHẨM;THỰC PHẨM;SULFONAMIDES;Sulfameter (Sulfamethoxydiazine, Sulfametoxydiazine);Sulfameter (Sulfamethoxydiazine, Sulfametoxydiazine);VLAB-CH-TP-659;LC-MS/MS;0.167 µg/L;0.5 µg/L;72;24;; 280.000 ; 560.000 
THỰC PHẨM;THỰC PHẨM;SULFONAMIDES;Sulfatroxazole;Sulfatroxazole;VLAB-CH-TP-659;LC-MS/MS;0.167 µg/L;0.5 µg/L;72;;; 280.000 ; 560.000 
THỰC PHẨM;THỰC PHẨM;SULFONAMIDES;Sulfanilamide;Sulfanilamide;VLAB-CH-TP-659;LC-MS/MS;0.167 µg/L;0.5 µg/L;72;24;; 280.000 ; 560.000 
THỰC PHẨM;THỰC PHẨM;SULFONAMIDES;Trimethoprim;Trimethoprim;VLAB-CH-TP-659;LC-MS/MS;0.167 µg/L;0.5 µg/L;72;24;; 280.000 ; 560.000 
THỰC PHẨM;THỰC PHẨM;SULFONAMIDES;Ormetoprim;Ormetoprim;VLAB-CH-TP-659;LC-MS/MS;0.167 µg/L;0.5 µg/L;72;24;; 280.000 ; 560.000 
THỦY SẢN VÀ SẢN PHẨM THỦY SẢN;THỦY SẢN VÀ SẢN PHẨM THỦY SẢN;SULFONAMIDES;Sulfadiazine;Sulfadiazine;VLAB-CH-TP-659;LC-MS/MS;0.167 µg/kg;0.5 µg/kg;72;24;; 280.000 ; 560.000 
THỦY SẢN VÀ SẢN PHẨM THỦY SẢN;THỦY SẢN VÀ SẢN PHẨM THỦY SẢN;SULFONAMIDES;Sulfamethoxazole;Sulfamethoxazole;VLAB-CH-TP-659;LC-MS/MS;0.167 µg/kg;0.5 µg/kg;72;24;; 280.000 ; 560.000 
THỦY SẢN VÀ SẢN PHẨM THỦY SẢN;THỦY SẢN VÀ SẢN PHẨM THỦY SẢN;SULFONAMIDES;Sulfachloropyridazine;Sulfachloropyridazine;VLAB-CH-TP-659;LC-MS/MS;0.167 µg/kg;0.5 µg/kg;72;24;; 280.000 ; 560.000 
THỦY SẢN VÀ SẢN PHẨM THỦY SẢN;THỦY SẢN VÀ SẢN PHẨM THỦY SẢN;SULFONAMIDES;Sulfachinoxaline (Sulfaquinoxaline);Sulfachinoxaline (Sulfaquinoxaline);VLAB-CH-TP-659;LC-MS/MS;0.167 µg/kg;0.5 µg/kg;72;24;; 280.000 ; 560.000 
THỦY SẢN VÀ SẢN PHẨM THỦY SẢN;THỦY SẢN VÀ SẢN PHẨM THỦY SẢN;SULFONAMIDES;Sulfadimethoxine;Sulfadimethoxine;VLAB-CH-TP-659;LC-MS/MS;0.167 µg/kg;0.5 µg/kg;72;24;; 280.000 ; 560.000 
THỦY SẢN VÀ SẢN PHẨM THỦY SẢN;THỦY SẢN VÀ SẢN PHẨM THỦY SẢN;SULFONAMIDES;Sulfamethoxypyridazine;Sulfamethoxypyridazine;VLAB-CH-TP-659;LC-MS/MS;0.167 µg/kg;0.5 µg/kg;72;24;; 280.000 ; 560.000 
THỦY SẢN VÀ SẢN PHẨM THỦY SẢN;THỦY SẢN VÀ SẢN PHẨM THỦY SẢN;SULFONAMIDES;Sulfamonomethoxine;Sulfamonomethoxine;VLAB-CH-TP-659;LC-MS/MS;0.167 µg/kg;0.5 µg/kg;72;24;; 280.000 ; 560.000 
THỦY SẢN VÀ SẢN PHẨM THỦY SẢN;THỦY SẢN VÀ SẢN PHẨM THỦY SẢN;SULFONAMIDES;Sulfaguanidine;Sulfaguanidine;VLAB-CH-TP-659;LC-MS/MS;0.167 µg/kg;0.5 µg/kg;72;24;; 280.000 ; 560.000 
THỦY SẢN VÀ SẢN PHẨM THỦY SẢN;THỦY SẢN VÀ SẢN PHẨM THỦY SẢN;SULFONAMIDES;Sulfamethazine (Sulfadimidine);Sulfamethazine (Sulfadimidine);VLAB-CH-TP-659;LC-MS/MS;0.167 µg/kg;0.5 µg/kg;72;24;; 280.000 ; 560.000 
THỦY SẢN VÀ SẢN PHẨM THỦY SẢN;THỦY SẢN VÀ SẢN PHẨM THỦY SẢN;SULFONAMIDES;Sulfathiazole;Sulfathiazole;VLAB-CH-TP-659;LC-MS/MS;0.167 µg/kg;0.5 µg/kg;72;24;; 280.000 ; 560.000 
THỦY SẢN VÀ SẢN PHẨM THỦY SẢN;THỦY SẢN VÀ SẢN PHẨM THỦY SẢN;SULFONAMIDES;Sulfamerazine;Sulfamerazine;VLAB-CH-TP-659;LC-MS/MS;0.167 µg/kg;0.5 µg/kg;72;24;; 280.000 ; 560.000 
THỦY SẢN VÀ SẢN PHẨM THỦY SẢN;THỦY SẢN VÀ SẢN PHẨM THỦY SẢN;SULFONAMIDES;Sulfadoxine;Sulfadoxine;VLAB-CH-TP-659;LC-MS/MS;0.167 µg/kg;0.5 µg/kg;72;24;; 280.000 ; 560.000 
THỦY SẢN VÀ SẢN PHẨM THỦY SẢN;THỦY SẢN VÀ SẢN PHẨM THỦY SẢN;SULFONAMIDES;Sulfisoxazole (Sulfafurazole);Sulfisoxazole (Sulfafurazole);VLAB-CH-TP-659;LC-MS/MS;0.167 µg/kg;0.5 µg/kg;72;24;; 280.000 ; 560.000 
THỦY SẢN VÀ SẢN PHẨM THỦY SẢN;THỦY SẢN VÀ SẢN PHẨM THỦY SẢN;SULFONAMIDES;Sulfaphenazole;Sulfaphenazole;VLAB-CH-TP-659;LC-MS/MS;0.167 µg/kg;0.5 µg/kg;72;24;; 280.000 ; 560.000 
THỦY SẢN VÀ SẢN PHẨM THỦY SẢN;THỦY SẢN VÀ SẢN PHẨM THỦY SẢN;SULFONAMIDES;Sulfacetamide;Sulfacetamide;VLAB-CH-TP-659;LC-MS/MS;0.167 µg/kg;0.5 µg/kg;72;24;; 280.000 ; 560.000 
THỦY SẢN VÀ SẢN PHẨM THỦY SẢN;THỦY SẢN VÀ SẢN PHẨM THỦY SẢN;SULFONAMIDES;Sulfabenzamide;Sulfabenzamide;VLAB-CH-TP-659;LC-MS/MS;0.167 µg/kg;0.5 µg/kg;72;;; 280.000 ; 560.000 
THỦY SẢN VÀ SẢN PHẨM THỦY SẢN;THỦY SẢN VÀ SẢN PHẨM THỦY SẢN;SULFONAMIDES;Sulfamoxole;Sulfamoxole;VLAB-CH-TP-659;LC-MS/MS;0.167 µg/kg;0.5 µg/kg;72;24;; 280.000 ; 560.000 
THỦY SẢN VÀ SẢN PHẨM THỦY SẢN;THỦY SẢN VÀ SẢN PHẨM THỦY SẢN;SULFONAMIDES;Sulfapyridine;Sulfapyridine;VLAB-CH-TP-659;LC-MS/MS;0.167 µg/kg;0.5 µg/kg;72;24;; 280.000 ; 560.000 
THỦY SẢN VÀ SẢN PHẨM THỦY SẢN;THỦY SẢN VÀ SẢN PHẨM THỦY SẢN;SULFONAMIDES;Sulfanitran;Sulfanitran;VLAB-CH-TP-659;LC-MS/MS;0.167 µg/kg;0.5 µg/kg;72;;; 280.000 ; 560.000 
THỦY SẢN VÀ SẢN PHẨM THỦY SẢN;THỦY SẢN VÀ SẢN PHẨM THỦY SẢN;SULFONAMIDES;Sulfamethoxine;Sulfamethoxine;VLAB-CH-TP-659;LC-MS/MS;0.167 µg/kg;0.5 µg/kg;72;;; 280.000 ; 560.000 
THỦY SẢN VÀ SẢN PHẨM THỦY SẢN;THỦY SẢN VÀ SẢN PHẨM THỦY SẢN;SULFONAMIDES;Sulfameter (Sulfamethoxydiazine, Sulfametoxydiazine);Sulfameter (Sulfamethoxydiazine, Sulfametoxydiazine);VLAB-CH-TP-659;LC-MS/MS;0.167 µg/kg;0.5 µg/kg;72;24;; 280.000 ; 560.000 
THỦY SẢN VÀ SẢN PHẨM THỦY SẢN;THỦY SẢN VÀ SẢN PHẨM THỦY SẢN;SULFONAMIDES;Sulfatroxazole;Sulfatroxazole;VLAB-CH-TP-659;LC-MS/MS;0.167 µg/kg;0.5 µg/kg;72;;; 280.000 ; 560.000 
THỦY SẢN VÀ SẢN PHẨM THỦY SẢN;THỦY SẢN VÀ SẢN PHẨM THỦY SẢN;SULFONAMIDES;Sulfanilamide;Sulfanilamide;VLAB-CH-TP-659;LC-MS/MS;0.167 µg/kg;0.5 µg/kg;72;24;; 280.000 ; 560.000 
THỦY SẢN VÀ SẢN PHẨM THỦY SẢN;THỦY SẢN VÀ SẢN PHẨM THỦY SẢN;SULFONAMIDES;Trimethoprim;Trimethoprim;VLAB-CH-TP-659;LC-MS/MS;0.167 µg/kg;0.5 µg/kg;72;24;; 280.000 ; 560.000 
THỦY SẢN VÀ SẢN PHẨM THỦY SẢN;THỦY SẢN VÀ SẢN PHẨM THỦY SẢN;SULFONAMIDES;Ormetoprim;Ormetoprim;VLAB-CH-TP-659;LC-MS/MS;0.167 µg/kg;0.5 µg/kg;72;24;; 280.000 ; 560.000 
THỰC PHẨM;THỰC PHẨM;PHENOXY ACID HERBICIDES;2,4D;2,4D;VLAB-CH-TP-660;LC-MS/MS;3.33 µg/L;10 µg/L;72;;; 315.000 ; 840.000 
THỰC PHẨM;THỰC PHẨM;PHENOXY ACID HERBICIDES;Dichloprop;Dichloprop;VLAB-CH-TP-660;LC-MS/MS;3.33 µg/mL;10 µg/mL;72;;; 315.000 ; 840.000 
THỰC PHẨM;THỰC PHẨM;PHENOXY ACID HERBICIDES;Fenoprop;Fenoprop;VLAB-CH-TP-660;LC-MS/MS;3.33 µg/mL;10 µg/mL;72;;; 315.000 ; 840.000 
THỰC PHẨM;THỰC PHẨM;FOOD PRESERVATIVES;Acid benzoic;Acid benzoic;VLAB-CH-TP-661;HPLC-PAD;3.33 mg/kg;10 mg/kg;72;;; 350.000 ; NA 
THỰC PHẨM;THỰC PHẨM;FOOD PRESERVATIVES;Muối benzoate;Benzoate;VLAB-CH-TP-661;HPLC-PAD;3.33 mg/kg;10 mg/kg;72;;; 350.000 ; NA 
THỰC PHẨM;THỰC PHẨM;FOOD PRESERVATIVES;Muối sorbate;Sorbate;VLAB-CH-TP-661;HPLC-PAD;3.33 mg/kg;10 mg/kg;72;;; 350.000 ; NA 
THỰC PHẨM;THỰC PHẨM;;Acid citric;Acid citric;VLAB-CH-TP-662;HPLC-PAD;6.67 mg/kg;20 mg/kg;72;;; 350.000 ; NA 
THỰC PHẨM;THỰC PHẨM;MELAMINE;Melamin;Melamin;VLAB-CH-TP-664;LC-MS/MS;0.017 mg/L;0.05 mg/L;72;;; 350.000 ; NA 
THỰC PHẨM;THỰC PHẨM;MELAMINE;Ammelide;Ammelide;VLAB-CH-TP-664;LC-MS/MS;0.017 mg/L;0.05 mg/L;72;;; 350.000 ; NA 
THỰC PHẨM;THỰC PHẨM;MELAMINE;Cyanuric acid;Cyanuric acid;VLAB-CH-TP-664;LC-MS/MS;0.017 mg/L;0.05 mg/L;72;;; 350.000 ; NA 
THỦY SẢN VÀ SẢN PHẨM THỦY SẢN;THỦY SẢN VÀ SẢN PHẨM THỦY SẢN;MELAMINE;Melamin;Melamin;VLAB-CH-TP-664;LC-MS/MS;0.017 mg/kg;0.05 mg/kg;72;;; 350.000 ; NA 
THỦY SẢN VÀ SẢN PHẨM THỦY SẢN;THỦY SẢN VÀ SẢN PHẨM THỦY SẢN;MELAMINE;Ammelide;Ammelide;VLAB-CH-TP-664;LC-MS/MS;0.017 mg/kg;0.05 mg/kg;72;;; 350.000 ; NA 
THỦY SẢN VÀ SẢN PHẨM THỦY SẢN;THỦY SẢN VÀ SẢN PHẨM THỦY SẢN;MELAMINE;Cyanuric acid;Cyanuric acid;VLAB-CH-TP-664;LC-MS/MS;0.017 mg/kg;0.05 mg/kg;72;;; 350.000 ; NA 
THỰC PHẨM;THỰC PHẨM;PES-LC/MS/MS;Acephate;Acephate;VLAB-CH-TP-674;LC-MS/MS;0.003 mg/kg;0.01 mg/kg;72;;; 315.000 ; 840.000 
THỰC PHẨM;THỰC PHẨM;PES-LC/MS/MS;Acetamiprid;Acetamiprid;VLAB-CH-TP-674;LC-MS/MS;0.003 mg/kg;0.01 mg/kg;72;;; 315.000 ; 840.000 
THỰC PHẨM;THỰC PHẨM;PES-LC/MS/MS;Acibenzolar-S-methyl;Acibenzolar-S-methyl;VLAB-CH-TP-674;LC-MS/MS;0.003 mg/kg;0.01 mg/kg;72;;; 315.000 ; 840.000 
THỰC PHẨM;THỰC PHẨM;PES-LC/MS/MS;Albendazole;Albendazole;VLAB-CH-TP-674;LC-MS/MS;0.003 mg/kg;0.01 mg/kg;72;;; 315.000 ; 840.000 
THỰC PHẨM;THỰC PHẨM;PES-LC/MS/MS;Aldicarb;Aldicarb;VLAB-CH-TP-674;LC-MS/MS;0.003 mg/kg;0.01 mg/kg;72;;; 315.000 ; 840.000 
THỰC PHẨM;THỰC PHẨM;PES-LC/MS/MS;Aldicarb sulfone;Aldicarb sulfone;VLAB-CH-TP-674;LC-MS/MS;0.003 mg/kg;0.01 mg/kg;72;;; 315.000 ; 840.000 
THỰC PHẨM;THỰC PHẨM;PES-LC/MS/MS;Aldicarb sulfoxide;Aldicarb sulfoxide;VLAB-CH-TP-674;LC-MS/MS;0.003 mg/kg;0.01 mg/kg;72;;; 315.000 ; 840.000 
THỰC PHẨM;THỰC PHẨM;PES-LC/MS/MS;Ametryn;Ametryn;VLAB-CH-TP-674;LC-MS/MS;0.003 mg/kg;0.01 mg/kg;72;;; 315.000 ; 840.000 
THỰC PHẨM;THỰC PHẨM;PES-LC/MS/MS;Ametoctradin;Ametoctradin;VLAB-CH-TP-674;LC-MS/MS;0.003 mg/kg;0.01 mg/kg;72;;; 315.000 ; 840.000 
THỰC PHẨM;THỰC PHẨM;PES-LC/MS/MS;Aminocarb;Aminocarb;VLAB-CH-TP-674;LC-MS/MS;0.003 mg/kg;0.01 mg/kg;72;;; 315.000 ; 840.000 
THỰC PHẨM;THỰC PHẨM;PES-LC/MS/MS;Amitraz;Amitraz;VLAB-CH-TP-674;LC-MS/MS;0.003 mg/kg;0.01 mg/kg;72;;; 315.000 ; 840.000 
THỰC PHẨM;THỰC PHẨM;PES-LC/MS/MS;Azoxystrobin;Azoxystrobin;VLAB-CH-TP-674;LC-MS/MS;0.003 mg/kg;0.01 mg/kg;72;;; 315.000 ; 840.000 
THỰC PHẨM;THỰC PHẨM;PES-LC/MS/MS;Benalaxyl;Benalaxyl;VLAB-CH-TP-674;LC-MS/MS;0.003 mg/kg;0.01 mg/kg;72;;; 315.000 ; 840.000 
THỰC PHẨM;THỰC PHẨM;PES-LC/MS/MS;Bendiocarb;Bendiocarb;VLAB-CH-TP-674;LC-MS/MS;0.003 mg/kg;0.01 mg/kg;72;;; 315.000 ; 840.000 
THỰC PHẨM;THỰC PHẨM;PES-LC/MS/MS;Benomyl;Benomyl;VLAB-CH-TP-674;LC-MS/MS;0.003 mg/kg;0.01 mg/kg;72;;; 315.000 ; 840.000 
THỰC PHẨM;THỰC PHẨM;PES-LC/MS/MS;Benzoximate;Benzoximate;VLAB-CH-TP-674;LC-MS/MS;0.003 mg/kg;0.01 mg/kg;72;;; 315.000 ; 840.000 
THỰC PHẨM;THỰC PHẨM;PES-LC/MS/MS;Bifenazate;Bifenazate;VLAB-CH-TP-674;LC-MS/MS;0.003 mg/kg;0.01 mg/kg;72;;; 315.000 ; 840.000 
THỰC PHẨM;THỰC PHẨM;PES-LC/MS/MS;Bitertanol (Baycor);Bitertanol (Baycor);VLAB-CH-TP-674;LC-MS/MS;0.003 mg/kg;0.01 mg/kg;72;;; 315.000 ; 840.000 
THỰC PHẨM;THỰC PHẨM;PES-LC/MS/MS;Boscalid;Boscalid;VLAB-CH-TP-674;LC-MS/MS;0.003 mg/kg;0.01 mg/kg;72;;; 315.000 ; 840.000 
THỰC PHẨM;THỰC PHẨM;PES-LC/MS/MS;Bromuconazole;Bromuconazole;VLAB-CH-TP-674;LC-MS/MS;0.003 mg/kg;0.01 mg/kg;72;;; 315.000 ; 840.000 
THỰC PHẨM;THỰC PHẨM;PES-LC/MS/MS;Buprofezin;Buprofezin;VLAB-CH-TP-674;LC-MS/MS;0.003 mg/kg;0.01 mg/kg;72;;; 315.000 ; 840.000 
THỰC PHẨM;THỰC PHẨM;PES-LC/MS/MS;Bupirimate;Bupirimate;VLAB-CH-TP-674;LC-MS/MS;0.003 mg/kg;0.01 mg/kg;72;;; 315.000 ; 840.000 
THỰC PHẨM;THỰC PHẨM;PES-LC/MS/MS;Butafenacil;Butafenacil;VLAB-CH-TP-674;LC-MS/MS;0.003 mg/kg;0.01 mg/kg;72;;; 315.000 ; 840.000 
THỰC PHẨM;THỰC PHẨM;PES-LC/MS/MS;Butoxycarboxim;Butoxycarboxim;VLAB-CH-TP-674;LC-MS/MS;0.003 mg/kg;0.01 mg/kg;72;;; 315.000 ; 840.000 
THỰC PHẨM;THỰC PHẨM;PES-LC/MS/MS;Butocarboxim;Butocarboxim;VLAB-CH-TP-674;LC-MS/MS;0.003 mg/kg;0.01 mg/kg;72;;; 315.000 ; 840.000 
THỰC PHẨM;THỰC PHẨM;PES-LC/MS/MS;Carbaryl (sevin);Carbaryl (sevin);VLAB-CH-TP-674;LC-MS/MS;0.003 mg/kg;0.01 mg/kg;72;;; 315.000 ; 840.000 
THỰC PHẨM;THỰC PHẨM;PES-LC/MS/MS;Carbendazim;Carbendazim;VLAB-CH-TP-674;LC-MS/MS;0.003 mg/kg;0.01 mg/kg;72;;; 315.000 ; 840.000 
THỰC PHẨM;THỰC PHẨM;PES-LC/MS/MS;Carbetamide;Carbetamide;VLAB-CH-TP-674;LC-MS/MS;0.003 mg/kg;0.01 mg/kg;72;;; 315.000 ; 840.000 
THỰC PHẨM;THỰC PHẨM;PES-LC/MS/MS;Carbofuran;Carbofuran;VLAB-CH-TP-674;LC-MS/MS;0.003 mg/kg;0.01 mg/kg;72;;; 315.000 ; 840.000 
THỰC PHẨM;THỰC PHẨM;PES-LC/MS/MS;Carbofuran-3-hydroxy;Carbofuran-3-hydroxy;VLAB-CH-TP-674;LC-MS/MS;0.003 mg/kg;0.01 mg/kg;72;;; 315.000 ; 840.000 
THỰC PHẨM;THỰC PHẨM;PES-LC/MS/MS;Carboxin;Carboxin;VLAB-CH-TP-674;LC-MS/MS;0.003 mg/kg;0.01 mg/kg;72;;; 315.000 ; 840.000 
THỰC PHẨM;THỰC PHẨM;PES-LC/MS/MS;Chlorantraniliprole;Chlorantraniliprole;VLAB-CH-TP-674;LC-MS/MS;0.003 mg/kg;0.01 mg/kg;72;;; 315.000 ; 840.000 
THỰC PHẨM;THỰC PHẨM;PES-LC/MS/MS;Chloroxuron;Chloroxuron;VLAB-CH-TP-674;LC-MS/MS;0.003 mg/kg;0.01 mg/kg;72;;; 315.000 ; 840.000 
THỰC PHẨM;THỰC PHẨM;PES-LC/MS/MS;Clethodim;Clethodim;VLAB-CH-TP-674;LC-MS/MS;0.003 mg/kg;0.01 mg/kg;72;;; 315.000 ; 840.000 
THỰC PHẨM;THỰC PHẨM;PES-LC/MS/MS;Clofentezine;Clofentezine;VLAB-CH-TP-674;LC-MS/MS;0.003 mg/kg;0.01 mg/kg;72;;; 315.000 ; 840.000 
THỰC PHẨM;THỰC PHẨM;PES-LC/MS/MS;Clothianidin;Clothianidin;VLAB-CH-TP-674;LC-MS/MS;0.003 mg/kg;0.01 mg/kg;72;;; 315.000 ; 840.000 
THỰC PHẨM;THỰC PHẨM;PES-LC/MS/MS;Cyazofamid;Cyazofamid;VLAB-CH-TP-674;LC-MS/MS;0.003 mg/kg;0.01 mg/kg;72;;; 315.000 ; 840.000 
THỰC PHẨM;THỰC PHẨM;PES-LC/MS/MS;Cycluron;Cycluron;VLAB-CH-TP-674;LC-MS/MS;0.003 mg/kg;0.01 mg/kg;72;;; 315.000 ; 840.000 
THỰC PHẨM;THỰC PHẨM;PES-LC/MS/MS;Cyhexatin;Cyhexatin;VLAB-CH-TP-674;LC-MS/MS;0.003 mg/kg;0.01 mg/kg;72;;; 315.000 ; 840.000 
THỰC PHẨM;THỰC PHẨM;PES-LC/MS/MS;Cymoxanil;Cymoxanil;VLAB-CH-TP-674;LC-MS/MS;0.003 mg/kg;0.01 mg/kg;72;;; 315.000 ; 840.000 
THỰC PHẨM;THỰC PHẨM;PES-LC/MS/MS;Cyproconazole;Cyproconazole;VLAB-CH-TP-674;LC-MS/MS;0.003 mg/kg;0.01 mg/kg;72;;; 315.000 ; 840.000 
THỰC PHẨM;THỰC PHẨM;PES-LC/MS/MS;Cycloxydim;Cycloxydim;VLAB-CH-TP-674;LC-MS/MS;0.003 mg/kg;0.01 mg/kg;72;;; 315.000 ; 840.000 
THỰC PHẨM;THỰC PHẨM;PES-LC/MS/MS;Cyromazine;Cyromazine;VLAB-CH-TP-674;LC-MS/MS;0.003 mg/kg;0.01 mg/kg;72;;; 315.000 ; 840.000 
THỰC PHẨM;THỰC PHẨM;PES-LC/MS/MS;Cyprodinil;Cyprodinil;VLAB-CH-TP-674;LC-MS/MS;0.003 mg/kg;0.01 mg/kg;72;;; 315.000 ; 840.000 
THỰC PHẨM;THỰC PHẨM;PES-LC/MS/MS;Diafenthiuron;Diafenthiuron;VLAB-CH-TP-674;LC-MS/MS;0.003 mg/kg;0.01 mg/kg;72;;; 315.000 ; 840.000 
THỰC PHẨM;THỰC PHẨM;PES-LC/MS/MS;Dichlofluanid;Dichlofluanid;VLAB-CH-TP-674;LC-MS/MS;0.003 mg/kg;0.01 mg/kg;72;;; 315.000 ; 840.000 
THỰC PHẨM;THỰC PHẨM;PES-LC/MS/MS;Desmedipham;Desmedipham;VLAB-CH-TP-674;LC-MS/MS;0.003 mg/kg;0.01 mg/kg;72;;; 315.000 ; 840.000 
THỰC PHẨM;THỰC PHẨM;PES-LC/MS/MS;Dichlobutrazol;Dichlobutrazol;VLAB-CH-TP-674;LC-MS/MS;0.003 mg/kg;0.01 mg/kg;72;;; 315.000 ; 840.000 
THỰC PHẨM;THỰC PHẨM;PES-LC/MS/MS;Dicrotophos;Dicrotophos;VLAB-CH-TP-674;LC-MS/MS;0.003 mg/kg;0.01 mg/kg;72;;; 315.000 ; 840.000 
THỰC PHẨM;THỰC PHẨM;PES-LC/MS/MS;Diethofencarb;Diethofencarb;VLAB-CH-TP-674;LC-MS/MS;0.003 mg/kg;0.01 mg/kg;72;;; 315.000 ; 840.000 
THỰC PHẨM;THỰC PHẨM;PES-LC/MS/MS;Diflufenican;Diflufenican;VLAB-CH-TP-674;LC-MS/MS;0.003 mg/kg;0.01 mg/kg;72;;; 315.000 ; 840.000 
THỰC PHẨM;THỰC PHẨM;PES-LC/MS/MS;Difenoconazole;Difenoconazole;VLAB-CH-TP-674;LC-MS/MS;0.003 mg/kg;0.01 mg/kg;72;;; 315.000 ; 840.000 
THỰC PHẨM;THỰC PHẨM;PES-LC/MS/MS;Dimethirimol;Dimethirimol;VLAB-CH-TP-674;LC-MS/MS;0.003 mg/kg;0.01 mg/kg;72;;; 315.000 ; 840.000 
THỰC PHẨM;THỰC PHẨM;PES-LC/MS/MS;Dimethoate;Dimethoate;VLAB-CH-TP-674;LC-MS/MS;0.003 mg/kg;0.01 mg/kg;72;;; 315.000 ; 840.000 
THỰC PHẨM;THỰC PHẨM;PES-LC/MS/MS;Dimethomorph;Dimethomorph;VLAB-CH-TP-674;LC-MS/MS;0.003 mg/kg;0.01 mg/kg;72;;; 315.000 ; 840.000 
THỰC PHẨM;THỰC PHẨM;PES-LC/MS/MS;Dimoxystrobin;Dimoxystrobin;VLAB-CH-TP-674;LC-MS/MS;0.003 mg/kg;0.01 mg/kg;72;;; 315.000 ; 840.000 
THỰC PHẨM;THỰC PHẨM;PES-LC/MS/MS;N,N-Dimethyl-N'-p-tolylsulphamide (DMST);N,N-Dimethyl-N'-p-tolylsulphamide (DMST);VLAB-CH-TP-674;LC-MS/MS;0.003 mg/kg;0.01 mg/kg;72;;; 315.000 ; 840.000 
THỰC PHẨM;THỰC PHẨM;PES-LC/MS/MS;N,N-Dimethylaminosulfanilide (DMSA);N,N-Dimethylaminosulfanilide (DMSA);VLAB-CH-TP-674;LC-MS/MS;0.003 mg/kg;0.01 mg/kg;72;;; 315.000 ; 840.000 
THỰC PHẨM;THỰC PHẨM;PES-LC/MS/MS;Diniconazole;Diniconazole;VLAB-CH-TP-674;LC-MS/MS;0.003 mg/kg;0.01 mg/kg;72;;; 315.000 ; 840.000 
THỰC PHẨM;THỰC PHẨM;PES-LC/MS/MS;Dinotefuran;Dinotefuran;VLAB-CH-TP-674;LC-MS/MS;0.003 mg/kg;0.01 mg/kg;72;;; 315.000 ; 840.000 
THỰC PHẨM;THỰC PHẨM;PES-LC/MS/MS;Dioxacarb;Dioxacarb;VLAB-CH-TP-674;LC-MS/MS;0.003 mg/kg;0.01 mg/kg;72;;; 315.000 ; 840.000 
THỰC PHẨM;THỰC PHẨM;PES-LC/MS/MS;Diuron;Diuron;VLAB-CH-TP-674;LC-MS/MS;0.003 mg/kg;0.01 mg/kg;72;;; 315.000 ; 840.000 
THỰC PHẨM;THỰC PHẨM;PES-LC/MS/MS;Dodine;Dodine;VLAB-CH-TP-674;LC-MS/MS;0.003 mg/kg;0.01 mg/kg;72;;; 315.000 ; 840.000 
THỰC PHẨM;THỰC PHẨM;PES-LC/MS/MS;Emamectin Benzoate (Proclaim);Emamectin Benzoate (Proclaim);VLAB-CH-TP-674;LC-MS/MS;0.003 mg/kg;0.01 mg/kg;72;;; 315.000 ; 840.000 
THỰC PHẨM;THỰC PHẨM;PES-LC/MS/MS;Epoxiconazole;Epoxiconazole;VLAB-CH-TP-674;LC-MS/MS;0.003 mg/kg;0.01 mg/kg;72;;; 315.000 ; 840.000 
THỰC PHẨM;THỰC PHẨM;PES-LC/MS/MS;Ethoxyquin;Ethoxyquin;VLAB-CH-TP-674;LC-MS/MS;0.003 mg/kg;0.01 mg/kg;72;;; 315.000 ; 840.000 
THỰC PHẨM;THỰC PHẨM;PES-LC/MS/MS;Etaconazole;Etaconazole;VLAB-CH-TP-674;LC-MS/MS;0.003 mg/kg;0.01 mg/kg;72;;; 315.000 ; 840.000 
THỰC PHẨM;THỰC PHẨM;PES-LC/MS/MS;Ethiofencarb;Ethiofencarb;VLAB-CH-TP-674;LC-MS/MS;0.003 mg/kg;0.01 mg/kg;72;;; 315.000 ; 840.000 
THỰC PHẨM;THỰC PHẨM;PES-LC/MS/MS;Ethiprole;Ethiprole;VLAB-CH-TP-674;LC-MS/MS;0.003 mg/kg;0.01 mg/kg;72;;; 315.000 ; 840.000 
THỰC PHẨM;THỰC PHẨM;PES-LC/MS/MS;Ethofumesate;Ethofumesate;VLAB-CH-TP-674;LC-MS/MS;0.003 mg/kg;0.01 mg/kg;72;;; 315.000 ; 840.000 
THỰC PHẨM;THỰC PHẨM;PES-LC/MS/MS;Fenamidone;Fenamidone;VLAB-CH-TP-674;LC-MS/MS;0.003 mg/kg;0.01 mg/kg;72;;; 315.000 ; 840.000 
THỰC PHẨM;THỰC PHẨM;PES-LC/MS/MS;Fenarimol;Fenarimol;VLAB-CH-TP-674;LC-MS/MS;0.003 mg/kg;0.01 mg/kg;72;;; 315.000 ; 840.000 
THỰC PHẨM;THỰC PHẨM;PES-LC/MS/MS;Fenazaquin;Fenazaquin;VLAB-CH-TP-674;LC-MS/MS;0.003 mg/kg;0.01 mg/kg;72;;; 315.000 ; 840.000 
THỰC PHẨM;THỰC PHẨM;PES-LC/MS/MS;Fenbuconazole;Fenbuconazole;VLAB-CH-TP-674;LC-MS/MS;0.003 mg/kg;0.01 mg/kg;72;;; 315.000 ; 840.000 
THỰC PHẨM;THỰC PHẨM;PES-LC/MS/MS;Fenbutatin oxide;Fenbutatin oxide;VLAB-CH-TP-674;LC-MS/MS;0.003 mg/kg;0.01 mg/kg;72;;; 315.000 ; 840.000 
THỰC PHẨM;THỰC PHẨM;PES-LC/MS/MS;Fenbendazole;Fenbendazole;VLAB-CH-TP-674;LC-MS/MS;0.003 mg/kg;0.01 mg/kg;72;;; 315.000 ; 840.000 
THỰC PHẨM;THỰC PHẨM;PES-LC/MS/MS;Fenhexamid;Fenhexamid;VLAB-CH-TP-674;LC-MS/MS;0.003 mg/kg;0.01 mg/kg;72;;; 315.000 ; 840.000 
THỰC PHẨM;THỰC PHẨM;PES-LC/MS/MS;Fenobucarb;Fenobucarb;VLAB-CH-TP-674;LC-MS/MS;0.003 mg/kg;0.01 mg/kg;72;;; 315.000 ; 840.000 
THỰC PHẨM;THỰC PHẨM;PES-LC/MS/MS;Fenoxycarb;Fenoxycarb;VLAB-CH-TP-674;LC-MS/MS;0.003 mg/kg;0.01 mg/kg;72;;; 315.000 ; 840.000 
THỰC PHẨM;THỰC PHẨM;PES-LC/MS/MS;Fenpropimorph;Fenpropimorph;VLAB-CH-TP-674;LC-MS/MS;0.003 mg/kg;0.01 mg/kg;72;;; 315.000 ; 840.000 
THỰC PHẨM;THỰC PHẨM;PES-LC/MS/MS;Fenpyroximate;Fenpyroximate;VLAB-CH-TP-674;LC-MS/MS;0.003 mg/kg;0.01 mg/kg;72;;; 315.000 ; 840.000 
THỰC PHẨM;THỰC PHẨM;PES-LC/MS/MS;Fenuron;Fenuron;VLAB-CH-TP-674;LC-MS/MS;0.003 mg/kg;0.01 mg/kg;72;;; 315.000 ; 840.000 
THỰC PHẨM;THỰC PHẨM;PES-LC/MS/MS;Flonicamid;Flonicamid;VLAB-CH-TP-674;LC-MS/MS;0.003 mg/kg;0.01 mg/kg;72;;; 315.000 ; 840.000 
THỰC PHẨM;THỰC PHẨM;PES-LC/MS/MS;Flubendiamide;Flubendiamide;VLAB-CH-TP-674;LC-MS/MS;0.003 mg/kg;0.01 mg/kg;72;;; 315.000 ; 840.000 
THỰC PHẨM;THỰC PHẨM;PES-LC/MS/MS;Flubendazole;Flubendazole;VLAB-CH-TP-674;LC-MS/MS;0.003 mg/kg;0.01 mg/kg;72;;; 315.000 ; 840.000 
THỰC PHẨM;THỰC PHẨM;PES-LC/MS/MS;Fludioxonil;Fludioxonil;VLAB-CH-TP-674;LC-MS/MS;0.003 mg/kg;0.01 mg/kg;72;;; 315.000 ; 840.000 
THỰC PHẨM;THỰC PHẨM;PES-LC/MS/MS;Flufenoxuron;Flufenoxuron;VLAB-CH-TP-674;LC-MS/MS;0.003 mg/kg;0.01 mg/kg;72;;; 315.000 ; 840.000 
THỰC PHẨM;THỰC PHẨM;PES-LC/MS/MS;Flufenacet;Flufenacet;VLAB-CH-TP-674;LC-MS/MS;0.003 mg/kg;0.01 mg/kg;72;;; 315.000 ; 840.000 
THỰC PHẨM;THỰC PHẨM;PES-LC/MS/MS;Fluometuron (Fluomethuron);Fluometuron (Fluomethuron);VLAB-CH-TP-674;LC-MS/MS;0.003 mg/kg;0.01 mg/kg;72;;; 315.000 ; 840.000 
THỰC PHẨM;THỰC PHẨM;PES-LC/MS/MS;Fluopyram;Fluopyram;VLAB-CH-TP-674;LC-MS/MS;0.003 mg/kg;0.01 mg/kg;72;;; 315.000 ; 840.000 
THỰC PHẨM;THỰC PHẨM;PES-LC/MS/MS;Fluoxastrobin;Fluoxastrobin;VLAB-CH-TP-674;LC-MS/MS;0.003 mg/kg;0.01 mg/kg;72;;; 315.000 ; 840.000 
THỰC PHẨM;THỰC PHẨM;PES-LC/MS/MS;Fluquinconazole;Fluquinconazole;VLAB-CH-TP-674;LC-MS/MS;0.003 mg/kg;0.01 mg/kg;72;;; 315.000 ; 840.000 
THỰC PHẨM;THỰC PHẨM;PES-LC/MS/MS;Fluxapyroxad;Fluxapyroxad;VLAB-CH-TP-674;LC-MS/MS;0.003 mg/kg;0.01 mg/kg;72;;; 315.000 ; 840.000 
THỰC PHẨM;THỰC PHẨM;PES-LC/MS/MS;Flusilazole;Flusilazole;VLAB-CH-TP-674;LC-MS/MS;0.003 mg/kg;0.01 mg/kg;72;;; 315.000 ; 840.000 
THỰC PHẨM;THỰC PHẨM;PES-LC/MS/MS;Flutriafol;Flutriafol;VLAB-CH-TP-674;LC-MS/MS;0.003 mg/kg;0.01 mg/kg;72;;; 315.000 ; 840.000 
THỰC PHẨM;THỰC PHẨM;PES-LC/MS/MS;Fluopicolide;Fluopicolide;VLAB-CH-TP-674;LC-MS/MS;0.003 mg/kg;0.01 mg/kg;72;;; 315.000 ; 840.000 
THỰC PHẨM;THỰC PHẨM;PES-LC/MS/MS;Forchlorfenuron;Forchlorfenuron;VLAB-CH-TP-674;LC-MS/MS;0.003 mg/kg;0.01 mg/kg;72;;; 315.000 ; 840.000 
THỰC PHẨM;THỰC PHẨM;PES-LC/MS/MS;Formetanate;Formetanate;VLAB-CH-TP-674;LC-MS/MS;0.003 mg/kg;0.01 mg/kg;72;;; 315.000 ; 840.000 
THỰC PHẨM;THỰC PHẨM;PES-LC/MS/MS;Fuberidazole;Fuberidazole;VLAB-CH-TP-674;LC-MS/MS;0.003 mg/kg;0.01 mg/kg;72;;; 315.000 ; 840.000 
THỰC PHẨM;THỰC PHẨM;PES-LC/MS/MS;Furalaxyl;Furalaxyl;VLAB-CH-TP-674;LC-MS/MS;0.003 mg/kg;0.01 mg/kg;72;;; 315.000 ; 840.000 
THỰC PHẨM;THỰC PHẨM;PES-LC/MS/MS;Furathiocarb;Furathiocarb;VLAB-CH-TP-674;LC-MS/MS;0.003 mg/kg;0.01 mg/kg;72;;; 315.000 ; 840.000 
THỰC PHẨM;THỰC PHẨM;PES-LC/MS/MS;Halofenozide;Halofenozide;VLAB-CH-TP-674;LC-MS/MS;0.003 mg/kg;0.01 mg/kg;72;;; 315.000 ; 840.000 
THỰC PHẨM;THỰC PHẨM;PES-LC/MS/MS;Hexaconazole;Hexaconazole;VLAB-CH-TP-674;LC-MS/MS;0.003 mg/kg;0.01 mg/kg;72;;; 315.000 ; 840.000 
THỰC PHẨM;THỰC PHẨM;PES-LC/MS/MS;Haloxyfop;Haloxyfop;VLAB-CH-TP-674;LC-MS/MS;0.003 mg/kg;0.01 mg/kg;72;;; 315.000 ; 840.000 
THỰC PHẨM;THỰC PHẨM;PES-LC/MS/MS;Hexythiazox;Hexythiazox;VLAB-CH-TP-674;LC-MS/MS;0.003 mg/kg;0.01 mg/kg;72;;; 315.000 ; 840.000 
THỰC PHẨM;THỰC PHẨM;PES-LC/MS/MS;Hydramethylnon;Hydramethylnon;VLAB-CH-TP-674;LC-MS/MS;0.003 mg/kg;0.01 mg/kg;72;;; 315.000 ; 840.000 
THỰC PHẨM;THỰC PHẨM;PES-LC/MS/MS;Imazalil;Imazalil;VLAB-CH-TP-674;LC-MS/MS;0.003 mg/kg;0.01 mg/kg;72;;; 315.000 ; 840.000 
THỰC PHẨM;THỰC PHẨM;PES-LC/MS/MS;Imidacloprid;Imidacloprid;VLAB-CH-TP-674;LC-MS/MS;0.003 mg/kg;0.01 mg/kg;72;;; 315.000 ; 840.000 
THỰC PHẨM;THỰC PHẨM;PES-LC/MS/MS;Indoxacarb;Indoxacarb;VLAB-CH-TP-674;LC-MS/MS;0.003 mg/kg;0.01 mg/kg;72;;; 315.000 ; 840.000 
THỰC PHẨM;THỰC PHẨM;PES-LC/MS/MS;Ipconazole;Ipconazole;VLAB-CH-TP-674;LC-MS/MS;0.003 mg/kg;0.01 mg/kg;72;;; 315.000 ; 840.000 
THỰC PHẨM;THỰC PHẨM;PES-LC/MS/MS;Iprovalicarb;Iprovalicarb;VLAB-CH-TP-674;LC-MS/MS;0.003 mg/kg;0.01 mg/kg;72;;; 315.000 ; 840.000 
THỰC PHẨM;THỰC PHẨM;PES-LC/MS/MS;Isoprocarb;Isoprocarb;VLAB-CH-TP-674;LC-MS/MS;0.003 mg/kg;0.01 mg/kg;72;;; 315.000 ; 840.000 
THỰC PHẨM;THỰC PHẨM;PES-LC/MS/MS;Iprodione;Iprodione;VLAB-CH-TP-674;LC-MS/MS;0.003 mg/kg;0.01 mg/kg;72;;; 315.000 ; 840.000 
THỰC PHẨM;THỰC PHẨM;PES-LC/MS/MS;Isoproturon;Isoproturon;VLAB-CH-TP-674;LC-MS/MS;0.003 mg/kg;0.01 mg/kg;72;;; 315.000 ; 840.000 
THỰC PHẨM;THỰC PHẨM;PES-LC/MS/MS;Isoxaflutole;Isoxaflutole;VLAB-CH-TP-674;LC-MS/MS;0.003 mg/kg;0.01 mg/kg;72;;; 315.000 ; 840.000 
THỰC PHẨM;THỰC PHẨM;PES-LC/MS/MS;Kresoxim-methyl;Kresoxim-methyl;VLAB-CH-TP-674;LC-MS/MS;0.003 mg/kg;0.01 mg/kg;72;;; 315.000 ; 840.000 
THỰC PHẨM;THỰC PHẨM;PES-LC/MS/MS;Linuron;Linuron;VLAB-CH-TP-674;LC-MS/MS;0.003 mg/kg;0.01 mg/kg;72;;; 315.000 ; 840.000 
THỰC PHẨM;THỰC PHẨM;PES-LC/MS/MS;Lufenuron;Lufenuron;VLAB-CH-TP-674;LC-MS/MS;0.003 mg/kg;0.01 mg/kg;72;;; 315.000 ; 840.000 
THỰC PHẨM;THỰC PHẨM;PES-LC/MS/MS;Mandipropamid;Mandipropamid;VLAB-CH-TP-674;LC-MS/MS;0.003 mg/kg;0.01 mg/kg;72;;; 315.000 ; 840.000 
THỰC PHẨM;THỰC PHẨM;PES-LC/MS/MS;Mecarbam;Mecarbam;VLAB-CH-TP-674;LC-MS/MS;0.003 mg/kg;0.01 mg/kg;72;;; 315.000 ; 840.000 
THỰC PHẨM;THỰC PHẨM;PES-LC/MS/MS;Mefenacet;Mefenacet;VLAB-CH-TP-674;LC-MS/MS;0.003 mg/kg;0.01 mg/kg;72;;; 315.000 ; 840.000 
THỰC PHẨM;THỰC PHẨM;PES-LC/MS/MS;Mepanipyrim;Mepanipyrim;VLAB-CH-TP-674;LC-MS/MS;0.003 mg/kg;0.01 mg/kg;72;;; 315.000 ; 840.000 
THỰC PHẨM;THỰC PHẨM;PES-LC/MS/MS;Mepronil;Mepronil;VLAB-CH-TP-674;LC-MS/MS;0.003 mg/kg;0.01 mg/kg;72;;; 315.000 ; 840.000 
THỰC PHẨM;THỰC PHẨM;PES-LC/MS/MS;Mesotrione;Mesotrione;VLAB-CH-TP-674;LC-MS/MS;0.003 mg/kg;0.01 mg/kg;72;;; 315.000 ; 840.000 
THỰC PHẨM;THỰC PHẨM;PES-LC/MS/MS;Metalaxyl;Metalaxyl;VLAB-CH-TP-674;LC-MS/MS;0.003 mg/kg;0.01 mg/kg;72;;; 315.000 ; 840.000 
THỰC PHẨM;THỰC PHẨM;PES-LC/MS/MS;Metconazole;Metconazole;VLAB-CH-TP-674;LC-MS/MS;0.003 mg/kg;0.01 mg/kg;72;;; 315.000 ; 840.000 
THỰC PHẨM;THỰC PHẨM;PES-LC/MS/MS;Methabenzthiazuron;Methabenzthiazuron;VLAB-CH-TP-674;LC-MS/MS;0.003 mg/kg;0.01 mg/kg;72;;; 315.000 ; 840.000 
THỰC PHẨM;THỰC PHẨM;PES-LC/MS/MS;Methamidophos;Methamidophos;VLAB-CH-TP-674;LC-MS/MS;0.003 mg/kg;0.01 mg/kg;72;;; 315.000 ; 840.000 
THỰC PHẨM;THỰC PHẨM;PES-LC/MS/MS;Methiocarb;Methiocarb;VLAB-CH-TP-674;LC-MS/MS;0.003 mg/kg;0.01 mg/kg;72;;; 315.000 ; 840.000 
THỰC PHẨM;THỰC PHẨM;PES-LC/MS/MS;Methomyl;Methomyl;VLAB-CH-TP-674;LC-MS/MS;0.003 mg/kg;0.01 mg/kg;72;;; 315.000 ; 840.000 
THỰC PHẨM;THỰC PHẨM;PES-LC/MS/MS;Methoprotryne;Methoprotryne;VLAB-CH-TP-674;LC-MS/MS;0.003 mg/kg;0.01 mg/kg;72;;; 315.000 ; 840.000 
THỰC PHẨM;THỰC PHẨM;PES-LC/MS/MS;Methoxyfenozide;Methoxyfenozide;VLAB-CH-TP-674;LC-MS/MS;0.003 mg/kg;0.01 mg/kg;72;;; 315.000 ; 840.000 
THỰC PHẨM;THỰC PHẨM;PES-LC/MS/MS;Metobromuron;Metobromuron;VLAB-CH-TP-674;LC-MS/MS;0.003 mg/kg;0.01 mg/kg;72;;; 315.000 ; 840.000 
THỰC PHẨM;THỰC PHẨM;PES-LC/MS/MS;Metribuzin;Metribuzin;VLAB-CH-TP-674;LC-MS/MS;0.003 mg/kg;0.01 mg/kg;72;;; 315.000 ; 840.000 
THỰC PHẨM;THỰC PHẨM;PES-LC/MS/MS;Mexacarbate (Zectran);Mexacarbate (Zectran);VLAB-CH-TP-674;LC-MS/MS;0.003 mg/kg;0.01 mg/kg;72;;; 315.000 ; 840.000 
THỰC PHẨM;THỰC PHẨM;PES-LC/MS/MS;Mevinphos;Mevinphos;VLAB-CH-TP-674;LC-MS/MS;0.003 mg/kg;0.01 mg/kg;72;;; 315.000 ; 840.000 
THỰC PHẨM;THỰC PHẨM;PES-LC/MS/MS;Monocrotophos;Monocrotophos;VLAB-CH-TP-674;LC-MS/MS;0.003 mg/kg;0.01 mg/kg;72;;; 315.000 ; 840.000 
THỰC PHẨM;THỰC PHẨM;PES-LC/MS/MS;Monolinuron;Monolinuron;VLAB-CH-TP-674;LC-MS/MS;0.003 mg/kg;0.01 mg/kg;72;;; 315.000 ; 840.000 
THỰC PHẨM;THỰC PHẨM;PES-LC/MS/MS;Neburon;Neburon;VLAB-CH-TP-674;LC-MS/MS;0.003 mg/kg;0.01 mg/kg;72;;; 315.000 ; 840.000 
THỰC PHẨM;THỰC PHẨM;PES-LC/MS/MS;Nitenpyram;Nitenpyram;VLAB-CH-TP-674;LC-MS/MS;0.003 mg/kg;0.01 mg/kg;72;;; 315.000 ; 840.000 
THỰC PHẨM;THỰC PHẨM;PES-LC/MS/MS;Novaluron;Novaluron;VLAB-CH-TP-674;LC-MS/MS;0.003 mg/kg;0.01 mg/kg;72;;; 315.000 ; 840.000 
THỰC PHẨM;THỰC PHẨM;PES-LC/MS/MS;Nuarimol;Nuarimol;VLAB-CH-TP-674;LC-MS/MS;0.003 mg/kg;0.01 mg/kg;72;;; 315.000 ; 840.000 
THỰC PHẨM;THỰC PHẨM;PES-LC/MS/MS;Omethoate;Omethoate;VLAB-CH-TP-674;LC-MS/MS;0.003 mg/kg;0.01 mg/kg;72;;; 315.000 ; 840.000 
THỰC PHẨM;THỰC PHẨM;PES-LC/MS/MS;Oxadixyl;Oxadixyl;VLAB-CH-TP-674;LC-MS/MS;0.003 mg/kg;0.01 mg/kg;72;;; 315.000 ; 840.000 
THỰC PHẨM;THỰC PHẨM;PES-LC/MS/MS;Paclobutrazol;Paclobutrazol;VLAB-CH-TP-674;LC-MS/MS;0.003 mg/kg;0.01 mg/kg;72;;; 315.000 ; 840.000 
THỰC PHẨM;THỰC PHẨM;PES-LC/MS/MS;Oxamyl;Oxamyl;VLAB-CH-TP-674;LC-MS/MS;0.003 mg/kg;0.01 mg/kg;72;;; 315.000 ; 840.000 
THỰC PHẨM;THỰC PHẨM;PES-LC/MS/MS;Penconazole;Penconazole;VLAB-CH-TP-674;LC-MS/MS;0.003 mg/kg;0.01 mg/kg;72;;; 315.000 ; 840.000 
THỰC PHẨM;THỰC PHẨM;PES-LC/MS/MS;Penthipyorad;Penthipyorad;VLAB-CH-TP-674;LC-MS/MS;0.003 mg/kg;0.01 mg/kg;72;;; 315.000 ; 840.000 
THỰC PHẨM;THỰC PHẨM;PES-LC/MS/MS;Phenmedipham;Phenmedipham;VLAB-CH-TP-674;LC-MS/MS;0.003 mg/kg;0.01 mg/kg;72;;; 315.000 ; 840.000 
THỰC PHẨM;THỰC PHẨM;PES-LC/MS/MS;Picoxystrobin;Picoxystrobin;VLAB-CH-TP-674;LC-MS/MS;0.003 mg/kg;0.01 mg/kg;72;;; 315.000 ; 840.000 
THỰC PHẨM;THỰC PHẨM;PES-LC/MS/MS;Pirimicarb;Pirimicarb;VLAB-CH-TP-674;LC-MS/MS;0.003 mg/kg;0.01 mg/kg;72;;; 315.000 ; 840.000 
THỰC PHẨM;THỰC PHẨM;PES-LC/MS/MS;Prochloraz;Prochloraz;VLAB-CH-TP-674;LC-MS/MS;0.003 mg/kg;0.01 mg/kg;72;;; 315.000 ; 840.000 
THỰC PHẨM;THỰC PHẨM;PES-LC/MS/MS;Promecarb;Promecarb;VLAB-CH-TP-674;LC-MS/MS;0.003 mg/kg;0.01 mg/kg;72;;; 315.000 ; 840.000 
THỰC PHẨM;THỰC PHẨM;PES-LC/MS/MS;Prometon;Prometon;VLAB-CH-TP-674;LC-MS/MS;0.003 mg/kg;0.01 mg/kg;72;;; 315.000 ; 840.000 
THỰC PHẨM;THỰC PHẨM;PES-LC/MS/MS;Prometryne;Prometryne;VLAB-CH-TP-674;LC-MS/MS;0.003 mg/kg;0.01 mg/kg;72;;; 315.000 ; 840.000 
THỰC PHẨM;THỰC PHẨM;PES-LC/MS/MS;Propamocarb;Propamocarb;VLAB-CH-TP-674;LC-MS/MS;0.003 mg/kg;0.01 mg/kg;72;;; 315.000 ; 840.000 
THỰC PHẨM;THỰC PHẨM;PES-LC/MS/MS;Propham;Propham;VLAB-CH-TP-674;LC-MS/MS;0.003 mg/kg;0.01 mg/kg;72;;; 315.000 ; 840.000 
THỰC PHẨM;THỰC PHẨM;PES-LC/MS/MS;Propetamphos;Propetamphos;VLAB-CH-TP-674;LC-MS/MS;0.003 mg/kg;0.01 mg/kg;72;;; 315.000 ; 840.000 
THỰC PHẨM;THỰC PHẨM;PES-LC/MS/MS;Propiconazole;Propiconazole;VLAB-CH-TP-674;LC-MS/MS;0.003 mg/kg;0.01 mg/kg;72;;; 315.000 ; 840.000 
THỰC PHẨM;THỰC PHẨM;PES-LC/MS/MS;Propoxur;Propoxur;VLAB-CH-TP-674;LC-MS/MS;0.003 mg/kg;0.01 mg/kg;72;;; 315.000 ; 840.000 
THỰC PHẨM;THỰC PHẨM;PES-LC/MS/MS;Prothioconazole;Prothioconazole;VLAB-CH-TP-674;LC-MS/MS;0.003 mg/kg;0.01 mg/kg;72;;; 315.000 ; 840.000 
THỰC PHẨM;THỰC PHẨM;PES-LC/MS/MS;Pymetrozine;Pymetrozine;VLAB-CH-TP-674;LC-MS/MS;0.003 mg/kg;0.01 mg/kg;72;;; 315.000 ; 840.000 
THỰC PHẨM;THỰC PHẨM;PES-LC/MS/MS;Pyraclostrobin;Pyraclostrobin;VLAB-CH-TP-674;LC-MS/MS;0.003 mg/kg;0.01 mg/kg;72;;; 315.000 ; 840.000 
THỰC PHẨM;THỰC PHẨM;PES-LC/MS/MS;Pyracarbolid;Pyracarbolid;VLAB-CH-TP-674;LC-MS/MS;0.003 mg/kg;0.01 mg/kg;72;;; 315.000 ; 840.000 
THỰC PHẨM;THỰC PHẨM;PES-LC/MS/MS;Quinoxyfen;Quinoxyfen;VLAB-CH-TP-674;LC-MS/MS;0.003 mg/kg;0.01 mg/kg;72;;; 315.000 ; 840.000 
THỰC PHẨM;THỰC PHẨM;PES-LC/MS/MS;Rotenone;Rotenone;VLAB-CH-TP-674;LC-MS/MS;0.003 mg/kg;0.01 mg/kg;72;;; 315.000 ; 840.000 
THỰC PHẨM;THỰC PHẨM;PES-LC/MS/MS;Secbumeton;Secbumeton;VLAB-CH-TP-674;LC-MS/MS;0.003 mg/kg;0.01 mg/kg;72;;; 315.000 ; 840.000 
THỰC PHẨM;THỰC PHẨM;PES-LC/MS/MS;Siduron;Siduron;VLAB-CH-TP-674;LC-MS/MS;0.003 mg/kg;0.01 mg/kg;72;;; 315.000 ; 840.000 
THỰC PHẨM;THỰC PHẨM;PES-LC/MS/MS;Simetryn;Simetryn;VLAB-CH-TP-674;LC-MS/MS;0.003 mg/kg;0.01 mg/kg;72;;; 315.000 ; 840.000 
THỰC PHẨM;THỰC PHẨM;PES-LC/MS/MS;Sulfentrazone;Sulfentrazone;VLAB-CH-TP-674;LC-MS/MS;0.003 mg/kg;0.01 mg/kg;72;;; 315.000 ; 840.000 
THỰC PHẨM;THỰC PHẨM;PES-LC/MS/MS;Spinetoram (J&L);Spinetoram (J&L);VLAB-CH-TP-674;LC-MS/MS;0.003 mg/kg;0.01 mg/kg;72;;; 315.000 ; 840.000 
THỰC PHẨM;THỰC PHẨM;PES-LC/MS/MS;Spinosad (Spinosyn A);Spinosad (Spinosyn A);VLAB-CH-TP-674;LC-MS/MS;0.003 mg/kg;0.01 mg/kg;72;;; 315.000 ; 840.000 
THỰC PHẨM;THỰC PHẨM;PES-LC/MS/MS;Spinosad (Spinosyn D);Spinosad (Spinosyn D);VLAB-CH-TP-674;LC-MS/MS;0.003 mg/kg;0.01 mg/kg;72;;; 315.000 ; 840.000 
THỰC PHẨM;THỰC PHẨM;PES-LC/MS/MS;Spiromesifen;Spiromesifen;VLAB-CH-TP-674;LC-MS/MS;0.003 mg/kg;0.01 mg/kg;72;;; 315.000 ; 840.000 
THỰC PHẨM;THỰC PHẨM;PES-LC/MS/MS;Spirotetramat;Spirotetramat;VLAB-CH-TP-674;LC-MS/MS;0.003 mg/kg;0.01 mg/kg;72;;; 315.000 ; 840.000 
THỰC PHẨM;THỰC PHẨM;PES-LC/MS/MS;Spiroxamin;Spiroxamin;VLAB-CH-TP-674;LC-MS/MS;0.003 mg/kg;0.01 mg/kg;72;;; 315.000 ; 840.000 
THỰC PHẨM;THỰC PHẨM;PES-LC/MS/MS;Saflufenacil;Saflufenacil;VLAB-CH-TP-674;LC-MS/MS;0.003 mg/kg;0.01 mg/kg;72;;; 315.000 ; 840.000 
THỰC PHẨM;THỰC PHẨM;PES-LC/MS/MS;Sulfoxaflor;Sulfoxaflor;VLAB-CH-TP-674;LC-MS/MS;0.003 mg/kg;0.01 mg/kg;72;;; 315.000 ; 840.000 
THỰC PHẨM;THỰC PHẨM;PES-LC/MS/MS;Tebuconazole;Tebuconazole;VLAB-CH-TP-674;LC-MS/MS;0.003 mg/kg;0.01 mg/kg;72;;; 315.000 ; 840.000 
THỰC PHẨM;THỰC PHẨM;PES-LC/MS/MS;Tebufenozide;Tebufenozide;VLAB-CH-TP-674;LC-MS/MS;0.003 mg/kg;0.01 mg/kg;72;;; 315.000 ; 840.000 
THỰC PHẨM;THỰC PHẨM;PES-LC/MS/MS;Tebufenpyrad;Tebufenpyrad;VLAB-CH-TP-674;LC-MS/MS;0.003 mg/kg;0.01 mg/kg;72;;; 315.000 ; 840.000 
THỰC PHẨM;THỰC PHẨM;PES-LC/MS/MS;Tebuthiuron;Tebuthiuron;VLAB-CH-TP-674;LC-MS/MS;0.003 mg/kg;0.01 mg/kg;72;;; 315.000 ; 840.000 
THỰC PHẨM;THỰC PHẨM;PES-LC/MS/MS;Teflubenzuron;Teflubenzuron;VLAB-CH-TP-674;LC-MS/MS;0.003 mg/kg;0.01 mg/kg;72;;; 315.000 ; 840.000 
THỰC PHẨM;THỰC PHẨM;PES-LC/MS/MS;Temephos (Abate);Temephos (Abate);VLAB-CH-TP-674;LC-MS/MS;0.003 mg/kg;0.01 mg/kg;72;;; 315.000 ; 840.000 
THỰC PHẨM;THỰC PHẨM;PES-LC/MS/MS;Terbumeton;Terbumeton;VLAB-CH-TP-674;LC-MS/MS;0.003 mg/kg;0.01 mg/kg;72;;; 315.000 ; 840.000 
THỰC PHẨM;THỰC PHẨM;PES-LC/MS/MS;Terbutryn;Terbutryn;VLAB-CH-TP-674;LC-MS/MS;0.003 mg/kg;0.01 mg/kg;72;;; 315.000 ; 840.000 
THỰC PHẨM;THỰC PHẨM;PES-LC/MS/MS;Tolyfluanid;Tolyfluanid;VLAB-CH-TP-674;LC-MS/MS;0.003 mg/kg;0.01 mg/kg;72;;; 315.000 ; 840.000 
THỰC PHẨM;THỰC PHẨM;PES-LC/MS/MS;Tetraconazole;Tetraconazole;VLAB-CH-TP-674;LC-MS/MS;0.003 mg/kg;0.01 mg/kg;72;;; 315.000 ; 840.000 
THỰC PHẨM;THỰC PHẨM;PES-LC/MS/MS;Thiabendazole;Thiabendazole;VLAB-CH-TP-674;LC-MS/MS;0.003 mg/kg;0.01 mg/kg;72;;; 315.000 ; 840.000 
THỰC PHẨM;THỰC PHẨM;PES-LC/MS/MS;Thiacloprid;Thiacloprid;VLAB-CH-TP-674;LC-MS/MS;0.003 mg/kg;0.01 mg/kg;72;;; 315.000 ; 840.000 
THỰC PHẨM;THỰC PHẨM;PES-LC/MS/MS;Thiamethoxam;Thiamethoxam;VLAB-CH-TP-674;LC-MS/MS;0.003 mg/kg;0.01 mg/kg;72;;; 315.000 ; 840.000 
THỰC PHẨM;THỰC PHẨM;PES-LC/MS/MS;Thidiazuron;Thidiazuron;VLAB-CH-TP-674;LC-MS/MS;0.003 mg/kg;0.01 mg/kg;72;;; 315.000 ; 840.000 
THỰC PHẨM;THỰC PHẨM;PES-LC/MS/MS;Thiobencarb (Benthiocarb);Thiobencarb (Benthiocarb);VLAB-CH-TP-674;LC-MS/MS;0.003 mg/kg;0.01 mg/kg;72;;; 315.000 ; 840.000 
THỰC PHẨM;THỰC PHẨM;PES-LC/MS/MS;Thiofanox;Thiofanox;VLAB-CH-TP-674;LC-MS/MS;0.003 mg/kg;0.01 mg/kg;72;;; 315.000 ; 840.000 
THỰC PHẨM;THỰC PHẨM;PES-LC/MS/MS;Thiophanate-methyl;Thiophanate-methyl;VLAB-CH-TP-674;LC-MS/MS;0.003 mg/kg;0.01 mg/kg;72;;; 315.000 ; 840.000 
THỰC PHẨM;THỰC PHẨM;PES-LC/MS/MS;Triadimenol;Triadimenol;VLAB-CH-TP-674;LC-MS/MS;0.003 mg/kg;0.01 mg/kg;72;;; 315.000 ; 840.000 
THỰC PHẨM;THỰC PHẨM;PES-LC/MS/MS;Trichlorfon;Trichlorfon;VLAB-CH-TP-674;LC-MS/MS;0.003 mg/kg;0.01 mg/kg;72;;; 315.000 ; 840.000 
THỰC PHẨM;THỰC PHẨM;PES-LC/MS/MS;Tricyclazole;Tricyclazole;VLAB-CH-TP-674;LC-MS/MS;0.003 mg/kg;0.01 mg/kg;72;;; 315.000 ; 840.000 
THỰC PHẨM;THỰC PHẨM;PES-LC/MS/MS;Trifloxystrobin;Trifloxystrobin;VLAB-CH-TP-674;LC-MS/MS;0.003 mg/kg;0.01 mg/kg;72;;; 315.000 ; 840.000 
THỰC PHẨM;THỰC PHẨM;PES-LC/MS/MS;Triflumuron;Triflumuron;VLAB-CH-TP-674;LC-MS/MS;0.003 mg/kg;0.01 mg/kg;72;;; 315.000 ; 840.000 
THỰC PHẨM;THỰC PHẨM;PES-LC/MS/MS;Triticonazole;Triticonazole;VLAB-CH-TP-674;LC-MS/MS;0.003 mg/kg;0.01 mg/kg;72;;; 315.000 ; 840.000 
THỰC PHẨM;THỰC PHẨM;PES-LC/MS/MS;Triforine;Triforine;VLAB-CH-TP-674;LC-MS/MS;0.003 mg/kg;0.01 mg/kg;72;;; 315.000 ; 840.000 
THỰC PHẨM;THỰC PHẨM;PES-LC/MS/MS;XMC (3,5-dimethylphenyl N-methylcarbamate);XMC (3,5-dimethylphenyl N-methylcarbamate);VLAB-CH-TP-674;LC-MS/MS;0.003 mg/kg;0.01 mg/kg;72;;; 315.000 ; 840.000 
THỰC PHẨM;THỰC PHẨM;PES-LC/MS/MS;Zoxamide;Zoxamide;VLAB-CH-TP-674;LC-MS/MS;0.003 mg/kg;0.01 mg/kg;72;;; 315.000 ; 840.000 
THỰC PHẨM;THỰC PHẨM;PES-LC/MS/MS-1;Cyproconazole;Cyproconazole;VLAB-CH-TP-674;LC-MS/MS;0.003 mg/kg;0.01 mg/kg;72;;; 315.000 ; 840.000 
THỰC PHẨM;THỰC PHẨM;PES-LC/MS/MS-1;Flufenacet;Flufenacet;VLAB-CH-TP-674;LC-MS/MS;0.003 mg/kg;0.01 mg/kg;72;;; 315.000 ; 840.000 
THỰC PHẨM;THỰC PHẨM;PES-LC/MS/MS-1;Hexaconazole;Hexaconazole;VLAB-CH-TP-674;LC-MS/MS;0.003 mg/kg;0.01 mg/kg;72;;; 315.000 ; 840.000 
THỰC PHẨM;THỰC PHẨM;PES-LC/MS/MS-1;Prochloraz;Prochloraz;VLAB-CH-TP-674;LC-MS/MS;0.003 mg/kg;0.01 mg/kg;72;;; 315.000 ; 840.000 
THỰC PHẨM;THỰC PHẨM;PES-LC/MS/MS-1;Prometryn;Prometryn;VLAB-CH-TP-674;LC-MS/MS;0.003 mg/kg;0.01 mg/kg;72;;; 315.000 ; 840.000 
THỰC PHẨM;Thực phẩm;;6 - Benzylaminopurine;;VLAB-CH-TP-674;LC-MS/MS;0.003 mg/kg;0.01 mg/kg;72;;; 500.000 ; NA 
THỰC PHẨM;Thực phẩm;;Fipronil;;VLAB-CH-TP-674;LC-MS/MS;0.003 mg/kg;0.01 mg/kg;72;;; 315.000 ; 840.000 
THỰC PHẨM;Thực phẩm;;Fipronil sulfide;;VLAB-CH-TP-674;LC-MS/MS;0.003 mg/kg;0.01 mg/kg;72;;; 315.000 ; 840.000 
THỰC PHẨM;Thực phẩm;;Fipronil sulfone;;VLAB-CH-TP-674;LC-MS/MS;0.003 mg/kg;0.01 mg/kg;72;;; 315.000 ; 840.000 
THỰC PHẨM;Thực phẩm;;Fipronil desulfinyl;;VLAB-CH-TP-674;LC-MS/MS;0.003 mg/kg;0.01 mg/kg;72;;; 315.000 ; 840.000 
THỰC PHẨM;THỰC PHẨM;;Ethylene oxide;Ethylene oxide;VLAB-CH-TP-675;GC-MS/MS;3.33 µg/kg;10 µg/kg;72;;; 350.000 ; NA 
THỰC PHẨM;Thịt và sản phẩm thịt ;AVERMECTINS;Abamectin;Abamectin;VLAB-CH-TP-679;LC-MS/MS;1 µg/kg;3 µg/kg;72;24;; 315.000 ; 420.000 
THỰC PHẨM;Thịt và sản phẩm thịt ;AVERMECTINS;Ivermectin;Ivermectin;VLAB-CH-TP-679;LC-MS/MS;1 µg/kg;3 µg/kg;72;24;; 315.000 ; 420.000 
THỰC PHẨM;Thịt và sản phẩm thịt ;AVERMECTINS;Emamectin (Emamectin Benzoate);Emamectin (Emamectin Benzoate);VLAB-CH-TP-679;LC-MS/MS;1 µg/kg;3 µg/kg;72;24;; 315.000 ; 420.000 
THỰC PHẨM;Thịt và sản phẩm thịt ;AVERMECTINS;Doramectin;Doramectin;VLAB-CH-TP-679;LC-MS/MS;1 µg/kg;3 µg/kg;72;;; 315.000 ; 420.000 
THỰC PHẨM;Thịt và sản phẩm thịt ;AVERMECTINS;Selamectin;Selamectin;VLAB-CH-TP-679;LC-MS/MS;1 µg/kg;3 µg/kg;72;;; 315.000 ; 420.000 
THỰC PHẨM;Thịt và sản phẩm thịt ;AVERMECTINS;Abamectin;Abamectin;VLAB-CH-TP-679;LC-MS/MS;1 µg/L;3 µg/L;72;24;; 315.000 ; 420.000 
THỰC PHẨM;Thịt và sản phẩm thịt ;AVERMECTINS;Ivermectin;Ivermectin;VLAB-CH-TP-679;LC-MS/MS;1 µg/L;3 µg/L;72;24;; 315.000 ; 420.000 
THỰC PHẨM;Thịt và sản phẩm thịt ;AVERMECTINS;Emamectin (Emamectin Benzoate);Emamectin (Emamectin Benzoate);VLAB-CH-TP-679;LC-MS/MS;1 µg/L;3 µg/L;72;24;; 315.000 ; 420.000 
THỰC PHẨM;Thịt và sản phẩm thịt ;AVERMECTINS;Doramectin;Doramectin;VLAB-CH-TP-679;LC-MS/MS;1 µg/L;3 µg/L;72;;; 315.000 ; 420.000 
THỰC PHẨM;Thịt và sản phẩm thịt ;AVERMECTINS;Selamectin;Selamectin;VLAB-CH-TP-679;LC-MS/MS;1 µg/L;3 µg/L;72;;; 315.000 ; 420.000 
THỰC PHẨM;THỰC PHẨM;MG/LMG;Malachite green;Malachite green;VLAB-CH-TP-679;LC-MS/MS;0.033 µg/L;0.1 µg/L;72;24;8; 280.000 ; 560.000 
THỰC PHẨM;THỰC PHẨM;MG/LMG;Leucomalachite green;Leucomalachite green;VLAB-CH-TP-679;LC-MS/MS;0.033 µg/L;0.1 µg/L;72;24;8; 280.000 ; 560.000 
THỰC PHẨM;THỰC PHẨM;MG/LMG;Crystal violet;Crystal violet;VLAB-CH-TP-679;LC-MS/MS;0.1 µg/L;0.3 µg/L;72;24;8; 280.000 ; 560.000 
THỰC PHẨM;THỰC PHẨM;MG/LMG;Leucocrystal violet;Leucocrystal violet;VLAB-CH-TP-679;LC-MS/MS;0.1 µg/L;0.3 µg/L;72;24;8; 280.000 ; 560.000 
THỰC PHẨM;THỰC PHẨM;MG/LMG;Ethoxyquin (ETX);Ethoxyquin (ETX);VLAB-CH-TP-679;LC-MS/MS;0.333 µg/L;1 µg/L;72;24;8; 280.000 ; 560.000 
THỰC PHẨM;THỰC PHẨM;MG/LMG;Tổng Malachite green+Leuco-malachite green;Total Malachite green+Leuco-malachite green;VLAB-CH-TP-679;LC-MS/MS;0.033 µg/L;0.1 µg/L;72;24;8; 280.000 ; 560.000 
THỰC PHẨM;THỰC PHẨM;MG/LMG;Tổng Crystal violet + Leucocrystal violet;Total Crystal violet + Leucocrystal violet;VLAB-CH-TP-679;LC-MS/MS;0.1 µg/L;0.3 µg/L;72;24;8; 280.000 ; 560.000 
THỦY SẢN VÀ SẢN PHẨM THỦY SẢN;THỦY SẢN VÀ SẢN PHẨM THỦY SẢN;AVERMECTINS;Abamectin;Abamectin;VLAB-CH-TP-679;LC-MS/MS;0.167 µg/L;0.5 µg/L;72;24;; 315.000 ; 420.000 
THỦY SẢN VÀ SẢN PHẨM THỦY SẢN;THỦY SẢN VÀ SẢN PHẨM THỦY SẢN;AVERMECTINS;Ivermectin;Ivermectin;VLAB-CH-TP-679;LC-MS/MS;0.167 µg/L;0.5 µg/L;72;24;; 315.000 ; 420.000 
THỦY SẢN VÀ SẢN PHẨM THỦY SẢN;THỦY SẢN VÀ SẢN PHẨM THỦY SẢN;AVERMECTINS;Emamectin (Emamectin Benzoate);Emamectin (Emamectin Benzoate);VLAB-CH-TP-679;LC-MS/MS;0.167 µg/L;0.5 µg/L;72;24;; 315.000 ; 420.000 
THỦY SẢN VÀ SẢN PHẨM THỦY SẢN;THỦY SẢN VÀ SẢN PHẨM THỦY SẢN;AVERMECTINS;Doramectin;Doramectin;VLAB-CH-TP-679;LC-MS/MS;0.167 µg/L;0.5 µg/L;72;;; 315.000 ; 420.000 
THỦY SẢN VÀ SẢN PHẨM THỦY SẢN;THỦY SẢN VÀ SẢN PHẨM THỦY SẢN;AVERMECTINS;Selamectin;Selamectin;VLAB-CH-TP-679;LC-MS/MS;0.167 µg/L;0.5 µg/L;72;;; 315.000 ; 420.000 
THỦY SẢN VÀ SẢN PHẨM THỦY SẢN;THỦY SẢN VÀ SẢN PHẨM THỦY SẢN;MG/LMG;Malachite green;Malachite green;VLAB-CH-TP-679;LC-MS/MS;0.033 µg/kg;0.1 µg/kg;72;24;8; 280.000 ; 560.000 
THỦY SẢN VÀ SẢN PHẨM THỦY SẢN;THỦY SẢN VÀ SẢN PHẨM THỦY SẢN;MG/LMG;Leucomalachite green;Leucomalachite green;VLAB-CH-TP-679;LC-MS/MS;0.033 µg/kg;0.1 µg/kg;72;24;8; 280.000 ; 560.000 
THỦY SẢN VÀ SẢN PHẨM THỦY SẢN;THỦY SẢN VÀ SẢN PHẨM THỦY SẢN;MG/LMG;Crystal violet;Crystal violet;VLAB-CH-TP-679;LC-MS/MS;0.1 µg/kg;0.3 µg/kg;72;24;8; 280.000 ; 560.000 
THỦY SẢN VÀ SẢN PHẨM THỦY SẢN;THỦY SẢN VÀ SẢN PHẨM THỦY SẢN;MG/LMG;Leucocrystal violet;Leucocrystal violet;VLAB-CH-TP-679;LC-MS/MS;0.1 µg/kg;0.3 µg/kg;72;24;8; 280.000 ; 560.000 
THỦY SẢN VÀ SẢN PHẨM THỦY SẢN;THỦY SẢN VÀ SẢN PHẨM THỦY SẢN;MG/LMG;Ethoxyquin (ETX);Ethoxyquin (ETX);VLAB-CH-TP-679;LC-MS/MS;0.333 µg/kg;1 µg/kg;72;24;8; 280.000 ; 560.000 
THỦY SẢN VÀ SẢN PHẨM THỦY SẢN;THỦY SẢN VÀ SẢN PHẨM THỦY SẢN;MG/LMG;Tổng Malachite green+Leuco-malachite green;Total Malachite green+Leuco-malachite green;VLAB-CH-TP-679;LC-MS/MS;0.033 µg/kg;0.1 µg/kg;72;24;8; 280.000 ; 560.000 
THỦY SẢN VÀ SẢN PHẨM THỦY SẢN;THỦY SẢN VÀ SẢN PHẨM THỦY SẢN;MG/LMG;Tổng Crystal violet + Leucocrystal violet;Total Crystal violet + Leucocrystal violet;VLAB-CH-TP-679;LC-MS/MS;0.1 µg/kg;0.3 µg/kg;72;24;8; 280.000 ; 560.000 
THỦY SẢN VÀ SẢN PHẨM THỦY SẢN;THỦY SẢN VÀ SẢN PHẨM THỦY SẢN;AVERMECTINS;Abamectin;Abamectin;VLAB-CH-TP-679;LC-MS/MS;0.167 µg/kg;0.5 µg/kg;72;24;; 315.000 ; 420.000 
THỦY SẢN VÀ SẢN PHẨM THỦY SẢN;THỦY SẢN VÀ SẢN PHẨM THỦY SẢN;AVERMECTINS;Ivermectin;Ivermectin;VLAB-CH-TP-679;LC-MS/MS;0.167 µg/kg;0.5 µg/kg;72;24;; 315.000 ; 420.000 
THỦY SẢN VÀ SẢN PHẨM THỦY SẢN;THỦY SẢN VÀ SẢN PHẨM THỦY SẢN;AVERMECTINS;Emamectin (Emamectin Benzoate);Emamectin (Emamectin Benzoate);VLAB-CH-TP-679;LC-MS/MS;0.167 µg/kg;0.5 µg/kg;72;24;; 315.000 ; 420.000 
THỦY SẢN VÀ SẢN PHẨM THỦY SẢN;THỦY SẢN VÀ SẢN PHẨM THỦY SẢN;AVERMECTINS;Doramectin;Doramectin;VLAB-CH-TP-679;LC-MS/MS;0.167 µg/kg;0.5 µg/kg;72;;; 315.000 ; 420.000 
THỦY SẢN VÀ SẢN PHẨM THỦY SẢN;THỦY SẢN VÀ SẢN PHẨM THỦY SẢN;AVERMECTINS;Selamectin;Selamectin;VLAB-CH-TP-679;LC-MS/MS;0.167 µg/kg;0.5 µg/kg;72;;; 315.000 ; 420.000 
THỰC PHẨM;Thực phẩm;; Fumonisin (B1, B2);;VLAB-CH-TP-681;LC-MS/MS;-;2.5 µg/L;72;;; 350.000 ; NA 
THỰC PHẨM;THỰC PHẨM;;Fructose;Fructose;VLAB-CH-TP-685;GC-FID;10 mg/kg;30 mg/kg;72;;; 420.000 ; NA 
THỰC PHẨM;THỰC PHẨM;;Glucose;Glucose;VLAB-CH-TP-685;GC-FID;10 mg/kg;30 mg/kg;72;;; 420.000 ; NA 
THỰC PHẨM;THỰC PHẨM;;Inositol;Inositol;VLAB-CH-TP-685;GC-FID;10 mg/kg;30 mg/kg;72;;; 420.000 ; NA 
THỰC PHẨM;THỰC PHẨM;; Lactose; Lactose;VLAB-CH-TP-685;GC-FID;10 mg/kg;30 mg/kg;72;;; 420.000 ; NA 
THỰC PHẨM;THỰC PHẨM;;Maltose;Maltose;VLAB-CH-TP-685;GC-FID;10 mg/kg;30 mg/kg;72;;; 420.000 ; NA 
THỰC PHẨM;THỰC PHẨM;;Sorbitol;Sorbitol;VLAB-CH-TP-685;GC-FID;10 mg/kg;30 mg/kg;72;;; 420.000 ; NA 
THỰC PHẨM;THỰC PHẨM;;Sucrose;Sucrose;VLAB-CH-TP-685;GC-FID;10 mg/kg;30 mg/kg;72;;; 420.000 ; NA 
THỰC PHẨM;Thực phẩm;;Patulin;;VLAB-CH-TP-686;LC-MS/MS;1.67 µg/L;5 µg/L;72;;; 350.000 ; NA 
THỰC PHẨM;THỰC PHẨM;;Ceftiofur;Ceftiofur;VLAB-CH-TP-695;LC-MS/MS;6.67 µg/kg;20 µg/kg;72;;; 280.000 ; 1.050.000 
THỰC PHẨM;THỰC PHẨM;;Acesulfame K, Saccharin;Acesulfame K, Saccharin;VLAB-CH-TP-718;HPLC-PAD;2 mg/kg;6 mg/kg;72;;; 350.000 ; NA 
THỰC PHẨM;Thực phẩm;;Auramin O (Vàng ô);;VLAB-CH-TP-720;LC-MS/MS;-;0,5 µg/kg;72;;; 700.000 ; NA 
THỰC PHẨM;THỰC PHẨM;;Tryptophan;Tryptophan;VLAB-CH-TP-723;HPLC- FLD;-;50 mg/kg ;120;;; 350.000 ; NA 
THỦY SẢN VÀ SẢN PHẨM THỦY SẢN;THỦY SẢN VÀ SẢN PHẨM THỦY SẢN;;PCBs no 18;PCBs no 18 content;VLAB-CH-TP-729;GC-MS/MS;-; 0.3 µg/kg;72;;; 700.000 ; 1.400.000 
THỦY SẢN VÀ SẢN PHẨM THỦY SẢN;THỦY SẢN VÀ SẢN PHẨM THỦY SẢN;;Sum PCBs no 28 and 31;Sum PCBs no 28 and 31 content;VLAB-CH-TP-729;GC-MS/MS;-; 0.6 µg/kg;72;;; 700.000 ; 1.400.000 
THỦY SẢN VÀ SẢN PHẨM THỦY SẢN;THỦY SẢN VÀ SẢN PHẨM THỦY SẢN;;PCBs no 44;PCBs no 44 content;VLAB-CH-TP-729;GC-MS/MS;-; 0.3 µg/kg;72;;; 700.000 ; 1.400.000 
THỦY SẢN VÀ SẢN PHẨM THỦY SẢN;THỦY SẢN VÀ SẢN PHẨM THỦY SẢN;;PCBs no 52;PCBs no 52 content;VLAB-CH-TP-729;GC-MS/MS;-; 0.3 µg/kg;72;;; 700.000 ; 1.400.000 
THỦY SẢN VÀ SẢN PHẨM THỦY SẢN;THỦY SẢN VÀ SẢN PHẨM THỦY SẢN;;PCBs no 101;PCBs no 101 content;VLAB-CH-TP-729;GC-MS/MS;-; 0.3 µg/kg;72;;; 700.000 ; 1.400.000 
THỦY SẢN VÀ SẢN PHẨM THỦY SẢN;THỦY SẢN VÀ SẢN PHẨM THỦY SẢN;;PCBs no 118;PCBs no 118 content;VLAB-CH-TP-729;GC-MS/MS;-; 0.3 µg/kg;72;;; 700.000 ; 1.400.000 
THỦY SẢN VÀ SẢN PHẨM THỦY SẢN;THỦY SẢN VÀ SẢN PHẨM THỦY SẢN;;PCBs no 138;PCBs no 138 content;VLAB-CH-TP-729;GC-MS/MS;-; 0.3 µg/kg;72;;; 700.000 ; 1.400.000 
THỦY SẢN VÀ SẢN PHẨM THỦY SẢN;THỦY SẢN VÀ SẢN PHẨM THỦY SẢN;;PCBs no 149;PCBs no 149 content;VLAB-CH-TP-729;GC-MS/MS;-; 0.3 µg/kg;72;;; 700.000 ; 1.400.000 
THỦY SẢN VÀ SẢN PHẨM THỦY SẢN;THỦY SẢN VÀ SẢN PHẨM THỦY SẢN;;PCBs no 153;PCBs no 153 content;VLAB-CH-TP-729;GC-MS/MS;-; 0.3 µg/kg;72;;; 700.000 ; 1.400.000 
THỦY SẢN VÀ SẢN PHẨM THỦY SẢN;THỦY SẢN VÀ SẢN PHẨM THỦY SẢN;;PCBs no 170;PCBs no 170 content;VLAB-CH-TP-729;GC-MS/MS;-; 0.3 µg/kg;72;;; 700.000 ; 1.400.000 
THỦY SẢN VÀ SẢN PHẨM THỦY SẢN;THỦY SẢN VÀ SẢN PHẨM THỦY SẢN;;PCBs no 180;PCBs no 180 content;VLAB-CH-TP-729;GC-MS/MS;-; 0.3 µg/kg;72;;; 700.000 ; 1.400.000 
THỦY SẢN VÀ SẢN PHẨM THỦY SẢN;THỦY SẢN VÀ SẢN PHẨM THỦY SẢN;;PCBs no 194;PCBs no 194 content;VLAB-CH-TP-729;GC-MS/MS;-; 0.3 µg/kg;72;;; 700.000 ; 1.400.000 
THỦY SẢN VÀ SẢN PHẨM THỦY SẢN;THỦY SẢN VÀ SẢN PHẨM THỦY SẢN;;PCBs no 209;PCBs no 209 content;VLAB-CH-TP-729;GC-MS/MS;-; 0.3 µg/kg;72;;; 700.000 ; 1.400.000 
THỦY SẢN VÀ SẢN PHẨM THỦY SẢN;THỦY SẢN VÀ SẢN PHẨM THỦY SẢN;;PCBs no 18;PCBs no 18 PCBs no 18;VLAB-CH-TP-729;GC-MS/MS;-; 0.3 µg/kg;72;;; 700.000 ; 1.400.000 
THỦY SẢN VÀ SẢN PHẨM THỦY SẢN;THỦY SẢN VÀ SẢN PHẨM THỦY SẢN;;Sum PCBs no 28 and 31;Sum PCBs no 28 and 31 content;VLAB-CH-TP-729;GC-MS/MS;-; 0.3 µg/kg;72;;; 700.000 ; 1.400.000 
THỦY SẢN VÀ SẢN PHẨM THỦY SẢN;THỦY SẢN VÀ SẢN PHẨM THỦY SẢN;;PCBs no 44;PCBs no 44 content;VLAB-CH-TP-729;GC-MS/MS;-; 0.3 µg/kg;72;;; 700.000 ; 1.400.000 
THỦY SẢN VÀ SẢN PHẨM THỦY SẢN;THỦY SẢN VÀ SẢN PHẨM THỦY SẢN;;PCBs no 52;PCBs no 52 content;VLAB-CH-TP-729;GC-MS/MS;-; 0.3 µg/kg;72;;; 700.000 ; 1.400.000 
THỦY SẢN VÀ SẢN PHẨM THỦY SẢN;THỦY SẢN VÀ SẢN PHẨM THỦY SẢN;;PCBs no 101;PCBs no 101 content;VLAB-CH-TP-729;GC-MS/MS;-; 0.3 µg/kg;72;;; 700.000 ; 1.400.000 
THỦY SẢN VÀ SẢN PHẨM THỦY SẢN;THỦY SẢN VÀ SẢN PHẨM THỦY SẢN;;PCBs no 118;PCBs no 118 content;VLAB-CH-TP-729;GC-MS/MS;-; 0.3 µg/kg;72;;; 700.000 ; 1.400.000 
THỦY SẢN VÀ SẢN PHẨM THỦY SẢN;THỦY SẢN VÀ SẢN PHẨM THỦY SẢN;;PCBs no 138;PCBs no 138 content;VLAB-CH-TP-729;GC-MS/MS;-; 0.3 µg/kg;72;;; 700.000 ; 1.400.000 
THỦY SẢN VÀ SẢN PHẨM THỦY SẢN;THỦY SẢN VÀ SẢN PHẨM THỦY SẢN;;PCBs no 149;PCBs no 149 content;VLAB-CH-TP-729;GC-MS/MS;-; 0.3 µg/kg;72;;; 700.000 ; 1.400.000 
THỦY SẢN VÀ SẢN PHẨM THỦY SẢN;THỦY SẢN VÀ SẢN PHẨM THỦY SẢN;;PCBs no 153;PCBs no 153 content;VLAB-CH-TP-729;GC-MS/MS;-; 0.3 µg/kg;72;;; 700.000 ; 1.400.000 
THỦY SẢN VÀ SẢN PHẨM THỦY SẢN;THỦY SẢN VÀ SẢN PHẨM THỦY SẢN;;PCBs no 170;PCBs no 170 content;VLAB-CH-TP-729;GC-MS/MS;-; 0.3 µg/kg;72;;; 700.000 ; 1.400.000 
THỦY SẢN VÀ SẢN PHẨM THỦY SẢN;THỦY SẢN VÀ SẢN PHẨM THỦY SẢN;;PCBs no 180;PCBs no 180 content;VLAB-CH-TP-729;GC-MS/MS;-; 0.3 µg/kg;72;;; 700.000 ; 1.400.000 
THỦY SẢN VÀ SẢN PHẨM THỦY SẢN;THỦY SẢN VÀ SẢN PHẨM THỦY SẢN;;PCBs no 194;PCBs no 194 content;VLAB-CH-TP-729;GC-MS/MS;-; 0.3 µg/kg;72;;; 700.000 ; 1.400.000 
THỦY SẢN VÀ SẢN PHẨM THỦY SẢN;THỦY SẢN VÀ SẢN PHẨM THỦY SẢN;;PCBs no 209;PCBs no 209 content;VLAB-CH-TP-729;GC-MS/MS;-; 0.3 µg/kg;72;;; 700.000 ; 1.400.000 
THỰC PHẨM;THỰC PHẨM;;Napthalene;Napthalene;VLAB-CH-TP-731;GC-MS/MS;-;0.3 µg/kg;72;;; 350.000 ; 1.400.000 
THỰC PHẨM;THỰC PHẨM;;Acenaphthene;Acenaphthene;VLAB-CH-TP-731;GC-MS/MS;-;0.3 µg/kg;72;;; 350.000 ; 1.400.000 
THỰC PHẨM;THỰC PHẨM;;Acenaphthylene;Acenaphthylene;VLAB-CH-TP-731;GC-MS/MS;-;0.3 µg/kg;72;;; 350.000 ; 1.400.000 
THỰC PHẨM;THỰC PHẨM;;Fluorene;Fluorene;VLAB-CH-TP-731;GC-MS/MS;-;0.3 µg/kg;72;;; 350.000 ; 1.400.000 
THỰC PHẨM;THỰC PHẨM;;Phenanthrene;Phenanthrene;VLAB-CH-TP-731;GC-MS/MS;-;0.3 µg/kg;72;;; 350.000 ; 1.400.000 
THỰC PHẨM;THỰC PHẨM;;Anthracene;Anthracene;VLAB-CH-TP-731;GC-MS/MS;-;0.3 µg/kg;72;;; 350.000 ; 1.400.000 
THỰC PHẨM;THỰC PHẨM;;Fluoranthene;Fluoranthene;VLAB-CH-TP-731;GC-MS/MS;-;0.3 µg/kg;72;;; 350.000 ; 1.400.000 
THỰC PHẨM;THỰC PHẨM;;Pyrene;Pyrene;VLAB-CH-TP-731;GC-MS/MS;-;0.3 µg/kg;72;;; 350.000 ; 1.400.000 
THỰC PHẨM;THỰC PHẨM;;Benz[a]anthracene;Benz[a]anthracene;VLAB-CH-TP-731;GC-MS/MS;-;0.3 µg/kg;72;;; 350.000 ; 1.400.000 
THỰC PHẨM;THỰC PHẨM;;Chrysene;Chrysene;VLAB-CH-TP-731;GC-MS/MS;-;0.3 µg/kg;72;;; 350.000 ; 1.400.000 
THỰC PHẨM;THỰC PHẨM;;Benzo[b]fluoranthene;Benzo[b]fluoranthene;VLAB-CH-TP-731;GC-MS/MS;-;0.3 µg/kg;72;;; 350.000 ; 1.400.000 
THỰC PHẨM;THỰC PHẨM;;Benzo[k]fluoranthene;Benzo[k]fluoranthene;VLAB-CH-TP-731;GC-MS/MS;-;0.3 µg/kg;72;;; 350.000 ; 1.400.000 
THỰC PHẨM;THỰC PHẨM;;Benzo[a]pyrene;Benzo[a]pyrene;VLAB-CH-TP-731;GC-MS/MS;-;0.3 µg/kg;72;;; 350.000 ; 1.400.000 
THỰC PHẨM;THỰC PHẨM;;Indeno(1,2,3-c,d) pyrene;Indeno(1,2,3-c,d) pyrene;VLAB-CH-TP-731;GC-MS/MS;-;0.3 µg/kg;72;;; 350.000 ; 1.400.000 
THỰC PHẨM;THỰC PHẨM;;Dibenzo[a,h] anthracene;Dibenzo[a,h] anthracene;VLAB-CH-TP-731;GC-MS/MS;-;0.3 µg/kg;72;;; 350.000 ; 1.400.000 
THỰC PHẨM;THỰC PHẨM;;Benzo[g,h,i] perylene;Benzo[g,h,i] perylene;VLAB-CH-TP-731;GC-MS/MS;-;0.3 µg/kg;72;;; 350.000 ; 1.400.000 
THỰC PHẨM;THỰC PHẨM;;Riboflacvin;Riboflacvin;VLAB-CH-TP-733;LC-MS/MS;0.1 mg/kg;0.3 mg/kg;72;;; 350.000 ; NA 
THỰC PHẨM;THỰC PHẨM;;Vitamin B1;Vitamin B1;VLAB-CH-TP-733;LC-MS/MS;0.1 mg/kg;0.3 mg/kg;72;;; 350.000 ; NA 
THỰC PHẨM;THỰC PHẨM;;Vitamin B2;Vitamin B2;VLAB-CH-TP-733;LC-MS/MS;0.1 mg/kg;0.3 mg/kg;72;;; 350.000 ; NA 
THỰC PHẨM;THỰC PHẨM;;Vitamin B3;Vitamin B3;VLAB-CH-TP-733;LC-MS/MS;0.1 mg/kg;0.3 mg/kg;72;;; 350.000 ; NA 
THỰC PHẨM;THỰC PHẨM;;Vitamin PP (Nicotinamide);Vitamin PP (Nicotinamide);VLAB-CH-TP-733;LC-MS/MS;0.1 mg/kg;0.3 mg/kg;72;;; 350.000 ; NA 
THỰC PHẨM;THỰC PHẨM;;Vitamin B5;Vitamin B5;VLAB-CH-TP-733;LC-MS/MS;0.1 mg/kg;0.3 mg/kg;72;;; 350.000 ; NA 
THỰC PHẨM;THỰC PHẨM;;Vitamin B6;Vitamin B6;VLAB-CH-TP-733;LC-MS/MS;0.1 mg/kg;0.3 mg/kg;72;;; 350.000 ; NA 
THỰC PHẨM;THỰC PHẨM;;Vitamin H;Vitamin H;VLAB-CH-TP-733;LC-MS/MS;0.1 mg/kg;0.3 mg/kg;72;;; 350.000 ; NA 
THỰC PHẨM;THỰC PHẨM;;Vitamin B9 (Folic acid);Vitamin B9 (Folic acid);VLAB-CH-TP-733;LC-MS/MS;0.1 mg/kg;0.3 mg/kg;72;;; 350.000 ; NA 
THỰC PHẨM;THỰC PHẨM;;Vitamin B12 (Cyanocobalamin);Vitamin B12 (Cyanocobalamin);VLAB-CH-TP-733;LC-MS/MS;0.1 mg/kg;0.3 mg/kg;72;;; 350.000 ; NA 
THỦY SẢN VÀ SẢN PHẨM THỦY SẢN;THỦY SẢN VÀ SẢN PHẨM THỦY SẢN;;Trifluralin ;Trifluralin ;VLAB-CH-TP-736;GC-MS/MS;0.33 µg/kg ;1 µg/kg ;72;;; 315.000 ; NA 
THỦY SẢN VÀ SẢN PHẨM THỦY SẢN;THỦY SẢN VÀ SẢN PHẨM THỦY SẢN;;Urea;;VLAB-CH-TP-740;HPLC;-;10 mg/kg;72;;; 280.000 ; NA 
THỰC PHẨM;THỰC PHẨM;;Brilliant blue ;;VLAB-CH-TP-741;HPLC;;15 mg/kg;120;;; 350.000 ; NA 
THỰC PHẨM;THỰC PHẨM;;Ponceau 4R;;VLAB-CH-TP-741;HPLC;;15 mg/kg;120;;; 350.000 ; NA 
THỰC PHẨM;THỰC PHẨM;;Sunset Yellow;;VLAB-CH-TP-741;HPLC;;15 mg/kg;120;;; 350.000 ; NA 
THỰC PHẨM;Thực phẩm;SYNTHETIC FOOD COLORANTS;Tatrazine;;VLAB-CH-TP-741;HPLC;-;15 mg/kg;120;;; 350.000 ; NA 
THỰC PHẨM;Thực phẩm;SYNTHETIC FOOD COLORANTS;Amaranth;;VLAB-CH-TP-741;HPLC;-;15 mg/kg;120;;; 350.000 ; NA 
THỰC PHẨM;Thực phẩm;SYNTHETIC FOOD COLORANTS;Erythrosine;;VLAB-CH-TP-741;HPLC;-;15 mg/kg;120;;; 350.000 ; NA 
THỰC PHẨM;Thực phẩm;SYNTHETIC FOOD COLORANTS;Alura Red;;VLAB-CH-TP-741;HPLC;-;15 mg/kg;120;;; 350.000 ; NA 
THỰC PHẨM;Thực phẩm;SYNTHETIC FOOD COLORANTS;Brilliant black;;VLAB-CH-TP-741;HPLC;-;15 mg/kg;120;;; 350.000 ; NA 
THỰC PHẨM;Thực phẩm;SYNTHETIC FOOD COLORANTS;Fast green;;VLAB-CH-TP-741;HPLC;-;15 mg/kg;120;;; 350.000 ; NA 
THỰC PHẨM;Thực phẩm;;Indigo carmine;;VLAB-CH-TP-741;HPLC;-;15 mg/kg;120;;; 350.000 ; NA 
THỰC PHẨM;Thực phẩm;;Carmoisine;;VLAB-CH-TP-741;HPLC;-;15 mg/kg;120;;; 350.000 ; NA 
THỰC PHẨM;Thực phẩm;;Tinopal;;VLAB-CH-TP-746;HPLC;-;10 µg/kg;72;;; 350.000 ; NA 
THỰC PHẨM;Thực phẩm;;Polysaccharide tổng số;;VLAB-CH-TP-751;-;-;-;72;;; 350.000 ; NA 
THỰC PHẨM;Thực phẩm;SYNTHETIC FOOD COLORANTS;Aspartame;;VLAB-CH-TP-760;HPLC;-;6 mg/kg;72;;; 350.000 ; NA 
THỰC PHẨM;Thực phẩm;POLAR PESTICIDES;Paraquat;;VLAB-CH-TP-764;LC-MS/MS;0.003 mg/kg;0.01 mg/kg;72;;; 350.000 ; 840.000 
THỰC PHẨM;Thực phẩm;POLAR PESTICIDES;Diquat;;VLAB-CH-TP-764;LC-MS/MS;0.003 mg/kg;0.01 mg/kg;72;;; 350.000 ; 840.000 
THỰC PHẨM;Thực phẩm;POLAR PESTICIDES;Chlormequat;;VLAB-CH-TP-764;LC-MS/MS;0.003 mg/kg;0.01 mg/kg;72;;; 350.000 ; 840.000 
THỰC PHẨM;Thực phẩm;POLAR PESTICIDES;Mepiquat;;VLAB-CH-TP-764;LC-MS/MS;0.003 mg/kg;0.01 mg/kg;72;;; 350.000 ; 840.000 
THỰC PHẨM;Thực phẩm;POLAR PESTICIDES;Glufosinate-Ammonium ;;VLAB-CH-TP-764;LC-MS/MS;0.003 mg/kg;0.01 mg/kg;72;;; 350.000 ; 840.000 
THỰC PHẨM;Thực phẩm;POLAR PESTICIDES;Glyphosate;;VLAB-CH-TP-764;LC-MS/MS;0.003 mg/kg;0.01 mg/kg;72;;; 350.000 ; 840.000 
THỰC PHẨM;THỰC PHẨM;;Ascorbic Acid (Vitamin C);Ascorbic Acid (Vitamin C);VLAB-CH-TP-767;HPLC;3.33 mg/kg;10 mg/kg;72;;; 350.000 ; NA 
THỰC PHẨM;THỰC PHẨM;;Ascorbate Monophosphate;Ascorbate Monophosphate;VLAB-CH-TP-767;HPLC;3.33 mg/kg;10 mg/kg;72;;; 350.000 ; NA 
THỰC PHẨM;THỰC PHẨM;;Vitamin A;Vitamin A;VLAB-CH-TP-768;HPLC;0.03 mg/kg;0.1 mg/kg;72;;; 350.000 ; NA 
THỰC PHẨM;THỰC PHẨM;;Vitamin E;Vitamin E;VLAB-CH-TP-768;HPLC;0.5 mg/kg;1.5 mg/kg;72;;; 350.000 ; NA 
THỰC PHẨM;THỰC PHẨM;;Vitamin D2;Vitamin D2;VLAB-CH-TP-768;HPLC;0.17 mg/kg;0.5 mg/kg;72;;; 350.000 ; NA 
THỰC PHẨM;THỰC PHẨM;;Vitamin D3;Vitamin D3;VLAB-CH-TP-768;HPLC;0.17 mg/kg;0.5 mg/kg;72;;; 350.000 ; NA 
THỦY SẢN VÀ SẢN PHẨM THỦY SẢN;THỦY SẢN VÀ SẢN PHẨM THỦY SẢN;;Azithromycin;;VLAB-CH-TP-770;-;0.5 µg/kg;;72;;; 315.000 ; NA 
THỰC PHẨM;Thực phẩm;;1,4-dioxane;;VLAB-CH-TP-778;LC-MS/MS;0.003 mg/kg;0.01 mg/kg;72;;; 500.000 ; NA 
THỰC PHẨM;THỰC PHẨM;AMINO ACIDS;Aspartic acid;Aspartic acid;VLAB-CH-TP-780;HPLC-FLD;;0,02%;120;;; 350.000 ; 1.400.000 
THỰC PHẨM;THỰC PHẨM;AMINO ACIDS;Threonine;Threonine;VLAB-CH-TP-780;HPLC-FLD;;0,02%;120;;; 350.000 ; 1.400.000 
THỰC PHẨM;THỰC PHẨM;AMINO ACIDS;Serine;Serine;VLAB-CH-TP-780;HPLC-FLD;;0,02%;120;;; 350.000 ; 1.400.000 
THỰC PHẨM;THỰC PHẨM;AMINO ACIDS;Glutamic acid;Glutamic acid;VLAB-CH-TP-780;HPLC-FLD;;0,02%;120;;; 350.000 ; 1.400.000 
THỰC PHẨM;THỰC PHẨM;AMINO ACIDS;Proline;Proline;VLAB-CH-TP-780;HPLC-FLD;;0,02%;120;;; 350.000 ; 1.400.000 
THỰC PHẨM;THỰC PHẨM;AMINO ACIDS;Glycine;Glycine;VLAB-CH-TP-780;HPLC-FLD;;0,02%;120;;; 350.000 ; 1.400.000 
THỰC PHẨM;THỰC PHẨM;AMINO ACIDS;Alanine;Alanine;VLAB-CH-TP-780;HPLC-FLD;;0,02%;120;;; 350.000 ; 1.400.000 
THỰC PHẨM;THỰC PHẨM;AMINO ACIDS;Valine;Valine;VLAB-CH-TP-780;HPLC-FLD;;0,02%;120;;; 350.000 ; 1.400.000 
THỰC PHẨM;THỰC PHẨM;AMINO ACIDS;Isoleucine;Isoleucine;VLAB-CH-TP-780;HPLC-FLD;;0,02%;120;;; 350.000 ; 1.400.000 
THỰC PHẨM;THỰC PHẨM;AMINO ACIDS;Leucine;Leucine;VLAB-CH-TP-780;HPLC-FLD;;0,02%;120;;; 350.000 ; 1.400.000 
THỰC PHẨM;THỰC PHẨM;AMINO ACIDS;Tyrosine;Tyrosine;VLAB-CH-TP-780;HPLC-FLD;;0,02%;120;;; 350.000 ; 1.400.000 
THỰC PHẨM;THỰC PHẨM;AMINO ACIDS;Phenylalanie;Phenylalanie;VLAB-CH-TP-780;HPLC-FLD;;0,02%;120;;; 350.000 ; 1.400.000 
THỰC PHẨM;THỰC PHẨM;AMINO ACIDS;Lysine;Lysine;VLAB-CH-TP-780;HPLC-FLD;;0,02%;120;;; 350.000 ; 1.400.000 
THỰC PHẨM;THỰC PHẨM;AMINO ACIDS;Histidine;Histidine;VLAB-CH-TP-780;HPLC-FLD;;0,02%;120;;; 350.000 ; 1.400.000 
THỰC PHẨM;THỰC PHẨM;AMINO ACIDS;Agrinine;Agrinine;VLAB-CH-TP-780;HPLC-FLD;;0,02%;120;;; 350.000 ; 1.400.000 
THỰC PHẨM;THỰC PHẨM;AMINO ACIDS;Cystine (L-Cystine);Cystine (L-Cystine);VLAB-CH-TP-780;HPLC-FLD;;0,02%;120;;; 350.000 ; 1.400.000 
THỰC PHẨM;THỰC PHẨM;AMINO ACIDS;Methionine (L-Methionin);Methionine (L-Methionin);VLAB-CH-TP-780;HPLC-FLD;;0,02%;120;;; 350.000 ; 1.400.000 
THỰC PHẨM;Bánh, mứt, kẹo;;Định lượng Coliforms;Enumeration of Colifoms;VLAB-MI-TP-001;Đếm khuẩn lạc;CFU/g;<10;48;;; 70.000 ;NA
THỰC PHẨM;Thực phẩm;;Định lượng Coliforms;Enumeration of Colifoms;VLAB-MI-TP-001;Đếm khuẩn lạc;CFU/g;<10;48;;; 70.000 ;NA
THỰC PHẨM;Thực phẩm;;Định lượng Coliforms;Enumeration of Colifoms;VLAB-MI-TP-001;Đếm khuẩn lạc;CFU/ml;<1;48;;; 70.000 ;NA
THỰC PHẨM;Thực phẩm;;Định lượng Coliforms;Enumeration of Colifoms;VLAB-MI-TP-001;Đếm khuẩn lạc;CFU/ml;<1;48;;; 70.000 ;NA
THỰC PHẨM;Thực phẩm;;Định lượng Coliforms;Enumeration of Colifoms;VLAB-MI-TP-001;Đếm khuẩn lạc;CFU/g;<10;48;;; 70.000 ;NA
THỰC PHẨM;Bánh, mứt, kẹo;;Định lượng E.coli dương tính với β-glucuronidase;Enumeration Escherichia coli  β-glucuronidase positive;VLAB-MI-TP-002;Đếm khuẩn lạc;CFU/ml;<1;48;;; 70.000 ;NA
THỰC PHẨM;Thực phẩm;;Định lượng E.coli dương tính với β-glucuronidase;Enumeration Escherichia coli  β-glucuronidase positive;VLAB-MI-TP-002;Đếm khuẩn lạc;CFU/g;<10;48;;; 70.000 ;NA
THỰC PHẨM;Thực phẩm;;Định lượng E.coli dương tính với β-glucuronidase;Enumeration Escherichia coli  β-glucuronidase positive;VLAB-MI-TP-002;Đếm khuẩn lạc;CFU/ml;<1;48;;; 70.000 ;NA
THỰC PHẨM;Thực phẩm;;Định lượng E.coli dương tính với β-glucuronidase;Enumeration Escherichia coli  β-glucuronidase positive;VLAB-MI-TP-002;Đếm khuẩn lạc;CFU/g;<10;48;;; 70.000 ;NA
THỰC PHẨM;Thực phẩm;;Định lượng E.coli dương tính với β-glucuronidase;Enumeration Escherichia coli  β-glucuronidase positive;VLAB-MI-TP-002;Đếm khuẩn lạc;CFU/ml;<1;48;;; 70.000 ;NA
THỰC PHẨM;Bánh, mứt, kẹo;;Định lượng Escherichia coli giả định;"Enumeration of presumptive 
Escherichia coli ";VLAB-MI-TP-003;MPN;MPN/g ;0;72;;; 70.000 ;NA
THỰC PHẨM;Thực phẩm;;Phát hiện Escherichia coli giả định;"Detection of presumptive 
Escherichia coli ";VLAB-MI-TP-003;MPN;/g ;;72;;; 70.000 ;NA
THỰC PHẨM;Thực phẩm;;Phát hiện Escherichia coli giả định;"Detection of presumptive 
Escherichia coli ";VLAB-MI-TP-003;MPN;/ml;;72;;; 70.000 ;NA
THỰC PHẨM;Thực phẩm;;Định lượng Escherichia coli giả định;"Enumeration of presumptive 
Escherichia coli ";VLAB-MI-TP-003;MPN;MPN/g ;0;72;;; 70.000 ;NA
THỰC PHẨM;Thực phẩm;;Định lượng Escherichia coli giả định;"Enumeration of presumptive 
Escherichia coli ";VLAB-MI-TP-003;MPN;MPN/ml;0;72;;; 70.000 ;NA
THỰC PHẨM;Bánh, mứt, kẹo;;Phát hiện Salmonella spp.;Detection of Salmonella spp.;VLAB-MI-TP-004;Phân lập; /25g;;120;;; 140.000 ;NA
THỰC PHẨM;Thực phẩm;;Phát hiện Salmonella spp.;Detection of Salmonella spp.;VLAB-MI-TP-004;Phân lập;/25g;;120;;; 140.000 ;NA
THỰC PHẨM;Thực phẩm;;Phát hiện Salmonella spp.;Detection of Salmonella spp.;VLAB-MI-TP-004;Phân lập;/25ml;;120;;; 140.000 ;NA
THỰC PHẨM;Thực phẩm;;Phát hiện Salmonella spp.;Detection of Salmonella spp.;VLAB-MI-TP-004;Phân lập;/25g;;120;;; 140.000 ;NA
THỰC PHẨM;Thực phẩm;;Phát hiện Salmonella spp.;Detection of Salmonella spp.;VLAB-MI-TP-004;Phân lập;/25ml;;120;;; 140.000 ;NA
THỰC PHẨM;Bánh, mứt, kẹo;;Định lượng  tổng vi sinh vật hiếu khí;"Enumeration of aerobic microorganism
";VLAB-MI-TP-005;Đếm khuẩn lạc;CFU/g;<10;72;;; 70.000 ;NA
THỰC PHẨM;Thực phẩm;;Định lượng  tổng vi sinh vật hiếu khí;"Enumeration of aerobic microorganism
";VLAB-MI-TP-005;Đếm khuẩn lạc;CFU/g;<10;72;;; 70.000 ;NA
THỰC PHẨM;Thực phẩm;;Định lượng  tổng vi sinh vật hiếu khí;"Enumeration of aerobic microorganism
";VLAB-MI-TP-005;Đếm khuẩn lạc;CFU/ml;<1;72;;; 70.000 ;NA
THỰC PHẨM;Bánh, mứt, kẹo;;Định lượng Enterobacteriaceae;Enumeration of Enterobacteriaceae;VLAB-MI-TP-006;Đếm khuẩn lạc;CFU/g;<10;96;;; 70.000 ;NA
THỰC PHẨM;Thực phẩm;;Định lượng Enterobacteriaceae;Enumeration of Enterobacteriaceae;VLAB-MI-TP-006;Đếm khuẩn lạc;CFU/g;<10;96;;; 70.000 ;NA
THỰC PHẨM;Thực phẩm;;Định lượng Enterobacteriaceae;Enumeration of Enterobacteriaceae;VLAB-MI-TP-006;Đếm khuẩn lạc;CFU/ml;<1;96;;; 70.000 ;NA
THỰC PHẨM;Bánh, mứt, kẹo;;Định lượng Staphylococci có phản ứng dương tính với coagulase (Staphylococcus aureus và các loài khác);"Enumeration of coagulase-positive Staphylococci (Staphylococcus
aureus and other species)";VLAB-MI-TP-008;Đếm khuẩn lạc;CFU/g;<10;72;;; 70.000 ;NA
THỰC PHẨM;Thực phẩm;;Định lượng Staphylococci có phản ứng dương tính với coagulase (Staphylococcus aureus và các loài khác);"Enumeration of coagulase-positive Staphylococci (Staphylococcus
aureus and other species)";VLAB-MI-TP-008;Đếm khuẩn lạc;CFU/g;<10;72;;; 70.000 ;NA
THỰC PHẨM;Thực phẩm;;Định lượng Staphylococci có phản ứng dương tính với coagulase (Staphylococcus aureus và các loài khác);"Enumeration of coagulase-positive Staphylococci (Staphylococcus
aureus and other species)";VLAB-MI-TP-008;Đếm khuẩn lạc;CFU/ml;<1;72;;; 70.000 ;NA
THỰC PHẨM;Bánh, mứt, kẹo;;Định lượng Coliforms;Enumeration of  Coliforms;VLAB-MI-TP-010;MPN;MPN/g ;0;48;;; 70.000 ;NA
THỰC PHẨM;Thực phẩm;;Phát hiện Coliforms;Detection of Coliforms;VLAB-MI-TP-010;MPN;/g ;;72;;; 70.000 ;NA
THỰC PHẨM;Thực phẩm;;Phát hiện Coliforms;Detection of Coliforms;VLAB-MI-TP-010;MPN;/ml;;72;;; 70.000 ;NA
THỰC PHẨM;Thực phẩm;;Định lượng Coliforms;Enumeration of  Coliforms;VLAB-MI-TP-010;MPN;MPN/g ;0;72;;; 70.000 ;NA
THỰC PHẨM;Thực phẩm;;Định lượng Coliforms;Enumeration of  Coliforms;VLAB-MI-TP-010;MPN;MPN/ml;0;72;;; 70.000 ;NA
THỰC PHẨM;Thực phẩm;;Định lượng Escherichia coli;"Enumeration of 
Escherichia coli ";VLAB-MI-TP-011;Đếm khuẩn lạc;CFU/g;<10;48;;; 70.000 ;NA
THỰC PHẨM;Thực phẩm;;Định lượng Escherichia coli;"Enumeration of 
Escherichia coli ";VLAB-MI-TP-011;Đếm khuẩn lạc;CFU/ml;<1;48;;; 70.000 ;NA
THỰC PHẨM;Thực phẩm;; Định lượng Coliforms;Enumeration of  Coliforms;VLAB-MI-TP-011;Đếm khuẩn lạc;CFU/g;<10;48;;; 70.000 ;NA
THỰC PHẨM;Thực phẩm;; Định lượng Coliforms;Enumeration of  Coliforms;VLAB-MI-TP-011;Đếm khuẩn lạc;CFU/ml;<1;48;;; 70.000 ;NA
THỰC PHẨM;Thực phẩm;;Định lượng Enterobacteriaceae;Enumeration of Enterobacteriaceae;VLAB-MI-TP-012;MPN;MPN/g ;0;96;;; 70.000 ;NA
THỰC PHẨM;Thực phẩm;;Định lượng Enterobacteriaceae;Enumeration of Enterobacteriaceae;VLAB-MI-TP-012;MPN;MPN/ml;0;96;;; 70.000 ;NA
THỰC PHẨM;Thực phẩm;;Định lượng nấm men và nấm mốc;"Enumeration of 
yeasts and moulds ";VLAB-MI-TP-013;Đếm khuẩn lạc;CFU/g;<10;120;;; 70.000 ;NA
THỰC PHẨM;Thực phẩm;;Định lượng nấm men và nấm mốc;"Enumeration of 
yeasts and moulds ";VLAB-MI-TP-013;Đếm khuẩn lạc;CFU/ml;<1;120;;; 70.000 ;NA
THỰC PHẨM;Bánh, mứt, kẹo;;Định lượng nấm men và nấm mốc;"Enumeration of 
yeasts and moulds ";VLAB-MI-TP-014;Đếm khuẩn lạc;CFU/g;<10;120;;; 70.000 ;NA
THỰC PHẨM;Thực phẩm;;Định lượng nấm men và nấm mốc;"Enumeration of 
yeasts and moulds ";VLAB-MI-TP-014;Đếm khuẩn lạc;CFU/g;<10;120;;; 70.000 ;NA
THỰC PHẨM;Thực phẩm;;Định lượng nấm men và nấm mốc;"Enumeration of 
yeasts and moulds ";VLAB-MI-TP-014;Đếm khuẩn lạc;CFU/ml;<1;120;;; 70.000 ;NA
THỰC PHẨM;Bánh, mứt, kẹo;;Phát hiện Listeria monocytogenes;Detection of Listeria monocytogenes;VLAB-MI-TP-015;Phân lập; /25g;;168;;; 140.000 ;NA
THỰC PHẨM;Thực phẩm;;Phát hiện Listeria monocytogenes;Detection of Listeria monocytogenes;VLAB-MI-TP-015;Phân lập;/25ml;;168;;; 140.000 ;NA
THỰC PHẨM;Thực phẩm;;Phát hiện Listeria monocytogenes;Detection of Listeria monocytogenes;VLAB-MI-TP-015;Phân lập;/25g;;168;;; 140.000 ;NA
THỰC PHẨM;Thực phẩm;;Phát hiện Listeria spp.;Detection of Listeria spp.;VLAB-MI-TP-015;Phân lập;/25ml;;120;;; 140.000 ;NA
THỰC PHẨM;Thực phẩm;;Phát hiện Listeria spp.;Detection of Listeria spp.;VLAB-MI-TP-015;Phân lập;/25g;;120;;; 140.000 ;NA
THỰC PHẨM;Bánh, mứt, kẹo;;Định lượng Bacillus cereus giả định;Enumeration of presumptive Bacillus cereus;VLAB-MI-TP-016;Đếm khuẩn lạc;CFU/g;<10;72;;; 70.000 ;NA
THỰC PHẨM;Thực phẩm;;Định lượng Bacillus cereus giả định;Enumeration of presumptive Bacillus cereus;VLAB-MI-TP-016;Cấy trang bề mặt;CFU/g;<10;72;;; 70.000 ;NA
THỰC PHẨM;Thực phẩm;;Định lượng Bacillus cereus giả định;Enumeration of presumptive Bacillus cereus;VLAB-MI-TP-016;Cấy trang bề mặt;CFU/ml;<1;72;;; 70.000 ;NA
THỰC PHẨM;Thực phẩm;;Định lượng Bacillus cereus giả định;Enumeration of presumptive Bacillus cereus;VLAB-MI-TP-016;Đếm khuẩn lạc;CFU/g;<10;72;;; 70.000 ;NA
THỰC PHẨM;Thực phẩm;;Định lượng Bacillus cereus giả định;Enumeration of presumptive Bacillus cereus;VLAB-MI-TP-016;Đếm khuẩn lạc;CFU/ml;<1;72;;; 70.000 ;NA
THỰC PHẨM;Bánh, mứt, kẹo;;Định lượng Clostridium perfringens;Enumeration of  Clostridium perfringens;VLAB-MI-TP-017;Đếm khuẩn lạc;CFU/g;<10;48;;; 70.000 ;NA
THỰC PHẨM;Thực phẩm;;Định lượng Clostridium perfringens;Enumeration of  Clostridium perfringens;VLAB-MI-TP-017;Đếm khuẩn lạc;CFU/g;<10;48;;; 70.000 ;NA
THỰC PHẨM;Thực phẩm;;Định lượng Clostridium perfringens;Enumeration of  Clostridium perfringens;VLAB-MI-TP-017;Đếm khuẩn lạc;CFU/ml;<1;48;;; 70.000 ;NA
THỰC PHẨM;Thực phẩm;;Định lượng Lactobacillus;Enumeration of Lactobacillus;VLAB-MI-TP-023;Đếm khuẩn lạc;CFU/g;<10;72;;; 70.000 ;NA
THỰC PHẨM;Thực phẩm;;Định lượng Lactobacillus;Enumeration of Lactobacillus;VLAB-MI-TP-023;Đếm khuẩn lạc;CFU/ml;<1;72;;; 70.000 ;NA
THỰC PHẨM;Thực phẩm;;Phát hiện Vibrio spp.;Detection of Vibrio spp.;VLAB-MI-TP-024;Phân lập;/25g;;120;;; 140.000 ;NA
THỰC PHẨM;Thực phẩm;;Phát hiện Vibrio spp.;Detection of Vibrio spp.;VLAB-MI-TP-024;Phân lập;/25ml;;120;;; 140.000 ;NA
THỰC PHẨM;Thực phẩm;;Phát hiện Vibrio cholerae;Detection of  Vibrio cholerae;VLAB-MI-TP-024;Phân lập;/25g;;120;;; 140.000 ;NA
THỰC PHẨM;Thực phẩm;;Phát hiện Vibrio cholerae;Detection of  Vibrio cholerae;VLAB-MI-TP-024;Phân lập;/25ml;;120;;; 140.000 ;NA
THỰC PHẨM;Thực phẩm;;Phát hiện Vibrio parahaemolyticus ;Detection of  Vibrio parahaemolyticus ;VLAB-MI-TP-024;Phân lập;/25g;;120;;; 140.000 ;NA
THỰC PHẨM;Thực phẩm;;Phát hiện Vibrio parahaemolyticus ;Detection of  Vibrio parahaemolyticus ;VLAB-MI-TP-024;Phân lập;/25ml;;120;;; 140.000 ;NA
THỰC PHẨM;Thực phẩm;;Phát hiện Vibrio vulnificus;Detection of  Vibrio vulnificus;VLAB-MI-TP-024;Phân lập;/25g;;120;;; 140.000 ;NA
THỰC PHẨM;Thực phẩm;;Phát hiện Vibrio vulnificus;Detection of  Vibrio vulnificus;VLAB-MI-TP-024;Phân lập;/25ml;;120;;; 140.000 ;NA
THỰC PHẨM;Thực phẩm;;Định lượng Vi sinh vật;"Enumeration of
 microorganisms";VLAB-MI-TP-027;Đếm khuẩn lạc;CFU/g;<10;48;;; 70.000 ;NA
THỰC PHẨM;Thực phẩm;;Định lượng Vi sinh vật;"Enumeration of
 microorganisms";VLAB-MI-TP-027;Đếm khuẩn lạc;CFU/ml;<1;48;;; 70.000 ;NA
THỰC PHẨM;Thực phẩm;;Định lượng nấm men và nấm mốc;Enumeration of yeasts and moulds;VLAB-MI-TP-028;Đếm khuẩn lạc;CFU/g;<10;72;;; 70.000 ;NA
THỰC PHẨM;Thực phẩm;;Định lượng nấm men và nấm mốc;Enumeration of yeasts and moulds;VLAB-MI-TP-028;Đếm khuẩn lạc;CFU/ml;<1;72;;; 70.000 ;NA
THỰC PHẨM;Thực phẩm;;Coliforms;;VLAB-MI-TP-032;RAPID’E. coli 2 Agar;CFU/g;<10;24;;; 70.000 ;NA
THỰC PHẨM;Thực phẩm;;Escherichia coli;;VLAB-MI-TP-032;RAPID’E. coli 2 Agar;CFU/g;<10;24;;; 70.000 ;NA
THỰC PHẨM;Bánh, mứt, kẹo;;Định lượng Staphylococci có phản ứng dương tính với coagulase (Staphylococcus aureus và các loài khác);"Enumeration of coagulase-positive Staphylococci (Staphylococcus
aureus and other species)";VLAB-MI-TP-033;MPN;MPN/g ;0;72;;; 70.000 ;NA
THỰC PHẨM;Thực phẩm;;Định lượng Staphylococci có phản ứng dương tính với coagulase (Staphylococcus aureus và các loài khác);"Enumeration of coagulase-positive Staphylococci (Staphylococcus
aureus and other species)";VLAB-MI-TP-033;MPN;MPN/g ;0;72;;; 70.000 ;NA
THỰC PHẨM;Thực phẩm;;Định lượng Staphylococci có phản ứng dương tính với coagulase (Staphylococcus aureus và các loài khác);"Enumeration of coagulase-positive Staphylococci (Staphylococcus
aureus and other species)";VLAB-MI-TP-033;MPN;MPN/ml;0;72;;; 70.000 ;NA
THỦY SẢN VÀ SẢN PHẨM THỦY SẢN;THỦY SẢN VÀ SẢN PHẨM THỦY SẢN;;Kỹ thuật kháng sinh đồ vi khuẩn;;VLAB-MI-TP-058;Kỹ thuật khoanh giấy khuếch tán;;;48;;; 400.000 ;NA
THỰC PHẨM;Bánh, mứt, kẹo;;Định lượng Listeria monocytogenes ;Enumeration of  Listeria monocytogenes ;VLAB-MI-TP-070;Đếm khuẩn lạc;CFU/g;<10;120;;; 140.000 ;NA
THỰC PHẨM;Thực phẩm;;Định lượng Listeria spp.;Enumeration of  Listeria spp.;VLAB-MI-TP-070;Đếm khuẩn lạc;CFU/g;<10;120;;; 140.000 ;NA
THỰC PHẨM;Thực phẩm;;Định lượng Listeria spp.;Enumeration of  Listeria spp.;VLAB-MI-TP-070;Đếm khuẩn lạc;CFU/ml;<1;120;;; 140.000 ;NA
THỰC PHẨM;Thực phẩm;;Định lượng Listeria monocytogenes ;Enumeration of  Listeria monocytogenes ;VLAB-MI-TP-070;Đếm khuẩn lạc;CFU/g;<10;120;;; 140.000 ;NA
THỰC PHẨM;Thực phẩm;;Định lượng Listeria monocytogenes ;Enumeration of  Listeria monocytogenes ;VLAB-MI-TP-070;Đếm khuẩn lạc;CFU/ml;<1;120;;; 140.000 ;NA
THỰC PHẨM;Thực phẩm;;Định lượng Vibrio parahaemolyticus;Enumeration of  Vibrio parahaemolyticus;VLAB-MI-TP-076;MPN;MPN/g ;0;120;;; 140.000 ;NA
THỰC PHẨM;Thực phẩm;;Định lượng Vibrio parahaemolyticus;Enumeration of  Vibrio parahaemolyticus;VLAB-MI-TP-076;MPN;MPN/ml;0;120;;; 140.000 ;NA
THỦY SẢN VÀ SẢN PHẨM THỦY SẢN;THỦY SẢN VÀ SẢN PHẨM THỦY SẢN;;Phát hiện vi khuẩn gây bệnh hoại tử gan tụy cấp tính – hội chứng chết sớm (AHPND/EMS);Detection of acute hepatopancreatic necrosis disease - early mortality syndrome (AHPND/EMS);VLAB-MI-TP-081;PCR;/sample;;48;;; 280.000 ;NA
THỰC PHẨM;Thực phẩm;;Salmonella spp;;VLAB-MI-TP-082;RAPID’ Samonella;/sample;;120;;; 140.000 ;NA
THỦY SẢN VÀ SẢN PHẨM THỦY SẢN;THỦY SẢN VÀ SẢN PHẨM THỦY SẢN;;Phát hiện virus gây bệnh đầu vàng (YHV type 1);Detection of Yellow-head disease virus  (YHV type 1);VLAB-MI-TP-086;PCR;/sample;;48;;; 280.000 ;NA
THỦY SẢN VÀ SẢN PHẨM THỦY SẢN;THỦY SẢN VÀ SẢN PHẨM THỦY SẢN;;Phát hiện vi bào tử trùng (EHP);Detection of Enterocytozoon hepatopenaei (EHP);VLAB-MI-TP-093;PCR;/sample;;48;;; 280.000 ;NA
THỰC PHẨM;Thực phẩm;;Định lượng Bacillus subtilis;;VLAB-MI-TP-099;Đếm khuẩn lạc;CFU/g;<10;72;;; 70.000 ;NA
THỰC PHẨM;Thực phẩm;;Clostridium botulinum;;VLAB-MI-TP-101;Phân lập;/g ;;168;;; 280.000 ;NA
THỰC PHẨM;Thực phẩm;;Clostridium botulinum;;VLAB-MI-TP-101;PCR;/g ;;168;;; 280.000 ;NA
THỦY SẢN VÀ SẢN PHẨM THỦY SẢN;THỦY SẢN VÀ SẢN PHẨM THỦY SẢN;;Phát hiện Decapod iridescent virus 1 (DIV1);;VLAB-MI-TP-103;PCR;/sample;;48;;; 280.000 ;NA
THỦY SẢN VÀ SẢN PHẨM THỦY SẢN;THỦY SẢN VÀ SẢN PHẨM THỦY SẢN;;Phát hiện Parvovirus gây bệnh gan tụy ở tôm (HPV);;VLAB-MI-TP-104;PCR;/sample;;48;;; 280.000 ;NA
THỦY SẢN VÀ SẢN PHẨM THỦY SẢN;THỦY SẢN VÀ SẢN PHẨM THỦY SẢN;;Phát hiện virus gây bệnh còi (MBV);Detection of Monodon baculovirus (MBV);VLAB-MI-TP-105;PCR;/sample;;48;;; 280.000 ;NA
THỦY SẢN VÀ SẢN PHẨM THỦY SẢN;THỦY SẢN VÀ SẢN PHẨM THỦY SẢN;;Phát hiện vi khuẩn Hepatobacter penaei gây bệnh hoại tử gan tụy trên tôm (NHP);Detection of Hepatobacter penaei bacteria causing hepatopancreatic disease in shrimp (NHP);VLAB-MI-TP-106;PCR;/sample;;48;;; 280.000 ;NA
THỦY SẢN VÀ SẢN PHẨM THỦY SẢN;THỦY SẢN VÀ SẢN PHẨM THỦY SẢN;;Phát hiện virus gây bệnh Laem-Singh Virus (LSNV);;VLAB-MI-TP-107;PCR;/sample;;48;;; 280.000 ;NA
THỰC PHẨM;Thực phẩm;;Định lượng Flat spore formers ưa nhiệt ở 35oC;;VLAB-MI-TP-109;Đếm khuẩn lạc;CFU/g;<10;72;;; 140.000 ;NA
THỰC PHẨM;Thực phẩm;;Định lượng Flat spore formers chịu nhiệt ở 55oC;;VLAB-MI-TP-109;Đếm khuẩn lạc;CFU/g;<10;72;;; 140.000 ;NA
THỰC PHẨM;Thực phẩm;;Phát hiện Shigella spp.;Detection of Shigella spp.;VLAB-MI-TP-111;Phân lập;/25g;;120;;; 140.000 ;NA
THỰC PHẨM;Thực phẩm;;Phát hiện Shigella spp.;Detection of Shigella spp.;VLAB-MI-TP-111;Phân lập;/25ml;;120;;; 140.000 ;NA
THỰC PHẨM;Thực phẩm;;Vi khuẩn kỵ khí khử sulfite;Enumeration of sulfite reducing bacteria growing under anaerobic;VLAB-MI-TP-112;Đếm khuẩn lạc;CFU/g;<10;72;;; 70.000 ;NA
THỰC PHẨM;Thực phẩm;;Vi khuẩn kỵ khí khử sulfite;Enumeration of sulfite reducing bacteria growing under anaerobic;VLAB-MI-TP-112;Đếm khuẩn lạc;CFU/ml;<1;72;;; 70.000 ;NA
THỰC PHẨM;Thực phẩm;;Định lượng bào tử vi sinh vật hiếu khí ở 30oC;;VLAB-MI-TP-114;Đếm khuẩn lạc;CFU/g;<10;72;;; 70.000 ;NA
THỰC PHẨM;Thực phẩm;;Định lượng bào tử vi sinh vật kỵ khí;;VLAB-MI-TP-115;Đếm khuẩn lạc;CFU/g;<10;72;;; 70.000 ;NA
THỰC PHẨM;Thực phẩm;;Định lượng Staphylococcus aureus;Enumeration of  Staphylococcus aureus;VLAB-MI-TP-116;Cấy trang bề mặt;CFU/g;<10;72;;; 70.000 ;NA
THỰC PHẨM;Thực phẩm;;Định lượng Staphylococcus aureus;Enumeration of  Staphylococcus aureus;VLAB-MI-TP-116;Cấy trang bề mặt;CFU/ml;<1;72;;; 70.000 ;NA
THỰC PHẨM;Thực phẩm;;Định lượng Clostridium spp. khử sulfite;Enumeration of sulfite-reducing Clostridium spp. ;VLAB-MI-TP-117;Đếm khuẩn lạc;CFU/g;<10;96;;; 70.000 ;NA
THỰC PHẨM;Thực phẩm;;Định lượng Clostridium spp. khử sulfite;Enumeration of sulfite-reducing Clostridium spp. ;VLAB-MI-TP-117;Đếm khuẩn lạc;CFU/ml;<1;96;;; 70.000 ;NA
THỦY SẢN VÀ SẢN PHẨM THỦY SẢN;THỦY SẢN VÀ SẢN PHẨM THỦY SẢN;;Định lượng Vibrio parahaemolyticus;Enumeration of  Vibrio parahaemolyticus;VLAB-MI-TP-120;Đếm khuẩn lạc;CFU/g;<10;120;;; 140.000 ;NA
THỰC PHẨM;Thực phẩm;;Định lượng vi khuẩn axit lactic ưa nhiệt trung bình;Enumeration of mesophilic lactic acid bacteria ;VLAB-MI-TP-122;Đếm khuẩn lạc;CFU/g;<10;72;;; 70.000 ;NA
THỰC PHẨM;Thực phẩm;;Định lượng vi khuẩn kỵ khí khử sulfite;Enumeration of mesophilic lactic acid bacteria ;VLAB-MI-TP-122;Đếm khuẩn lạc;CFU/g;<10;72;;; 70.000 ;NA
THỰC PHẨM;Thực phẩm;;Định lượng Bacillus cereus;Enumeration of Bacillus cereus;VLAB-MI-TP-124;Đếm khuẩn lạc;CFU/g;<10;72;;; 70.000 ;NA
THỰC PHẨM;Thực phẩm;;Định lượng Bacillus cereus;Enumeration of Bacillus cereus;VLAB-MI-TP-124;Đếm khuẩn lạc;CFU/ml;<1;72;;; 70.000 ;NA
THỰC PHẨM;Thực phẩm;;Tổng số bào tử nấm men, nấm mốc;"Total number of yeast and mold
spores";VLAB-MI-TP-125;Đếm khuẩn lạc;CFU/g;<10;120;;; 70.000 ;NA
THỰC PHẨM;Thực phẩm;;Tổng số bào tử nấm men, nấm mốc;"Total number of yeast and mold
spores";VLAB-MI-TP-125;Đếm khuẩn lạc;CFU/ml;<1;120;;; 70.000 ;NA
THỰC PHẨM;Thực phẩm;;Tổng số bào tử nấm men, nấm mốc;"Total number of yeast and mold
spores";VLAB-MI-TP-125;Đếm khuẩn lạc;CFU/g;<10;120;;; 70.000 ;NA
THỰC PHẨM;Thực phẩm;;Tổng số bào tử nấm men, nấm mốc;"Total number of yeast and mold
spores";VLAB-MI-TP-125;Đếm khuẩn lạc;CFU/ml;<1;120;;; 70.000 ;NA
THỦY SẢN VÀ SẢN PHẨM THỦY SẢN;THỦY SẢN VÀ SẢN PHẨM THỦY SẢN;;Phát hiện virus gây bệnh đốm trắng (WSSV);Detection of white spot syndrome disease virus (WSSV) ;VLAB-MI-TP-80;PCR;/sample;;48;;; 280.000 ;NA
THỦY SẢN VÀ SẢN PHẨM THỦY SẢN;THỦY SẢN VÀ SẢN PHẨM THỦY SẢN;;Phát hiện virus gây bệnh hoại tử cơ quan tạo máu và biểu mô (IHHNV);Detection of infectious hypodennal and hematopoietic necrosis virus (IHHNV);VLAB-MI-TP-83;PCR;/sample;;48;;; 280.000 ;NA
THỦY SẢN VÀ SẢN PHẨM THỦY SẢN;THỦY SẢN VÀ SẢN PHẨM THỦY SẢN;;Phát hiện virus gây bệnh hoại tử cơ (IMNV);Detection of infectious myonecrosis virus (IMNV);VLAB-MI-TP-84;PCR;/sample;;48;;; 280.000 ;NA
THỦY SẢN VÀ SẢN PHẨM THỦY SẢN;THỦY SẢN VÀ SẢN PHẨM THỦY SẢN;;Phát hiện virus gây hội chứng Taura (TSV);Detection of Taura Syndrome virus (TSV);VLAB-MI-TP-85;PCR;/sample;;48;;; 280.000 ;NA
TP BVSK;Đông trùng hạ thảo;; Adenosine;;VLAB-CH-TP-687;-;;6 mg/kg;72;;; 700.000 ; NA 
TP BVSK;Đông trùng hạ thảo;; Cordycepin;;VLAB-CH-TP-687;-;;6 mg/kg;72;;; 700.000 ; NA 
TP BVSK;Nhân sâm;; Ginsenoside -Rh1;;VLAB-CH-TP-683;-;;;72;;; 700.000 ; NA 
TP BVSK;Nhân sâm;;  Ginsenoside  G-Rb1;;VLAB-CH-TP-683;-;;;72;;; 700.000 ; NA 
TP BVSK;Nhân sâm;; Gingnoseng G-Rd;;VLAB-CH-TP-683;-;;;72;;; 700.000 ; NA 
TP BVSK;Nhân sâm;; Gingnoseng G-Rf;;VLAB-CH-TP-683;-;;;72;;; 700.000 ; NA 
TP BVSK;Nhân sâm;;  Ginsenoside -Rg1;;VLAB-CH-TP-683;-;;;72;;; 700.000 ; NA 
TP BVSK;Nhân sâm;; Gingnoseng M-R2;;VLAB-CH-TP-683;-;;;72;;; 700.000 ; NA 
TP BVSK;Thực phẩm bảo vệ sức khoẻ;; Curcumminoids tổng số;;VLAB-CH-TP-744;LC-MS/MS;;;72;;; 350.000 ; NA 
TP BVSK;Thực phẩm bảo vệ sức khỏe;;Phát hiện Listeria monocytogenes;Detection of Listeria monocytogenes;VLAB-MI-TP-015;Phân lập;/25g;;168;;; 140.000 ;NA
TP BVSK;Thực phẩm bảo vệ sức khỏe;;Phát hiện Listeria monocytogenes;Detection of Listeria monocytogenes;VLAB-MI-TP-015;Phân lập;/25ml;;168;;; 140.000 ;NA
TP BVSK;Thực phẩm bảo vệ sức khỏe;;Phát hiện Listeria spp.;Detection of Listeria spp.;VLAB-MI-TP-015;Phân lập;/25g;;120;;; 140.000 ;NA
TP BVSK;Thực phẩm bảo vệ sức khỏe;;Phát hiện Listeria spp.;Detection of Listeria spp.;VLAB-MI-TP-015;Phân lập;/25ml;;120;;; 140.000 ;NA
TP BVSK;Thực phẩm bảo vệ sức khỏe;;Định lượng nấm men và nấm mốc;"Enumeration of 
yeasts and moulds ";VLAB-MI-TP-013;Đếm khuẩn lạc;CFU/g;<10;120;;; 70.000 ;NA
TP BVSK;Thực phẩm bảo vệ sức khỏe;;Định lượng nấm men và nấm mốc;"Enumeration of 
yeasts and moulds ";VLAB-MI-TP-013;Đếm khuẩn lạc;CFU/ml;<1;120;;; 70.000 ;NA
TP BVSK;Thực phẩm bảo vệ sức khỏe;;Định lượng nấm men và nấm mốc;"Enumeration of 
yeasts and moulds ";VLAB-MI-TP-014;Đếm khuẩn lạc;CFU/g;<10;120;;; 70.000 ;NA
TP BVSK;Thực phẩm bảo vệ sức khỏe;;Định lượng nấm men và nấm mốc;"Enumeration of 
yeasts and moulds ";VLAB-MI-TP-014;Đếm khuẩn lạc;CFU/ml;<1;120;;; 70.000 ;NA
TP BVSK;Thực phẩm bảo vệ sức khỏe;;Định lượng Bacillus cereus giả định;Enumeration of presumptive Bacillus cereus;VLAB-MI-TP-016;Đếm khuẩn lạc;CFU/g;<10;72;;; 70.000 ;NA
TP BVSK;Thực phẩm bảo vệ sức khỏe;;Định lượng Bacillus cereus giả định;Enumeration of presumptive Bacillus cereus;VLAB-MI-TP-016;Đếm khuẩn lạc;CFU/ml;<1;72;;; 70.000 ;NA
TP BVSK;Thực phẩm bảo vệ sức khỏe;;Polysaccharide tổng số;;VLAB-CH-TP-751;-;-;-;72;;; 350.000 ; NA 
TP BVSK;Thực phẩm bảo vệ sức khỏe, Thực phẩm bổ sung;METAL/ICP-MS;Hàm lượng Chì (Pb);Lead (Pb) content;VLAB-CH-TP-422 (Ref. AOAC 2015.01);ICP-MS;;0.1 mg/kg;72;;; 140.000 ; NA 
TP BVSK;Thực phẩm bảo vệ sức khỏe, Thực phẩm bổ sung;METAL/ICP-MS;Hàm lượng Cadimi (Cd);Cadmium (Cd) content;VLAB-CH-TP-422 (Ref. AOAC 2015.01);ICP-MS;;0.03 mg/kg;72;;; 140.000 ; NA 
TP BVSK;Thực phẩm bảo vệ sức khỏe, Thực phẩm bổ sung;METAL/ICP-MS;Hàm lượng Asen (As);Arsenic (As) content;VLAB-CH-TP-422 (Ref. AOAC 2015.01);ICP-MS;;0.03 mg/kg;72;;; 140.000 ; NA 
TP BVSK;Thực phẩm bảo vệ sức khỏe, Thực phẩm bổ sung;METAL/ICP-MS;Hàm lượng Thủy ngân (Hg);Mercury (Hg) content;VLAB-CH-TP-422 (Ref. AOAC 2015.01);ICP-MS;;0.02 mg/kg;72;;; 140.000 ; NA 
TP BVSK;Thực phẩm bảo vệ sức khỏe, Thực phẩm bổ sung;METAL/ICP-MS;Hàm lượng Thiếc (Sn);Tin (Sn) content;VLAB-CH-TP-422 (Ref. AOAC 2015.01);ICP-MS;;0.1 mg/kg;72;;; 140.000 ; NA 
TP BVSK;Thực phẩm bảo vệ sức khỏe, Thực phẩm bổ sung;METAL/ICP-MS;Hàm lượng Antimon (Sb);Antimon (Sb) content;VLAB-CH-TP-422 (Ref. AOAC 2015.01);ICP-MS;;0.1 mg/kg;72;;; 140.000 ; NA 
TP BVSK;Thực phẩm bảo vệ sức khỏe, Thực phẩm bổ sung;METAL/ICP-MS;Hàm lượng Selen (Se);Selenium (Se) content;VLAB-CH-TP-422 (Ref. AOAC 2015.01);ICP-MS;;0.1 mg/kg;72;;; 140.000 ; NA 
TP BVSK;Thực phẩm bảo vệ sức khỏe, Thực phẩm bổ sung;METAL/ICP-MS;Hàm lượng Crom (Cr);Chromium (Cr) content;VLAB-CH-TP-422 (Ref. AOAC 2015.01);ICP-MS;;0.1 mg/kg;72;;; 140.000 ; NA 
TP BVSK;Thực phẩm bảo vệ sức khỏe, Thực phẩm bổ sung;METAL/ICP-MS;Hàm lượng Molypden (Mo);Molypdenum (Mo) content;VLAB-CH-TP-422 (Ref. AOAC 2015.01);ICP-MS;;0.1 mg/kg;72;;; 140.000 ; NA 
TP BVSK;Thực phẩm bảo vệ sức khỏe, thực phẩm bổ sung;;Định lượng  tổng vi sinh vật hiếu khí;"Enumeration of aerobic microorganism
";VLAB-MI-TP-005;Đếm khuẩn lạc;CFU/g;<10;72;;; 70.000 ;NA
TP BVSK;Thực phẩm bảo vệ sức khỏe, thực phẩm bổ sung;;Định lượng  tổng vi sinh vật hiếu khí;"Enumeration of aerobic microorganism
";VLAB-MI-TP-005;Đếm khuẩn lạc;CFU/ml;<1;72;;; 70.000 ;NA
TP BVSK;Thực phẩm bảo vệ sức khỏe, thực phẩm bổ sung;;Định lượng Coliforms;Enumeration of Colifoms;VLAB-MI-TP-001;Đếm khuẩn lạc;CFU/g;<10;48;;; 70.000 ;NA
TP BVSK;Thực phẩm bảo vệ sức khỏe, thực phẩm bổ sung;;Định lượng Coliforms;Enumeration of Colifoms;VLAB-MI-TP-001;Đếm khuẩn lạc;CFU/ml;<1;48;;; 70.000 ;NA
TP BVSK;Thực phẩm bảo vệ sức khỏe, thực phẩm bổ sung;;Định lượng Enterobacteriaceae;Enumeration of Enterobacteriaceae;VLAB-MI-TP-006;Đếm khuẩn lạc;CFU/g;<10;96;;; 70.000 ;NA
TP BVSK;Thực phẩm bảo vệ sức khỏe, thực phẩm bổ sung;;Định lượng Enterobacteriaceae;Enumeration of Enterobacteriaceae;VLAB-MI-TP-006;Đếm khuẩn lạc;CFU/ml;<1;96;;; 70.000 ;NA
TP BVSK;Thực phẩm bảo vệ sức khỏe, thực phẩm bổ sung;;Định lượng E.coli dương tính với β-glucuronidase;Enumeration Escherichia coli  β-glucuronidase positive;VLAB-MI-TP-002;Đếm khuẩn lạc;CFU/g;<10;48;;; 70.000 ;NA
TP BVSK;Thực phẩm bảo vệ sức khỏe, thực phẩm bổ sung;;Định lượng E.coli dương tính với β-glucuronidase;Enumeration Escherichia coli  β-glucuronidase positive;VLAB-MI-TP-002;Đếm khuẩn lạc;CFU/ml;<1;48;;; 70.000 ;NA
TP BVSK;Thực phẩm bảo vệ sức khỏe, thực phẩm bổ sung;;Định lượng Staphylococci có phản ứng dương tính với coagulase (Staphylococcus aureus và các loài khác);"Enumeration of coagulase-positive Staphylococci (Staphylococcus
aureus and other species)";VLAB-MI-TP-008;Đếm khuẩn lạc;CFU/g;<10;72;;; 70.000 ;NA
TP BVSK;Thực phẩm bảo vệ sức khỏe, thực phẩm bổ sung;;Định lượng Staphylococci có phản ứng dương tính với coagulase (Staphylococcus aureus và các loài khác);"Enumeration of coagulase-positive Staphylococci (Staphylococcus
aureus and other species)";VLAB-MI-TP-008;Đếm khuẩn lạc;CFU/ml;<1;72;;; 70.000 ;NA
TP BVSK;Thực phẩm bảo vệ sức khỏe, thực phẩm bổ sung;;Định lượng Clostridium perfringens;Enumeration of  Clostridium perfringens;VLAB-MI-TP-017;Đếm khuẩn lạc;CFU/g;<10;48;;; 70.000 ;NA
TP BVSK;Thực phẩm bảo vệ sức khỏe, thực phẩm bổ sung;;Định lượng Clostridium perfringens;Enumeration of  Clostridium perfringens;VLAB-MI-TP-017;Đếm khuẩn lạc;CFU/ml;<1;48;;; 70.000 ;NA
TP BVSK;Thực phẩm bảo vệ sức khỏe, thực phẩm bổ sung;;Định lượng Bacillus cereus giả định;Enumeration of presumptive Bacillus cereus;VLAB-MI-TP-016;Cấy trang bề mặt;CFU/g;<10;72;;; 70.000 ;NA
TP BVSK;Thực phẩm bảo vệ sức khỏe, thực phẩm bổ sung;;Định lượng Bacillus cereus giả định;Enumeration of presumptive Bacillus cereus;VLAB-MI-TP-016;Cấy trang bề mặt;CFU/ml;<1;72;;; 70.000 ;NA
TP BVSK;Thực phẩm bảo vệ sức khỏe, thực phẩm bổ sung;;Định lượng Staphylococcus aureus;Enumeration of  Staphylococcus aureus;VLAB-MI-TP-116;Cấy trang bề mặt;CFU/g;<10;72;;; 70.000 ;NA
TP BVSK;Thực phẩm bảo vệ sức khỏe, thực phẩm bổ sung;;Định lượng Staphylococcus aureus;Enumeration of  Staphylococcus aureus;VLAB-MI-TP-116;Cấy trang bề mặt;CFU/ml;<1;72;;; 70.000 ;NA
TP BVSK;Thực phẩm bảo vệ sức khỏe, thực phẩm bổ sung;;Phát hiện Salmonella spp.;Detection of Salmonella spp.;VLAB-MI-TP-004;Phân lập;/25g;;120;;; 140.000 ;NA
TP BVSK;Thực phẩm bảo vệ sức khỏe, thực phẩm bổ sung;;Phát hiện Salmonella spp.;Detection of Salmonella spp.;VLAB-MI-TP-004;Phân lập;/25ml;;120;;; 140.000 ;NA
TP BVSK;Thực phẩm bổ sung, thực phẩm bảo vệ sức khỏe;AMINO ACIDS;Aspartic acid;Aspartic acid;VLAB-CH-TP-595;Biochrom;;0,02%;120;;; 350.000 ; 1.400.000 
TP BVSK;Thực phẩm bổ sung, thực phẩm bảo vệ sức khỏe;AMINO ACIDS;Threonine;Threonine;VLAB-CH-TP-595;Biochrom;;0,02%;120;;; 350.000 ; 1.400.000 
TP BVSK;Thực phẩm bổ sung, thực phẩm bảo vệ sức khỏe;AMINO ACIDS;Serine;Serine;VLAB-CH-TP-595;Biochrom;;0,02%;120;;; 350.000 ; 1.400.000 
TP BVSK;Thực phẩm bổ sung, thực phẩm bảo vệ sức khỏe;AMINO ACIDS;Glutamic acid;Glutamic acid;VLAB-CH-TP-595;Biochrom;;0,02%;120;;; 350.000 ; 1.400.000 
TP BVSK;Thực phẩm bổ sung, thực phẩm bảo vệ sức khỏe;AMINO ACIDS;Proline;Proline;VLAB-CH-TP-595;Biochrom;;0,02%;120;;; 350.000 ; 1.400.000 
TP BVSK;Thực phẩm bổ sung, thực phẩm bảo vệ sức khỏe;AMINO ACIDS;Glycine;Glycine;VLAB-CH-TP-595;Biochrom;;0,02%;120;;; 350.000 ; 1.400.000 
TP BVSK;Thực phẩm bổ sung, thực phẩm bảo vệ sức khỏe;AMINO ACIDS;Alanine;Alanine;VLAB-CH-TP-595;Biochrom;;0,02%;120;;; 350.000 ; 1.400.000 
TP BVSK;Thực phẩm bổ sung, thực phẩm bảo vệ sức khỏe;AMINO ACIDS;Valine;Valine;VLAB-CH-TP-595;Biochrom;;0,02%;120;;; 350.000 ; 1.400.000 
TP BVSK;Thực phẩm bổ sung, thực phẩm bảo vệ sức khỏe;AMINO ACIDS;Isoleucine;Isoleucine;VLAB-CH-TP-595;Biochrom;;0,02%;120;;; 350.000 ; 1.400.000 
TP BVSK;Thực phẩm bổ sung, thực phẩm bảo vệ sức khỏe;AMINO ACIDS;Leucine;Leucine;VLAB-CH-TP-595;Biochrom;;0,02%;120;;; 350.000 ; 1.400.000 
TP BVSK;Thực phẩm bổ sung, thực phẩm bảo vệ sức khỏe;AMINO ACIDS;Tyrosine;Tyrosine;VLAB-CH-TP-595;Biochrom;;0,02%;120;;; 350.000 ; 1.400.000 
TP BVSK;Thực phẩm bổ sung, thực phẩm bảo vệ sức khỏe;AMINO ACIDS;Phenylalanie;Phenylalanie;VLAB-CH-TP-595;Biochrom;;0,02%;120;;; 350.000 ; 1.400.000 
TP BVSK;Thực phẩm bổ sung, thực phẩm bảo vệ sức khỏe;AMINO ACIDS;Lysine;Lysine;VLAB-CH-TP-595;Biochrom;;0,02%;120;;; 350.000 ; 1.400.000 
TP BVSK;Thực phẩm bổ sung, thực phẩm bảo vệ sức khỏe;AMINO ACIDS;Histidine;Histidine;VLAB-CH-TP-595;Biochrom;;0,02%;120;;; 350.000 ; 1.400.000 
TP BVSK;Thực phẩm bổ sung, thực phẩm bảo vệ sức khỏe;AMINO ACIDS;Agrinine;Agrinine;VLAB-CH-TP-595;Biochrom;;0,02%;120;;; 350.000 ; 1.400.000 
TP BVSK;Thực phẩm bổ sung, thực phẩm bảo vệ sức khỏe;AMINO ACIDS;Cystine (L-Cystine);Cystine (L-Cystine);VLAB-CH-TP-595;Biochrom;;0,02%;120;;; 350.000 ; 1.400.000 
TP BVSK;Thực phẩm bổ sung, thực phẩm bảo vệ sức khỏe;AMINO ACIDS;Methionine (L-Methionin);Methionine (L-Methionin);VLAB-CH-TP-595;Biochrom;;0,02%;120;;; 350.000 ; 1.400.000 
TP BVSK;Thực phẩm bổ sung, thực phẩm bảo vệ sức khỏe;MYCOTOXINS;Aflatoxin (B1, B2, G1, G2);Aflatoxin (B1, B2, G1, G2);VLAB-CH-TP-599;LC-MS/MS;0.167 µg/kg;0.5 µg/kg;72;24;; 350.000 ; NA 
TP BVSK;Thực phẩm bổ sung, thực phẩm bảo vệ sức khỏe;MYCOTOXINS;Aflatoxin tổng số;Aflatoxin total;VLAB-CH-TP-599;LC-MS/MS;0.667 µg/kg;2 µg/kg;72;24;; 350.000 ; NA 
TP BVSK;Thực phẩm bổ sung, thực phẩm bảo vệ sức khỏe;MYCOTOXINS;Aflatoxin M1;Aflatoxin M1;VLAB-CH-TP-599;LC-MS/MS;0.017 µg/kg;0.05 µg/kg;72;24;; 350.000 ; NA 
TP BVSK;Thực phẩm bổ sung, thực phẩm bảo vệ sức khỏe;MYCOTOXINS;Fumonisin B1;Fumonisin B1;VLAB-CH-TP-599;LC-MS/MS;0.833 µg/kg;2.5 µg/kg;72;24;; 350.000 ; NA 
TP BVSK;Thực phẩm bổ sung, thực phẩm bảo vệ sức khỏe;MYCOTOXINS;Fumonision B2;Fumonision B2;VLAB-CH-TP-599;LC-MS/MS;0.833 µg/kg;2.5 µg/kg;72;24;; 350.000 ; NA 
TP BVSK;Thực phẩm bổ sung, thực phẩm bảo vệ sức khỏe;MYCOTOXINS;Deoxynivalenol (DON);Deoxynivalenol (DON);VLAB-CH-TP-599;LC-MS/MS;0.167 µg/kg;0.5 µg/kg;72;24;; 350.000 ; NA 
TP BVSK;Thực phẩm bổ sung, thực phẩm bảo vệ sức khỏe;MYCOTOXINS;Zearalenone (ZEN);Zearalenone (ZEN);VLAB-CH-TP-599;LC-MS/MS;0.167 µg/kg;0.5 µg/kg;72;24;; 350.000 ; NA 
TP BVSK;Thực phẩm bổ sung, thực phẩm bảo vệ sức khỏe;MYCOTOXINS;Ochratoxin A (OTA);Ochratoxin A (OTA);VLAB-CH-TP-599;LC-MS/MS;0.167 µg/kg;0.5 µg/kg;72;24;; 350.000 ; NA 
TP BVSK;Thực phẩm bổ sung, thực phẩm bảo vệ sức khỏe;;Adenosine;Adenosine;VLAB-CH-TP-687;LC-MS/MS;1 mg/kg;3 mg/kg;72;;; 700.000 ; NA 
TP BVSK;Thực phẩm bổ sung, thực phẩm bảo vệ sức khỏe;;Cordycepin;Cordycepin;VLAB-CH-TP-687;LC-MS/MS;1 mg/kg;3 mg/kg;72;;; 700.000 ; NA 
TP BVSK;Thực phẩm bổ sung, thực phẩm bảo vệ sức khỏe;;Hàm lượng Chì (Pb);Lead (Pb) content;VLAB-CH-TP-392 (Ref. AOAC 999.11);GF-AAS;;0.01mg/kg ;72;;; 140.000 ; NA 
TP BVSK;Thực phẩm bổ sung, thực phẩm bảo vệ sức khỏe;;Hàm lượng Asen (As);Arsenic (As) content;VLAB-CH-TP-387 (Ref.AOAC 986.15, Ref.TCVN 8427:2010);HG-AAS;;0.08 mg/kg;72;;; 140.000 ; NA 
TP BVSK;Thực phẩm bổ sung, thực phẩm bảo vệ sức khỏe;;Hàm lượng Thủy ngân (Hg);Mercury (Hg) content;VLAB-CH-TP-388 (Ref. AOAC 971.21);CV-AAS;;0.04 mg/kg;72;;; 140.000 ; NA 
TP BVSK;Thực phẩm bổ sung, thực phẩm bảo vệ sức khỏe;;Hàm lượng Cadimi (Cd);Cadmium (Cd) content;VLAB-CH-TP-392 (Ref. AOAC 999.11);GF-AAS;;0.05 mg/kg;72;;; 140.000 ; NA 
TP BVSK;Thực phẩm bổ sung, thực phẩm bảo vệ sức khỏe;;Hàm lượng Đồng (Cu);Copper (Cu) content;VLAB-CH-TP-389 (Ref. AOAC 999.11);F-AAS;;2.0 mg/kg;72;;; 140.000 ; NA 
TP BVSK;Thực phẩm bổ sung, thực phẩm bảo vệ sức khỏe;;Hàm lượng Sắt (Fe);Iron (Fe) content;VLAB-CH-TP-389 (Ref. AOAC 999.11);F-AAS;;2.0 mg/kg;72;;; 140.000 ; NA 
TP BVSK;Thực phẩm bổ sung, thực phẩm bảo vệ sức khỏe;;Hàm lượng Kẽm (Zn);Zinc (Zn) content;VLAB-CH-TP-389 (Ref. AOAC 999.11);F-AAS;;1.0 mg/kg;72;;; 140.000 ; NA 
TP BVSK;Thực phẩm bổ sung, thực phẩm bảo vệ sức khỏe;;Hàm lượng Natri (Na);Sodium (Na) content;VLAB-CH-TP-390 (Ref. AOAC 969.23);F-AAS;;2.0 mg/kg;72;;; 140.000 ; NA 
TP BVSK;Thực phẩm bổ sung, thực phẩm bảo vệ sức khỏe;;Hàm lượng Kali (K);Potassium (K) content;VLAB-CH-TP-390 (Ref. AOAC 969.23);F-AAS;;2.0 mg/kg;72;;; 140.000 ; NA 
TP BVSK;Thực phẩm bổ sung, thực phẩm bảo vệ sức khỏe;;Hàm lượng Canxi (Ca);Calcium (Ca) content;VLAB-CH-TP-391 (Ref. AOAC 968.08);F-AAS;;5.0 mg/kg;72;;; 140.000 ; NA 
TP BVSK;Thực phẩm bổ sung, thực phẩm bảo vệ sức khỏe;;Hàm lượng Magie (Mg);Magnesium (Mg) content;VLAB-CH-TP-391 (Ref. AOAC 968.08);F-AAS;;2.0 mg/kg;72;;; 140.000 ; NA 
TP BVSK;Thực phẩm bổ sung, thực phẩm bảo vệ sức khỏe;;Hàm lượng Mangan (Mn);Manganese (Mn) content;VLAB-CH-TP-393 (Ref. AOAC 985.35);F-AAS;;2.0 mg/kg;72;;; 140.000 ; NA 
TP BVSK;Thực phẩm chức năng;; Adenosine;;VLAB-CH-TP-687;-;;6 mg/kg;72;;; 700.000 ; NA 
TP BVSK;Thực phẩm chức năng;; Cordycepin;;VLAB-CH-TP-687;-;;6 mg/kg;72;;; 700.000 ; NA 
VSCN; Vệ sinh bề mặt khu vực sản xuất (không bao gồm lấy mẫu);;Định lượng  tổng vi sinh vật hiếu khí;"Enumeration of aerobic microorganism
";VLAB-MI-TP-005;Đếm khuẩn lạc;CFU/sample;<10;72;;; 70.000 ;NA
VSCN; Vệ sinh bề mặt khu vực sản xuất (không bao gồm lấy mẫu);;Định lượng  tổng vi sinh vật hiếu khí;"Enumeration of aerobic microorganism
";VLAB-MI-TP-005;Đếm khuẩn lạc;CFU/100cm2;<10;72;;; 70.000 ;NA
VSCN; Vệ sinh bề mặt khu vực sản xuất (không bao gồm lấy mẫu);;Định lượng  tổng vi sinh vật hiếu khí;"Enumeration of aerobic microorganism
";VLAB-MI-TP-005;Đếm khuẩn lạc;CFU/50cm2;<10;72;;; 70.000 ;NA
VSCN; Vệ sinh bề mặt khu vực sản xuất (không bao gồm lấy mẫu);;Định lượng  tổng vi sinh vật hiếu khí;"Enumeration of aerobic microorganism
";VLAB-MI-TP-005;Đếm khuẩn lạc;CFU/10cm2;<10;72;;; 70.000 ;NA
VSCN; Vệ sinh bề mặt khu vực sản xuất (không bao gồm lấy mẫu);;Định lượng  tổng vi sinh vật hiếu khí;"Enumeration of aerobic microorganism
";VLAB-MI-TP-005;Đếm khuẩn lạc;CFU/cm2;<1;72;;; 70.000 ;NA
VSCN; Vệ sinh bề mặt khu vực sản xuất (không bao gồm lấy mẫu);;Định lượng Coliforms;Enumeration of Colifoms;VLAB-MI-TP-001;Đếm khuẩn lạc;CFU/sample;<10;48;;; 70.000 ;NA
VSCN; Vệ sinh bề mặt khu vực sản xuất (không bao gồm lấy mẫu);;Định lượng Coliforms;Enumeration of Colifoms;VLAB-MI-TP-001;Đếm khuẩn lạc;CFU/100cm2;<10;48;;; 70.000 ;NA
VSCN; Vệ sinh bề mặt khu vực sản xuất (không bao gồm lấy mẫu);;Định lượng Coliforms;Enumeration of Colifoms;VLAB-MI-TP-001;Đếm khuẩn lạc;CFU/50cm2;<10;48;;; 70.000 ;NA
VSCN; Vệ sinh bề mặt khu vực sản xuất (không bao gồm lấy mẫu);;Định lượng Coliforms;Enumeration of Colifoms;VLAB-MI-TP-001;Đếm khuẩn lạc;CFU/10cm2;<10;48;;; 70.000 ;NA
VSCN; Vệ sinh bề mặt khu vực sản xuất (không bao gồm lấy mẫu);;Định lượng Coliforms;Enumeration of Colifoms;VLAB-MI-TP-001;Đếm khuẩn lạc;CFU/cm2;<1;48;;; 70.000 ;NA
VSCN; Vệ sinh bề mặt khu vực sản xuất (không bao gồm lấy mẫu);;Định lượng Enterobacteriaceae;Enumeration of Enterobacteriaceae;VLAB-MI-TP-006;Đếm khuẩn lạc;CFU/sample;<10;96;;; 70.000 ;NA
VSCN; Vệ sinh bề mặt khu vực sản xuất (không bao gồm lấy mẫu);;Định lượng Enterobacteriaceae;Enumeration of Enterobacteriaceae;VLAB-MI-TP-006;Đếm khuẩn lạc;CFU/100cm2;<10;96;;; 70.000 ;NA
VSCN; Vệ sinh bề mặt khu vực sản xuất (không bao gồm lấy mẫu);;Định lượng Enterobacteriaceae;Enumeration of Enterobacteriaceae;VLAB-MI-TP-006;Đếm khuẩn lạc;CFU/50cm2;<10;96;;; 70.000 ;NA
VSCN; Vệ sinh bề mặt khu vực sản xuất (không bao gồm lấy mẫu);;Định lượng Enterobacteriaceae;Enumeration of Enterobacteriaceae;VLAB-MI-TP-006;Đếm khuẩn lạc;CFU/10cm2;<10;96;;; 70.000 ;NA
VSCN; Vệ sinh bề mặt khu vực sản xuất (không bao gồm lấy mẫu);;Định lượng Enterobacteriaceae;Enumeration of Enterobacteriaceae;VLAB-MI-TP-006;Đếm khuẩn lạc;CFU/cm2;<1;96;;; 70.000 ;NA
VSCN; Vệ sinh bề mặt khu vực sản xuất (không bao gồm lấy mẫu);;Định lượng E.coli dương tính với β-glucuronidase;Enumeration Escherichia coli  β-glucuronidase positive;VLAB-MI-TP-002;Đếm khuẩn lạc;CFU/sample;<10;48;;; 70.000 ;NA
VSCN; Vệ sinh bề mặt khu vực sản xuất (không bao gồm lấy mẫu);;Định lượng E.coli dương tính với β-glucuronidase;Enumeration Escherichia coli  β-glucuronidase positive;VLAB-MI-TP-002;Đếm khuẩn lạc;CFU/100cm2;<10;48;;; 70.000 ;NA
VSCN; Vệ sinh bề mặt khu vực sản xuất (không bao gồm lấy mẫu);;Định lượng E.coli dương tính với β-glucuronidase;Enumeration Escherichia coli  β-glucuronidase positive;VLAB-MI-TP-002;Đếm khuẩn lạc;CFU/50cm2;<10;48;;; 70.000 ;NA
VSCN; Vệ sinh bề mặt khu vực sản xuất (không bao gồm lấy mẫu);;Định lượng E.coli dương tính với β-glucuronidase;Enumeration Escherichia coli  β-glucuronidase positive;VLAB-MI-TP-002;Đếm khuẩn lạc;CFU/10cm2;<10;48;;; 70.000 ;NA
VSCN; Vệ sinh bề mặt khu vực sản xuất (không bao gồm lấy mẫu);;Định lượng E.coli dương tính với β-glucuronidase;Enumeration Escherichia coli  β-glucuronidase positive;VLAB-MI-TP-002;Đếm khuẩn lạc;CFU/cm2;<1;48;;; 70.000 ;NA
VSCN; Vệ sinh bề mặt khu vực sản xuất (không bao gồm lấy mẫu);;Định lượng Staphylococci có phản ứng dương tính với coagulase (Staphylococcus aureus và các loài khác);"Enumeration of coagulase-positive Staphylococci (Staphylococcus
aureus and other species)";VLAB-MI-TP-008;Đếm khuẩn lạc;CFU/sample;<10;72;;; 70.000 ;NA
VSCN; Vệ sinh bề mặt khu vực sản xuất (không bao gồm lấy mẫu);;Định lượng Staphylococci có phản ứng dương tính với coagulase (Staphylococcus aureus và các loài khác);"Enumeration of coagulase-positive Staphylococci (Staphylococcus
aureus and other species)";VLAB-MI-TP-008;Đếm khuẩn lạc;CFU/100cm2;<10;72;;; 70.000 ;NA
VSCN; Vệ sinh bề mặt khu vực sản xuất (không bao gồm lấy mẫu);;Định lượng Staphylococci có phản ứng dương tính với coagulase (Staphylococcus aureus và các loài khác);"Enumeration of coagulase-positive Staphylococci (Staphylococcus
aureus and other species)";VLAB-MI-TP-008;Đếm khuẩn lạc;CFU/50cm2;<10;72;;; 70.000 ;NA
VSCN; Vệ sinh bề mặt khu vực sản xuất (không bao gồm lấy mẫu);;Định lượng Staphylococci có phản ứng dương tính với coagulase (Staphylococcus aureus và các loài khác);"Enumeration of coagulase-positive Staphylococci (Staphylococcus
aureus and other species)";VLAB-MI-TP-008;Đếm khuẩn lạc;CFU/10cm2;<10;72;;; 70.000 ;NA
VSCN; Vệ sinh bề mặt khu vực sản xuất (không bao gồm lấy mẫu);;Định lượng Staphylococci có phản ứng dương tính với coagulase (Staphylococcus aureus và các loài khác);"Enumeration of coagulase-positive Staphylococci (Staphylococcus
aureus and other species)";VLAB-MI-TP-008;Đếm khuẩn lạc;CFU/cm2;<1;72;;; 70.000 ;NA
VSCN; Vệ sinh bề mặt khu vực sản xuất (không bao gồm lấy mẫu);;Định lượng Clostridium perfringens;Enumeration of  Clostridium perfringens;VLAB-MI-TP-017;Đếm khuẩn lạc;CFU/sample;<10;48;;; 70.000 ;NA
VSCN; Vệ sinh bề mặt khu vực sản xuất (không bao gồm lấy mẫu);;Định lượng Clostridium perfringens;Enumeration of  Clostridium perfringens;VLAB-MI-TP-017;Đếm khuẩn lạc;CFU/100cm2;<10;48;;; 70.000 ;NA
VSCN; Vệ sinh bề mặt khu vực sản xuất (không bao gồm lấy mẫu);;Định lượng Clostridium perfringens;Enumeration of  Clostridium perfringens;VLAB-MI-TP-017;Đếm khuẩn lạc;CFU/50cm2;<10;48;;; 70.000 ;NA
VSCN; Vệ sinh bề mặt khu vực sản xuất (không bao gồm lấy mẫu);;Định lượng Clostridium perfringens;Enumeration of  Clostridium perfringens;VLAB-MI-TP-017;Đếm khuẩn lạc;CFU/10cm2;<10;48;;; 70.000 ;NA
VSCN; Vệ sinh bề mặt khu vực sản xuất (không bao gồm lấy mẫu);;Định lượng Clostridium perfringens;Enumeration of  Clostridium perfringens;VLAB-MI-TP-017;Đếm khuẩn lạc;CFU/cm2;<1;48;;; 70.000 ;NA
VSCN; Vệ sinh bề mặt khu vực sản xuất (không bao gồm lấy mẫu);;Định lượng Bacillus cereus giả định;Enumeration of presumptive Bacillus cereus;VLAB-MI-TP-016;Cấy trang bề mặt;CFU/sample;<10;72;;; 70.000 ;NA
VSCN; Vệ sinh bề mặt khu vực sản xuất (không bao gồm lấy mẫu);;Định lượng Bacillus cereus giả định;Enumeration of presumptive Bacillus cereus;VLAB-MI-TP-016;Cấy trang bề mặt;CFU/100cm2;<10;72;;; 70.000 ;NA
VSCN; Vệ sinh bề mặt khu vực sản xuất (không bao gồm lấy mẫu);;Định lượng Bacillus cereus giả định;Enumeration of presumptive Bacillus cereus;VLAB-MI-TP-016;Cấy trang bề mặt;CFU/50cm2;<10;72;;; 70.000 ;NA
VSCN; Vệ sinh bề mặt khu vực sản xuất (không bao gồm lấy mẫu);;Định lượng Bacillus cereus giả định;Enumeration of presumptive Bacillus cereus;VLAB-MI-TP-016;Cấy trang bề mặt;CFU/10cm2;<10;72;;; 70.000 ;NA
VSCN; Vệ sinh bề mặt khu vực sản xuất (không bao gồm lấy mẫu);;Định lượng Bacillus cereus giả định;Enumeration of presumptive Bacillus cereus;VLAB-MI-TP-016;Cấy trang bề mặt;CFU/cm2;<1;72;;; 70.000 ;NA
VSCN; Vệ sinh bề mặt khu vực sản xuất (không bao gồm lấy mẫu);;Định lượng Staphylococcus aureus;Enumeration of  Staphylococcus aureus;VLAB-MI-TP-116;Cấy trang bề mặt;CFU/sample;<10;72;;; 70.000 ;NA
VSCN; Vệ sinh bề mặt khu vực sản xuất (không bao gồm lấy mẫu);;Định lượng Staphylococcus aureus;Enumeration of  Staphylococcus aureus;VLAB-MI-TP-116;Cấy trang bề mặt;CFU/100cm2;<10;72;;; 70.000 ;NA
VSCN; Vệ sinh bề mặt khu vực sản xuất (không bao gồm lấy mẫu);;Định lượng Staphylococcus aureus;Enumeration of  Staphylococcus aureus;VLAB-MI-TP-116;Cấy trang bề mặt;CFU/50cm2;<10;72;;; 70.000 ;NA
VSCN; Vệ sinh bề mặt khu vực sản xuất (không bao gồm lấy mẫu);;Định lượng Staphylococcus aureus;Enumeration of  Staphylococcus aureus;VLAB-MI-TP-116;Cấy trang bề mặt;CFU/10cm2;<10;72;;; 70.000 ;NA
VSCN; Vệ sinh bề mặt khu vực sản xuất (không bao gồm lấy mẫu);;Định lượng Staphylococcus aureus;Enumeration of  Staphylococcus aureus;VLAB-MI-TP-116;Cấy trang bề mặt;CFU/cm2;<1;72;;; 70.000 ;NA
VSCN; Vệ sinh bề mặt khu vực sản xuất (không bao gồm lấy mẫu);;Phát hiện Salmonella spp.;Detection of Salmonella spp.;VLAB-MI-TP-004;Phân lập;/sample;;120;;; 140.000 ;NA
VSCN; Vệ sinh bề mặt khu vực sản xuất (không bao gồm lấy mẫu);;Phát hiện Vibrio spp.;Detection of Vibrio spp.;VLAB-MI-TP-024;Phân lập;/sample;;120;;; 140.000 ;NA
VSCN; Vệ sinh bề mặt khu vực sản xuất (không bao gồm lấy mẫu);;Phát hiện Vibrio cholerae;Detection of  Vibrio cholerae;VLAB-MI-TP-024;Phân lập;/sample;;120;;; 140.000 ;NA
VSCN; Vệ sinh bề mặt khu vực sản xuất (không bao gồm lấy mẫu);;Phát hiện Vibrio parahaemolyticus ;Detection of  Vibrio parahaemolyticus ;VLAB-MI-TP-024;Phân lập;/sample;;120;;; 140.000 ;NA
VSCN; Vệ sinh bề mặt khu vực sản xuất (không bao gồm lấy mẫu);;Phát hiện Vibrio vulnificus;Detection of  Vibrio vulnificus;VLAB-MI-TP-024;Phân lập;/sample;;120;;; 140.000 ;NA
VSCN; Vệ sinh bề mặt khu vực sản xuất (không bao gồm lấy mẫu);;Phát hiện Shigella spp.;Detection of Shigella spp.;VLAB-MI-TP-111;Phân lập;/sample;;120;;; 140.000 ;NA
VSCN; Vệ sinh bề mặt khu vực sản xuất (không bao gồm lấy mẫu);;Phát hiện Listeria monocytogenes;Detection of Listeria monocytogenes;VLAB-MI-TP-015;Phân lập;/sample;;168;;; 140.000 ;NA
VSCN; Vệ sinh bề mặt khu vực sản xuất (không bao gồm lấy mẫu);;Phát hiện Listeria spp.;Detection of Listeria spp.;VLAB-MI-TP-015;Phân lập;/sample;;120;;; 140.000 ;NA
VSCN; Vệ sinh bề mặt khu vực sản xuất (không bao gồm lấy mẫu);;Định lượng nấm men và nấm mốc;"Enumeration of 
yeasts and moulds ";VLAB-MI-TP-013;Đếm khuẩn lạc;CFU/100cm2;<10;120;;; 70.000 ;NA
VSCN; Vệ sinh bề mặt khu vực sản xuất (không bao gồm lấy mẫu);;Định lượng nấm men và nấm mốc;"Enumeration of 
yeasts and moulds ";VLAB-MI-TP-014;Đếm khuẩn lạc;CFU/sample;<10;120;;; 70.000 ;NA
VSCN; Vệ sinh bề mặt khu vực sản xuất (không bao gồm lấy mẫu);;Định lượng nấm men và nấm mốc;"Enumeration of 
yeasts and moulds ";VLAB-MI-TP-014;Đếm khuẩn lạc;CFU/100cm2;<10;120;;; 70.000 ;NA
VSCN; Vệ sinh bề mặt khu vực sản xuất (không bao gồm lấy mẫu);;Định lượng nấm men và nấm mốc;"Enumeration of 
yeasts and moulds ";VLAB-MI-TP-014;Đếm khuẩn lạc;CFU/50cm2;<10;120;;; 70.000 ;NA
VSCN; Vệ sinh bề mặt khu vực sản xuất (không bao gồm lấy mẫu);;Định lượng nấm men và nấm mốc;"Enumeration of 
yeasts and moulds ";VLAB-MI-TP-014;Đếm khuẩn lạc;CFU/10cm2;<10;120;;; 70.000 ;NA
VSCN; Vệ sinh bề mặt khu vực sản xuất (không bao gồm lấy mẫu);;Định lượng nấm men và nấm mốc;"Enumeration of 
yeasts and moulds ";VLAB-MI-TP-014;Đếm khuẩn lạc;CFU/cm2;<1;120;;; 70.000 ;NA
VSCN; Vệ sinh bề mặt khu vực sản xuất (không bao gồm lấy mẫu);;Định lượng Bacillus cereus giả định;Enumeration of presumptive Bacillus cereus;VLAB-MI-TP-016;Đếm khuẩn lạc;CFU/sample;<10;72;;; 70.000 ;NA
VSCN; Vệ sinh bề mặt khu vực sản xuất (không bao gồm lấy mẫu);;Định lượng Bacillus cereus giả định;Enumeration of presumptive Bacillus cereus;VLAB-MI-TP-016;Đếm khuẩn lạc;CFU/100cm2;<10;72;;; 70.000 ;NA
VSCN; Vệ sinh bề mặt khu vực sản xuất (không bao gồm lấy mẫu);;Định lượng Bacillus cereus giả định;Enumeration of presumptive Bacillus cereus;VLAB-MI-TP-016;Đếm khuẩn lạc;CFU/50cm2;<10;72;;; 70.000 ;NA
VSCN; Vệ sinh bề mặt khu vực sản xuất (không bao gồm lấy mẫu);;Định lượng Bacillus cereus giả định;Enumeration of presumptive Bacillus cereus;VLAB-MI-TP-016;Đếm khuẩn lạc;CFU/10cm2;<10;72;;; 70.000 ;NA
VSCN; Vệ sinh bề mặt khu vực sản xuất (không bao gồm lấy mẫu);;Định lượng Bacillus cereus giả định;Enumeration of presumptive Bacillus cereus;VLAB-MI-TP-016;Đếm khuẩn lạc;CFU/cm2;<1;72;;; 70.000 ;NA
VSCN; Vệ sinh bề mặt khu vực sản xuất (không bao gồm lấy mẫu);;Định lượng Enterobacteriaceae;Enumeration of Enterobacteriaceae;VLAB-MI-TP-006;Đếm khuẩn lạc;CFU/sample;<10;96;;; 70.000 ;NA
VSCN; Vệ sinh bề mặt khu vực sản xuất (không bao gồm lấy mẫu);;Phát hiện Salmonella spp.;Detection of Salmonella spp.;VLAB-MI-TP-004;Phân lập;/100cm2;0;120;;; 140.000 ;NA
VSCN; Vệ sinh bề mặt khu vực sản xuất (không bao gồm lấy mẫu);;Phát hiện Vibrio spp.;Detection of Vibrio spp.;VLAB-MI-TP-024;Phân lập;/100cm2;0;120;;; 140.000 ;NA
VSCN; Vệ sinh bề mặt khu vực sản xuất (không bao gồm lấy mẫu);;Phát hiện Vibrio cholerae;Detection of  Vibrio cholerae;VLAB-MI-TP-024;Phân lập;/100cm2;;120;;; 140.000 ;NA
VSCN; Vệ sinh bề mặt khu vực sản xuất (không bao gồm lấy mẫu);;Phát hiện Vibrio parahaemolyticus ;Detection of  Vibrio parahaemolyticus ;VLAB-MI-TP-024;Phân lập;/100cm2;0;120;;; 140.000 ;NA
VSCN; Vệ sinh bề mặt khu vực sản xuất (không bao gồm lấy mẫu);;Phát hiện Vibrio vulnificus;Detection of  Vibrio vulnificus;VLAB-MI-TP-024;Phân lập;/100cm2;0;120;;; 140.000 ;NA
VSCN; Vệ sinh bề mặt khu vực sản xuất (không bao gồm lấy mẫu);;Phát hiện Shigella spp.;Detection of Shigella spp.;VLAB-MI-TP-111;Phân lập;/100cm2;0;120;;; 140.000 ;NA
VSCN; Vệ sinh bề mặt khu vực sản xuất (không bao gồm lấy mẫu);;Phát hiện Listeria monocytogenes;Detection of Listeria monocytogenes;VLAB-MI-TP-015;Phân lập;/100cm2;0;168;;; 140.000 ;NA
VSCN; Vệ sinh bề mặt khu vực sản xuất (không bao gồm lấy mẫu);;Phát hiện Listeria spp.;Detection of Listeria spp.;VLAB-MI-TP-015;Phân lập;/100cm2;0;120;;; 140.000 ;NA
VSCN; Vệ sinh bề mặt khu vực sản xuất (không bao gồm lấy mẫu);;Định lượng nấm men và nấm mốc;"Enumeration of 
yeasts and moulds ";VLAB-MI-TP-013;Đếm khuẩn lạc;CFU/sample;<10;120;;; 70.000 ;NA
VSCN; Vệ sinh bề mặt khu vực sản xuất (không bao gồm lấy mẫu);;Định lượng nấm men và nấm mốc;"Enumeration of 
yeasts and moulds ";VLAB-MI-TP-014;Đếm khuẩn lạc;CFU/sample;<10;120;;; 70.000 ;NA
VSCN;Mẫu môi trường;;Cronobacter spp;;VLAB-MI-TP-072;Phân lập ;/sample;;72;;; 140.000 ;NA
VSCN;Mẫu quét bề mặt chuồng trại;;Pasteurella multocida;;VLAB-MI-TP-046;Kiểm tra hình thái vi khuẩn;/sample;;48;;; 140.000 ;NA
VSCN;Mẫu quét bề mặt chuồng trại;;Phát hiện virus gây bệnh dịch tả lợn Châu Phi (ASFV);;VLAB-MI-TP-047;Realtime PCR;/sample;;48;;; 280.000 ;NA
VSCN;Mẫu quét bề mặt chuồng trại;;Phát hiện virus gây hội chứng rối loạn sinh sản và hô hấp ở lợn (PRRSV);;VLAB-MI-TP-048;Realtime PCR;/sample;;48;;; 280.000 ;NA
VSCN;Tăm bông quét mẫu bề mặt vật liệu;;Hàm lượng Chì (Pb);Lead (Pb) content;VLAB-CH-TP-378 (Ref. NIOSH 9100:1996);GF-AAS;;0.1 µg/mẫu/ sample;72;;; 140.000 ; NA 