STT,Mã ,Xã/Phường,Loại,"Tỉnh,Thành Phố",Quốc Gia,Trạng Thái,Ghi chú (nếu có)
1,10105001,Phường Hoàn Kiếm,Phường,Thành phố Hà Nội,Việt Nam,Actived,
2,10105002,Phường Cửa Nam,Phường,Thành phố Hà Nội,Việt Nam,Actived,
3,10101003,Phường Ba Đình,Phường,Thành phố Hà Nội,Việt Nam,Actived,
4,10101004,Phường Ngọc Hà,Phường,Thành phố Hà Nội,Việt Nam,Actived,
5,10101005,Phường Giảng Võ,Phường,Thành phố Hà Nội,Việt Nam,Actived,
6,10107006,Phường Hai Bà Trưng,Phường,Thành phố Hà Nội,Việt Nam,Actived,
7,10107007,Phường Vĩnh Tuy,Phường,Thành phố Hà Nội,Việt Nam,Actived,
8,10107008,Phường Bạch Mai,Phường,Thành phố Hà Nội,Việt Nam,Actived,
9,10109009,Phường Đống Đa,Phường,Thành phố Hà Nội,Việt Nam,Actived,
10,10109010,Phường Kim Liên,Phường,Thành phố Hà Nội,Việt Nam,Actived,
11,10109011,Phường Văn Miếu - Quốc Tử Giám,Phường,Thành phố Hà Nội,Việt Nam,Actived,
12,10109012,Phường Láng,Phường,Thành phố Hà Nội,Việt Nam,Actived,
13,10109013,Phường Ô Chợ Dừa,Phường,Thành phố Hà Nội,Việt Nam,Actived,
14,10103014,Phường Hồng Hà,Phường,Thành phố Hà Nội,Việt Nam,Actived,
15,10108015,Phường Lĩnh Nam,Phường,Thành phố Hà Nội,Việt Nam,Actived,
16,10108016,Phường Hoàng Mai,Phường,Thành phố Hà Nội,Việt Nam,Actived,
17,10108017,Phường Vĩnh Hưng,Phường,Thành phố Hà Nội,Việt Nam,Actived,
18,10108018,Phường Tương Mai,Phường,Thành phố Hà Nội,Việt Nam,Actived,
19,10108019,Phường Định Công,Phường,Thành phố Hà Nội,Việt Nam,Actived,
20,10123020,Phường Hoàng Liệt,Phường,Thành phố Hà Nội,Việt Nam,Actived,
21,10108021,Phường Yên Sở,Phường,Thành phố Hà Nội,Việt Nam,Actived,
22,10111022,Phường Thanh Xuân,Phường,Thành phố Hà Nội,Việt Nam,Actived,
23,10111023,Phường Khương Đình,Phường,Thành phố Hà Nội,Việt Nam,Actived,
24,10111024,Phường Phương Liệt,Phường,Thành phố Hà Nội,Việt Nam,Actived,
25,10113025,Phường Cầu Giấy,Phường,Thành phố Hà Nội,Việt Nam,Actived,
26,10113026,Phường Nghĩa Đô,Phường,Thành phố Hà Nội,Việt Nam,Actived,
27,10113027,Phường Yên Hoà,Phường,Thành phố Hà Nội,Việt Nam,Actived,
28,10103028,Phường Tây Hồ,Phường,Thành phố Hà Nội,Việt Nam,Actived,
29,10157029,Phường Phú Thượng,Phường,Thành phố Hà Nội,Việt Nam,Actived,
30,10157030,Phường Tây Tựu,Phường,Thành phố Hà Nội,Việt Nam,Actived,
31,10157031,Phường Phú Diễn,Phường,Thành phố Hà Nội,Việt Nam,Actived,
32,10157032,Phường Xuân Đỉnh,Phường,Thành phố Hà Nội,Việt Nam,Actived,
33,10157033,Phường Đông Ngạc,Phường,Thành phố Hà Nội,Việt Nam,Actived,
34,10157034,Phường Thượng Cát,Phường,Thành phố Hà Nội,Việt Nam,Actived,
35,10155035,Phường Từ Liêm,Phường,Thành phố Hà Nội,Việt Nam,Actived,
36,10155036,Phường Xuân Phương,Phường,Thành phố Hà Nội,Việt Nam,Actived,
37,10155037,Phường Tây Mỗ,Phường,Thành phố Hà Nội,Việt Nam,Actived,
38,10155038,Phường Đại Mỗ,Phường,Thành phố Hà Nội,Việt Nam,Actived,
39,10106039,Phường Long Biên,Phường,Thành phố Hà Nội,Việt Nam,Actived,
40,10106040,Phường Bồ Đề,Phường,Thành phố Hà Nội,Việt Nam,Actived,
41,10106041,Phường Việt Hưng,Phường,Thành phố Hà Nội,Việt Nam,Actived,
42,10106042,Phường Phúc Lợi,Phường,Thành phố Hà Nội,Việt Nam,Actived,
43,10127043,Phường Hà Đông,Phường,Thành phố Hà Nội,Việt Nam,Actived,
44,10127044,Phường Dương Nội,Phường,Thành phố Hà Nội,Việt Nam,Actived,
45,10127045,Phường Yên Nghĩa,Phường,Thành phố Hà Nội,Việt Nam,Actived,
46,10127046,Phường Phú Lương,Phường,Thành phố Hà Nội,Việt Nam,Actived,
47,10127047,Phường Kiến Hưng,Phường,Thành phố Hà Nội,Việt Nam,Actived,
48,10123048,Xã Thanh Trì,Xã,Thành phố Hà Nội,Việt Nam,Actived,
49,10123049,Xã Đại Thanh,Xã,Thành phố Hà Nội,Việt Nam,Actived,
50,10123050,Xã Nam Phù,Xã,Thành phố Hà Nội,Việt Nam,Actived,
51,10123051,Xã Ngọc Hồi,Xã,Thành phố Hà Nội,Việt Nam,Actived,
52,10123052,Phường Thanh Liệt,Phường,Thành phố Hà Nội,Việt Nam,Actived,
53,10143053,Xã Thượng Phúc,Xã,Thành phố Hà Nội,Việt Nam,Actived,
54,10143054,Xã Thường Tín,Xã,Thành phố Hà Nội,Việt Nam,Actived,
55,10143055,Xã Chương Dương,Xã,Thành phố Hà Nội,Việt Nam,Actived,
56,10143056,Xã Hồng Vân,Xã,Thành phố Hà Nội,Việt Nam,Actived,
57,10149057,Xã Phú Xuyên,Xã,Thành phố Hà Nội,Việt Nam,Actived,
58,10149058,Xã Phượng Dực,Xã,Thành phố Hà Nội,Việt Nam,Actived,
59,10149059,Xã Chuyên Mỹ,Xã,Thành phố Hà Nội,Việt Nam,Actived,
60,10149060,Xã Đại Xuyên,Xã,Thành phố Hà Nội,Việt Nam,Actived,
61,10141061,Xã Thanh Oai,Xã,Thành phố Hà Nội,Việt Nam,Actived,
62,10141062,Xã Bình Minh,Xã,Thành phố Hà Nội,Việt Nam,Actived,
63,10141063,Xã Tam Hưng,Xã,Thành phố Hà Nội,Việt Nam,Actived,
64,10141064,Xã Dân Hoà,Xã,Thành phố Hà Nội,Việt Nam,Actived,
65,10147065,Xã Vân Đình,Xã,Thành phố Hà Nội,Việt Nam,Actived,
66,10147066,Xã Ứng Thiên,Xã,Thành phố Hà Nội,Việt Nam,Actived,
67,10147067,Xã Hoà Xá,Xã,Thành phố Hà Nội,Việt Nam,Actived,
68,10147068,Xã Ứng Hoà,Xã,Thành phố Hà Nội,Việt Nam,Actived,
69,10145069,Xã Mỹ Đức,Xã,Thành phố Hà Nội,Việt Nam,Actived,
70,10145070,Xã Hồng Sơn,Xã,Thành phố Hà Nội,Việt Nam,Actived,
71,10145071,Xã Phúc Sơn,Xã,Thành phố Hà Nội,Việt Nam,Actived,
72,10145072,Xã Hương Sơn,Xã,Thành phố Hà Nội,Việt Nam,Actived,
73,10153073,Phường Chương Mỹ,Phường,Thành phố Hà Nội,Việt Nam,Actived,
74,10153074,Xã Phú Nghĩa,Xã,Thành phố Hà Nội,Việt Nam,Actived,
75,10153075,Xã Xuân Mai,Xã,Thành phố Hà Nội,Việt Nam,Actived,
76,10153076,Xã Trần Phú,Xã,Thành phố Hà Nội,Việt Nam,Actived,
77,10153077,Xã Hoà Phú,Xã,Thành phố Hà Nội,Việt Nam,Actived,
78,10153078,Xã Quảng Bị,Xã,Thành phố Hà Nội,Việt Nam,Actived,
79,10151079,Xã Minh Châu,Xã,Thành phố Hà Nội,Việt Nam,Actived,
80,10151080,Xã Quảng Oai,Xã,Thành phố Hà Nội,Việt Nam,Actived,
81,10151081,Xã Vật Lại,Xã,Thành phố Hà Nội,Việt Nam,Actived,
82,10151082,Xã Cổ Đô,Xã,Thành phố Hà Nội,Việt Nam,Actived,
83,10151083,Xã Bất Bạt,Xã,Thành phố Hà Nội,Việt Nam,Actived,
84,10151084,Xã Suối Hai,Xã,Thành phố Hà Nội,Việt Nam,Actived,
85,10151085,Xã Ba Vì,Xã,Thành phố Hà Nội,Việt Nam,Actived,
86,10151086,Xã Yên Bài,Xã,Thành phố Hà Nội,Việt Nam,Actived,
87,10129087,Phường Sơn Tây,Phường,Thành phố Hà Nội,Việt Nam,Actived,
88,10129088,Phường Tùng Thiện,Phường,Thành phố Hà Nội,Việt Nam,Actived,
89,10129089,Xã Đoài Phương,Xã,Thành phố Hà Nội,Việt Nam,Actived,
90,10131090,Xã Phúc Thọ,Xã,Thành phố Hà Nội,Việt Nam,Actived,
91,10131091,Xã Phúc Lộc,Xã,Thành phố Hà Nội,Việt Nam,Actived,
92,10131092,Xã Hát Môn,Xã,Thành phố Hà Nội,Việt Nam,Actived,
93,10135093,Xã Thạch Thất,Xã,Thành phố Hà Nội,Việt Nam,Actived,
94,10135094,Xã Hạ Bằng,Xã,Thành phố Hà Nội,Việt Nam,Actived,
95,10135095,Xã Tây Phương,Xã,Thành phố Hà Nội,Việt Nam,Actived,
96,10135096,Xã Hoà Lạc,Xã,Thành phố Hà Nội,Việt Nam,Actived,
97,10135097,Xã Yên Xuân,Xã,Thành phố Hà Nội,Việt Nam,Actived,
98,10139098,Xã Quốc Oai,Xã,Thành phố Hà Nội,Việt Nam,Actived,
99,10139099,Xã Hưng Đạo,Xã,Thành phố Hà Nội,Việt Nam,Actived,
100,10139100,Xã Kiều Phú,Xã,Thành phố Hà Nội,Việt Nam,Actived,
101,10139101,Xã Phú Cát,Xã,Thành phố Hà Nội,Việt Nam,Actived,
102,10137102,Xã Hoài Đức,Xã,Thành phố Hà Nội,Việt Nam,Actived,
103,10137103,Xã Dương Hoà,Xã,Thành phố Hà Nội,Việt Nam,Actived,
104,10137104,Xã Sơn Đồng,Xã,Thành phố Hà Nội,Việt Nam,Actived,
105,10137105,Xã An Khánh,Xã,Thành phố Hà Nội,Việt Nam,Actived,
106,10133106,Xã Đan Phượng,Xã,Thành phố Hà Nội,Việt Nam,Actived,
107,10133107,Xã Ô Diên,Xã,Thành phố Hà Nội,Việt Nam,Actived,
108,10133108,Xã Liên Minh,Xã,Thành phố Hà Nội,Việt Nam,Actived,
109,10119109,Xã Gia Lâm,Xã,Thành phố Hà Nội,Việt Nam,Actived,
110,10119110,Xã Thuận An,Xã,Thành phố Hà Nội,Việt Nam,Actived,
111,10119111,Xã Bát Tràng,Xã,Thành phố Hà Nội,Việt Nam,Actived,
112,10119112,Xã Phù Đổng,Xã,Thành phố Hà Nội,Việt Nam,Actived,
113,10117113,Xã Thư Lâm,Xã,Thành phố Hà Nội,Việt Nam,Actived,
114,10117114,Xã Đông Anh,Xã,Thành phố Hà Nội,Việt Nam,Actived,
115,10117115,Xã Phúc Thịnh,Xã,Thành phố Hà Nội,Việt Nam,Actived,
116,10117116,Xã Thiên Lộc,Xã,Thành phố Hà Nội,Việt Nam,Actived,
117,10117117,Xã Vĩnh Thanh,Xã,Thành phố Hà Nội,Việt Nam,Actived,
118,10125118,Xã Mê Linh,Xã,Thành phố Hà Nội,Việt Nam,Actived,
119,10125119,Xã Yên Lãng,Xã,Thành phố Hà Nội,Việt Nam,Actived,
120,10125120,Xã Tiến Thắng,Xã,Thành phố Hà Nội,Việt Nam,Actived,
121,10125121,Xã Quang Minh,Xã,Thành phố Hà Nội,Việt Nam,Actived,
122,10115122,Xã Sóc Sơn,Xã,Thành phố Hà Nội,Việt Nam,Actived,
123,10115123,Xã Đa Phúc,Xã,Thành phố Hà Nội,Việt Nam,Actived,
124,10115124,Xã Nội Bài,Xã,Thành phố Hà Nội,Việt Nam,Actived,
125,10115125,Xã Trung Giã,Xã,Thành phố Hà Nội,Việt Nam,Actived,
126,10115126,Xã Kim Anh,Xã,Thành phố Hà Nội,Việt Nam,Actived,
127,20301001,Phường Thục Phán,Phường,Tỉnh Cao Bằng,Việt Nam,Actived,
128,20301002,Phường Nùng Trí Cao,Phường,Tỉnh Cao Bằng,Việt Nam,Actived,
129,20301003,Phường Tân Giang,Phường,Tỉnh Cao Bằng,Việt Nam,Actived,
130,20323004,Xã Quảng Lâm,Xã,Tỉnh Cao Bằng,Việt Nam,Actived,
131,20323005,Xã Nam Quang,Xã,Tỉnh Cao Bằng,Việt Nam,Actived,
132,20323006,Xã Lý Bôn,Xã,Tỉnh Cao Bằng,Việt Nam,Actived,
133,20323007,Xã Bảo Lâm,Xã,Tỉnh Cao Bằng,Việt Nam,Actived,
134,20323008,Xã Yên Thổ,Xã,Tỉnh Cao Bằng,Việt Nam,Actived,
135,20303009,Xã Sơn Lộ,Xã,Tỉnh Cao Bằng,Việt Nam,Actived,
136,20303010,Xã Hưng Đạo,Xã,Tỉnh Cao Bằng,Việt Nam,Actived,
137,20303011,Xã Bảo Lạc,Xã,Tỉnh Cao Bằng,Việt Nam,Actived,
138,20303012,Xã Cốc Pàng,Xã,Tỉnh Cao Bằng,Việt Nam,Actived,
139,20303013,Xã Cô Ba,Xã,Tỉnh Cao Bằng,Việt Nam,Actived,
140,20303014,Xã Khánh Xuân,Xã,Tỉnh Cao Bằng,Việt Nam,Actived,
141,20303015,Xã Xuân Trường,Xã,Tỉnh Cao Bằng,Việt Nam,Actived,
142,20303016,Xã Huy Giáp,Xã,Tỉnh Cao Bằng,Việt Nam,Actived,
143,20313017,Xã Ca Thành,Xã,Tỉnh Cao Bằng,Việt Nam,Actived,
144,20313018,Xã Phan Thanh,Xã,Tỉnh Cao Bằng,Việt Nam,Actived,
145,20313019,Xã Thành Công,Xã,Tỉnh Cao Bằng,Việt Nam,Actived,
146,20313020,Xã Tĩnh Túc,Xã,Tỉnh Cao Bằng,Việt Nam,Actived,
147,20313021,Xã Tam Kim,Xã,Tỉnh Cao Bằng,Việt Nam,Actived,
148,20313022,Xã Nguyên Bình,Xã,Tỉnh Cao Bằng,Việt Nam,Actived,
149,20313023,Xã Minh Tâm,Xã,Tỉnh Cao Bằng,Việt Nam,Actived,
150,20305024,Xã Thanh Long,Xã,Tỉnh Cao Bằng,Việt Nam,Actived,
151,20305025,Xã Cần Yên,Xã,Tỉnh Cao Bằng,Việt Nam,Actived,
152,20305026,Xã Thông Nông,Xã,Tỉnh Cao Bằng,Việt Nam,Actived,
153,20305027,Xã Trường Hà,Xã,Tỉnh Cao Bằng,Việt Nam,Actived,
154,20305028,Xã Hà Quảng,Xã,Tỉnh Cao Bằng,Việt Nam,Actived,
155,20305029,Xã Lũng Nặm,Xã,Tỉnh Cao Bằng,Việt Nam,Actived,
156,20305030,Xã Tổng Cọt,Xã,Tỉnh Cao Bằng,Việt Nam,Actived,
157,20315031,Xã Nam Tuấn,Xã,Tỉnh Cao Bằng,Việt Nam,Actived,
158,20315032,Xã Hoà An,Xã,Tỉnh Cao Bằng,Việt Nam,Actived,
159,20315033,Xã Bạch Đằng,Xã,Tỉnh Cao Bằng,Việt Nam,Actived,
160,20315034,Xã Nguyễn Huệ,Xã,Tỉnh Cao Bằng,Việt Nam,Actived,
161,20321035,Xã Minh Khai,Xã,Tỉnh Cao Bằng,Việt Nam,Actived,
162,20321036,Xã Canh Tân,Xã,Tỉnh Cao Bằng,Việt Nam,Actived,
163,20321037,Xã Kim Đồng,Xã,Tỉnh Cao Bằng,Việt Nam,Actived,
164,20321038,Xã Thạch An,Xã,Tỉnh Cao Bằng,Việt Nam,Actived,
165,20321039,Xã Đông Khê,Xã,Tỉnh Cao Bằng,Việt Nam,Actived,
166,20321040,Xã Đức Long,Xã,Tỉnh Cao Bằng,Việt Nam,Actived,
167,20317041,Xã Phục Hoà,Xã,Tỉnh Cao Bằng,Việt Nam,Actived,
168,20317042,Xã Bế Văn Đàn,Xã,Tỉnh Cao Bằng,Việt Nam,Actived,
169,20317043,Xã Độc Lập,Xã,Tỉnh Cao Bằng,Việt Nam,Actived,
170,20317044,Xã Quảng Uyên,Xã,Tỉnh Cao Bằng,Việt Nam,Actived,
171,20317045,Xã Hạnh Phúc,Xã,Tỉnh Cao Bằng,Việt Nam,Actived,
172,20311046,Xã Quang Hán,Xã,Tỉnh Cao Bằng,Việt Nam,Actived,
173,20311047,Xã Trà Lĩnh,Xã,Tỉnh Cao Bằng,Việt Nam,Actived,
174,20311048,Xã Quang Trung,Xã,Tỉnh Cao Bằng,Việt Nam,Actived,
175,20311049,Xã Đoài Dương,Xã,Tỉnh Cao Bằng,Việt Nam,Actived,
176,20311050,Xã Trùng Khánh,Xã,Tỉnh Cao Bằng,Việt Nam,Actived,
177,20311051,Xã Đàm Thuỷ,Xã,Tỉnh Cao Bằng,Việt Nam,Actived,
178,20311052,Xã Đình Phong,Xã,Tỉnh Cao Bằng,Việt Nam,Actived,
179,20319053,Xã Lý Quốc,Xã,Tỉnh Cao Bằng,Việt Nam,Actived,
180,20319054,Xã Hạ Lang,Xã,Tỉnh Cao Bằng,Việt Nam,Actived,
181,20319055,Xã Vinh Quý,Xã,Tỉnh Cao Bằng,Việt Nam,Actived,
182,20319056,Xã Quang Long,Xã,Tỉnh Cao Bằng,Việt Nam,Actived,
183,21113001,Xã Thượng Lâm,Xã,Tỉnh Tuyên Quang,Việt Nam,Actived,
184,21113002,Xã Lâm Bình,Xã,Tỉnh Tuyên Quang,Việt Nam,Actived,
185,21113003,Xã Minh Quang,Xã,Tỉnh Tuyên Quang,Việt Nam,Actived,
186,21113004,Xã Bình An,Xã,Tỉnh Tuyên Quang,Việt Nam,Actived,
187,21103005,Xã Côn Lôn,Xã,Tỉnh Tuyên Quang,Việt Nam,Actived,
188,21103006,Xã Yên Hoa,Xã,Tỉnh Tuyên Quang,Việt Nam,Actived,
189,21103007,Xã Thượng Nông,Xã,Tỉnh Tuyên Quang,Việt Nam,Actived,
190,21103008,Xã Hồng Thái,Xã,Tỉnh Tuyên Quang,Việt Nam,Actived,
191,21103009,Xã Nà Hang,Xã,Tỉnh Tuyên Quang,Việt Nam,Actived,
192,21105010,Xã Tân Mỹ,Xã,Tỉnh Tuyên Quang,Việt Nam,Actived,
193,21105011,Xã Yên Lập,Xã,Tỉnh Tuyên Quang,Việt Nam,Actived,
194,21105012,Xã Tân An,Xã,Tỉnh Tuyên Quang,Việt Nam,Actived,
195,21105013,Xã Chiêm Hoá,Xã,Tỉnh Tuyên Quang,Việt Nam,Actived,
196,21105014,Xã Hoà An,Xã,Tỉnh Tuyên Quang,Việt Nam,Actived,
197,21105015,Xã Kiên Đài,Xã,Tỉnh Tuyên Quang,Việt Nam,Actived,
198,21105016,Xã Tri Phú,Xã,Tỉnh Tuyên Quang,Việt Nam,Actived,
199,21105017,Xã Kim Bình,Xã,Tỉnh Tuyên Quang,Việt Nam,Actived,
200,21105018,Xã Yên Nguyên,Xã,Tỉnh Tuyên Quang,Việt Nam,Actived,
201,21105019,Xã Trung Hà,Xã,Tỉnh Tuyên Quang,Việt Nam,Actived,
202,21107020,Xã Yên Phú,Xã,Tỉnh Tuyên Quang,Việt Nam,Actived,
203,21107021,Xã Bạch Xa,Xã,Tỉnh Tuyên Quang,Việt Nam,Actived,
204,21107022,Xã Phù Lưu,Xã,Tỉnh Tuyên Quang,Việt Nam,Actived,
205,21107023,Xã Hàm Yên,Xã,Tỉnh Tuyên Quang,Việt Nam,Actived,
206,21107024,Xã Bình Xa,Xã,Tỉnh Tuyên Quang,Việt Nam,Actived,
207,21107025,Xã Thái Sơn,Xã,Tỉnh Tuyên Quang,Việt Nam,Actived,
208,21107026,Xã Thái Hoà,Xã,Tỉnh Tuyên Quang,Việt Nam,Actived,
209,21107027,Xã Hùng Đức,Xã,Tỉnh Tuyên Quang,Việt Nam,Actived,
210,21109028,Xã Hùng Lợi,Xã,Tỉnh Tuyên Quang,Việt Nam,Actived,
211,21109029,Xã Trung Sơn,Xã,Tỉnh Tuyên Quang,Việt Nam,Actived,
212,21109030,Xã Thái Bình,Xã,Tỉnh Tuyên Quang,Việt Nam,Actived,
213,21109031,Xã Tân Long,Xã,Tỉnh Tuyên Quang,Việt Nam,Actived,
214,21109032,Xã Xuân Vân,Xã,Tỉnh Tuyên Quang,Việt Nam,Actived,
215,21109033,Xã Lực Hành,Xã,Tỉnh Tuyên Quang,Việt Nam,Actived,
216,21109034,Xã Yên Sơn,Xã,Tỉnh Tuyên Quang,Việt Nam,Actived,
217,21109035,Xã Nhữ Khê,Xã,Tỉnh Tuyên Quang,Việt Nam,Actived,
218,21109036,Xã Kiến Thiết,Xã,Tỉnh Tuyên Quang,Việt Nam,Actived,
219,21111037,Xã Tân Trào,Xã,Tỉnh Tuyên Quang,Việt Nam,Actived,
220,21111038,Xã Minh Thanh,Xã,Tỉnh Tuyên Quang,Việt Nam,Actived,
221,21111039,Xã Sơn Dương,Xã,Tỉnh Tuyên Quang,Việt Nam,Actived,
222,21111040,Xã Bình Ca,Xã,Tỉnh Tuyên Quang,Việt Nam,Actived,
223,21111041,Xã Tân Thanh,Xã,Tỉnh Tuyên Quang,Việt Nam,Actived,
224,21111042,Xã Sơn Thuỷ,Xã,Tỉnh Tuyên Quang,Việt Nam,Actived,
225,21111043,Xã Phú Lương,Xã,Tỉnh Tuyên Quang,Việt Nam,Actived,
226,21111044,Xã Trường Sinh,Xã,Tỉnh Tuyên Quang,Việt Nam,Actived,
227,21111045,Xã Hồng Sơn,Xã,Tỉnh Tuyên Quang,Việt Nam,Actived,
228,21111046,Xã Đông Thọ,Xã,Tỉnh Tuyên Quang,Việt Nam,Actived,
229,21101047,Phường Mỹ Lâm,Phường,Tỉnh Tuyên Quang,Việt Nam,Actived,
230,21101048,Phường Minh Xuân,Phường,Tỉnh Tuyên Quang,Việt Nam,Actived,
231,21101049,Phường Nông Tiến,Phường,Tỉnh Tuyên Quang,Việt Nam,Actived,
232,21101050,Phường An Tường,Phường,Tỉnh Tuyên Quang,Việt Nam,Actived,
233,21101051,Phường Bình Thuận,Phường,Tỉnh Tuyên Quang,Việt Nam,Actived,
234,20103052,Xã Lũng Cú,Xã,Tỉnh Tuyên Quang,Việt Nam,Actived,
235,20103053,Xã Đồng Văn,Xã,Tỉnh Tuyên Quang,Việt Nam,Actived,
236,20103054,Xã Sà Phìn,Xã,Tỉnh Tuyên Quang,Việt Nam,Actived,
237,20103055,Xã Phố Bảng,Xã,Tỉnh Tuyên Quang,Việt Nam,Actived,
238,20103056,Xã Lũng Phìn,Xã,Tỉnh Tuyên Quang,Việt Nam,Actived,
239,20105057,Xã Sủng Máng,Xã,Tỉnh Tuyên Quang,Việt Nam,Actived,
240,20105058,Xã Sơn Vĩ,Xã,Tỉnh Tuyên Quang,Việt Nam,Actived,
241,20105059,Xã Mèo Vạc,Xã,Tỉnh Tuyên Quang,Việt Nam,Actived,
242,20105060,Xã Khâu Vai,Xã,Tỉnh Tuyên Quang,Việt Nam,Actived,
243,20105061,Xã Niêm Sơn,Xã,Tỉnh Tuyên Quang,Việt Nam,Actived,
244,20105062,Xã Tát Ngà,Xã,Tỉnh Tuyên Quang,Việt Nam,Actived,
245,20107063,Xã Thắng Mố,Xã,Tỉnh Tuyên Quang,Việt Nam,Actived,
246,20107064,Xã Bạch Đích,Xã,Tỉnh Tuyên Quang,Việt Nam,Actived,
247,20107065,Xã Yên Minh,Xã,Tỉnh Tuyên Quang,Việt Nam,Actived,
248,20107066,Xã Mậu Duệ,Xã,Tỉnh Tuyên Quang,Việt Nam,Actived,
249,20107067,Xã Ngọc Long,Xã,Tỉnh Tuyên Quang,Việt Nam,Actived,
250,20107068,Xã Du Già,Xã,Tỉnh Tuyên Quang,Việt Nam,Actived,
251,20107069,Xã Đường Thượng,Xã,Tỉnh Tuyên Quang,Việt Nam,Actived,
252,20109070,Xã Lùng Tám,Xã,Tỉnh Tuyên Quang,Việt Nam,Actived,
253,20109071,Xã Cán Tỷ,Xã,Tỉnh Tuyên Quang,Việt Nam,Actived,
254,20109072,Xã Nghĩa Thuận,Xã,Tỉnh Tuyên Quang,Việt Nam,Actived,
255,20109073,Xã Quản Bạ,Xã,Tỉnh Tuyên Quang,Việt Nam,Actived,
256,20109074,Xã Tùng Vài,Xã,Tỉnh Tuyên Quang,Việt Nam,Actived,
257,20111075,Xã Yên Cường,Xã,Tỉnh Tuyên Quang,Việt Nam,Actived,
258,20111076,Xã Đường Hồng,Xã,Tỉnh Tuyên Quang,Việt Nam,Actived,
259,20111077,Xã Bắc Mê,Xã,Tỉnh Tuyên Quang,Việt Nam,Actived,
260,20111078,Xã Giáp Trung,Xã,Tỉnh Tuyên Quang,Việt Nam,Actived,
261,20111079,Xã Minh Sơn,Xã,Tỉnh Tuyên Quang,Việt Nam,Actived,
262,20111080,Xã Minh Ngọc,Xã,Tỉnh Tuyên Quang,Việt Nam,Actived,
263,20101081,Xã Ngọc Đường,Xã,Tỉnh Tuyên Quang,Việt Nam,Actived,
264,20101082,Phường Hà Giang 1,Phường,Tỉnh Tuyên Quang,Việt Nam,Actived,
265,20101083,Phường Hà Giang 2,Phường,Tỉnh Tuyên Quang,Việt Nam,Actived,
266,20115084,Xã Lao Chải,Xã,Tỉnh Tuyên Quang,Việt Nam,Actived,
267,20115085,Xã Thanh Thuỷ,Xã,Tỉnh Tuyên Quang,Việt Nam,Actived,
268,20115086,Xã Minh Tân,Xã,Tỉnh Tuyên Quang,Việt Nam,Actived,
269,20115087,Xã Thuận Hoà,Xã,Tỉnh Tuyên Quang,Việt Nam,Actived,
270,20115088,Xã Tùng Bá,Xã,Tỉnh Tuyên Quang,Việt Nam,Actived,
271,20115089,Xã Phú Linh,Xã,Tỉnh Tuyên Quang,Việt Nam,Actived,
272,20115090,Xã Linh Hồ,Xã,Tỉnh Tuyên Quang,Việt Nam,Actived,
273,20115091,Xã Bạch Ngọc,Xã,Tỉnh Tuyên Quang,Việt Nam,Actived,
274,20115092,Xã Vị Xuyên,Xã,Tỉnh Tuyên Quang,Việt Nam,Actived,
275,20115093,Xã Việt Lâm,Xã,Tỉnh Tuyên Quang,Việt Nam,Actived,
276,20115094,Xã Cao Bồ,Xã,Tỉnh Tuyên Quang,Việt Nam,Actived,
277,20115095,Xã Thượng Sơn,Xã,Tỉnh Tuyên Quang,Việt Nam,Actived,
278,20119096,Xã Tân Quang,Xã,Tỉnh Tuyên Quang,Việt Nam,Actived,
279,20119097,Xã Đồng Tâm,Xã,Tỉnh Tuyên Quang,Việt Nam,Actived,
280,20119098,Xã Liên Hiệp,Xã,Tỉnh Tuyên Quang,Việt Nam,Actived,
281,20119099,Xã Bằng Hành,Xã,Tỉnh Tuyên Quang,Việt Nam,Actived,
282,20119100,Xã Bắc Quang,Xã,Tỉnh Tuyên Quang,Việt Nam,Actived,
283,20119101,Xã Hùng An,Xã,Tỉnh Tuyên Quang,Việt Nam,Actived,
284,20119102,Xã Vĩnh Tuy,Xã,Tỉnh Tuyên Quang,Việt Nam,Actived,
285,20119103,Xã Đồng Yên,Xã,Tỉnh Tuyên Quang,Việt Nam,Actived,
286,20118104,Xã Tiên Yên,Xã,Tỉnh Tuyên Quang,Việt Nam,Actived,
287,20118105,Xã Xuân Giang,Xã,Tỉnh Tuyên Quang,Việt Nam,Actived,
288,20118106,Xã Bằng Lang,Xã,Tỉnh Tuyên Quang,Việt Nam,Actived,
289,20118107,Xã Yên Thành,Xã,Tỉnh Tuyên Quang,Việt Nam,Actived,
290,20118108,Xã Quang Bình,Xã,Tỉnh Tuyên Quang,Việt Nam,Actived,
291,20118109,Xã Tân Trịnh,Xã,Tỉnh Tuyên Quang,Việt Nam,Actived,
292,20118110,Xã Tiên Nguyên,Xã,Tỉnh Tuyên Quang,Việt Nam,Actived,
293,20113111,Xã Thông Nguyên,Xã,Tỉnh Tuyên Quang,Việt Nam,Actived,
294,20113112,Xã Hồ Thầu,Xã,Tỉnh Tuyên Quang,Việt Nam,Actived,
295,20113113,Xã Nậm Dịch,Xã,Tỉnh Tuyên Quang,Việt Nam,Actived,
296,20113114,Xã Tân Tiến,Xã,Tỉnh Tuyên Quang,Việt Nam,Actived,
297,20113115,Xã Hoàng Su Phì,Xã,Tỉnh Tuyên Quang,Việt Nam,Actived,
298,20113116,Xã Thàng Tín,Xã,Tỉnh Tuyên Quang,Việt Nam,Actived,
299,20113117,Xã Bản Máy,Xã,Tỉnh Tuyên Quang,Việt Nam,Actived,
300,20113118,Xã Pờ Ly Ngài,Xã,Tỉnh Tuyên Quang,Việt Nam,Actived,
301,20117119,Xã Xín Mần,Xã,Tỉnh Tuyên Quang,Việt Nam,Actived,
302,20117120,Xã Pà Vầy Sủ,Xã,Tỉnh Tuyên Quang,Việt Nam,Actived,
303,20117121,Xã Nấm Dẩn,Xã,Tỉnh Tuyên Quang,Việt Nam,Actived,
304,20117122,Xã Trung Thịnh,Xã,Tỉnh Tuyên Quang,Việt Nam,Actived,
305,20117123,Xã Quảng Nguyên,Xã,Tỉnh Tuyên Quang,Việt Nam,Actived,
306,20117124,Xã Khuôn Lùng,Xã,Tỉnh Tuyên Quang,Việt Nam,Actived,
307,30101001,Xã Mường Phăng,Xã,Tỉnh Điện Biên,Việt Nam,Actived,
308,30101002,Phường Điện Biên Phủ,Phường,Tỉnh Điện Biên,Việt Nam,Actived,
309,30101003,Phường Mường Thanh,Phường,Tỉnh Điện Biên,Việt Nam,Actived,
310,30103004,Phường Mường Lay,Phường,Tỉnh Điện Biên,Việt Nam,Actived,
311,30117005,Xã Thanh Nưa,Xã,Tỉnh Điện Biên,Việt Nam,Actived,
312,30117006,Xã Thanh An,Xã,Tỉnh Điện Biên,Việt Nam,Actived,
313,30117007,Xã Thanh Yên,Xã,Tỉnh Điện Biên,Việt Nam,Actived,
314,30117008,Xã Sam Mứn,Xã,Tỉnh Điện Biên,Việt Nam,Actived,
315,30117009,Xã Núa Ngam,Xã,Tỉnh Điện Biên,Việt Nam,Actived,
316,30117010,Xã Mường Nhà,Xã,Tỉnh Điện Biên,Việt Nam,Actived,
317,30115011,Xã Tuần Giáo,Xã,Tỉnh Điện Biên,Việt Nam,Actived,
318,30115012,Xã Quài Tở,Xã,Tỉnh Điện Biên,Việt Nam,Actived,
319,30115013,Xã Mường Mùn,Xã,Tỉnh Điện Biên,Việt Nam,Actived,
320,30115014,Xã Pú Nhung,Xã,Tỉnh Điện Biên,Việt Nam,Actived,
321,30115015,Xã Chiềng Sinh,Xã,Tỉnh Điện Biên,Việt Nam,Actived,
322,30113016,Xã Tủa Chùa,Xã,Tỉnh Điện Biên,Việt Nam,Actived,
323,30113017,Xã Sín Chải,Xã,Tỉnh Điện Biên,Việt Nam,Actived,
324,30113018,Xã Sính Phình,Xã,Tỉnh Điện Biên,Việt Nam,Actived,
325,30113019,Xã Tủa Thàng,Xã,Tỉnh Điện Biên,Việt Nam,Actived,
326,30113020,Xã Sáng Nhè,Xã,Tỉnh Điện Biên,Việt Nam,Actived,
327,30111021,Xã Na Sang,Xã,Tỉnh Điện Biên,Việt Nam,Actived,
328,30111022,Xã Mường Tùng,Xã,Tỉnh Điện Biên,Việt Nam,Actived,
329,30111023,Xã Pa Ham,Xã,Tỉnh Điện Biên,Việt Nam,Actived,
330,30111024,Xã Nậm Nèn,Xã,Tỉnh Điện Biên,Việt Nam,Actived,
331,30111025,Xã Mường Pồn,Xã,Tỉnh Điện Biên,Việt Nam,Actived,
332,30119026,Xã Na Son,Xã,Tỉnh Điện Biên,Việt Nam,Actived,
333,30119027,Xã Xa Dung,Xã,Tỉnh Điện Biên,Việt Nam,Actived,
334,30119028,Xã Pu Nhi,Xã,Tỉnh Điện Biên,Việt Nam,Actived,
335,30119029,Xã Mường Luân,Xã,Tỉnh Điện Biên,Việt Nam,Actived,
336,30119030,Xã Tìa Dình,Xã,Tỉnh Điện Biên,Việt Nam,Actived,
337,30119031,Xã Phình Giàng,Xã,Tỉnh Điện Biên,Việt Nam,Actived,
338,30123032,Xã Mường Chà,Xã,Tỉnh Điện Biên,Việt Nam,Actived,
339,30123033,Xã Nà Hỳ,Xã,Tỉnh Điện Biên,Việt Nam,Actived,
340,30123034,Xã Nà Bủng,Xã,Tỉnh Điện Biên,Việt Nam,Actived,
341,30123035,Xã Chà Tở,Xã,Tỉnh Điện Biên,Việt Nam,Actived,
342,30123036,Xã Si Pa Phìn,Xã,Tỉnh Điện Biên,Việt Nam,Actived,
343,30104037,Xã Mường Nhé,Xã,Tỉnh Điện Biên,Việt Nam,Actived,
344,30104038,Xã Sín Thầu,Xã,Tỉnh Điện Biên,Việt Nam,Actived,
345,30104039,Xã Mường Toong,Xã,Tỉnh Điện Biên,Việt Nam,Actived,
346,30104040,Xã Nậm Kè,Xã,Tỉnh Điện Biên,Việt Nam,Actived,
347,30104041,Xã Quảng Lâm,Xã,Tỉnh Điện Biên,Việt Nam,Actived,
348,30121042,Xã Mường Ảng,Xã,Tỉnh Điện Biên,Việt Nam,Actived,
349,30121043,Xã Nà Tấu,Xã,Tỉnh Điện Biên,Việt Nam,Actived,
350,30121044,Xã Búng Lao,Xã,Tỉnh Điện Biên,Việt Nam,Actived,
351,30121045,Xã Mường Lạn,Xã,Tỉnh Điện Biên,Việt Nam,Actived,
352,30209001,Xã Mường Kim,Xã,Tỉnh Lai Châu,Việt Nam,Actived,
353,30209002,Xã Khoen On,Xã,Tỉnh Lai Châu,Việt Nam,Actived,
354,30209003,Xã Than Uyên,Xã,Tỉnh Lai Châu,Việt Nam,Actived,
355,30209004,Xã Mường Than,Xã,Tỉnh Lai Châu,Việt Nam,Actived,
356,30211005,Xã Pắc Ta,Xã,Tỉnh Lai Châu,Việt Nam,Actived,
357,30211006,Xã Nậm Sỏ,Xã,Tỉnh Lai Châu,Việt Nam,Actived,
358,30211007,Xã Tân Uyên,Xã,Tỉnh Lai Châu,Việt Nam,Actived,
359,30211008,Xã Mường Khoa,Xã,Tỉnh Lai Châu,Việt Nam,Actived,
360,30205009,Xã Bản Bo,Xã,Tỉnh Lai Châu,Việt Nam,Actived,
361,30205010,Xã Bình Lư,Xã,Tỉnh Lai Châu,Việt Nam,Actived,
362,30205011,Xã Tả Lèng,Xã,Tỉnh Lai Châu,Việt Nam,Actived,
363,30205012,Xã Khun Há,Xã,Tỉnh Lai Châu,Việt Nam,Actived,
364,30202013,Phường Tân Phong,Phường,Tỉnh Lai Châu,Việt Nam,Actived,
365,30202014,Phường Đoàn Kết,Phường,Tỉnh Lai Châu,Việt Nam,Actived,
366,30203015,Xã Sin Suối Hồ,Xã,Tỉnh Lai Châu,Việt Nam,Actived,
367,30203016,Xã Phong Thổ,Xã,Tỉnh Lai Châu,Việt Nam,Actived,
368,30203017,Xã Sì Lở Lầu,Xã,Tỉnh Lai Châu,Việt Nam,Actived,
369,30203018,Xã Dào San,Xã,Tỉnh Lai Châu,Việt Nam,Actived,
370,30203019,Xã Khổng Lào,Xã,Tỉnh Lai Châu,Việt Nam,Actived,
371,30207020,Xã Tủa Sín Chải,Xã,Tỉnh Lai Châu,Việt Nam,Actived,
372,30207021,Xã Sìn Hồ,Xã,Tỉnh Lai Châu,Việt Nam,Actived,
373,30207022,Xã Hồng Thu,Xã,Tỉnh Lai Châu,Việt Nam,Actived,
374,30207023,Xã Nậm Tăm,Xã,Tỉnh Lai Châu,Việt Nam,Actived,
375,30207024,Xã Pu Sam Cáp,Xã,Tỉnh Lai Châu,Việt Nam,Actived,
376,30207025,Xã Nậm Cuổi,Xã,Tỉnh Lai Châu,Việt Nam,Actived,
377,30207026,Xã Nậm Mạ,Xã,Tỉnh Lai Châu,Việt Nam,Actived,
378,30213027,Xã Lê Lợi,Xã,Tỉnh Lai Châu,Việt Nam,Actived,
379,30213028,Xã Nậm Hàng,Xã,Tỉnh Lai Châu,Việt Nam,Actived,
380,30213029,Xã Mường Mô,Xã,Tỉnh Lai Châu,Việt Nam,Actived,
381,30213030,Xã Hua Bum,Xã,Tỉnh Lai Châu,Việt Nam,Actived,
382,30213031,Xã Pa Tần,Xã,Tỉnh Lai Châu,Việt Nam,Actived,
383,30201032,Xã Bum Nưa,Xã,Tỉnh Lai Châu,Việt Nam,Actived,
384,30201033,Xã Bum Tở,Xã,Tỉnh Lai Châu,Việt Nam,Actived,
385,30201034,Xã Mường Tè,Xã,Tỉnh Lai Châu,Việt Nam,Actived,
386,30201035,Xã Thu Lũm,Xã,Tỉnh Lai Châu,Việt Nam,Actived,
387,30201036,Xã Pa Ủ,Xã,Tỉnh Lai Châu,Việt Nam,Actived,
388,30201037,Xã Tà Tổng,Xã,Tỉnh Lai Châu,Việt Nam,Actived,
389,30201038,Xã Mù Cả,Xã,Tỉnh Lai Châu,Việt Nam,Actived,
390,30301001,Phường Tô Hiệu,Phường,Tỉnh Sơn La,Việt Nam,Actived,
391,30301002,Phường Chiềng An,Phường,Tỉnh Sơn La,Việt Nam,Actived,
392,30301003,Phường Chiềng Cơi,Phường,Tỉnh Sơn La,Việt Nam,Actived,
393,30301004,Phường Chiềng Sinh,Phường,Tỉnh Sơn La,Việt Nam,Actived,
394,30319005,Phường Mộc Châu,Phường,Tỉnh Sơn La,Việt Nam,Actived,
395,30319006,Phường Mộc Sơn,Phường,Tỉnh Sơn La,Việt Nam,Actived,
396,30319007,Phường Vân Sơn,Phường,Tỉnh Sơn La,Việt Nam,Actived,
397,30319008,Phường Thảo Nguyên,Phường,Tỉnh Sơn La,Việt Nam,Actived,
398,30319009,Xã Đoàn Kết,Xã,Tỉnh Sơn La,Việt Nam,Actived,
399,30319010,Xã Lóng Sập,Xã,Tỉnh Sơn La,Việt Nam,Actived,
400,30319011,Xã Chiềng Sơn,Xã,Tỉnh Sơn La,Việt Nam,Actived,
401,30323012,Xã Vân Hồ,Xã,Tỉnh Sơn La,Việt Nam,Actived,
402,30323013,Xã Song Khủa,Xã,Tỉnh Sơn La,Việt Nam,Actived,
403,30323014,Xã Tô Múa,Xã,Tỉnh Sơn La,Việt Nam,Actived,
404,30323015,Xã Xuân Nha,Xã,Tỉnh Sơn La,Việt Nam,Actived,
405,30303016,Xã Quỳnh Nhai,Xã,Tỉnh Sơn La,Việt Nam,Actived,
406,30303017,Xã Mường Chiên,Xã,Tỉnh Sơn La,Việt Nam,Actived,
407,30303018,Xã Mường Giôn,Xã,Tỉnh Sơn La,Việt Nam,Actived,
408,30303019,Xã Mường Sại,Xã,Tỉnh Sơn La,Việt Nam,Actived,
409,30307020,Xã Thuận Châu,Xã,Tỉnh Sơn La,Việt Nam,Actived,
410,30307021,Xã Chiềng La,Xã,Tỉnh Sơn La,Việt Nam,Actived,
411,30307022,Xã Nậm Lầu,Xã,Tỉnh Sơn La,Việt Nam,Actived,
412,30307023,Xã Muổi Nọi,Xã,Tỉnh Sơn La,Việt Nam,Actived,
413,30307024,Xã Mường Khiêng,Xã,Tỉnh Sơn La,Việt Nam,Actived,
414,30307025,Xã Co Mạ,Xã,Tỉnh Sơn La,Việt Nam,Actived,
415,30307026,Xã Bình Thuận,Xã,Tỉnh Sơn La,Việt Nam,Actived,
416,30307027,Xã Mường É,Xã,Tỉnh Sơn La,Việt Nam,Actived,
417,30307028,Xã Long Hẹ,Xã,Tỉnh Sơn La,Việt Nam,Actived,
418,30305029,Xã Mường La,Xã,Tỉnh Sơn La,Việt Nam,Actived,
419,30305030,Xã Chiềng Lao,Xã,Tỉnh Sơn La,Việt Nam,Actived,
420,30305031,Xã Mường Bú,Xã,Tỉnh Sơn La,Việt Nam,Actived,
421,30305032,Xã Chiềng Hoa,Xã,Tỉnh Sơn La,Việt Nam,Actived,
422,30309033,Xã Bắc Yên,Xã,Tỉnh Sơn La,Việt Nam,Actived,
423,30309034,Xã Tà Xùa,Xã,Tỉnh Sơn La,Việt Nam,Actived,
424,30309035,Xã Tạ Khoa,Xã,Tỉnh Sơn La,Việt Nam,Actived,
425,30309036,Xã Xím Vàng,Xã,Tỉnh Sơn La,Việt Nam,Actived,
426,30309037,Xã Pắc Ngà,Xã,Tỉnh Sơn La,Việt Nam,Actived,
427,30309038,Xã Chiềng Sại,Xã,Tỉnh Sơn La,Việt Nam,Actived,
428,30311039,Xã Phù Yên,Xã,Tỉnh Sơn La,Việt Nam,Actived,
429,30311040,Xã Gia Phù,Xã,Tỉnh Sơn La,Việt Nam,Actived,
430,30311041,Xã Tường Hạ,Xã,Tỉnh Sơn La,Việt Nam,Actived,
431,30311042,Xã Mường Cơi,Xã,Tỉnh Sơn La,Việt Nam,Actived,
432,30311043,Xã Mường Bang,Xã,Tỉnh Sơn La,Việt Nam,Actived,
433,30311044,Xã Tân Phong,Xã,Tỉnh Sơn La,Việt Nam,Actived,
434,30311045,Xã Kim Bon,Xã,Tỉnh Sơn La,Việt Nam,Actived,
435,30317046,Xã Yên Châu,Xã,Tỉnh Sơn La,Việt Nam,Actived,
436,30317047,Xã Chiềng Hặc,Xã,Tỉnh Sơn La,Việt Nam,Actived,
437,30317048,Xã Lóng Phiêng,Xã,Tỉnh Sơn La,Việt Nam,Actived,
438,30317049,Xã Yên Sơn,Xã,Tỉnh Sơn La,Việt Nam,Actived,
439,30313050,Xã Chiềng Mai,Xã,Tỉnh Sơn La,Việt Nam,Actived,
440,30313051,Xã Mai Sơn,Xã,Tỉnh Sơn La,Việt Nam,Actived,
441,30313052,Xã Phiêng Pằn,Xã,Tỉnh Sơn La,Việt Nam,Actived,
442,30313053,Xã Chiềng Mung,Xã,Tỉnh Sơn La,Việt Nam,Actived,
443,30313054,Xã Phiêng Cằm,Xã,Tỉnh Sơn La,Việt Nam,Actived,
444,30313055,Xã Mường Chanh,Xã,Tỉnh Sơn La,Việt Nam,Actived,
445,30313056,Xã Tà Hộc,Xã,Tỉnh Sơn La,Việt Nam,Actived,
446,30313057,Xã Chiềng Sung,Xã,Tỉnh Sơn La,Việt Nam,Actived,
447,30315058,Xã Bó Sinh,Xã,Tỉnh Sơn La,Việt Nam,Actived,
448,30315059,Xã Chiềng Khương,Xã,Tỉnh Sơn La,Việt Nam,Actived,
449,30315060,Xã Mường Hung,Xã,Tỉnh Sơn La,Việt Nam,Actived,
450,30315061,Xã Chiềng Khoong,Xã,Tỉnh Sơn La,Việt Nam,Actived,
451,30315062,Xã Mường Lầm,Xã,Tỉnh Sơn La,Việt Nam,Actived,
452,30315063,Xã Nậm Ty,Xã,Tỉnh Sơn La,Việt Nam,Actived,
453,30315064,Xã Sông Mã,Xã,Tỉnh Sơn La,Việt Nam,Actived,
454,30315065,Xã Huổi Một,Xã,Tỉnh Sơn La,Việt Nam,Actived,
455,30315066,Xã Chiềng Sơ,Xã,Tỉnh Sơn La,Việt Nam,Actived,
456,30321067,Xã Sốp Cộp,Xã,Tỉnh Sơn La,Việt Nam,Actived,
457,30321068,Xã Púng Bánh,Xã,Tỉnh Sơn La,Việt Nam,Actived,
458,30319069,Xã Tân Yên,Xã,Tỉnh Sơn La,Việt Nam,Actived,
459,30307070,Xã Mường Bám,Xã,Tỉnh Sơn La,Việt Nam,Actived,
460,30305071,Xã Ngọc Chiến,Xã,Tỉnh Sơn La,Việt Nam,Actived,
461,30311072,Xã Suối Tọ,Xã,Tỉnh Sơn La,Việt Nam,Actived,
462,30317073,Xã Phiêng Khoài,Xã,Tỉnh Sơn La,Việt Nam,Actived,
463,30321074,Xã Mường Lạn,Xã,Tỉnh Sơn La,Việt Nam,Actived,
464,30321075,Xã Mường Lèo,Xã,Tỉnh Sơn La,Việt Nam,Actived,
465,21501001,Phường Phan Đình Phùng,Phường,Tỉnh Thái Nguyên,Việt Nam,Actived,
466,21501002,Phường Linh Sơn,Phường,Tỉnh Thái Nguyên,Việt Nam,Actived,
467,21501003,Phường Tích Lương,Phường,Tỉnh Thái Nguyên,Việt Nam,Actived,
468,21501004,Phường Gia Sàng,Phường,Tỉnh Thái Nguyên,Việt Nam,Actived,
469,21501005,Phường Quyết Thắng,Phường,Tỉnh Thái Nguyên,Việt Nam,Actived,
470,21501006,Phường Quan Triều,Phường,Tỉnh Thái Nguyên,Việt Nam,Actived,
471,21501007,Xã Tân Cương,Xã,Tỉnh Thái Nguyên,Việt Nam,Actived,
472,21501008,Xã Đại Phúc,Xã,Tỉnh Thái Nguyên,Việt Nam,Actived,
473,21513009,Xã Đại Từ,Xã,Tỉnh Thái Nguyên,Việt Nam,Actived,
474,21513010,Xã Đức Lương,Xã,Tỉnh Thái Nguyên,Việt Nam,Actived,
475,21513011,Xã Phú Thịnh,Xã,Tỉnh Thái Nguyên,Việt Nam,Actived,
476,21513012,Xã La Bằng,Xã,Tỉnh Thái Nguyên,Việt Nam,Actived,
477,21513013,Xã Phú Lạc,Xã,Tỉnh Thái Nguyên,Việt Nam,Actived,
478,21513014,Xã An Khánh,Xã,Tỉnh Thái Nguyên,Việt Nam,Actived,
479,21513015,Xã Quân Chu,Xã,Tỉnh Thái Nguyên,Việt Nam,Actived,
480,21513016,Xã Vạn Phú,Xã,Tỉnh Thái Nguyên,Việt Nam,Actived,
481,21513017,Xã Phú Xuyên,Xã,Tỉnh Thái Nguyên,Việt Nam,Actived,
482,21517018,Phường Phổ Yên,Phường,Tỉnh Thái Nguyên,Việt Nam,Actived,
483,21517019,Phường Vạn Xuân,Phường,Tỉnh Thái Nguyên,Việt Nam,Actived,
,21517020,Phường Trung Thành,Phường,Tỉnh Thái Nguyên,Việt Nam,Actived,
484,21517021,Phường Phúc Thuận,Phường,Tỉnh Thái Nguyên,Việt Nam,Actived,
485,21517022,Xã Thành Công,Xã,Tỉnh Thái Nguyên,Việt Nam,Actived,
486,21515023,Xã Phú Bình,Xã,Tỉnh Thái Nguyên,Việt Nam,Actived,
487,21515024,Xã Tân Thành,Xã,Tỉnh Thái Nguyên,Việt Nam,Actived,
488,21515025,Xã Điềm Thụy,Xã,Tỉnh Thái Nguyên,Việt Nam,Actived,
489,21515026,Xã Kha Sơn,Xã,Tỉnh Thái Nguyên,Việt Nam,Actived,
490,21515027,Xã Tân Khánh,Xã,Tỉnh Thái Nguyên,Việt Nam,Actived,
491,21511028,Xã Đồng Hỷ,Xã,Tỉnh Thái Nguyên,Việt Nam,Actived,
492,21511029,Xã Quang Sơn,Xã,Tỉnh Thái Nguyên,Việt Nam,Actived,
493,21511030,Xã Trại Cau,Xã,Tỉnh Thái Nguyên,Việt Nam,Actived,
494,21511031,Xã Nam Hoà,Xã,Tỉnh Thái Nguyên,Việt Nam,Actived,
495,21511032,Xã Văn Hán,Xã,Tỉnh Thái Nguyên,Việt Nam,Actived,
496,21511033,Xã Văn Lăng,Xã,Tỉnh Thái Nguyên,Việt Nam,Actived,
497,21503034,Phường Sông Công,Phường,Tỉnh Thái Nguyên,Việt Nam,Actived,
498,21503035,Phường Bá Xuyên,Phường,Tỉnh Thái Nguyên,Việt Nam,Actived,
499,21503036,Phường Bách Quang,Phường,Tỉnh Thái Nguyên,Việt Nam,Actived,
500,21509037,Xã Phú Lương,Xã,Tỉnh Thái Nguyên,Việt Nam,Actived,
501,21509038,Xã Vô Tranh,Xã,Tỉnh Thái Nguyên,Việt Nam,Actived,
502,21509039,Xã Yên Trạch,Xã,Tỉnh Thái Nguyên,Việt Nam,Actived,
503,21509040,Xã Hợp Thành,Xã,Tỉnh Thái Nguyên,Việt Nam,Actived,
504,21505041,Xã Định Hóa,Xã,Tỉnh Thái Nguyên,Việt Nam,Actived,
505,21505042,Xã Bình Yên,Xã,Tỉnh Thái Nguyên,Việt Nam,Actived,
506,21505043,Xã Trung Hội,Xã,Tỉnh Thái Nguyên,Việt Nam,Actived,
507,21505044,Xã Phượng Tiến,Xã,Tỉnh Thái Nguyên,Việt Nam,Actived,
508,21505045,Xã Phú Đình,Xã,Tỉnh Thái Nguyên,Việt Nam,Actived,
509,21505046,Xã Bình Thành,Xã,Tỉnh Thái Nguyên,Việt Nam,Actived,
510,21505047,Xã Kim Phượng,Xã,Tỉnh Thái Nguyên,Việt Nam,Actived,
511,21505048,Xã Lam Vỹ,Xã,Tỉnh Thái Nguyên,Việt Nam,Actived,
512,21507049,Xã Võ Nhai,Xã,Tỉnh Thái Nguyên,Việt Nam,Actived,
513,21507050,Xã Dân Tiến,Xã,Tỉnh Thái Nguyên,Việt Nam,Actived,
514,21507051,Xã Nghinh Tường,Xã,Tỉnh Thái Nguyên,Việt Nam,Actived,
515,21507052,Xã Thần Sa,Xã,Tỉnh Thái Nguyên,Việt Nam,Actived,
516,21507053,Xã La Hiên,Xã,Tỉnh Thái Nguyên,Việt Nam,Actived,
517,21507054,Xã Tràng Xá,Xã,Tỉnh Thái Nguyên,Việt Nam,Actived,
518,20704055,Xã Bằng Thành,Xã,Tỉnh Thái Nguyên,Việt Nam,Actived,
519,20704056,Xã Nghiên Loan,Xã,Tỉnh Thái Nguyên,Việt Nam,Actived,
520,20704057,Xã Cao Minh,Xã,Tỉnh Thái Nguyên,Việt Nam,Actived,
521,20703058,Xã Ba Bể,Xã,Tỉnh Thái Nguyên,Việt Nam,Actived,
522,20703059,Xã Chợ Rã,Xã,Tỉnh Thái Nguyên,Việt Nam,Actived,
523,20703060,Xã Phúc Lộc,Xã,Tỉnh Thái Nguyên,Việt Nam,Actived,
524,20703061,Xã Thượng Minh,Xã,Tỉnh Thái Nguyên,Việt Nam,Actived,
525,20703062,Xã Đồng Phúc,Xã,Tỉnh Thái Nguyên,Việt Nam,Actived,
526,20713063,Xã Yên Bình,Xã,Tỉnh Thái Nguyên,Việt Nam,Actived,
527,20705064,Xã Bằng Vân,Xã,Tỉnh Thái Nguyên,Việt Nam,Actived,
528,20705065,Xã Ngân Sơn,Xã,Tỉnh Thái Nguyên,Việt Nam,Actived,
529,20705066,Xã Nà Phặc,Xã,Tỉnh Thái Nguyên,Việt Nam,Actived,
530,20705067,Xã Hiệp Lực,Xã,Tỉnh Thái Nguyên,Việt Nam,Actived,
531,20707068,Xã Nam Cường,Xã,Tỉnh Thái Nguyên,Việt Nam,Actived,
532,20707069,Xã Quảng Bạch,Xã,Tỉnh Thái Nguyên,Việt Nam,Actived,
533,20707070,Xã Yên Thịnh,Xã,Tỉnh Thái Nguyên,Việt Nam,Actived,
534,20707071,Xã Chợ Đồn,Xã,Tỉnh Thái Nguyên,Việt Nam,Actived,
535,20707072,Xã Yên Phong,Xã,Tỉnh Thái Nguyên,Việt Nam,Actived,
536,20707073,Xã Nghĩa Tá,Xã,Tỉnh Thái Nguyên,Việt Nam,Actived,
537,20711074,Xã Phủ Thông,Xã,Tỉnh Thái Nguyên,Việt Nam,Actived,
538,20711075,Xã Cẩm Giàng,Xã,Tỉnh Thái Nguyên,Việt Nam,Actived,
539,20711076,Xã Vĩnh Thông,Xã,Tỉnh Thái Nguyên,Việt Nam,Actived,
540,20711077,Xã Bạch Thông,Xã,Tỉnh Thái Nguyên,Việt Nam,Actived,
541,20701078,Xã Phong Quang,Xã,Tỉnh Thái Nguyên,Việt Nam,Actived,
542,20701079,Phường Đức Xuân,Phường,Tỉnh Thái Nguyên,Việt Nam,Actived,
543,20701080,Phường Bắc Kạn,Phường,Tỉnh Thái Nguyên,Việt Nam,Actived,
544,20709081,Xã Văn Lang,Xã,Tỉnh Thái Nguyên,Việt Nam,Actived,
545,20709082,Xã Cường Lợi,Xã,Tỉnh Thái Nguyên,Việt Nam,Actived,
546,20709083,Xã Na Rì,Xã,Tỉnh Thái Nguyên,Việt Nam,Actived,
547,20709084,Xã Trần Phú,Xã,Tỉnh Thái Nguyên,Việt Nam,Actived,
548,20709085,Xã Côn Minh,Xã,Tỉnh Thái Nguyên,Việt Nam,Actived,
549,20709086,Xã Xuân Dương,Xã,Tỉnh Thái Nguyên,Việt Nam,Actived,
550,20713087,Xã Tân Kỳ,Xã,Tỉnh Thái Nguyên,Việt Nam,Actived,
551,20713088,Xã Thanh Mai,Xã,Tỉnh Thái Nguyên,Việt Nam,Actived,
552,20713089,Xã Thanh Thịnh,Xã,Tỉnh Thái Nguyên,Việt Nam,Actived,
553,20713090,Xã Chợ Mới,Xã,Tỉnh Thái Nguyên,Việt Nam,Actived,
554,21507091,Xã Sảng Mộc,Xã,Tỉnh Thái Nguyên,Việt Nam,Actived,
555,20705092,Xã Thượng Quan,Xã,Tỉnh Thái Nguyên,Việt Nam,Actived,
556,20903001,Xã Thất Khê,Xã,Tỉnh Lạng Sơn,Việt Nam,Actived,
557,20903002,Xã Đoàn Kết,Xã,Tỉnh Lạng Sơn,Việt Nam,Actived,
558,20903003,Xã Tân Tiến,Xã,Tỉnh Lạng Sơn,Việt Nam,Actived,
559,20903004,Xã Tràng Định,Xã,Tỉnh Lạng Sơn,Việt Nam,Actived,
560,20903005,Xã Quốc Khánh,Xã,Tỉnh Lạng Sơn,Việt Nam,Actived,
561,20903006,Xã Kháng Chiến,Xã,Tỉnh Lạng Sơn,Việt Nam,Actived,
562,20903007,Xã Quốc Việt,Xã,Tỉnh Lạng Sơn,Việt Nam,Actived,
563,20907008,Xã Bình Gia,Xã,Tỉnh Lạng Sơn,Việt Nam,Actived,
564,20907009,Xã Tân Văn,Xã,Tỉnh Lạng Sơn,Việt Nam,Actived,
565,20907010,Xã Hồng Phong,Xã,Tỉnh Lạng Sơn,Việt Nam,Actived,
566,20907011,Xã Hoa Thám,Xã,Tỉnh Lạng Sơn,Việt Nam,Actived,
567,20907012,Xã Quý Hoà,Xã,Tỉnh Lạng Sơn,Việt Nam,Actived,
568,20907013,Xã Thiện Hoà,Xã,Tỉnh Lạng Sơn,Việt Nam,Actived,
569,20907014,Xã Thiện Thuật,Xã,Tỉnh Lạng Sơn,Việt Nam,Actived,
570,20907015,Xã Thiện Long,Xã,Tỉnh Lạng Sơn,Việt Nam,Actived,
571,20909016,Xã Bắc Sơn,Xã,Tỉnh Lạng Sơn,Việt Nam,Actived,
572,20909017,Xã Hưng Vũ,Xã,Tỉnh Lạng Sơn,Việt Nam,Actived,
573,20909018,Xã Vũ Lăng,Xã,Tỉnh Lạng Sơn,Việt Nam,Actived,
574,20909019,Xã Nhất Hoà,Xã,Tỉnh Lạng Sơn,Việt Nam,Actived,
575,20909020,Xã Vũ Lễ,Xã,Tỉnh Lạng Sơn,Việt Nam,Actived,
576,20909021,Xã Tân Tri,Xã,Tỉnh Lạng Sơn,Việt Nam,Actived,
577,20911022,Xã Văn Quan,Xã,Tỉnh Lạng Sơn,Việt Nam,Actived,
578,20911023,Xã Điềm He,Xã,Tỉnh Lạng Sơn,Việt Nam,Actived,
579,20911024,Xã Tri Lễ,Xã,Tỉnh Lạng Sơn,Việt Nam,Actived,
580,20911025,Xã Yên Phúc,Xã,Tỉnh Lạng Sơn,Việt Nam,Actived,
581,20911026,Xã Tân Đoàn,Xã,Tỉnh Lạng Sơn,Việt Nam,Actived,
582,20913027,Xã Khánh Khê,Xã,Tỉnh Lạng Sơn,Việt Nam,Actived,
583,20905028,Xã Na Sầm,Xã,Tỉnh Lạng Sơn,Việt Nam,Actived,
584,20905029,Xã Văn Lãng,Xã,Tỉnh Lạng Sơn,Việt Nam,Actived,
585,20905030,Xã Hội Hoan,Xã,Tỉnh Lạng Sơn,Việt Nam,Actived,
586,20905031,Xã Thụy Hùng,Xã,Tỉnh Lạng Sơn,Việt Nam,Actived,
587,20905032,Xã Hoàng Văn Thụ,Xã,Tỉnh Lạng Sơn,Việt Nam,Actived,
588,20915033,Xã Lộc Bình,Xã,Tỉnh Lạng Sơn,Việt Nam,Actived,
589,20915034,Xã Mẫu Sơn,Xã,Tỉnh Lạng Sơn,Việt Nam,Actived,
590,20915035,Xã Na Dương,Xã,Tỉnh Lạng Sơn,Việt Nam,Actived,
591,20915036,Xã Lợi Bác,Xã,Tỉnh Lạng Sơn,Việt Nam,Actived,
592,20915037,Xã Thống Nhất,Xã,Tỉnh Lạng Sơn,Việt Nam,Actived,
593,20915038,Xã Xuân Dương,Xã,Tỉnh Lạng Sơn,Việt Nam,Actived,
594,20915039,Xã Khuất Xá,Xã,Tỉnh Lạng Sơn,Việt Nam,Actived,
595,20919040,Xã Đình Lập,Xã,Tỉnh Lạng Sơn,Việt Nam,Actived,
596,20919041,Xã Châu Sơn,Xã,Tỉnh Lạng Sơn,Việt Nam,Actived,
597,20919042,Xã Kiên Mộc,Xã,Tỉnh Lạng Sơn,Việt Nam,Actived,
598,20919043,Xã Thái Bình,Xã,Tỉnh Lạng Sơn,Việt Nam,Actived,
599,20921044,Xã Hữu Lũng,Xã,Tỉnh Lạng Sơn,Việt Nam,Actived,
600,20921045,Xã Tuấn Sơn,Xã,Tỉnh Lạng Sơn,Việt Nam,Actived,
601,20921046,Xã Tân Thành,Xã,Tỉnh Lạng Sơn,Việt Nam,Actived,
602,20921047,Xã Vân Nham,Xã,Tỉnh Lạng Sơn,Việt Nam,Actived,
603,20921048,Xã Thiện Tân,Xã,Tỉnh Lạng Sơn,Việt Nam,Actived,
604,20921049,Xã Yên Bình,Xã,Tỉnh Lạng Sơn,Việt Nam,Actived,
605,20921050,Xã Hữu Liên,Xã,Tỉnh Lạng Sơn,Việt Nam,Actived,
606,20921051,Xã Cai Kinh,Xã,Tỉnh Lạng Sơn,Việt Nam,Actived,
607,20917052,Xã Chi Lăng,Xã,Tỉnh Lạng Sơn,Việt Nam,Actived,
608,20917053,Xã Nhân Lý,Xã,Tỉnh Lạng Sơn,Việt Nam,Actived,
609,20917054,Xã Chiến Thắng,Xã,Tỉnh Lạng Sơn,Việt Nam,Actived,
610,20917055,Xã Quan Sơn,Xã,Tỉnh Lạng Sơn,Việt Nam,Actived,
611,20917056,Xã Bằng Mạc,Xã,Tỉnh Lạng Sơn,Việt Nam,Actived,
612,20917057,Xã Vạn Linh,Xã,Tỉnh Lạng Sơn,Việt Nam,Actived,
613,20913058,Xã Đồng Đăng,Xã,Tỉnh Lạng Sơn,Việt Nam,Actived,
614,20913059,Xã Cao Lộc,Xã,Tỉnh Lạng Sơn,Việt Nam,Actived,
615,20913060,Xã Công Sơn,Xã,Tỉnh Lạng Sơn,Việt Nam,Actived,
616,20913061,Xã Ba Sơn,Xã,Tỉnh Lạng Sơn,Việt Nam,Actived,
617,20901062,Phường Tam Thanh,Phường,Tỉnh Lạng Sơn,Việt Nam,Actived,
618,20901063,Phường Lương Văn Tri,Phường,Tỉnh Lạng Sơn,Việt Nam,Actived,
619,20913064,Phường Kỳ Lừa,Phường,Tỉnh Lạng Sơn,Việt Nam,Actived,
620,20901065,Phường Đông Kinh,Phường,Tỉnh Lạng Sơn,Việt Nam,Actived,
621,22521001,Phường An Sinh,Phường,Tỉnh Quảng Ninh,Việt Nam,Actived,
622,22521002,Phường Đông Triều,Phường,Tỉnh Quảng Ninh,Việt Nam,Actived,
623,22521003,Phường Bình Khê,Phường,Tỉnh Quảng Ninh,Việt Nam,Actived,
624,22521004,Phường Mạo Khê,Phường,Tỉnh Quảng Ninh,Việt Nam,Actived,
625,22521005,Phường Hoàng Quế,Phường,Tỉnh Quảng Ninh,Việt Nam,Actived,
626,22505006,Phường Yên Tử,Phường,Tỉnh Quảng Ninh,Việt Nam,Actived,
627,22505007,Phường Vàng Danh,Phường,Tỉnh Quảng Ninh,Việt Nam,Actived,
628,22505008,Phường Uông Bí,Phường,Tỉnh Quảng Ninh,Việt Nam,Actived,
629,22525009,Phường Đông Mai,Phường,Tỉnh Quảng Ninh,Việt Nam,Actived,
630,22525010,Phường Hiệp Hoà,Phường,Tỉnh Quảng Ninh,Việt Nam,Actived,
631,22525011,Phường Quảng Yên,Phường,Tỉnh Quảng Ninh,Việt Nam,Actived,
632,22525012,Phường Hà An,Phường,Tỉnh Quảng Ninh,Việt Nam,Actived,
633,22525013,Phường Phong Cốc,Phường,Tỉnh Quảng Ninh,Việt Nam,Actived,
634,22525014,Phường Liên Hoà,Phường,Tỉnh Quảng Ninh,Việt Nam,Actived,
635,22501015,Phường Tuần Châu,Phường,Tỉnh Quảng Ninh,Việt Nam,Actived,
636,22501016,Phường Việt Hưng,Phường,Tỉnh Quảng Ninh,Việt Nam,Actived,
637,22501017,Phường Bãi Cháy,Phường,Tỉnh Quảng Ninh,Việt Nam,Actived,
638,22501018,Phường Hà Tu,Phường,Tỉnh Quảng Ninh,Việt Nam,Actived,
639,22501019,Phường Hà Lầm,Phường,Tỉnh Quảng Ninh,Việt Nam,Actived,
640,22501020,Phường Cao Xanh,Phường,Tỉnh Quảng Ninh,Việt Nam,Actived,
641,22501021,Phường Hồng Gai,Phường,Tỉnh Quảng Ninh,Việt Nam,Actived,
642,22501022,Phường Hạ Long,Phường,Tỉnh Quảng Ninh,Việt Nam,Actived,
643,22501023,Phường Hoành Bồ,Phường,Tỉnh Quảng Ninh,Việt Nam,Actived,
644,22501024,Xã Quảng La,Xã,Tỉnh Quảng Ninh,Việt Nam,Actived,
645,22501025,Xã Thống Nhất,Xã,Tỉnh Quảng Ninh,Việt Nam,Actived,
646,22503026,Phường Mông Dương,Phường,Tỉnh Quảng Ninh,Việt Nam,Actived,
647,22503027,Phường Quang Hanh,Phường,Tỉnh Quảng Ninh,Việt Nam,Actived,
648,22503028,Phường Cẩm Phả,Phường,Tỉnh Quảng Ninh,Việt Nam,Actived,
649,22503029,Phường Cửa Ông,Phường,Tỉnh Quảng Ninh,Việt Nam,Actived,
650,22503030,Xã Hải Hoà,Xã,Tỉnh Quảng Ninh,Việt Nam,Actived,
651,22513031,Xã Tiên Yên,Xã,Tỉnh Quảng Ninh,Việt Nam,Actived,
652,22513032,Xã Điền Xá,Xã,Tỉnh Quảng Ninh,Việt Nam,Actived,
653,22513033,Xã Đông Ngũ,Xã,Tỉnh Quảng Ninh,Việt Nam,Actived,
654,22513034,Xã Hải Lạng,Xã,Tỉnh Quảng Ninh,Việt Nam,Actived,
655,22501035,Xã Lương Minh,Xã,Tỉnh Quảng Ninh,Việt Nam,Actived,
656,22515036,Xã Kỳ Thượng,Xã,Tỉnh Quảng Ninh,Việt Nam,Actived,
657,22515037,Xã Ba Chẽ,Xã,Tỉnh Quảng Ninh,Việt Nam,Actived,
658,22527038,Xã Quảng Tân,Xã,Tỉnh Quảng Ninh,Việt Nam,Actived,
659,22527039,Xã Đầm Hà,Xã,Tỉnh Quảng Ninh,Việt Nam,Actived,
660,22511040,Xã Quảng Hà,Xã,Tỉnh Quảng Ninh,Việt Nam,Actived,
661,22511041,Xã Đường Hoa,Xã,Tỉnh Quảng Ninh,Việt Nam,Actived,
662,22511042,Xã Quảng Đức,Xã,Tỉnh Quảng Ninh,Việt Nam,Actived,
663,22507043,Xã Hoành Mô,Xã,Tỉnh Quảng Ninh,Việt Nam,Actived,
664,22507044,Xã Lục Hồn,Xã,Tỉnh Quảng Ninh,Việt Nam,Actived,
665,22507045,Xã Bình Liêu,Xã,Tỉnh Quảng Ninh,Việt Nam,Actived,
666,22509046,Xã Hải Sơn,Xã,Tỉnh Quảng Ninh,Việt Nam,Actived,
667,22509047,Xã Hải Ninh,Xã,Tỉnh Quảng Ninh,Việt Nam,Actived,
668,22509048,Xã Vĩnh Thực,Xã,Tỉnh Quảng Ninh,Việt Nam,Actived,
669,22509049,Phường Móng Cái 1,Phường,Tỉnh Quảng Ninh,Việt Nam,Actived,
670,22509050,Phường Móng Cái 2,Phường,Tỉnh Quảng Ninh,Việt Nam,Actived,
671,22509051,Phường Móng Cái 3,Phường,Tỉnh Quảng Ninh,Việt Nam,Actived,
672,22517052,Đặc khu Vân Đồn,Đặc khu,Tỉnh Quảng Ninh,Việt Nam,Actived,
673,22523053,Đặc khu Cô Tô,Đặc khu,Tỉnh Quảng Ninh,Việt Nam,Actived,
674,22511054,Xã Cái Chiên,Xã,Tỉnh Quảng Ninh,Việt Nam,Actived,
675,21701001,Phường Việt Trì,Phường,Tỉnh Phú Thọ,Việt Nam,Actived,
676,21701002,Phường Nông Trang,Phường,Tỉnh Phú Thọ,Việt Nam,Actived,
677,21701003,Phường Thanh Miếu,Phường,Tỉnh Phú Thọ,Việt Nam,Actived,
678,21701004,Phường Vân Phú,Phường,Tỉnh Phú Thọ,Việt Nam,Actived,
679,21701005,Xã Hy Cương,Xã,Tỉnh Phú Thọ,Việt Nam,Actived,
680,21721006,Xã Lâm Thao,Xã,Tỉnh Phú Thọ,Việt Nam,Actived,
681,21721007,Xã Xuân Lũng,Xã,Tỉnh Phú Thọ,Việt Nam,Actived,
682,21721008,Xã Phùng Nguyên,Xã,Tỉnh Phú Thọ,Việt Nam,Actived,
683,21721009,Xã Bản Nguyên,Xã,Tỉnh Phú Thọ,Việt Nam,Actived,
684,21703010,Phường Phong Châu,Phường,Tỉnh Phú Thọ,Việt Nam,Actived,
685,21703011,Phường Phú Thọ,Phường,Tỉnh Phú Thọ,Việt Nam,Actived,
686,21703012,Phường Âu Cơ,Phường,Tỉnh Phú Thọ,Việt Nam,Actived,
687,21711013,Xã Phù Ninh,Xã,Tỉnh Phú Thọ,Việt Nam,Actived,
688,21711014,Xã Dân Chủ,Xã,Tỉnh Phú Thọ,Việt Nam,Actived,
689,21711015,Xã Phú Mỹ,Xã,Tỉnh Phú Thọ,Việt Nam,Actived,
690,21711016,Xã Trạm Thản,Xã,Tỉnh Phú Thọ,Việt Nam,Actived,
691,21711017,Xã Bình Phú,Xã,Tỉnh Phú Thọ,Việt Nam,Actived,
692,21709018,Xã Thanh Ba,Xã,Tỉnh Phú Thọ,Việt Nam,Actived,
693,21709019,Xã Quảng Yên,Xã,Tỉnh Phú Thọ,Việt Nam,Actived,
694,21709020,Xã Hoàng Cương,Xã,Tỉnh Phú Thọ,Việt Nam,Actived,
695,21709021,Xã Đông Thành,Xã,Tỉnh Phú Thọ,Việt Nam,Actived,
696,21709022,Xã Chí Tiên,Xã,Tỉnh Phú Thọ,Việt Nam,Actived,
697,21709023,Xã Liên Minh,Xã,Tỉnh Phú Thọ,Việt Nam,Actived,
698,21705024,Xã Đoan Hùng,Xã,Tỉnh Phú Thọ,Việt Nam,Actived,
699,21705025,Xã Tây Cốc,Xã,Tỉnh Phú Thọ,Việt Nam,Actived,
700,21705026,Xã Chân Mộng,Xã,Tỉnh Phú Thọ,Việt Nam,Actived,
701,21705027,Xã Chí Đám,Xã,Tỉnh Phú Thọ,Việt Nam,Actived,
702,21705028,Xã Bằng Luân,Xã,Tỉnh Phú Thọ,Việt Nam,Actived,
703,21707029,Xã Hạ Hòa,Xã,Tỉnh Phú Thọ,Việt Nam,Actived,
704,21707030,Xã Đan Thượng,Xã,Tỉnh Phú Thọ,Việt Nam,Actived,
705,21707031,Xã Yên Kỳ,Xã,Tỉnh Phú Thọ,Việt Nam,Actived,
706,21707032,Xã Vĩnh Chân,Xã,Tỉnh Phú Thọ,Việt Nam,Actived,
707,21707033,Xã Văn Lang,Xã,Tỉnh Phú Thọ,Việt Nam,Actived,
708,21707034,Xã Hiền Lương,Xã,Tỉnh Phú Thọ,Việt Nam,Actived,
709,21713035,Xã Cẩm Khê,Xã,Tỉnh Phú Thọ,Việt Nam,Actived,
710,21713036,Xã Phú Khê,Xã,Tỉnh Phú Thọ,Việt Nam,Actived,
711,21713037,Xã Hùng Việt,Xã,Tỉnh Phú Thọ,Việt Nam,Actived,
712,21713038,Xã Đồng Lương,Xã,Tỉnh Phú Thọ,Việt Nam,Actived,
713,21713039,Xã Tiên Lương,Xã,Tỉnh Phú Thọ,Việt Nam,Actived,
714,21713040,Xã Vân Bán,Xã,Tỉnh Phú Thọ,Việt Nam,Actived,
715,21717041,Xã Tam Nông,Xã,Tỉnh Phú Thọ,Việt Nam,Actived,
716,21717042,Xã Thọ Văn,Xã,Tỉnh Phú Thọ,Việt Nam,Actived,
717,21717043,Xã Vạn Xuân,Xã,Tỉnh Phú Thọ,Việt Nam,Actived,
718,21717044,Xã Hiền Quan,Xã,Tỉnh Phú Thọ,Việt Nam,Actived,
719,21723045,Xã Thanh Thuỷ,Xã,Tỉnh Phú Thọ,Việt Nam,Actived,
720,21723046,Xã Đào Xá,Xã,Tỉnh Phú Thọ,Việt Nam,Actived,
721,21723047,Xã Tu Vũ,Xã,Tỉnh Phú Thọ,Việt Nam,Actived,
722,21719048,Xã Thanh Sơn,Xã,Tỉnh Phú Thọ,Việt Nam,Actived,
723,21719049,Xã Võ Miếu,Xã,Tỉnh Phú Thọ,Việt Nam,Actived,
724,21719050,Xã Văn Miếu,Xã,Tỉnh Phú Thọ,Việt Nam,Actived,
725,21719051,Xã Cự Đồng,Xã,Tỉnh Phú Thọ,Việt Nam,Actived,
726,21719052,Xã Hương Cần,Xã,Tỉnh Phú Thọ,Việt Nam,Actived,
727,21719053,Xã Yên Sơn,Xã,Tỉnh Phú Thọ,Việt Nam,Actived,
728,21719054,Xã Khả Cửu,Xã,Tỉnh Phú Thọ,Việt Nam,Actived,
729,21720055,Xã Tân Sơn,Xã,Tỉnh Phú Thọ,Việt Nam,Actived,
730,21720056,Xã Minh Đài,Xã,Tỉnh Phú Thọ,Việt Nam,Actived,
731,21720057,Xã Lai Đồng,Xã,Tỉnh Phú Thọ,Việt Nam,Actived,
732,21720058,Xã Thu Cúc,Xã,Tỉnh Phú Thọ,Việt Nam,Actived,
733,21720059,Xã Xuân Đài,Xã,Tỉnh Phú Thọ,Việt Nam,Actived,
734,21720060,Xã Long Cốc,Xã,Tỉnh Phú Thọ,Việt Nam,Actived,
735,21715061,Xã Yên Lập,Xã,Tỉnh Phú Thọ,Việt Nam,Actived,
736,21715062,Xã Thượng Long,Xã,Tỉnh Phú Thọ,Việt Nam,Actived,
737,21715063,Xã Sơn Lương,Xã,Tỉnh Phú Thọ,Việt Nam,Actived,
738,21715064,Xã Xuân Viên,Xã,Tỉnh Phú Thọ,Việt Nam,Actived,
739,21715065,Xã Minh Hòa,Xã,Tỉnh Phú Thọ,Việt Nam,Actived,
740,21715066,Xã Trung Sơn,Xã,Tỉnh Phú Thọ,Việt Nam,Actived,
741,21915067,Xã Tam Sơn,Xã,Tỉnh Phú Thọ,Việt Nam,Actived,
742,21915068,Xã Sông Lô,Xã,Tỉnh Phú Thọ,Việt Nam,Actived,
743,21915069,Xã Hải Lựu,Xã,Tỉnh Phú Thọ,Việt Nam,Actived,
744,21915070,Xã Yên Lãng,Xã,Tỉnh Phú Thọ,Việt Nam,Actived,
745,21903071,Xã Lập Thạch,Xã,Tỉnh Phú Thọ,Việt Nam,Actived,
746,21903072,Xã Tiên Lữ,Xã,Tỉnh Phú Thọ,Việt Nam,Actived,
747,21903073,Xã Thái Hòa,Xã,Tỉnh Phú Thọ,Việt Nam,Actived,
748,21903074,Xã Liên Hòa,Xã,Tỉnh Phú Thọ,Việt Nam,Actived,
749,21903075,Xã Hợp Lý,Xã,Tỉnh Phú Thọ,Việt Nam,Actived,
750,21903076,Xã Sơn Đông,Xã,Tỉnh Phú Thọ,Việt Nam,Actived,
751,21904077,Xã Tam Đảo,Xã,Tỉnh Phú Thọ,Việt Nam,Actived,
752,21904078,Xã Đại Đình,Xã,Tỉnh Phú Thọ,Việt Nam,Actived,
753,21904079,Xã Đạo Trù,Xã,Tỉnh Phú Thọ,Việt Nam,Actived,
754,21905080,Xã Tam Dương,Xã,Tỉnh Phú Thọ,Việt Nam,Actived,
755,21905081,Xã Hội Thịnh,Xã,Tỉnh Phú Thọ,Việt Nam,Actived,
756,21905082,Xã Hoàng An,Xã,Tỉnh Phú Thọ,Việt Nam,Actived,
757,21905083,Xã Tam Dương Bắc,Xã,Tỉnh Phú Thọ,Việt Nam,Actived,
758,21907084,Xã Vĩnh Tường,Xã,Tỉnh Phú Thọ,Việt Nam,Actived,
759,21907085,Xã Thổ Tang,Xã,Tỉnh Phú Thọ,Việt Nam,Actived,
760,21907086,Xã Vĩnh Hưng,Xã,Tỉnh Phú Thọ,Việt Nam,Actived,
761,21907087,Xã Vĩnh An,Xã,Tỉnh Phú Thọ,Việt Nam,Actived,
762,21907088,Xã Vĩnh Phú,Xã,Tỉnh Phú Thọ,Việt Nam,Actived,
763,21907089,Xã Vĩnh Thành,Xã,Tỉnh Phú Thọ,Việt Nam,Actived,
764,21909090,Xã Yên Lạc,Xã,Tỉnh Phú Thọ,Việt Nam,Actived,
765,21909091,Xã Tề Lỗ,Xã,Tỉnh Phú Thọ,Việt Nam,Actived,
766,21909092,Xã Liên Châu,Xã,Tỉnh Phú Thọ,Việt Nam,Actived,
767,21909093,Xã Tam Hồng,Xã,Tỉnh Phú Thọ,Việt Nam,Actived,
768,21909094,Xã Nguyệt Đức,Xã,Tỉnh Phú Thọ,Việt Nam,Actived,
769,21913095,Xã Bình Nguyên,Xã,Tỉnh Phú Thọ,Việt Nam,Actived,
770,21913096,Xã Xuân Lãng,Xã,Tỉnh Phú Thọ,Việt Nam,Actived,
771,21913097,Xã Bình Xuyên,Xã,Tỉnh Phú Thọ,Việt Nam,Actived,
772,21913098,Xã Bình Tuyền,Xã,Tỉnh Phú Thọ,Việt Nam,Actived,
773,21901099,Phường Vĩnh Phúc,Phường,Tỉnh Phú Thọ,Việt Nam,Actived,
774,21901100,Phường Vĩnh Yên,Phường,Tỉnh Phú Thọ,Việt Nam,Actived,
775,21902101,Phường Phúc Yên,Phường,Tỉnh Phú Thọ,Việt Nam,Actived,
776,21902102,Phường Xuân Hòa,Phường,Tỉnh Phú Thọ,Việt Nam,Actived,
777,30510103,Xã Cao Phong,Xã,Tỉnh Phú Thọ,Việt Nam,Actived,
778,30510104,Xã Mường Thàng,Xã,Tỉnh Phú Thọ,Việt Nam,Actived,
779,30510105,Xã Thung Nai,Xã,Tỉnh Phú Thọ,Việt Nam,Actived,
780,30503106,Xã Đà Bắc,Xã,Tỉnh Phú Thọ,Việt Nam,Actived,
781,30503107,Xã Cao Sơn,Xã,Tỉnh Phú Thọ,Việt Nam,Actived,
782,30503108,Xã Đức Nhàn,Xã,Tỉnh Phú Thọ,Việt Nam,Actived,
783,30503109,Xã Quy Đức,Xã,Tỉnh Phú Thọ,Việt Nam,Actived,
784,30503110,Xã Tân Pheo,Xã,Tỉnh Phú Thọ,Việt Nam,Actived,
785,30503111,Xã Tiền Phong,Xã,Tỉnh Phú Thọ,Việt Nam,Actived,
786,30511112,Xã Kim Bôi,Xã,Tỉnh Phú Thọ,Việt Nam,Actived,
787,30511113,Xã Mường Động,Xã,Tỉnh Phú Thọ,Việt Nam,Actived,
788,30511114,Xã Dũng Tiến,Xã,Tỉnh Phú Thọ,Việt Nam,Actived,
789,30511115,Xã Hợp Kim,Xã,Tỉnh Phú Thọ,Việt Nam,Actived,
790,30511116,Xã Nật Sơn,Xã,Tỉnh Phú Thọ,Việt Nam,Actived,
791,30515117,Xã Lạc Sơn,Xã,Tỉnh Phú Thọ,Việt Nam,Actived,
792,30515118,Xã Mường Vang,Xã,Tỉnh Phú Thọ,Việt Nam,Actived,
793,30515119,Xã Đại Đồng,Xã,Tỉnh Phú Thọ,Việt Nam,Actived,
794,30515120,Xã Ngọc Sơn,Xã,Tỉnh Phú Thọ,Việt Nam,Actived,
795,30515121,Xã Nhân Nghĩa,Xã,Tỉnh Phú Thọ,Việt Nam,Actived,
796,30515122,Xã Quyết Thắng,Xã,Tỉnh Phú Thọ,Việt Nam,Actived,
797,30515123,Xã Thượng Cốc,Xã,Tỉnh Phú Thọ,Việt Nam,Actived,
798,30515124,Xã Yên Phú,Xã,Tỉnh Phú Thọ,Việt Nam,Actived,
799,30517125,Xã Lạc Thủy,Xã,Tỉnh Phú Thọ,Việt Nam,Actived,
800,30517126,Xã An Bình,Xã,Tỉnh Phú Thọ,Việt Nam,Actived,
801,30517127,Xã An Nghĩa,Xã,Tỉnh Phú Thọ,Việt Nam,Actived,
802,30509128,Xã Lương Sơn,Xã,Tỉnh Phú Thọ,Việt Nam,Actived,
803,30509129,Xã Cao Dương,Xã,Tỉnh Phú Thọ,Việt Nam,Actived,
804,30509130,Xã Liên Sơn,Xã,Tỉnh Phú Thọ,Việt Nam,Actived,
805,30505131,Xã Mai Châu,Xã,Tỉnh Phú Thọ,Việt Nam,Actived,
806,30505132,Xã Bao La,Xã,Tỉnh Phú Thọ,Việt Nam,Actived,
807,30505133,Xã Mai Hạ,Xã,Tỉnh Phú Thọ,Việt Nam,Actived,
808,30505134,Xã Pà Cò,Xã,Tỉnh Phú Thọ,Việt Nam,Actived,
809,30505135,Xã Tân Mai,Xã,Tỉnh Phú Thọ,Việt Nam,Actived,
810,30513136,Xã Tân Lạc,Xã,Tỉnh Phú Thọ,Việt Nam,Actived,
811,30513137,Xã Mường Bi,Xã,Tỉnh Phú Thọ,Việt Nam,Actived,
812,30513138,Xã Mường Hoa,Xã,Tỉnh Phú Thọ,Việt Nam,Actived,
813,30513139,Xã Toàn Thắng,Xã,Tỉnh Phú Thọ,Việt Nam,Actived,
814,30513140,Xã Vân Sơn,Xã,Tỉnh Phú Thọ,Việt Nam,Actived,
815,30519141,Xã Yên Thủy,Xã,Tỉnh Phú Thọ,Việt Nam,Actived,
816,30519142,Xã Lạc Lương,Xã,Tỉnh Phú Thọ,Việt Nam,Actived,
817,30519143,Xã Yên Trị,Xã,Tỉnh Phú Thọ,Việt Nam,Actived,
818,30501144,Xã Thịnh Minh,Xã,Tỉnh Phú Thọ,Việt Nam,Actived,
819,30501145,Phường Hoà Bình,Phường,Tỉnh Phú Thọ,Việt Nam,Actived,
820,30501146,Phường Kỳ Sơn,Phường,Tỉnh Phú Thọ,Việt Nam,Actived,
821,30501147,Phường Tân Hoà,Phường,Tỉnh Phú Thọ,Việt Nam,Actived,
822,30501148,Phường Thống Nhất,Phường,Tỉnh Phú Thọ,Việt Nam,Actived,
823,22113001,Xã Đại Sơn,Xã,Tỉnh Bắc Ninh,Việt Nam,Actived,
824,22113002,Xã Sơn Động,Xã,Tỉnh Bắc Ninh,Việt Nam,Actived,
825,22113003,Xã Tây Yên Tử,Xã,Tỉnh Bắc Ninh,Việt Nam,Actived,
826,22113004,Xã Dương Hưu,Xã,Tỉnh Bắc Ninh,Việt Nam,Actived,
827,22113005,Xã Yên Định,Xã,Tỉnh Bắc Ninh,Việt Nam,Actived,
828,22113006,Xã An Lạc,Xã,Tỉnh Bắc Ninh,Việt Nam,Actived,
829,22113007,Xã Vân Sơn,Xã,Tỉnh Bắc Ninh,Việt Nam,Actived,
830,22107008,Xã Biển Động,Xã,Tỉnh Bắc Ninh,Việt Nam,Actived,
831,22107009,Xã Lục Ngạn,Xã,Tỉnh Bắc Ninh,Việt Nam,Actived,
832,22107010,Xã Đèo Gia,Xã,Tỉnh Bắc Ninh,Việt Nam,Actived,
833,22107011,Xã Sơn Hải,Xã,Tỉnh Bắc Ninh,Việt Nam,Actived,
834,22107012,Xã Tân Sơn,Xã,Tỉnh Bắc Ninh,Việt Nam,Actived,
835,22107013,Xã Biên Sơn,Xã,Tỉnh Bắc Ninh,Việt Nam,Actived,
836,22107014,Xã Sa Lý,Xã,Tỉnh Bắc Ninh,Việt Nam,Actived,
837,22107015,Xã Nam Dương,Xã,Tỉnh Bắc Ninh,Việt Nam,Actived,
838,22121016,Xã Kiên Lao,Xã,Tỉnh Bắc Ninh,Việt Nam,Actived,
839,22121017,Phường Chũ,Phường,Tỉnh Bắc Ninh,Việt Nam,Actived,
840,22121018,Phường Phượng Sơn,Phường,Tỉnh Bắc Ninh,Việt Nam,Actived,
841,22115019,Xã Lục Sơn,Xã,Tỉnh Bắc Ninh,Việt Nam,Actived,
842,22115020,Xã Trường Sơn,Xã,Tỉnh Bắc Ninh,Việt Nam,Actived,
843,22115021,Xã Cẩm Lý,Xã,Tỉnh Bắc Ninh,Việt Nam,Actived,
844,22115022,Xã Đông Phú,Xã,Tỉnh Bắc Ninh,Việt Nam,Actived,
845,22115023,Xã Nghĩa Phương,Xã,Tỉnh Bắc Ninh,Việt Nam,Actived,
846,22115024,Xã Lục Nam,Xã,Tỉnh Bắc Ninh,Việt Nam,Actived,
847,22115025,Xã Bắc Lũng,Xã,Tỉnh Bắc Ninh,Việt Nam,Actived,
848,22115026,Xã Bảo Đài,Xã,Tỉnh Bắc Ninh,Việt Nam,Actived,
849,22111027,Xã Lạng Giang,Xã,Tỉnh Bắc Ninh,Việt Nam,Actived,
850,22111028,Xã Mỹ Thái,Xã,Tỉnh Bắc Ninh,Việt Nam,Actived,
851,22111029,Xã Kép,Xã,Tỉnh Bắc Ninh,Việt Nam,Actived,
852,22111030,Xã Tân Dĩnh,Xã,Tỉnh Bắc Ninh,Việt Nam,Actived,
853,22111031,Xã Tiên Lục,Xã,Tỉnh Bắc Ninh,Việt Nam,Actived,
854,22103032,Xã Yên Thế,Xã,Tỉnh Bắc Ninh,Việt Nam,Actived,
855,22103033,Xã Bố Hạ,Xã,Tỉnh Bắc Ninh,Việt Nam,Actived,
856,22103034,Xã Đồng Kỳ,Xã,Tỉnh Bắc Ninh,Việt Nam,Actived,
857,22103035,Xã Xuân Lương,Xã,Tỉnh Bắc Ninh,Việt Nam,Actived,
858,22103036,Xã Tam Tiến,Xã,Tỉnh Bắc Ninh,Việt Nam,Actived,
859,22105037,Xã Tân Yên,Xã,Tỉnh Bắc Ninh,Việt Nam,Actived,
860,22105038,Xã Ngọc Thiện,Xã,Tỉnh Bắc Ninh,Việt Nam,Actived,
861,22105039,Xã Nhã Nam,Xã,Tỉnh Bắc Ninh,Việt Nam,Actived,
862,22105040,Xã Phúc Hoà,Xã,Tỉnh Bắc Ninh,Việt Nam,Actived,
863,22105041,Xã Quang Trung,Xã,Tỉnh Bắc Ninh,Việt Nam,Actived,
864,22109042,Xã Hợp Thịnh,Xã,Tỉnh Bắc Ninh,Việt Nam,Actived,
865,22109043,Xã Hiệp Hoà,Xã,Tỉnh Bắc Ninh,Việt Nam,Actived,
866,22109044,Xã Hoàng Vân,Xã,Tỉnh Bắc Ninh,Việt Nam,Actived,
867,22109045,Xã Xuân Cẩm,Xã,Tỉnh Bắc Ninh,Việt Nam,Actived,
868,22117046,Phường Tự Lạn,Phường,Tỉnh Bắc Ninh,Việt Nam,Actived,
869,22117047,Phường Việt Yên,Phường,Tỉnh Bắc Ninh,Việt Nam,Actived,
870,22117048,Phường Nếnh,Phường,Tỉnh Bắc Ninh,Việt Nam,Actived,
871,22117049,Phường Vân Hà,Phường,Tỉnh Bắc Ninh,Việt Nam,Actived,
872,22101050,Xã Đồng Việt,Xã,Tỉnh Bắc Ninh,Việt Nam,Actived,
873,22101051,Phường Bắc Giang,Phường,Tỉnh Bắc Ninh,Việt Nam,Actived,
874,22101052,Phường Đa Mai,Phường,Tỉnh Bắc Ninh,Việt Nam,Actived,
875,22101053,Phường Tiền Phong,Phường,Tỉnh Bắc Ninh,Việt Nam,Actived,
876,22101054,Phường Tân An,Phường,Tỉnh Bắc Ninh,Việt Nam,Actived,
877,22101055,Phường Yên Dũng,Phường,Tỉnh Bắc Ninh,Việt Nam,Actived,
878,22101056,Phường Tân Tiến,Phường,Tỉnh Bắc Ninh,Việt Nam,Actived,
879,22101057,Phường Cảnh Thụy,Phường,Tỉnh Bắc Ninh,Việt Nam,Actived,
880,22301058,Phường Kinh Bắc,Phường,Tỉnh Bắc Ninh,Việt Nam,Actived,
881,22301059,Phường Võ Cường,Phường,Tỉnh Bắc Ninh,Việt Nam,Actived,
882,22301060,Phường Vũ Ninh,Phường,Tỉnh Bắc Ninh,Việt Nam,Actived,
883,22301061,Phường Hạp Lĩnh,Phường,Tỉnh Bắc Ninh,Việt Nam,Actived,
884,22301062,Phường Nam Sơn,Phường,Tỉnh Bắc Ninh,Việt Nam,Actived,
885,22313063,Phường Từ Sơn,Phường,Tỉnh Bắc Ninh,Việt Nam,Actived,
886,22313064,Phường Tam Sơn,Phường,Tỉnh Bắc Ninh,Việt Nam,Actived,
887,22313065,Phường Đồng Nguyên,Phường,Tỉnh Bắc Ninh,Việt Nam,Actived,
888,22313066,Phường Phù Khê,Phường,Tỉnh Bắc Ninh,Việt Nam,Actived,
889,22309067,Phường Thuận Thành,Phường,Tỉnh Bắc Ninh,Việt Nam,Actived,
890,22309068,Phường Mão Điền,Phường,Tỉnh Bắc Ninh,Việt Nam,Actived,
891,22309069,Phường Trạm Lộ,Phường,Tỉnh Bắc Ninh,Việt Nam,Actived,
892,22309070,Phường Trí Quả,Phường,Tỉnh Bắc Ninh,Việt Nam,Actived,
893,22309071,Phường Song Liễu,Phường,Tỉnh Bắc Ninh,Việt Nam,Actived,
894,22309072,Phường Ninh Xá,Phường,Tỉnh Bắc Ninh,Việt Nam,Actived,
895,22305073,Phường Quế Võ,Phường,Tỉnh Bắc Ninh,Việt Nam,Actived,
896,22305074,Phường Phương Liễu,Phường,Tỉnh Bắc Ninh,Việt Nam,Actived,
897,22305075,Phường Nhân Hoà,Phường,Tỉnh Bắc Ninh,Việt Nam,Actived,
898,22305076,Phường Đào Viên,Phường,Tỉnh Bắc Ninh,Việt Nam,Actived,
899,22305077,Phường Bồng Lai,Phường,Tỉnh Bắc Ninh,Việt Nam,Actived,
900,22305078,Xã Chi Lăng,Xã,Tỉnh Bắc Ninh,Việt Nam,Actived,
901,22305079,Xã Phù Lãng,Xã,Tỉnh Bắc Ninh,Việt Nam,Actived,
902,22303080,Xã Yên Phong,Xã,Tỉnh Bắc Ninh,Việt Nam,Actived,
903,22303081,Xã Văn Môn,Xã,Tỉnh Bắc Ninh,Việt Nam,Actived,
904,22303082,Xã Tam Giang,Xã,Tỉnh Bắc Ninh,Việt Nam,Actived,
905,22303083,Xã Yên Trung,Xã,Tỉnh Bắc Ninh,Việt Nam,Actived,
906,22303084,Xã Tam Đa,Xã,Tỉnh Bắc Ninh,Việt Nam,Actived,
907,22307085,Xã Tiên Du,Xã,Tỉnh Bắc Ninh,Việt Nam,Actived,
908,22307086,Xã Liên Bão,Xã,Tỉnh Bắc Ninh,Việt Nam,Actived,
909,22307087,Xã Tân Chi,Xã,Tỉnh Bắc Ninh,Việt Nam,Actived,
910,22307088,Xã Đại Đồng,Xã,Tỉnh Bắc Ninh,Việt Nam,Actived,
911,22307089,Xã Phật Tích,Xã,Tỉnh Bắc Ninh,Việt Nam,Actived,
912,22315090,Xã Gia Bình,Xã,Tỉnh Bắc Ninh,Việt Nam,Actived,
913,22315091,Xã Nhân Thắng,Xã,Tỉnh Bắc Ninh,Việt Nam,Actived,
914,22315092,Xã Đại Lai,Xã,Tỉnh Bắc Ninh,Việt Nam,Actived,
915,22315093,Xã Cao Đức,Xã,Tỉnh Bắc Ninh,Việt Nam,Actived,
916,22315094,Xã Đông Cứu,Xã,Tỉnh Bắc Ninh,Việt Nam,Actived,
917,22311095,Xã Lương Tài,Xã,Tỉnh Bắc Ninh,Việt Nam,Actived,
918,22311096,Xã Lâm Thao,Xã,Tỉnh Bắc Ninh,Việt Nam,Actived,
919,22311097,Xã Trung Chính,Xã,Tỉnh Bắc Ninh,Việt Nam,Actived,
920,22311098,Xã Trung Kênh,Xã,Tỉnh Bắc Ninh,Việt Nam,Actived,
921,22113099,Xã Tuấn Đạo,Xã,Tỉnh Bắc Ninh,Việt Nam,Actived,
922,10311001,Phường Thuỷ Nguyên,Phường,Thành phố Hải Phòng,Việt Nam,Actived,
923,10311002,Phường Thiên Hương,Phường,Thành phố Hải Phòng,Việt Nam,Actived,
924,10311003,Phường Hoà Bình,Phường,Thành phố Hải Phòng,Việt Nam,Actived,
925,10311004,Phường Nam Triệu,Phường,Thành phố Hải Phòng,Việt Nam,Actived,
926,10311005,Phường Bạch Đằng,Phường,Thành phố Hải Phòng,Việt Nam,Actived,
927,10311006,Phường Lưu Kiếm,Phường,Thành phố Hải Phòng,Việt Nam,Actived,
928,10311007,Phường Lê Ích Mộc,Phường,Thành phố Hải Phòng,Việt Nam,Actived,
929,10301008,Phường Hồng Bàng,Phường,Thành phố Hải Phòng,Việt Nam,Actived,
930,10301009,Phường Hồng An,Phường,Thành phố Hải Phòng,Việt Nam,Actived,
931,10303010,Phường Ngô Quyền,Phường,Thành phố Hải Phòng,Việt Nam,Actived,
932,10303011,Phường Gia Viên,Phường,Thành phố Hải Phòng,Việt Nam,Actived,
933,10305012,Phường Lê Chân,Phường,Thành phố Hải Phòng,Việt Nam,Actived,
934,10305013,Phường An Biên,Phường,Thành phố Hải Phòng,Việt Nam,Actived,
935,10304014,Phường Hải An,Phường,Thành phố Hải Phòng,Việt Nam,Actived,
936,10304015,Phường Đông Hải,Phường,Thành phố Hải Phòng,Việt Nam,Actived,
937,10307016,Phường Kiến An,Phường,Thành phố Hải Phòng,Việt Nam,Actived,
938,10307017,Phường Phù Liễn,Phường,Thành phố Hải Phòng,Việt Nam,Actived,
939,10309018,Phường Nam Đồ Sơn,Phường,Thành phố Hải Phòng,Việt Nam,Actived,
940,10309019,Phường Đồ Sơn,Phường,Thành phố Hải Phòng,Việt Nam,Actived,
941,10327020,Phường Hưng Đạo,Phường,Thành phố Hải Phòng,Việt Nam,Actived,
942,10327021,Phường Dương Kinh,Phường,Thành phố Hải Phòng,Việt Nam,Actived,
943,10313022,Phường An Dương,Phường,Thành phố Hải Phòng,Việt Nam,Actived,
944,10313023,Phường An Hải,Phường,Thành phố Hải Phòng,Việt Nam,Actived,
945,10313024,Phường An Phong,Phường,Thành phố Hải Phòng,Việt Nam,Actived,
946,10315025,Xã An Hưng,Xã,Thành phố Hải Phòng,Việt Nam,Actived,
947,10315026,Xã An Khánh,Xã,Thành phố Hải Phòng,Việt Nam,Actived,
948,10315027,Xã An Quang,Xã,Thành phố Hải Phòng,Việt Nam,Actived,
949,10315028,Xã An Trường,Xã,Thành phố Hải Phòng,Việt Nam,Actived,
950,10315029,Xã An Lão,Xã,Thành phố Hải Phòng,Việt Nam,Actived,
951,10317030,Xã Kiến Thụy,Xã,Thành phố Hải Phòng,Việt Nam,Actived,
952,10317031,Xã Kiến Minh,Xã,Thành phố Hải Phòng,Việt Nam,Actived,
953,10317032,Xã Kiến Hải,Xã,Thành phố Hải Phòng,Việt Nam,Actived,
954,10317033,Xã Kiến Hưng,Xã,Thành phố Hải Phòng,Việt Nam,Actived,
955,10317034,Xã Nghi Dương,Xã,Thành phố Hải Phòng,Việt Nam,Actived,
956,10319035,Xã Quyết Thắng,Xã,Thành phố Hải Phòng,Việt Nam,Actived,
957,10319036,Xã Tiên Lãng,Xã,Thành phố Hải Phòng,Việt Nam,Actived,
958,10319037,Xã Tân Minh,Xã,Thành phố Hải Phòng,Việt Nam,Actived,
959,10319038,Xã Tiên Minh,Xã,Thành phố Hải Phòng,Việt Nam,Actived,
960,10319039,Xã Chấn Hưng,Xã,Thành phố Hải Phòng,Việt Nam,Actived,
961,10319040,Xã Hùng Thắng,Xã,Thành phố Hải Phòng,Việt Nam,Actived,
962,10321041,Xã Vĩnh Bảo,Xã,Thành phố Hải Phòng,Việt Nam,Actived,
963,10321042,Xã Nguyễn Bỉnh Khiêm,Xã,Thành phố Hải Phòng,Việt Nam,Actived,
964,10321043,Xã Vĩnh Am,Xã,Thành phố Hải Phòng,Việt Nam,Actived,
965,10321044,Xã Vĩnh Hải,Xã,Thành phố Hải Phòng,Việt Nam,Actived,
966,10321045,Xã Vĩnh Hoà,Xã,Thành phố Hải Phòng,Việt Nam,Actived,
967,10321046,Xã Vĩnh Thịnh,Xã,Thành phố Hải Phòng,Việt Nam,Actived,
968,10321047,Xã Vĩnh Thuận,Xã,Thành phố Hải Phòng,Việt Nam,Actived,
969,10311048,Xã Việt Khê,Xã,Thành phố Hải Phòng,Việt Nam,Actived,
970,10323049,Đặc khu Cát Hải,Đặc khu,Thành phố Hải Phòng,Việt Nam,Actived,
971,10325050,Đặc khu Bạch Long Vĩ,Đặc khu,Thành phố Hải Phòng,Việt Nam,Actived,
972,10701051,Phường Hải Dương,Phường,Thành phố Hải Phòng,Việt Nam,Actived,
973,10701052,Phường Lê Thanh Nghị,Phường,Thành phố Hải Phòng,Việt Nam,Actived,
974,10701053,Phường Việt Hoà,Phường,Thành phố Hải Phòng,Việt Nam,Actived,
975,10701054,Phường Thành Đông,Phường,Thành phố Hải Phòng,Việt Nam,Actived,
976,10701055,Phường Nam Đồng,Phường,Thành phố Hải Phòng,Việt Nam,Actived,
977,10701056,Phường Tân Hưng,Phường,Thành phố Hải Phòng,Việt Nam,Actived,
978,10701057,Phường Thạch Khôi,Phường,Thành phố Hải Phòng,Việt Nam,Actived,
979,10717058,Phường Tứ Minh,Phường,Thành phố Hải Phòng,Việt Nam,Actived,
980,10701059,Phường Ái Quốc,Phường,Thành phố Hải Phòng,Việt Nam,Actived,
981,10703060,Phường Chu Văn An,Phường,Thành phố Hải Phòng,Việt Nam,Actived,
982,10703061,Phường Chí Linh,Phường,Thành phố Hải Phòng,Việt Nam,Actived,
983,10703062,Phường Trần Hưng Đạo,Phường,Thành phố Hải Phòng,Việt Nam,Actived,
984,10703063,Phường Nguyễn Trãi,Phường,Thành phố Hải Phòng,Việt Nam,Actived,
985,10703064,Phường Trần Nhân Tông,Phường,Thành phố Hải Phòng,Việt Nam,Actived,
986,10703065,Phường Lê Đại Hành,Phường,Thành phố Hải Phòng,Việt Nam,Actived,
987,10709066,Phường Kinh Môn,Phường,Thành phố Hải Phòng,Việt Nam,Actived,
988,10709067,Phường Nguyễn Đại Năng,Phường,Thành phố Hải Phòng,Việt Nam,Actived,
989,10709068,Phường Trần Liễu,Phường,Thành phố Hải Phòng,Việt Nam,Actived,
990,10709069,Phường Bắc An Phụ,Phường,Thành phố Hải Phòng,Việt Nam,Actived,
991,10709070,Phường Phạm Sư Mạnh,Phường,Thành phố Hải Phòng,Việt Nam,Actived,
992,10709071,Phường Nhị Chiểu,Phường,Thành phố Hải Phòng,Việt Nam,Actived,
993,10709072,Xã Nam An Phụ,Xã,Thành phố Hải Phòng,Việt Nam,Actived,
994,10705073,Xã Nam Sách,Xã,Thành phố Hải Phòng,Việt Nam,Actived,
995,10705074,Xã Thái Tân,Xã,Thành phố Hải Phòng,Việt Nam,Actived,
996,10705075,Xã Hợp Tiến,Xã,Thành phố Hải Phòng,Việt Nam,Actived,
997,10705076,Xã Trần Phú,Xã,Thành phố Hải Phòng,Việt Nam,Actived,
998,10705077,Xã An Phú,Xã,Thành phố Hải Phòng,Việt Nam,Actived,
999,10707078,Xã Thanh Hà,Xã,Thành phố Hải Phòng,Việt Nam,Actived,
1000,10707079,Xã Hà Tây,Xã,Thành phố Hải Phòng,Việt Nam,Actived,
1001,10707080,Xã Hà Bắc,Xã,Thành phố Hải Phòng,Việt Nam,Actived,
1002,10707081,Xã Hà Nam,Xã,Thành phố Hải Phòng,Việt Nam,Actived,
1003,10707082,Xã Hà Đông,Xã,Thành phố Hải Phòng,Việt Nam,Actived,
1004,10717083,Xã Cẩm Giang,Xã,Thành phố Hải Phòng,Việt Nam,Actived,
1005,10717084,Xã Tuệ Tĩnh,Xã,Thành phố Hải Phòng,Việt Nam,Actived,
1006,10717085,Xã Mao Điền,Xã,Thành phố Hải Phòng,Việt Nam,Actived,
1007,10717086,Xã Cẩm Giàng,Xã,Thành phố Hải Phòng,Việt Nam,Actived,
1008,10719087,Xã Kẻ Sặt,Xã,Thành phố Hải Phòng,Việt Nam,Actived,
1009,10719088,Xã Bình Giang,Xã,Thành phố Hải Phòng,Việt Nam,Actived,
1010,10719089,Xã Đường An,Xã,Thành phố Hải Phòng,Việt Nam,Actived,
1011,10719090,Xã Thượng Hồng,Xã,Thành phố Hải Phòng,Việt Nam,Actived,
1012,10713091,Xã Gia Lộc,Xã,Thành phố Hải Phòng,Việt Nam,Actived,
1013,10713092,Xã Yết Kiêu,Xã,Thành phố Hải Phòng,Việt Nam,Actived,
1014,10713093,Xã Gia Phúc,Xã,Thành phố Hải Phòng,Việt Nam,Actived,
1015,10713094,Xã Trường Tân,Xã,Thành phố Hải Phòng,Việt Nam,Actived,
1016,10715095,Xã Tứ Kỳ,Xã,Thành phố Hải Phòng,Việt Nam,Actived,
1017,10715096,Xã Tân Kỳ,Xã,Thành phố Hải Phòng,Việt Nam,Actived,
1018,10715097,Xã Đại Sơn,Xã,Thành phố Hải Phòng,Việt Nam,Actived,
1019,10715098,Xã Chí Minh,Xã,Thành phố Hải Phòng,Việt Nam,Actived,
1020,10715099,Xã Lạc Phượng,Xã,Thành phố Hải Phòng,Việt Nam,Actived,
1021,10715100,Xã Nguyên Giáp,Xã,Thành phố Hải Phòng,Việt Nam,Actived,
1022,10723101,Xã Ninh Giang,Xã,Thành phố Hải Phòng,Việt Nam,Actived,
1023,10723102,Xã Vĩnh Lại,Xã,Thành phố Hải Phòng,Việt Nam,Actived,
1024,10723103,Xã Khúc Thừa Dụ,Xã,Thành phố Hải Phòng,Việt Nam,Actived,
1025,10723104,Xã Tân An,Xã,Thành phố Hải Phòng,Việt Nam,Actived,
1026,10723105,Xã Hồng Châu,Xã,Thành phố Hải Phòng,Việt Nam,Actived,
1027,10721106,Xã Thanh Miện,Xã,Thành phố Hải Phòng,Việt Nam,Actived,
1028,10721107,Xã Bắc Thanh Miện,Xã,Thành phố Hải Phòng,Việt Nam,Actived,
1029,10721108,Xã Hải Hưng,Xã,Thành phố Hải Phòng,Việt Nam,Actived,
1030,10721109,Xã Nguyễn Lương Bằng,Xã,Thành phố Hải Phòng,Việt Nam,Actived,
1031,10721110,Xã Nam Thanh Miện,Xã,Thành phố Hải Phòng,Việt Nam,Actived,
1032,10711111,Xã Phú Thái,Xã,Thành phố Hải Phòng,Việt Nam,Actived,
1033,10711112,Xã Lai Khê,Xã,Thành phố Hải Phòng,Việt Nam,Actived,
1034,10711113,Xã An Thành,Xã,Thành phố Hải Phòng,Việt Nam,Actived,
1035,10711114,Xã Kim Thành,Xã,Thành phố Hải Phòng,Việt Nam,Actived,
1036,10901001,Phường Phố Hiến,Phường,Tỉnh Hưng Yên,Việt Nam,Actived,
1037,10901002,Phường Sơn Nam,Phường,Tỉnh Hưng Yên,Việt Nam,Actived,
1038,10901003,Phường Hồng Châu,Phường,Tỉnh Hưng Yên,Việt Nam,Actived,
1039,10903004,Phường Mỹ Hào,Phường,Tỉnh Hưng Yên,Việt Nam,Actived,
1040,10903005,Phường Đường Hào,Phường,Tỉnh Hưng Yên,Việt Nam,Actived,
1041,10903006,Phường Thượng Hồng,Phường,Tỉnh Hưng Yên,Việt Nam,Actived,
1042,10901007,Xã Tân Hưng,Xã,Tỉnh Hưng Yên,Việt Nam,Actived,
1043,10913008,Xã Hoàng Hoa Thám,Xã,Tỉnh Hưng Yên,Việt Nam,Actived,
1044,10913009,Xã Tiên Lữ,Xã,Tỉnh Hưng Yên,Việt Nam,Actived,
1045,10913010,Xã Tiên Hoa,Xã,Tỉnh Hưng Yên,Việt Nam,Actived,
1046,10911011,Xã Quang Hưng,Xã,Tỉnh Hưng Yên,Việt Nam,Actived,
1047,10911012,Xã Đoàn Đào,Xã,Tỉnh Hưng Yên,Việt Nam,Actived,
1048,10911013,Xã Tiên Tiến,Xã,Tỉnh Hưng Yên,Việt Nam,Actived,
1049,10911014,Xã Tống Trân,Xã,Tỉnh Hưng Yên,Việt Nam,Actived,
1050,10909015,Xã Lương Bằng,Xã,Tỉnh Hưng Yên,Việt Nam,Actived,
1051,10909016,Xã Nghĩa Dân,Xã,Tỉnh Hưng Yên,Việt Nam,Actived,
1052,10909017,Xã Hiệp Cường,Xã,Tỉnh Hưng Yên,Việt Nam,Actived,
1053,10909018,Xã Đức Hợp,Xã,Tỉnh Hưng Yên,Việt Nam,Actived,
1054,10907019,Xã Ân Thi,Xã,Tỉnh Hưng Yên,Việt Nam,Actived,
1055,10907020,Xã Xuân Trúc,Xã,Tỉnh Hưng Yên,Việt Nam,Actived,
1056,10907021,Xã Phạm Ngũ Lão,Xã,Tỉnh Hưng Yên,Việt Nam,Actived,
1057,10907022,Xã Nguyễn Trãi,Xã,Tỉnh Hưng Yên,Việt Nam,Actived,
1058,10907023,Xã Hồng Quang,Xã,Tỉnh Hưng Yên,Việt Nam,Actived,
1059,10905024,Xã Khoái Châu,Xã,Tỉnh Hưng Yên,Việt Nam,Actived,
1060,10905025,Xã Triệu Việt Vương,Xã,Tỉnh Hưng Yên,Việt Nam,Actived,
1061,10905026,Xã Việt Tiến,Xã,Tỉnh Hưng Yên,Việt Nam,Actived,
1062,10905027,Xã Chí Minh,Xã,Tỉnh Hưng Yên,Việt Nam,Actived,
1063,10905028,Xã Châu Ninh,Xã,Tỉnh Hưng Yên,Việt Nam,Actived,
1064,10919029,Xã Yên Mỹ,Xã,Tỉnh Hưng Yên,Việt Nam,Actived,
1065,10919030,Xã Việt Yên,Xã,Tỉnh Hưng Yên,Việt Nam,Actived,
1066,10919031,Xã Hoàn Long,Xã,Tỉnh Hưng Yên,Việt Nam,Actived,
1067,10919032,Xã Nguyễn Văn Linh,Xã,Tỉnh Hưng Yên,Việt Nam,Actived,
1068,10917033,Xã Như Quỳnh,Xã,Tỉnh Hưng Yên,Việt Nam,Actived,
1069,10917034,Xã Lạc Đạo,Xã,Tỉnh Hưng Yên,Việt Nam,Actived,
1070,10917035,Xã Đại Đồng,Xã,Tỉnh Hưng Yên,Việt Nam,Actived,
1071,10915036,Xã Nghĩa Trụ,Xã,Tỉnh Hưng Yên,Việt Nam,Actived,
1072,10915037,Xã Phụng Công,Xã,Tỉnh Hưng Yên,Việt Nam,Actived,
1073,10915038,Xã Văn Giang,Xã,Tỉnh Hưng Yên,Việt Nam,Actived,
1074,10915039,Xã Mễ Sở,Xã,Tỉnh Hưng Yên,Việt Nam,Actived,
1075,11501040,Phường Thái Bình,Phường,Tỉnh Hưng Yên,Việt Nam,Actived,
1076,11501041,Phường Trần Lãm,Phường,Tỉnh Hưng Yên,Việt Nam,Actived,
1077,11501042,Phường Trần Hưng Đạo,Phường,Tỉnh Hưng Yên,Việt Nam,Actived,
1078,11501043,Phường Trà Lý,Phường,Tỉnh Hưng Yên,Việt Nam,Actived,
1079,11501044,Phường Vũ Phúc,Phường,Tỉnh Hưng Yên,Việt Nam,Actived,
1080,11507045,Xã Thái Thụy,Xã,Tỉnh Hưng Yên,Việt Nam,Actived,
1081,11507046,Xã Đông Thụy Anh,Xã,Tỉnh Hưng Yên,Việt Nam,Actived,
1082,11507047,Xã Bắc Thụy Anh,Xã,Tỉnh Hưng Yên,Việt Nam,Actived,
1083,11507048,Xã Thụy Anh,Xã,Tỉnh Hưng Yên,Việt Nam,Actived,
1084,11507049,Xã Nam Thụy Anh,Xã,Tỉnh Hưng Yên,Việt Nam,Actived,
1085,11507050,Xã Bắc Thái Ninh,Xã,Tỉnh Hưng Yên,Việt Nam,Actived,
1086,11507051,Xã Thái Ninh,Xã,Tỉnh Hưng Yên,Việt Nam,Actived,
1087,11507052,Xã Đông Thái Ninh,Xã,Tỉnh Hưng Yên,Việt Nam,Actived,
1088,11507053,Xã Nam Thái Ninh,Xã,Tỉnh Hưng Yên,Việt Nam,Actived,
1089,11507054,Xã Tây Thái Ninh,Xã,Tỉnh Hưng Yên,Việt Nam,Actived,
1090,11507055,Xã Tây Thụy Anh,Xã,Tỉnh Hưng Yên,Việt Nam,Actived,
1091,11515056,Xã Tiền Hải,Xã,Tỉnh Hưng Yên,Việt Nam,Actived,
1092,11515057,Xã Tây Tiền Hải,Xã,Tỉnh Hưng Yên,Việt Nam,Actived,
1093,11515058,Xã Ái Quốc,Xã,Tỉnh Hưng Yên,Việt Nam,Actived,
1094,11515059,Xã Đồng Châu,Xã,Tỉnh Hưng Yên,Việt Nam,Actived,
1095,11515060,Xã Đông Tiền Hải,Xã,Tỉnh Hưng Yên,Việt Nam,Actived,
1096,11515061,Xã Nam Cường,Xã,Tỉnh Hưng Yên,Việt Nam,Actived,
1097,11515062,Xã Hưng Phú,Xã,Tỉnh Hưng Yên,Việt Nam,Actived,
1098,11515063,Xã Nam Tiền Hải,Xã,Tỉnh Hưng Yên,Việt Nam,Actived,
1099,11503064,Xã Quỳnh Phụ,Xã,Tỉnh Hưng Yên,Việt Nam,Actived,
1100,11503065,Xã Minh Thọ,Xã,Tỉnh Hưng Yên,Việt Nam,Actived,
1101,11503066,Xã Nguyễn Du,Xã,Tỉnh Hưng Yên,Việt Nam,Actived,
1102,11503067,Xã Quỳnh An,Xã,Tỉnh Hưng Yên,Việt Nam,Actived,
1103,11503068,Xã Ngọc Lâm,Xã,Tỉnh Hưng Yên,Việt Nam,Actived,
1104,11503069,Xã Đồng Bằng,Xã,Tỉnh Hưng Yên,Việt Nam,Actived,
1105,11503070,Xã A Sào,Xã,Tỉnh Hưng Yên,Việt Nam,Actived,
1106,11503071,Xã Phụ Dực,Xã,Tỉnh Hưng Yên,Việt Nam,Actived,
1107,11503072,Xã Tân Tiến,Xã,Tỉnh Hưng Yên,Việt Nam,Actived,
1108,11505073,Xã Hưng Hà,Xã,Tỉnh Hưng Yên,Việt Nam,Actived,
1109,11505074,Xã Tiên La,Xã,Tỉnh Hưng Yên,Việt Nam,Actived,
1110,11505075,Xã Lê Quý Đôn,Xã,Tỉnh Hưng Yên,Việt Nam,Actived,
1111,11505076,Xã Hồng Minh,Xã,Tỉnh Hưng Yên,Việt Nam,Actived,
1112,11505077,Xã Thần Khê,Xã,Tỉnh Hưng Yên,Việt Nam,Actived,
1113,11505078,Xã Diên Hà,Xã,Tỉnh Hưng Yên,Việt Nam,Actived,
1114,11505079,Xã Ngự Thiên,Xã,Tỉnh Hưng Yên,Việt Nam,Actived,
1115,11505080,Xã Long Hưng,Xã,Tỉnh Hưng Yên,Việt Nam,Actived,
1116,11509081,Xã Đông Hưng,Xã,Tỉnh Hưng Yên,Việt Nam,Actived,
1117,11509082,Xã Bắc Tiên Hưng,Xã,Tỉnh Hưng Yên,Việt Nam,Actived,
1118,11509083,Xã Đông Tiên Hưng,Xã,Tỉnh Hưng Yên,Việt Nam,Actived,
1119,11509084,Xã Nam Đông Hưng,Xã,Tỉnh Hưng Yên,Việt Nam,Actived,
1120,11509085,Xã Bắc Đông Quan,Xã,Tỉnh Hưng Yên,Việt Nam,Actived,
1121,11509086,Xã Bắc Đông Hưng,Xã,Tỉnh Hưng Yên,Việt Nam,Actived,
1122,11509087,Xã Đông Quan,Xã,Tỉnh Hưng Yên,Việt Nam,Actived,
1123,11509088,Xã Nam Tiên Hưng,Xã,Tỉnh Hưng Yên,Việt Nam,Actived,
1124,11509089,Xã Tiên Hưng,Xã,Tỉnh Hưng Yên,Việt Nam,Actived,
1125,11513090,Xã Lê Lợi,Xã,Tỉnh Hưng Yên,Việt Nam,Actived,
1126,11513091,Xã Kiến Xương,Xã,Tỉnh Hưng Yên,Việt Nam,Actived,
1127,11513092,Xã Quang Lịch,Xã,Tỉnh Hưng Yên,Việt Nam,Actived,
1128,11513093,Xã Vũ Quý,Xã,Tỉnh Hưng Yên,Việt Nam,Actived,
1129,11513094,Xã Bình Thanh,Xã,Tỉnh Hưng Yên,Việt Nam,Actived,
1130,11513095,Xã Bình Định,Xã,Tỉnh Hưng Yên,Việt Nam,Actived,
1131,11513096,Xã Hồng Vũ,Xã,Tỉnh Hưng Yên,Việt Nam,Actived,
1132,11513097,Xã Bình Nguyên,Xã,Tỉnh Hưng Yên,Việt Nam,Actived,
1133,11513098,Xã Trà Giang,Xã,Tỉnh Hưng Yên,Việt Nam,Actived,
1134,11511099,Xã Vũ Thư,Xã,Tỉnh Hưng Yên,Việt Nam,Actived,
1135,11511100,Xã Thư Trì,Xã,Tỉnh Hưng Yên,Việt Nam,Actived,
1136,11511101,Xã Tân Thuận,Xã,Tỉnh Hưng Yên,Việt Nam,Actived,
1137,11511102,Xã Thư Vũ,Xã,Tỉnh Hưng Yên,Việt Nam,Actived,
1138,11511103,Xã Vũ Tiên,Xã,Tỉnh Hưng Yên,Việt Nam,Actived,
1139,11511104,Xã Vạn Xuân,Xã,Tỉnh Hưng Yên,Việt Nam,Actived,
1140,11707001,Xã Gia Viễn,Xã,Tỉnh Ninh Bình,Việt Nam,Actived,
1141,11707002,Xã Đại Hoàng,Xã,Tỉnh Ninh Bình,Việt Nam,Actived,
1142,11707003,Xã Gia Hưng,Xã,Tỉnh Ninh Bình,Việt Nam,Actived,
1143,11707004,Xã Gia Phong,Xã,Tỉnh Ninh Bình,Việt Nam,Actived,
1144,11707005,Xã Gia Vân,Xã,Tỉnh Ninh Bình,Việt Nam,Actived,
1145,11707006,Xã Gia Trấn,Xã,Tỉnh Ninh Bình,Việt Nam,Actived,
1146,11705007,Xã Nho Quan,Xã,Tỉnh Ninh Bình,Việt Nam,Actived,
1147,11705008,Xã Gia Lâm,Xã,Tỉnh Ninh Bình,Việt Nam,Actived,
1148,11705009,Xã Gia Tường,Xã,Tỉnh Ninh Bình,Việt Nam,Actived,
1149,11705010,Xã Phú Sơn,Xã,Tỉnh Ninh Bình,Việt Nam,Actived,
1150,11705011,Xã Cúc Phương,Xã,Tỉnh Ninh Bình,Việt Nam,Actived,
1151,11705012,Xã Phú Long,Xã,Tỉnh Ninh Bình,Việt Nam,Actived,
1152,11705013,Xã Thanh Sơn,Xã,Tỉnh Ninh Bình,Việt Nam,Actived,
1153,11705014,Xã Quỳnh Lưu,Xã,Tỉnh Ninh Bình,Việt Nam,Actived,
1154,11713015,Xã Yên Khánh,Xã,Tỉnh Ninh Bình,Việt Nam,Actived,
1155,11713016,Xã Khánh Nhạc,Xã,Tỉnh Ninh Bình,Việt Nam,Actived,
1156,11713017,Xã Khánh Thiện,Xã,Tỉnh Ninh Bình,Việt Nam,Actived,
1157,11713018,Xã Khánh Hội,Xã,Tỉnh Ninh Bình,Việt Nam,Actived,
1158,11713019,Xã Khánh Trung,Xã,Tỉnh Ninh Bình,Việt Nam,Actived,
1159,11711020,Xã Yên Mô,Xã,Tỉnh Ninh Bình,Việt Nam,Actived,
1160,11711021,Xã Yên Từ,Xã,Tỉnh Ninh Bình,Việt Nam,Actived,
1161,11711022,Xã Yên Mạc,Xã,Tỉnh Ninh Bình,Việt Nam,Actived,
1162,11711023,Xã Đồng Thái,Xã,Tỉnh Ninh Bình,Việt Nam,Actived,
1163,11715024,Xã Chất Bình,Xã,Tỉnh Ninh Bình,Việt Nam,Actived,
1164,11715025,Xã Kim Sơn,Xã,Tỉnh Ninh Bình,Việt Nam,Actived,
1165,11715026,Xã Quang Thiện,Xã,Tỉnh Ninh Bình,Việt Nam,Actived,
1166,11715027,Xã Phát Diệm,Xã,Tỉnh Ninh Bình,Việt Nam,Actived,
1167,11715028,Xã Lai Thành,Xã,Tỉnh Ninh Bình,Việt Nam,Actived,
1168,11715029,Xã Định Hóa,Xã,Tỉnh Ninh Bình,Việt Nam,Actived,
1169,11715030,Xã Bình Minh,Xã,Tỉnh Ninh Bình,Việt Nam,Actived,
1170,11715031,Xã Kim Đông,Xã,Tỉnh Ninh Bình,Việt Nam,Actived,
1171,11111032,Xã Bình Lục,Xã,Tỉnh Ninh Bình,Việt Nam,Actived,
1172,11111033,Xã Bình Mỹ,Xã,Tỉnh Ninh Bình,Việt Nam,Actived,
1173,11111034,Xã Bình An,Xã,Tỉnh Ninh Bình,Việt Nam,Actived,
1174,11111035,Xã Bình Giang,Xã,Tỉnh Ninh Bình,Việt Nam,Actived,
1175,11111036,Xã Bình Sơn,Xã,Tỉnh Ninh Bình,Việt Nam,Actived,
1176,11109037,Xã Liêm Hà,Xã,Tỉnh Ninh Bình,Việt Nam,Actived,
1177,11109038,Xã Tân Thanh,Xã,Tỉnh Ninh Bình,Việt Nam,Actived,
1178,11109039,Xã Thanh Bình,Xã,Tỉnh Ninh Bình,Việt Nam,Actived,
1179,11109040,Xã Thanh Lâm,Xã,Tỉnh Ninh Bình,Việt Nam,Actived,
1180,11109041,Xã Thanh Liêm,Xã,Tỉnh Ninh Bình,Việt Nam,Actived,
1181,11107042,Xã Lý Nhân,Xã,Tỉnh Ninh Bình,Việt Nam,Actived,
1182,11107043,Xã Nam Xang,Xã,Tỉnh Ninh Bình,Việt Nam,Actived,
1183,11107044,Xã Bắc Lý,Xã,Tỉnh Ninh Bình,Việt Nam,Actived,
1184,11107045,Xã Vĩnh Trụ,Xã,Tỉnh Ninh Bình,Việt Nam,Actived,
1185,11107046,Xã Trần Thương,Xã,Tỉnh Ninh Bình,Việt Nam,Actived,
1186,11107047,Xã Nhân Hà,Xã,Tỉnh Ninh Bình,Việt Nam,Actived,
1187,11107048,Xã Nam Lý,Xã,Tỉnh Ninh Bình,Việt Nam,Actived,
1188,11309049,Xã Nam Trực,Xã,Tỉnh Ninh Bình,Việt Nam,Actived,
1189,11309050,Xã Nam Minh,Xã,Tỉnh Ninh Bình,Việt Nam,Actived,
1190,11309051,Xã Nam Đồng,Xã,Tỉnh Ninh Bình,Việt Nam,Actived,
1191,11309052,Xã Nam Ninh,Xã,Tỉnh Ninh Bình,Việt Nam,Actived,
1192,11309053,Xã Nam Hồng,Xã,Tỉnh Ninh Bình,Việt Nam,Actived,
1193,11303054,Xã Minh Tân,Xã,Tỉnh Ninh Bình,Việt Nam,Actived,
1194,11303055,Xã Hiển Khánh,Xã,Tỉnh Ninh Bình,Việt Nam,Actived,
1195,11303056,Xã Vụ Bản,Xã,Tỉnh Ninh Bình,Việt Nam,Actived,
1196,11303057,Xã Liên Minh,Xã,Tỉnh Ninh Bình,Việt Nam,Actived,
1197,11307058,Xã Ý Yên,Xã,Tỉnh Ninh Bình,Việt Nam,Actived,
1198,11307059,Xã Yên Đồng,Xã,Tỉnh Ninh Bình,Việt Nam,Actived,
1199,11307060,Xã Yên Cường,Xã,Tỉnh Ninh Bình,Việt Nam,Actived,
1200,11307061,Xã Vạn Thắng,Xã,Tỉnh Ninh Bình,Việt Nam,Actived,
1201,11307062,Xã Vũ Dương,Xã,Tỉnh Ninh Bình,Việt Nam,Actived,
1202,11307063,Xã Tân Minh,Xã,Tỉnh Ninh Bình,Việt Nam,Actived,
1203,11307064,Xã Phong Doanh,Xã,Tỉnh Ninh Bình,Việt Nam,Actived,
1204,11311065,Xã Cổ Lễ,Xã,Tỉnh Ninh Bình,Việt Nam,Actived,
1205,11311066,Xã Ninh Giang,Xã,Tỉnh Ninh Bình,Việt Nam,Actived,
1206,11311067,Xã Cát Thành,Xã,Tỉnh Ninh Bình,Việt Nam,Actived,
1207,11311068,Xã Trực Ninh,Xã,Tỉnh Ninh Bình,Việt Nam,Actived,
1208,11311069,Xã Quang Hưng,Xã,Tỉnh Ninh Bình,Việt Nam,Actived,
1209,11311070,Xã Minh Thái,Xã,Tỉnh Ninh Bình,Việt Nam,Actived,
1210,11311071,Xã Ninh Cường,Xã,Tỉnh Ninh Bình,Việt Nam,Actived,
1211,11313072,Xã Xuân Trường,Xã,Tỉnh Ninh Bình,Việt Nam,Actived,
1212,11313073,Xã Xuân Hưng,Xã,Tỉnh Ninh Bình,Việt Nam,Actived,
1213,11313074,Xã Xuân Giang,Xã,Tỉnh Ninh Bình,Việt Nam,Actived,
1214,11313075,Xã Xuân Hồng,Xã,Tỉnh Ninh Bình,Việt Nam,Actived,
1215,11319076,Xã Hải Hậu,Xã,Tỉnh Ninh Bình,Việt Nam,Actived,
1216,11319077,Xã Hải Anh,Xã,Tỉnh Ninh Bình,Việt Nam,Actived,
1217,11319078,Xã Hải Tiến,Xã,Tỉnh Ninh Bình,Việt Nam,Actived,
1218,11319079,Xã Hải Hưng,Xã,Tỉnh Ninh Bình,Việt Nam,Actived,
1219,11319080,Xã Hải An,Xã,Tỉnh Ninh Bình,Việt Nam,Actived,
1220,11319081,Xã Hải Quang,Xã,Tỉnh Ninh Bình,Việt Nam,Actived,
1221,11319082,Xã Hải Xuân,Xã,Tỉnh Ninh Bình,Việt Nam,Actived,
1222,11319083,Xã Hải Thịnh,Xã,Tỉnh Ninh Bình,Việt Nam,Actived,
1223,11315084,Xã Giao Minh,Xã,Tỉnh Ninh Bình,Việt Nam,Actived,
1224,11315085,Xã Giao Hoà,Xã,Tỉnh Ninh Bình,Việt Nam,Actived,
1225,11315086,Xã Giao Thuỷ,Xã,Tỉnh Ninh Bình,Việt Nam,Actived,
1226,11315087,Xã Giao Phúc,Xã,Tỉnh Ninh Bình,Việt Nam,Actived,
1227,11315088,Xã Giao Hưng,Xã,Tỉnh Ninh Bình,Việt Nam,Actived,
1228,11315089,Xã Giao Bình,Xã,Tỉnh Ninh Bình,Việt Nam,Actived,
1229,11315090,Xã Giao Ninh,Xã,Tỉnh Ninh Bình,Việt Nam,Actived,
1230,11317091,Xã Đồng Thịnh,Xã,Tỉnh Ninh Bình,Việt Nam,Actived,
1231,11317092,Xã Nghĩa Hưng,Xã,Tỉnh Ninh Bình,Việt Nam,Actived,
1232,11317093,Xã Nghĩa Sơn,Xã,Tỉnh Ninh Bình,Việt Nam,Actived,
1233,11317094,Xã Hồng Phong,Xã,Tỉnh Ninh Bình,Việt Nam,Actived,
1234,11317095,Xã Quỹ Nhất,Xã,Tỉnh Ninh Bình,Việt Nam,Actived,
1235,11317096,Xã Nghĩa Lâm,Xã,Tỉnh Ninh Bình,Việt Nam,Actived,
1236,11317097,Xã Rạng Đông,Xã,Tỉnh Ninh Bình,Việt Nam,Actived,
1237,11709098,Phường Tây Hoa Lư,Phường,Tỉnh Ninh Bình,Việt Nam,Actived,
1238,11709099,Phường Hoa Lư,Phường,Tỉnh Ninh Bình,Việt Nam,Actived,
1239,11709100,Phường Nam Hoa Lư,Phường,Tỉnh Ninh Bình,Việt Nam,Actived,
1240,11713101,Phường Đông Hoa Lư,Phường,Tỉnh Ninh Bình,Việt Nam,Actived,
1241,11703102,Phường Tam Điệp,Phường,Tỉnh Ninh Bình,Việt Nam,Actived,
1242,11703103,Phường Yên Sơn,Phường,Tỉnh Ninh Bình,Việt Nam,Actived,
1243,11703104,Phường Trung Sơn,Phường,Tỉnh Ninh Bình,Việt Nam,Actived,
1244,11703105,Phường Yên Thắng,Phường,Tỉnh Ninh Bình,Việt Nam,Actived,
1245,11101106,Phường Hà Nam,Phường,Tỉnh Ninh Bình,Việt Nam,Actived,
1246,11101107,Phường Phủ Lý,Phường,Tỉnh Ninh Bình,Việt Nam,Actived,
1247,11101108,Phường Phù Vân,Phường,Tỉnh Ninh Bình,Việt Nam,Actived,
1248,11101109,Phường Châu Sơn,Phường,Tỉnh Ninh Bình,Việt Nam,Actived,
1249,11101110,Phường Liêm Tuyền,Phường,Tỉnh Ninh Bình,Việt Nam,Actived,
1250,11103111,Phường Duy Tiên,Phường,Tỉnh Ninh Bình,Việt Nam,Actived,
1251,11103112,Phường Duy Tân,Phường,Tỉnh Ninh Bình,Việt Nam,Actived,
1252,11103113,Phường Đồng Văn,Phường,Tỉnh Ninh Bình,Việt Nam,Actived,
1253,11103114,Phường Duy Hà,Phường,Tỉnh Ninh Bình,Việt Nam,Actived,
1254,11103115,Phường Tiên Sơn,Phường,Tỉnh Ninh Bình,Việt Nam,Actived,
1255,11105116,Phường Lê Hồ,Phường,Tỉnh Ninh Bình,Việt Nam,Actived,
1256,11105117,Phường Nguyễn Úy,Phường,Tỉnh Ninh Bình,Việt Nam,Actived,
1257,11105118,Phường Lý Thường Kiệt,Phường,Tỉnh Ninh Bình,Việt Nam,Actived,
1258,11105119,Phường Kim Thanh,Phường,Tỉnh Ninh Bình,Việt Nam,Actived,
1259,11105120,Phường Tam Chúc,Phường,Tỉnh Ninh Bình,Việt Nam,Actived,
1260,11105121,Phường Kim Bảng,Phường,Tỉnh Ninh Bình,Việt Nam,Actived,
1261,11301122,Phường Nam Định,Phường,Tỉnh Ninh Bình,Việt Nam,Actived,
1262,11301123,Phường Thiên Trường,Phường,Tỉnh Ninh Bình,Việt Nam,Actived,
1263,11301124,Phường Đông A,Phường,Tỉnh Ninh Bình,Việt Nam,Actived,
1264,11301125,Phường Vị Khê,Phường,Tỉnh Ninh Bình,Việt Nam,Actived,
1265,11301126,Phường Thành Nam,Phường,Tỉnh Ninh Bình,Việt Nam,Actived,
1266,11301127,Phường Trường Thi,Phường,Tỉnh Ninh Bình,Việt Nam,Actived,
1267,11309128,Phường Hồng Quang,Phường,Tỉnh Ninh Bình,Việt Nam,Actived,
1268,11301129,Phường Mỹ Lộc,Phường,Tỉnh Ninh Bình,Việt Nam,Actived,
1269,40101001,Phường Hạc Thành,Phường,Tỉnh Thanh Hóa,Việt Nam,Actived,
1270,40101002,Phường Quảng Phú,Phường,Tỉnh Thanh Hóa,Việt Nam,Actived,
1271,40101003,Phường Đông Quang,Phường,Tỉnh Thanh Hóa,Việt Nam,Actived,
1272,40101004,Phường Đông Sơn,Phường,Tỉnh Thanh Hóa,Việt Nam,Actived,
1273,40101005,Phường Đông Tiến,Phường,Tỉnh Thanh Hóa,Việt Nam,Actived,
1274,40101006,Phường Hàm Rồng,Phường,Tỉnh Thanh Hóa,Việt Nam,Actived,
1275,40101007,Phường Nguyệt Viên,Phường,Tỉnh Thanh Hóa,Việt Nam,Actived,
1276,40105008,Phường Sầm Sơn,Phường,Tỉnh Thanh Hóa,Việt Nam,Actived,
1277,40105009,Phường Nam Sầm Sơn,Phường,Tỉnh Thanh Hóa,Việt Nam,Actived,
1278,40103010,Phường Bỉm Sơn,Phường,Tỉnh Thanh Hóa,Việt Nam,Actived,
1279,40103011,Phường Quang Trung,Phường,Tỉnh Thanh Hóa,Việt Nam,Actived,
1280,40153012,Phường Ngọc Sơn,Phường,Tỉnh Thanh Hóa,Việt Nam,Actived,
1281,40153013,Phường Tân Dân,Phường,Tỉnh Thanh Hóa,Việt Nam,Actived,
1282,40153014,Phường Hải Lĩnh,Phường,Tỉnh Thanh Hóa,Việt Nam,Actived,
1283,40153015,Phường Tĩnh Gia,Phường,Tỉnh Thanh Hóa,Việt Nam,Actived,
1284,40153016,Phường Đào Duy Tư,Phường,Tỉnh Thanh Hóa,Việt Nam,Actived,
1285,40153017,Phường Hải Bình,Phường,Tỉnh Thanh Hóa,Việt Nam,Actived,
1286,40153018,Phường Trúc Lâm,Phường,Tỉnh Thanh Hóa,Việt Nam,Actived,
1287,40153019,Phường Nghi Sơn,Phường,Tỉnh Thanh Hóa,Việt Nam,Actived,
1288,40153020,Xã Các Sơn,Xã,Tỉnh Thanh Hóa,Việt Nam,Actived,
1289,40153021,Xã Trường Lâm,Xã,Tỉnh Thanh Hóa,Việt Nam,Actived,
1290,40131022,Xã Hà Trung,Xã,Tỉnh Thanh Hóa,Việt Nam,Actived,
1291,40131023,Xã Tống Sơn,Xã,Tỉnh Thanh Hóa,Việt Nam,Actived,
1292,40131024,Xã Hà Long,Xã,Tỉnh Thanh Hóa,Việt Nam,Actived,
1293,40131025,Xã Hoạt Giang,Xã,Tỉnh Thanh Hóa,Việt Nam,Actived,
1294,40131026,Xã Lĩnh Toại,Xã,Tỉnh Thanh Hóa,Việt Nam,Actived,
1295,40139027,Xã Triệu Lộc,Xã,Tỉnh Thanh Hóa,Việt Nam,Actived,
1296,40139028,Xã Đông Thành,Xã,Tỉnh Thanh Hóa,Việt Nam,Actived,
1297,40139029,Xã Hậu Lộc,Xã,Tỉnh Thanh Hóa,Việt Nam,Actived,
1298,40139030,Xã Hoa Lộc,Xã,Tỉnh Thanh Hóa,Việt Nam,Actived,
1299,40139031,Xã Vạn Lộc,Xã,Tỉnh Thanh Hóa,Việt Nam,Actived,
1300,40133032,Xã Nga Sơn,Xã,Tỉnh Thanh Hóa,Việt Nam,Actived,
1301,40133033,Xã Nga Thắng,Xã,Tỉnh Thanh Hóa,Việt Nam,Actived,
1302,40133034,Xã Hồ Vương,Xã,Tỉnh Thanh Hóa,Việt Nam,Actived,
1303,40133035,Xã Tân Tiến,Xã,Tỉnh Thanh Hóa,Việt Nam,Actived,
1304,40133036,Xã Nga An,Xã,Tỉnh Thanh Hóa,Việt Nam,Actived,
1305,40133037,Xã Ba Đình,Xã,Tỉnh Thanh Hóa,Việt Nam,Actived,
1306,40143038,Xã Hoằng Hóa,Xã,Tỉnh Thanh Hóa,Việt Nam,Actived,
1307,40143039,Xã Hoằng Tiến,Xã,Tỉnh Thanh Hóa,Việt Nam,Actived,
1308,40143040,Xã Hoằng Thanh,Xã,Tỉnh Thanh Hóa,Việt Nam,Actived,
1309,40143041,Xã Hoằng Lộc,Xã,Tỉnh Thanh Hóa,Việt Nam,Actived,
1310,40143042,Xã Hoằng Châu,Xã,Tỉnh Thanh Hóa,Việt Nam,Actived,
1311,40143043,Xã Hoằng Sơn,Xã,Tỉnh Thanh Hóa,Việt Nam,Actived,
1312,40143044,Xã Hoằng Phú,Xã,Tỉnh Thanh Hóa,Việt Nam,Actived,
1313,40143045,Xã Hoằng Giang,Xã,Tỉnh Thanh Hóa,Việt Nam,Actived,
1314,40149046,Xã Lưu Vệ,Xã,Tỉnh Thanh Hóa,Việt Nam,Actived,
1315,40149047,Xã Quảng Yên,Xã,Tỉnh Thanh Hóa,Việt Nam,Actived,
1316,40149048,Xã Quảng Ngọc,Xã,Tỉnh Thanh Hóa,Việt Nam,Actived,
1317,40149049,Xã Quảng Ninh,Xã,Tỉnh Thanh Hóa,Việt Nam,Actived,
1318,40149050,Xã Quảng Bình,Xã,Tỉnh Thanh Hóa,Việt Nam,Actived,
1319,40149051,Xã Tiên Trang,Xã,Tỉnh Thanh Hóa,Việt Nam,Actived,
1320,40149052,Xã Quảng Chính,Xã,Tỉnh Thanh Hóa,Việt Nam,Actived,
1321,40151053,Xã Nông Cống,Xã,Tỉnh Thanh Hóa,Việt Nam,Actived,
1322,40151054,Xã Thắng Lợi,Xã,Tỉnh Thanh Hóa,Việt Nam,Actived,
1323,40151055,Xã Trung Chính,Xã,Tỉnh Thanh Hóa,Việt Nam,Actived,
1324,40151056,Xã Trường Văn,Xã,Tỉnh Thanh Hóa,Việt Nam,Actived,
1325,40151057,Xã Thăng Bình,Xã,Tỉnh Thanh Hóa,Việt Nam,Actived,
1326,40151058,Xã Tượng Lĩnh,Xã,Tỉnh Thanh Hóa,Việt Nam,Actived,
1327,40151059,Xã Công Chính,Xã,Tỉnh Thanh Hóa,Việt Nam,Actived,
1328,40141060,Xã Thiệu Hóa,Xã,Tỉnh Thanh Hóa,Việt Nam,Actived,
1329,40141061,Xã Thiệu Quang,Xã,Tỉnh Thanh Hóa,Việt Nam,Actived,
1330,40141062,Xã Thiệu Tiến,Xã,Tỉnh Thanh Hóa,Việt Nam,Actived,
1331,40141063,Xã Thiệu Toán,Xã,Tỉnh Thanh Hóa,Việt Nam,Actived,
1332,40141064,Xã Thiệu Trung,Xã,Tỉnh Thanh Hóa,Việt Nam,Actived,
1333,40135065,Xã Yên Định,Xã,Tỉnh Thanh Hóa,Việt Nam,Actived,
1334,40135066,Xã Yên Trường,Xã,Tỉnh Thanh Hóa,Việt Nam,Actived,
1335,40135067,Xã Yên Phú,Xã,Tỉnh Thanh Hóa,Việt Nam,Actived,
1336,40135068,Xã Quý Lộc,Xã,Tỉnh Thanh Hóa,Việt Nam,Actived,
1337,40135069,Xã Yên Ninh,Xã,Tỉnh Thanh Hóa,Việt Nam,Actived,
1338,40135070,Xã Định Tân,Xã,Tỉnh Thanh Hóa,Việt Nam,Actived,
1339,40135071,Xã Định Hoà,Xã,Tỉnh Thanh Hóa,Việt Nam,Actived,
1340,40137072,Xã Thọ Xuân,Xã,Tỉnh Thanh Hóa,Việt Nam,Actived,
1341,40137073,Xã Thọ Long,Xã,Tỉnh Thanh Hóa,Việt Nam,Actived,
1342,40137074,Xã Xuân Hoà,Xã,Tỉnh Thanh Hóa,Việt Nam,Actived,
1343,40137075,Xã Sao Vàng,Xã,Tỉnh Thanh Hóa,Việt Nam,Actived,
1344,40137076,Xã Lam Sơn,Xã,Tỉnh Thanh Hóa,Việt Nam,Actived,
1345,40137077,Xã Thọ Lập,Xã,Tỉnh Thanh Hóa,Việt Nam,Actived,
1346,40137078,Xã Xuân Tín,Xã,Tỉnh Thanh Hóa,Việt Nam,Actived,
1347,40137079,Xã Xuân Lập,Xã,Tỉnh Thanh Hóa,Việt Nam,Actived,
1348,40129080,Xã Vĩnh Lộc,Xã,Tỉnh Thanh Hóa,Việt Nam,Actived,
1349,40129081,Xã Tây Đô,Xã,Tỉnh Thanh Hóa,Việt Nam,Actived,
1350,40129082,Xã Biện Thượng,Xã,Tỉnh Thanh Hóa,Việt Nam,Actived,
1351,40147083,Xã Triệu Sơn,Xã,Tỉnh Thanh Hóa,Việt Nam,Actived,
1352,40147084,Xã Thọ Bình,Xã,Tỉnh Thanh Hóa,Việt Nam,Actived,
1353,40147085,Xã Thọ Ngọc,Xã,Tỉnh Thanh Hóa,Việt Nam,Actived,
1354,40147086,Xã Thọ Phú,Xã,Tỉnh Thanh Hóa,Việt Nam,Actived,
1355,40147087,Xã Hợp Tiến,Xã,Tỉnh Thanh Hóa,Việt Nam,Actived,
1356,40147088,Xã An Nông,Xã,Tỉnh Thanh Hóa,Việt Nam,Actived,
1357,40147089,Xã Tân Ninh,Xã,Tỉnh Thanh Hóa,Việt Nam,Actived,
1358,40147090,Xã Đồng Tiến,Xã,Tỉnh Thanh Hóa,Việt Nam,Actived,
1359,40107091,Xã Mường Chanh,Xã,Tỉnh Thanh Hóa,Việt Nam,Actived,
1360,40107092,Xã Quang Chiểu,Xã,Tỉnh Thanh Hóa,Việt Nam,Actived,
1361,40107093,Xã Tam chung,Xã,Tỉnh Thanh Hóa,Việt Nam,Actived,
1362,40107094,Xã Mường Lát,Xã,Tỉnh Thanh Hóa,Việt Nam,Actived,
1363,40107095,Xã Pù Nhi,Xã,Tỉnh Thanh Hóa,Việt Nam,Actived,
1364,40107096,Xã Nhi Sơn,Xã,Tỉnh Thanh Hóa,Việt Nam,Actived,
1365,40107097,Xã Mường Lý,Xã,Tỉnh Thanh Hóa,Việt Nam,Actived,
1366,40107098,Xã Trung Lý,Xã,Tỉnh Thanh Hóa,Việt Nam,Actived,
1367,40109099,Xã Hồi Xuân,Xã,Tỉnh Thanh Hóa,Việt Nam,Actived,
1368,40109100,Xã Nam Xuân,Xã,Tỉnh Thanh Hóa,Việt Nam,Actived,
1369,40109101,Xã Thiên Phủ,Xã,Tỉnh Thanh Hóa,Việt Nam,Actived,
1370,40109102,Xã Hiền Kiệt,Xã,Tỉnh Thanh Hóa,Việt Nam,Actived,
1371,40109103,Xã Phú Xuân,Xã,Tỉnh Thanh Hóa,Việt Nam,Actived,
1372,40109104,Xã Phú Lệ,Xã,Tỉnh Thanh Hóa,Việt Nam,Actived,
1373,40109105,Xã Trung Thành,Xã,Tỉnh Thanh Hóa,Việt Nam,Actived,
1374,40109106,Xã Trung Sơn,Xã,Tỉnh Thanh Hóa,Việt Nam,Actived,
1375,40111107,Xã Na Mèo,Xã,Tỉnh Thanh Hóa,Việt Nam,Actived,
1376,40111108,Xã Sơn Thủy,Xã,Tỉnh Thanh Hóa,Việt Nam,Actived,
1377,40111109,Xã Sơn Điện,Xã,Tỉnh Thanh Hóa,Việt Nam,Actived,
1378,40111110,Xã Mường Mìn,Xã,Tỉnh Thanh Hóa,Việt Nam,Actived,
1379,40111111,Xã Tam Thanh,Xã,Tỉnh Thanh Hóa,Việt Nam,Actived,
1380,40111112,Xã Tam Lư,Xã,Tỉnh Thanh Hóa,Việt Nam,Actived,
1381,40111113,Xã Quan Sơn,Xã,Tỉnh Thanh Hóa,Việt Nam,Actived,
1382,40111114,Xã Trung Hạ,Xã,Tỉnh Thanh Hóa,Việt Nam,Actived,
1383,40117115,Xã Linh Sơn,Xã,Tỉnh Thanh Hóa,Việt Nam,Actived,
1384,40117116,Xã Đồng Lương,Xã,Tỉnh Thanh Hóa,Việt Nam,Actived,
1385,40117117,Xã Văn Phú,Xã,Tỉnh Thanh Hóa,Việt Nam,Actived,
1386,40117118,Xã Giao An,Xã,Tỉnh Thanh Hóa,Việt Nam,Actived,
1387,40117119,Xã Yên Khương,Xã,Tỉnh Thanh Hóa,Việt Nam,Actived,
1388,40117120,Xã Yên Thắng,Xã,Tỉnh Thanh Hóa,Việt Nam,Actived,
1389,40113121,Xã Văn Nho,Xã,Tỉnh Thanh Hóa,Việt Nam,Actived,
1390,40113122,Xã Thiết Ống,Xã,Tỉnh Thanh Hóa,Việt Nam,Actived,
1391,40113123,Xã Bá Thước,Xã,Tỉnh Thanh Hóa,Việt Nam,Actived,
1392,40113124,Xã Cổ Lũng,Xã,Tỉnh Thanh Hóa,Việt Nam,Actived,
1393,40113125,Xã Pù Luông,Xã,Tỉnh Thanh Hóa,Việt Nam,Actived,
1394,40113126,Xã Điền Lư,Xã,Tỉnh Thanh Hóa,Việt Nam,Actived,
1395,40113127,Xã Điền Quang,Xã,Tỉnh Thanh Hóa,Việt Nam,Actived,
1396,40113128,Xã Quý Lương,Xã,Tỉnh Thanh Hóa,Việt Nam,Actived,
1397,40121129,Xã Ngọc Lặc,Xã,Tỉnh Thanh Hóa,Việt Nam,Actived,
1398,40121130,Xã Thạch Lập,Xã,Tỉnh Thanh Hóa,Việt Nam,Actived,
1399,40121131,Xã Ngọc Liên,Xã,Tỉnh Thanh Hóa,Việt Nam,Actived,
1400,40121132,Xã Minh Sơn,Xã,Tỉnh Thanh Hóa,Việt Nam,Actived,
1401,40121133,Xã Nguyệt Ấn,Xã,Tỉnh Thanh Hóa,Việt Nam,Actived,
1402,40121134,Xã Kiên Thọ,Xã,Tỉnh Thanh Hóa,Việt Nam,Actived,
1403,40115135,Xã Cẩm Thạch,Xã,Tỉnh Thanh Hóa,Việt Nam,Actived,
1404,40115136,Xã Cẩm Thủy,Xã,Tỉnh Thanh Hóa,Việt Nam,Actived,
1405,40115137,Xã Cẩm Tú,Xã,Tỉnh Thanh Hóa,Việt Nam,Actived,
1406,40115138,Xã Cẩm Vân,Xã,Tỉnh Thanh Hóa,Việt Nam,Actived,
1407,40115139,Xã Cẩm Tân,Xã,Tỉnh Thanh Hóa,Việt Nam,Actived,
1408,40119140,Xã Kim Tân,Xã,Tỉnh Thanh Hóa,Việt Nam,Actived,
1409,40119141,Xã Vân Du,Xã,Tỉnh Thanh Hóa,Việt Nam,Actived,
1410,40119142,Xã Ngọc Trạo,Xã,Tỉnh Thanh Hóa,Việt Nam,Actived,
1411,40119143,Xã Thạch Bình,Xã,Tỉnh Thanh Hóa,Việt Nam,Actived,
1412,40119144,Xã Thành Vinh,Xã,Tỉnh Thanh Hóa,Việt Nam,Actived,
1413,40119145,Xã Thạch Quảng,Xã,Tỉnh Thanh Hóa,Việt Nam,Actived,
1414,40125146,Xã Như Xuân,Xã,Tỉnh Thanh Hóa,Việt Nam,Actived,
1415,40125147,Xã Thượng Ninh,Xã,Tỉnh Thanh Hóa,Việt Nam,Actived,
1416,40125148,Xã Xuân Bình,Xã,Tỉnh Thanh Hóa,Việt Nam,Actived,
1417,40125149,Xã Hóa Quỳ,Xã,Tỉnh Thanh Hóa,Việt Nam,Actived,
1418,40125150,Xã Thanh Quân,Xã,Tỉnh Thanh Hóa,Việt Nam,Actived,
1419,40125151,Xã Thanh Phong,Xã,Tỉnh Thanh Hóa,Việt Nam,Actived,
1420,40127152,Xã Xuân Du,Xã,Tỉnh Thanh Hóa,Việt Nam,Actived,
1421,40127153,Xã Mậu Lâm,Xã,Tỉnh Thanh Hóa,Việt Nam,Actived,
1422,40127154,Xã Như Thanh,Xã,Tỉnh Thanh Hóa,Việt Nam,Actived,
1423,40127155,Xã Yên Thọ,Xã,Tỉnh Thanh Hóa,Việt Nam,Actived,
1424,40127156,Xã Xuân Thái,Xã,Tỉnh Thanh Hóa,Việt Nam,Actived,
1425,40127157,Xã Thanh Kỳ,Xã,Tỉnh Thanh Hóa,Việt Nam,Actived,
1426,40123158,Xã Bát Mọt,Xã,Tỉnh Thanh Hóa,Việt Nam,Actived,
1427,40123159,Xã Yên Nhân,Xã,Tỉnh Thanh Hóa,Việt Nam,Actived,
1428,40123160,Xã Lương Sơn,Xã,Tỉnh Thanh Hóa,Việt Nam,Actived,
1429,40123161,Xã Thường Xuân,Xã,Tỉnh Thanh Hóa,Việt Nam,Actived,
1430,40123162,Xã Luận Thành,Xã,Tỉnh Thanh Hóa,Việt Nam,Actived,
1431,40123163,Xã Tân Thành,Xã,Tỉnh Thanh Hóa,Việt Nam,Actived,
1432,40123164,Xã Vạn Xuân,Xã,Tỉnh Thanh Hóa,Việt Nam,Actived,
1433,40123165,Xã Thắng Lộc,Xã,Tỉnh Thanh Hóa,Việt Nam,Actived,
1434,40123166,Xã Xuân Chinh,Xã,Tỉnh Thanh Hóa,Việt Nam,Actived,
1435,40327001,Xã Anh Sơn,Xã,Tỉnh Nghệ An,Việt Nam,Actived,
1436,40327002,Xã Yên Xuân,Xã,Tỉnh Nghệ An,Việt Nam,Actived,
1437,40327003,Xã Nhân Hoà,Xã,Tỉnh Nghệ An,Việt Nam,Actived,
1438,40327004,Xã Anh Sơn Đông,Xã,Tỉnh Nghệ An,Việt Nam,Actived,
1439,40327005,Xã Vĩnh Tường,Xã,Tỉnh Nghệ An,Việt Nam,Actived,
1440,40327006,Xã Thành Bình Thọ,Xã,Tỉnh Nghệ An,Việt Nam,Actived,
1441,40321007,Xã Con Cuông,Xã,Tỉnh Nghệ An,Việt Nam,Actived,
1442,40321008,Xã Môn Sơn,Xã,Tỉnh Nghệ An,Việt Nam,Actived,
1443,40321009,Xã Mậu Thạch,Xã,Tỉnh Nghệ An,Việt Nam,Actived,
1444,40321010,Xã Cam Phục,Xã,Tỉnh Nghệ An,Việt Nam,Actived,
1445,40321011,Xã Châu Khê,Xã,Tỉnh Nghệ An,Việt Nam,Actived,
1446,40321012,Xã Bình Chuẩn,Xã,Tỉnh Nghệ An,Việt Nam,Actived,
1447,40325013,Xã Diễn Châu,Xã,Tỉnh Nghệ An,Việt Nam,Actived,
1448,40325014,Xã Đức Châu,Xã,Tỉnh Nghệ An,Việt Nam,Actived,
1449,40325015,Xã Quảng Châu,Xã,Tỉnh Nghệ An,Việt Nam,Actived,
1450,40325016,Xã Hải Châu,Xã,Tỉnh Nghệ An,Việt Nam,Actived,
1451,40325017,Xã Tân Châu,Xã,Tỉnh Nghệ An,Việt Nam,Actived,
1452,40325018,Xã An Châu,Xã,Tỉnh Nghệ An,Việt Nam,Actived,
1453,40325019,Xã Minh Châu,Xã,Tỉnh Nghệ An,Việt Nam,Actived,
1454,40325020,Xã Hùng Châu,Xã,Tỉnh Nghệ An,Việt Nam,Actived,
1455,40329021,Xã Đô Lương,Xã,Tỉnh Nghệ An,Việt Nam,Actived,
1456,40329022,Xã Bạch Ngọc,Xã,Tỉnh Nghệ An,Việt Nam,Actived,
1457,40329023,Xã Văn Hiến,Xã,Tỉnh Nghệ An,Việt Nam,Actived,
1458,40329024,Xã Bạch Hà,Xã,Tỉnh Nghệ An,Việt Nam,Actived,
1459,40329025,Xã Thuần Trung,Xã,Tỉnh Nghệ An,Việt Nam,Actived,
1460,40329026,Xã Lương Sơn,Xã,Tỉnh Nghệ An,Việt Nam,Actived,
1461,40339027,Phường Hoàng Mai,Phường,Tỉnh Nghệ An,Việt Nam,Actived,
1462,40339028,Phường Tân Mai,Phường,Tỉnh Nghệ An,Việt Nam,Actived,
1463,40339029,Phường Quỳnh Mai,Phường,Tỉnh Nghệ An,Việt Nam,Actived,
1464,40337030,Xã Hưng Nguyên,Xã,Tỉnh Nghệ An,Việt Nam,Actived,
1465,40337031,Xã Yên Trung,Xã,Tỉnh Nghệ An,Việt Nam,Actived,
1466,40337032,Xã Hưng Nguyên Nam,Xã,Tỉnh Nghệ An,Việt Nam,Actived,
1467,40337033,Xã Lam Thành,Xã,Tỉnh Nghệ An,Việt Nam,Actived,
1468,40309034,Xã Mường Xén,Xã,Tỉnh Nghệ An,Việt Nam,Actived,
1469,40309035,Xã Hữu Kiệm,Xã,Tỉnh Nghệ An,Việt Nam,Actived,
1470,40309036,Xã Nậm Cắn,Xã,Tỉnh Nghệ An,Việt Nam,Actived,
1471,40309037,Xã Chiêu Lưu,Xã,Tỉnh Nghệ An,Việt Nam,Actived,
1472,40309038,Xã Na Loi,Xã,Tỉnh Nghệ An,Việt Nam,Actived,
1473,40309039,Xã Mường Típ,Xã,Tỉnh Nghệ An,Việt Nam,Actived,
1474,40309040,Xã Na Ngoi,Xã,Tỉnh Nghệ An,Việt Nam,Actived,
1475,40309041,Xã Mỹ Lý,Xã,Tỉnh Nghệ An,Việt Nam,Actived,
1476,40309042,Xã Bắc Lý,Xã,Tỉnh Nghệ An,Việt Nam,Actived,
1477,40309043,Xã Keng Đu,Xã,Tỉnh Nghệ An,Việt Nam,Actived,
1478,40309044,Xã Huồi Tụ,Xã,Tỉnh Nghệ An,Việt Nam,Actived,
1479,40309045,Xã Mường Lống,Xã,Tỉnh Nghệ An,Việt Nam,Actived,
1480,40335046,Xã Vạn An,Xã,Tỉnh Nghệ An,Việt Nam,Actived,
1481,40335047,Xã Nam Đàn,Xã,Tỉnh Nghệ An,Việt Nam,Actived,
1482,40335048,Xã Đại Huệ,Xã,Tỉnh Nghệ An,Việt Nam,Actived,
1483,40335049,Xã Thiên Nhẫn,Xã,Tỉnh Nghệ An,Việt Nam,Actived,
1484,40335050,Xã Kim Liên,Xã,Tỉnh Nghệ An,Việt Nam,Actived,
1485,40313051,Xã Nghĩa Đàn,Xã,Tỉnh Nghệ An,Việt Nam,Actived,
1486,40313052,Xã Nghĩa Thọ,Xã,Tỉnh Nghệ An,Việt Nam,Actived,
1487,40313053,Xã Nghĩa Lâm,Xã,Tỉnh Nghệ An,Việt Nam,Actived,
1488,40313054,Xã Nghĩa Mai,Xã,Tỉnh Nghệ An,Việt Nam,Actived,
1489,40313055,Xã Nghĩa Hưng,Xã,Tỉnh Nghệ An,Việt Nam,Actived,
1490,40313056,Xã Nghĩa Khánh,Xã,Tỉnh Nghệ An,Việt Nam,Actived,
1491,40313057,Xã Nghĩa Lộc,Xã,Tỉnh Nghệ An,Việt Nam,Actived,
1492,40333058,Xã Nghi Lộc,Xã,Tỉnh Nghệ An,Việt Nam,Actived,
1493,40333059,Xã Phúc Lộc,Xã,Tỉnh Nghệ An,Việt Nam,Actived,
1494,40333060,Xã Đông Lộc,Xã,Tỉnh Nghệ An,Việt Nam,Actived,
1495,40333061,Xã Trung Lộc,Xã,Tỉnh Nghệ An,Việt Nam,Actived,
1496,40333062,Xã Thần Lĩnh,Xã,Tỉnh Nghệ An,Việt Nam,Actived,
1497,40333063,Xã Hải Lộc,Xã,Tỉnh Nghệ An,Việt Nam,Actived,
1498,40333064,Xã Văn Kiều,Xã,Tỉnh Nghệ An,Việt Nam,Actived,
1499,40305065,Xã Quế Phong,Xã,Tỉnh Nghệ An,Việt Nam,Actived,
1500,40305066,Xã Tiền Phong,Xã,Tỉnh Nghệ An,Việt Nam,Actived,
1501,40305067,Xã Tri Lễ,Xã,Tỉnh Nghệ An,Việt Nam,Actived,
1502,40305068,Xã Mường Quàng,Xã,Tỉnh Nghệ An,Việt Nam,Actived,
1503,40305069,Xã Thông Thụ,Xã,Tỉnh Nghệ An,Việt Nam,Actived,
1504,40307070,Xã Quỳ Châu,Xã,Tỉnh Nghệ An,Việt Nam,Actived,
1505,40307071,Xã Châu Tiến,Xã,Tỉnh Nghệ An,Việt Nam,Actived,
1506,40307072,Xã Hùng Chân,Xã,Tỉnh Nghệ An,Việt Nam,Actived,
1507,40307073,Xã Châu Bình,Xã,Tỉnh Nghệ An,Việt Nam,Actived,
1508,40311074,Xã Quỳ Hợp,Xã,Tỉnh Nghệ An,Việt Nam,Actived,
1509,40311075,Xã Tam Hợp,Xã,Tỉnh Nghệ An,Việt Nam,Actived,
1510,40311076,Xã Châu Lộc,Xã,Tỉnh Nghệ An,Việt Nam,Actived,
1511,40311077,Xã Châu Hồng,Xã,Tỉnh Nghệ An,Việt Nam,Actived,
1512,40311078,Xã Mường Ham,Xã,Tỉnh Nghệ An,Việt Nam,Actived,
1513,40311079,Xã Mường Chọng,Xã,Tỉnh Nghệ An,Việt Nam,Actived,
1514,40311080,Xã Minh Hợp,Xã,Tỉnh Nghệ An,Việt Nam,Actived,
1515,40317081,Xã Quỳnh Lưu,Xã,Tỉnh Nghệ An,Việt Nam,Actived,
1516,40317082,Xã Quỳnh Văn,Xã,Tỉnh Nghệ An,Việt Nam,Actived,
1517,40317083,Xã Quỳnh Anh,Xã,Tỉnh Nghệ An,Việt Nam,Actived,
1518,40317084,Xã Quỳnh Tam,Xã,Tỉnh Nghệ An,Việt Nam,Actived,
1519,40317085,Xã Quỳnh Phú,Xã,Tỉnh Nghệ An,Việt Nam,Actived,
1520,40317086,Xã Quỳnh Sơn,Xã,Tỉnh Nghệ An,Việt Nam,Actived,
1521,40317087,Xã Quỳnh Thắng,Xã,Tỉnh Nghệ An,Việt Nam,Actived,
1522,40319088,Xã Tân Kỳ,Xã,Tỉnh Nghệ An,Việt Nam,Actived,
1523,40319089,Xã Tân Phú,Xã,Tỉnh Nghệ An,Việt Nam,Actived,
1524,40319090,Xã Tân An,Xã,Tỉnh Nghệ An,Việt Nam,Actived,
1525,40319091,Xã Nghĩa Đồng,Xã,Tỉnh Nghệ An,Việt Nam,Actived,
1526,40319092,Xã Giai Xuân,Xã,Tỉnh Nghệ An,Việt Nam,Actived,
1527,40319093,Xã Nghĩa Hành,Xã,Tỉnh Nghệ An,Việt Nam,Actived,
1528,40319094,Xã Tiên Đồng,Xã,Tỉnh Nghệ An,Việt Nam,Actived,
1529,40314095,Phường Thái Hoà,Phường,Tỉnh Nghệ An,Việt Nam,Actived,
1530,40314096,Phường Tây Hiếu,Phường,Tỉnh Nghệ An,Việt Nam,Actived,
1531,40314097,Xã Đông Hiếu,Xã,Tỉnh Nghệ An,Việt Nam,Actived,
1532,40331098,Xã Cát Ngạn,Xã,Tỉnh Nghệ An,Việt Nam,Actived,
1533,40331099,Xã Tam Đồng,Xã,Tỉnh Nghệ An,Việt Nam,Actived,
1534,40331100,Xã Hạnh Lâm,Xã,Tỉnh Nghệ An,Việt Nam,Actived,
1535,40331101,Xã Sơn Lâm,Xã,Tỉnh Nghệ An,Việt Nam,Actived,
1536,40331102,Xã Hoa Quân,Xã,Tỉnh Nghệ An,Việt Nam,Actived,
1537,40331103,Xã Kim Bảng,Xã,Tỉnh Nghệ An,Việt Nam,Actived,
1538,40331104,Xã Bích Hào,Xã,Tỉnh Nghệ An,Việt Nam,Actived,
1539,40331105,Xã Đại Đồng,Xã,Tỉnh Nghệ An,Việt Nam,Actived,
1540,40331106,Xã Xuân Lâm,Xã,Tỉnh Nghệ An,Việt Nam,Actived,
1541,40315107,Xã Tam Quang,Xã,Tỉnh Nghệ An,Việt Nam,Actived,
1542,40315108,Xã Tam Thái,Xã,Tỉnh Nghệ An,Việt Nam,Actived,
1543,40315109,Xã Tương Dương,Xã,Tỉnh Nghệ An,Việt Nam,Actived,
1544,40315110,Xã Lượng Minh,Xã,Tỉnh Nghệ An,Việt Nam,Actived,
1545,40315111,Xã Yên Na,Xã,Tỉnh Nghệ An,Việt Nam,Actived,
1546,40315112,Xã Yên Hoà,Xã,Tỉnh Nghệ An,Việt Nam,Actived,
1547,40315113,Xã Nga My,Xã,Tỉnh Nghệ An,Việt Nam,Actived,
1548,40315114,Xã Hữu Khuông,Xã,Tỉnh Nghệ An,Việt Nam,Actived,
1549,40315115,Xã Nhôn Mai,Xã,Tỉnh Nghệ An,Việt Nam,Actived,
1550,40301116,Phường Trường Vinh,Phường,Tỉnh Nghệ An,Việt Nam,Actived,
1551,40301117,Phường Thành Vinh,Phường,Tỉnh Nghệ An,Việt Nam,Actived,
1552,40301118,Phường Vinh Hưng,Phường,Tỉnh Nghệ An,Việt Nam,Actived,
1553,40301119,Phường Vinh Phú,Phường,Tỉnh Nghệ An,Việt Nam,Actived,
1554,40301120,Phường Vinh Lộc,Phường,Tỉnh Nghệ An,Việt Nam,Actived,
1555,40301121,Phường Cửa Lò,Phường,Tỉnh Nghệ An,Việt Nam,Actived,
1556,40323122,Xã Yên Thành,Xã,Tỉnh Nghệ An,Việt Nam,Actived,
1557,40323123,Xã Quan Thành,Xã,Tỉnh Nghệ An,Việt Nam,Actived,
1558,40323124,Xã Hợp Minh,Xã,Tỉnh Nghệ An,Việt Nam,Actived,
1559,40323125,Xã Vân Tụ,Xã,Tỉnh Nghệ An,Việt Nam,Actived,
1560,40323126,Xã Vân Du,Xã,Tỉnh Nghệ An,Việt Nam,Actived,
1561,40323127,Xã Quang Đồng,Xã,Tỉnh Nghệ An,Việt Nam,Actived,
1562,40323128,Xã Giai Lạc,Xã,Tỉnh Nghệ An,Việt Nam,Actived,
1563,40323129,Xã Bình Minh,Xã,Tỉnh Nghệ An,Việt Nam,Actived,
1564,40323130,Xã Đông Thành,Xã,Tỉnh Nghệ An,Việt Nam,Actived,
1565,40520001,Phường Sông Trí,Phường,Tỉnh Hà Tĩnh,Việt Nam,Actived,
1566,40520002,Phường Hải Ninh,Phường,Tỉnh Hà Tĩnh,Việt Nam,Actived,
1567,40520003,Phường Hoành Sơn,Phường,Tỉnh Hà Tĩnh,Việt Nam,Actived,
1568,40520004,Phường Vũng Áng,Phường,Tỉnh Hà Tĩnh,Việt Nam,Actived,
1569,40519005,Xã Kỳ Xuân,Xã,Tỉnh Hà Tĩnh,Việt Nam,Actived,
1570,40519006,Xã Kỳ Anh,Xã,Tỉnh Hà Tĩnh,Việt Nam,Actived,
1571,40519007,Xã Kỳ Hoa,Xã,Tỉnh Hà Tĩnh,Việt Nam,Actived,
1572,40519008,Xã Kỳ Văn,Xã,Tỉnh Hà Tĩnh,Việt Nam,Actived,
1573,40519009,Xã Kỳ Khang,Xã,Tỉnh Hà Tĩnh,Việt Nam,Actived,
1574,40519010,Xã Kỳ Lạc,Xã,Tỉnh Hà Tĩnh,Việt Nam,Actived,
1575,40519011,Xã Kỳ Thượng,Xã,Tỉnh Hà Tĩnh,Việt Nam,Actived,
1576,40515012,Xã Cẩm Xuyên,Xã,Tỉnh Hà Tĩnh,Việt Nam,Actived,
1577,40515013,Xã Thiên Cầm,Xã,Tỉnh Hà Tĩnh,Việt Nam,Actived,
1578,40515014,Xã Cẩm Duệ,Xã,Tỉnh Hà Tĩnh,Việt Nam,Actived,
1579,40515015,Xã Cẩm Hưng,Xã,Tỉnh Hà Tĩnh,Việt Nam,Actived,
1580,40515016,Xã Cẩm Lạc,Xã,Tỉnh Hà Tĩnh,Việt Nam,Actived,
1581,40515017,Xã Cẩm Trung,Xã,Tỉnh Hà Tĩnh,Việt Nam,Actived,
1582,40515018,Xã Yên Hoà,Xã,Tỉnh Hà Tĩnh,Việt Nam,Actived,
1583,40501019,Phường Thành Sen,Phường,Tỉnh Hà Tĩnh,Việt Nam,Actived,
1584,40501020,Phường Trần Phú,Phường,Tỉnh Hà Tĩnh,Việt Nam,Actived,
1585,40501021,Phường Hà Huy Tập,Phường,Tỉnh Hà Tĩnh,Việt Nam,Actived,
1586,40501022,Xã Thạch Lạc,Xã,Tỉnh Hà Tĩnh,Việt Nam,Actived,
1587,40501023,Xã Đồng Tiến,Xã,Tỉnh Hà Tĩnh,Việt Nam,Actived,
1588,40501024,Xã Thạch Khê,Xã,Tỉnh Hà Tĩnh,Việt Nam,Actived,
1589,40501025,Xã Cẩm Bình,Xã,Tỉnh Hà Tĩnh,Việt Nam,Actived,
1590,40513026,Xã Thạch Hà,Xã,Tỉnh Hà Tĩnh,Việt Nam,Actived,
1591,40513027,Xã Toàn Lưu,Xã,Tỉnh Hà Tĩnh,Việt Nam,Actived,
1592,40513028,Xã Việt Xuyên,Xã,Tỉnh Hà Tĩnh,Việt Nam,Actived,
1593,40513029,Xã Đông Kinh,Xã,Tỉnh Hà Tĩnh,Việt Nam,Actived,
1594,40513030,Xã Thạch Xuân,Xã,Tỉnh Hà Tĩnh,Việt Nam,Actived,
1595,40513031,Xã Lộc Hà,Xã,Tỉnh Hà Tĩnh,Việt Nam,Actived,
1596,40513032,Xã Hồng Lộc,Xã,Tỉnh Hà Tĩnh,Việt Nam,Actived,
1597,40513033,Xã Mai Phụ,Xã,Tỉnh Hà Tĩnh,Việt Nam,Actived,
1598,40511034,Xã Can Lộc,Xã,Tỉnh Hà Tĩnh,Việt Nam,Actived,
1599,40511035,Xã Tùng Lộc,Xã,Tỉnh Hà Tĩnh,Việt Nam,Actived,
1600,40511036,Xã Gia Hanh,Xã,Tỉnh Hà Tĩnh,Việt Nam,Actived,
1601,40511037,Xã Trường Lưu,Xã,Tỉnh Hà Tĩnh,Việt Nam,Actived,
1602,40511038,Xã Xuân Lộc,Xã,Tỉnh Hà Tĩnh,Việt Nam,Actived,
1603,40511039,Xã Đồng Lộc,Xã,Tỉnh Hà Tĩnh,Việt Nam,Actived,
1604,40503040,Phường Bắc Hồng Lĩnh,Phường,Tỉnh Hà Tĩnh,Việt Nam,Actived,
1605,40503041,Phường Nam Hồng Lĩnh,Phường,Tỉnh Hà Tĩnh,Việt Nam,Actived,
1606,40505042,Xã Tiên Điền,Xã,Tỉnh Hà Tĩnh,Việt Nam,Actived,
1607,40505043,Xã Nghi Xuân,Xã,Tỉnh Hà Tĩnh,Việt Nam,Actived,
1608,40505044,Xã Cổ Đạm,Xã,Tỉnh Hà Tĩnh,Việt Nam,Actived,
1609,40505045,Xã Đan Hải,Xã,Tỉnh Hà Tĩnh,Việt Nam,Actived,
1610,40507046,Xã Đức Thọ,Xã,Tỉnh Hà Tĩnh,Việt Nam,Actived,
1611,40507047,Xã Đức Quang,Xã,Tỉnh Hà Tĩnh,Việt Nam,Actived,
1612,40507048,Xã Đức Đồng,Xã,Tỉnh Hà Tĩnh,Việt Nam,Actived,
1613,40507049,Xã Đức Thịnh,Xã,Tỉnh Hà Tĩnh,Việt Nam,Actived,
1614,40507050,Xã Đức Minh,Xã,Tỉnh Hà Tĩnh,Việt Nam,Actived,
1615,40509051,Xã Hương Sơn,Xã,Tỉnh Hà Tĩnh,Việt Nam,Actived,
1616,40509052,Xã Sơn Tây,Xã,Tỉnh Hà Tĩnh,Việt Nam,Actived,
1617,40509053,Xã Tứ Mỹ,Xã,Tỉnh Hà Tĩnh,Việt Nam,Actived,
1618,40509054,Xã Sơn Giang,Xã,Tỉnh Hà Tĩnh,Việt Nam,Actived,
1619,40509055,Xã Sơn Tiến,Xã,Tỉnh Hà Tĩnh,Việt Nam,Actived,
1620,40509056,Xã Sơn Hồng,Xã,Tỉnh Hà Tĩnh,Việt Nam,Actived,
1621,40509057,Xã Kim Hoa,Xã,Tỉnh Hà Tĩnh,Việt Nam,Actived,
1622,40521058,Xã Vũ Quang,Xã,Tỉnh Hà Tĩnh,Việt Nam,Actived,
1623,40521059,Xã Mai Hoa,Xã,Tỉnh Hà Tĩnh,Việt Nam,Actived,
1624,40521060,Xã Thượng Đức,Xã,Tỉnh Hà Tĩnh,Việt Nam,Actived,
1625,40517061,Xã Hương Khê,Xã,Tỉnh Hà Tĩnh,Việt Nam,Actived,
1626,40517062,Xã Hương Phố,Xã,Tỉnh Hà Tĩnh,Việt Nam,Actived,
1627,40517063,Xã Hương Đô,Xã,Tỉnh Hà Tĩnh,Việt Nam,Actived,
1628,40517064,Xã Hà Linh,Xã,Tỉnh Hà Tĩnh,Việt Nam,Actived,
1629,40517065,Xã Hương Bình,Xã,Tỉnh Hà Tĩnh,Việt Nam,Actived,
1630,40517066,Xã Phúc Trạch,Xã,Tỉnh Hà Tĩnh,Việt Nam,Actived,
1631,40517067,Xã Hương Xuân,Xã,Tỉnh Hà Tĩnh,Việt Nam,Actived,
1632,40509068,Xã Sơn Kim 1,Xã,Tỉnh Hà Tĩnh,Việt Nam,Actived,
1633,40509069,Xã Sơn Kim 2,Xã,Tỉnh Hà Tĩnh,Việt Nam,Actived,
1634,40701001,Phường Đồng Hới,Phường,Tỉnh Quảng Trị,Việt Nam,Actived,
1635,40701002,Phường Đồng Thuận,Phường,Tỉnh Quảng Trị,Việt Nam,Actived,
1636,40701003,Phường Đồng Sơn,Phường,Tỉnh Quảng Trị,Việt Nam,Actived,
1637,40715004,Xã Nam Gianh,Xã,Tỉnh Quảng Trị,Việt Nam,Actived,
1638,40715005,Xã Nam Ba Đồn,Xã,Tỉnh Quảng Trị,Việt Nam,Actived,
1639,40715006,Phường Ba Đồn,Phường,Tỉnh Quảng Trị,Việt Nam,Actived,
1640,40715007,Phường Bắc Gianh,Phường,Tỉnh Quảng Trị,Việt Nam,Actived,
1641,40705008,Xã Dân Hóa,Xã,Tỉnh Quảng Trị,Việt Nam,Actived,
1642,40705009,Xã Kim Điền,Xã,Tỉnh Quảng Trị,Việt Nam,Actived,
1643,40705010,Xã Kim Phú,Xã,Tỉnh Quảng Trị,Việt Nam,Actived,
1644,40705011,Xã Minh Hóa,Xã,Tỉnh Quảng Trị,Việt Nam,Actived,
1645,40705012,Xã Tân Thành,Xã,Tỉnh Quảng Trị,Việt Nam,Actived,
1646,40703013,Xã Tuyên Lâm,Xã,Tỉnh Quảng Trị,Việt Nam,Actived,
1647,40703014,Xã Tuyên Sơn,Xã,Tỉnh Quảng Trị,Việt Nam,Actived,
1648,40703015,Xã Đồng Lê,Xã,Tỉnh Quảng Trị,Việt Nam,Actived,
1649,40703016,Xã Tuyên Phú,Xã,Tỉnh Quảng Trị,Việt Nam,Actived,
1650,40703017,Xã Tuyên Bình,Xã,Tỉnh Quảng Trị,Việt Nam,Actived,
1651,40703018,Xã Tuyên Hóa,Xã,Tỉnh Quảng Trị,Việt Nam,Actived,
1652,40707019,Xã Tân Gianh,Xã,Tỉnh Quảng Trị,Việt Nam,Actived,
1653,40707020,Xã Trung Thuần,Xã,Tỉnh Quảng Trị,Việt Nam,Actived,
1654,40707021,Xã Quảng Trạch,Xã,Tỉnh Quảng Trị,Việt Nam,Actived,
1655,40707022,Xã Hoà Trạch,Xã,Tỉnh Quảng Trị,Việt Nam,Actived,
1656,40707023,Xã Phú Trạch,Xã,Tỉnh Quảng Trị,Việt Nam,Actived,
1657,40709024,Xã Thượng Trạch,Xã,Tỉnh Quảng Trị,Việt Nam,Actived,
1658,40709025,Xã Phong Nha,Xã,Tỉnh Quảng Trị,Việt Nam,Actived,
1659,40709026,Xã Bắc Trạch,Xã,Tỉnh Quảng Trị,Việt Nam,Actived,
1660,40709027,Xã Đông Trạch,Xã,Tỉnh Quảng Trị,Việt Nam,Actived,
1661,40709028,Xã Hoàn Lão,Xã,Tỉnh Quảng Trị,Việt Nam,Actived,
1662,40709029,Xã Bố Trạch,Xã,Tỉnh Quảng Trị,Việt Nam,Actived,
1663,40709030,Xã Nam Trạch,Xã,Tỉnh Quảng Trị,Việt Nam,Actived,
1664,40711031,Xã Quảng Ninh,Xã,Tỉnh Quảng Trị,Việt Nam,Actived,
1665,40711032,Xã Ninh Châu,Xã,Tỉnh Quảng Trị,Việt Nam,Actived,
1666,40711033,Xã Trường Ninh,Xã,Tỉnh Quảng Trị,Việt Nam,Actived,
1667,40711034,Xã Trường Sơn,Xã,Tỉnh Quảng Trị,Việt Nam,Actived,
1668,40713035,Xã Lệ Thủy,Xã,Tỉnh Quảng Trị,Việt Nam,Actived,
1669,40713036,Xã Cam Hồng,Xã,Tỉnh Quảng Trị,Việt Nam,Actived,
1670,40713037,Xã Sen Ngư,Xã,Tỉnh Quảng Trị,Việt Nam,Actived,
1671,40713038,Xã Tân Mỹ,Xã,Tỉnh Quảng Trị,Việt Nam,Actived,
1672,40713039,Xã Trường Phú,Xã,Tỉnh Quảng Trị,Việt Nam,Actived,
1673,40713040,Xã Lệ Ninh,Xã,Tỉnh Quảng Trị,Việt Nam,Actived,
1674,40713041,Xã Kim Ngân,Xã,Tỉnh Quảng Trị,Việt Nam,Actived,
1675,40901042,Phường Đông Hà,Phường,Tỉnh Quảng Trị,Việt Nam,Actived,
1676,40901043,Phường Nam Đông Hà,Phường,Tỉnh Quảng Trị,Việt Nam,Actived,
1677,40903044,Phường Quảng Trị,Phường,Tỉnh Quảng Trị,Việt Nam,Actived,
1678,40905045,Xã Vĩnh Linh,Xã,Tỉnh Quảng Trị,Việt Nam,Actived,
1679,40905046,Xã Cửa Tùng,Xã,Tỉnh Quảng Trị,Việt Nam,Actived,
1680,40905047,Xã Vĩnh Hoàng,Xã,Tỉnh Quảng Trị,Việt Nam,Actived,
1681,40905048,Xã Vĩnh Thủy,Xã,Tỉnh Quảng Trị,Việt Nam,Actived,
1682,40905049,Xã Bến Quan,Xã,Tỉnh Quảng Trị,Việt Nam,Actived,
1683,40907050,Xã Cồn Tiên,Xã,Tỉnh Quảng Trị,Việt Nam,Actived,
1684,40907051,Xã Cửa Việt,Xã,Tỉnh Quảng Trị,Việt Nam,Actived,
1685,40907052,Xã Gio Linh,Xã,Tỉnh Quảng Trị,Việt Nam,Actived,
1686,40907053,Xã Bến Hải,Xã,Tỉnh Quảng Trị,Việt Nam,Actived,
1687,40915054,Xã Hướng Lập,Xã,Tỉnh Quảng Trị,Việt Nam,Actived,
1688,40915055,Xã Hướng Phùng,Xã,Tỉnh Quảng Trị,Việt Nam,Actived,
1689,40915056,Xã Khe Sanh,Xã,Tỉnh Quảng Trị,Việt Nam,Actived,
1690,40915057,Xã Tân Lập,Xã,Tỉnh Quảng Trị,Việt Nam,Actived,
1691,40915058,Xã Lao Bảo,Xã,Tỉnh Quảng Trị,Việt Nam,Actived,
1692,40915059,Xã Lìa,Xã,Tỉnh Quảng Trị,Việt Nam,Actived,
1693,40915060,Xã A Dơi,Xã,Tỉnh Quảng Trị,Việt Nam,Actived,
1694,40917061,Xã La Lay,Xã,Tỉnh Quảng Trị,Việt Nam,Actived,
1695,40917062,Xã Tà Rụt,Xã,Tỉnh Quảng Trị,Việt Nam,Actived,
1696,40917063,Xã Đakrông,Xã,Tỉnh Quảng Trị,Việt Nam,Actived,
1697,40917064,Xã Ba Lòng,Xã,Tỉnh Quảng Trị,Việt Nam,Actived,
1698,40917065,Xã Hướng Hiệp,Xã,Tỉnh Quảng Trị,Việt Nam,Actived,
1699,40909066,Xã Cam Lộ,Xã,Tỉnh Quảng Trị,Việt Nam,Actived,
1700,40909067,Xã Hiếu Giang,Xã,Tỉnh Quảng Trị,Việt Nam,Actived,
1701,40911068,Xã Triệu Phong,Xã,Tỉnh Quảng Trị,Việt Nam,Actived,
1702,40911069,Xã Ái Tử,Xã,Tỉnh Quảng Trị,Việt Nam,Actived,
1703,40911070,Xã Triệu Bình,Xã,Tỉnh Quảng Trị,Việt Nam,Actived,
1704,40911071,Xã Triệu Cơ,Xã,Tỉnh Quảng Trị,Việt Nam,Actived,
1705,40911072,Xã Nam Cửa Việt,Xã,Tỉnh Quảng Trị,Việt Nam,Actived,
1706,40913073,Xã Diên Sanh,Xã,Tỉnh Quảng Trị,Việt Nam,Actived,
1707,40913074,Xã Mỹ Thủy,Xã,Tỉnh Quảng Trị,Việt Nam,Actived,
1708,40913075,Xã Hải Lăng,Xã,Tỉnh Quảng Trị,Việt Nam,Actived,
1709,40913076,Xã Vĩnh Định,Xã,Tỉnh Quảng Trị,Việt Nam,Actived,
1710,40913077,Xã Nam Hải Lăng,Xã,Tỉnh Quảng Trị,Việt Nam,Actived,
1711,40919078,Đặc khu Cồn Cỏ,Đặc khu,Tỉnh Quảng Trị,Việt Nam,Actived,
1712,41109001,Phường Thuận An,Phường,Thành phố Huế,Việt Nam,Actived,
1713,41119002,Phường Hóa Châu,Phường,Thành phố Huế,Việt Nam,Actived,
1714,41109003,Phường Mỹ Thượng,Phường,Thành phố Huế,Việt Nam,Actived,
1715,41101004,Phường Vỹ Dạ,Phường,Thành phố Huế,Việt Nam,Actived,
1716,41101005,Phường Thuận Hóa,Phường,Thành phố Huế,Việt Nam,Actived,
1717,41101006,Phường An Cựu,Phường,Thành phố Huế,Việt Nam,Actived,
1718,41101007,Phường Thủy Xuân,Phường,Thành phố Huế,Việt Nam,Actived,
1719,41119008,Phường Kim Long,Phường,Thành phố Huế,Việt Nam,Actived,
1720,41119009,Phường Hương An,Phường,Thành phố Huế,Việt Nam,Actived,
1721,41119010,Phường Phú Xuân,Phường,Thành phố Huế,Việt Nam,Actived,
1722,41107011,Phường Hương Trà,Phường,Thành phố Huế,Việt Nam,Actived,
1723,41107012,Phường Kim Trà,Phường,Thành phố Huế,Việt Nam,Actived,
1724,41111013,Phường Thanh Thủy,Phường,Thành phố Huế,Việt Nam,Actived,
1725,41111014,Phường Hương Thủy,Phường,Thành phố Huế,Việt Nam,Actived,
1726,41111015,Phường Phú Bài,Phường,Thành phố Huế,Việt Nam,Actived,
1727,41103016,Phường Phong Điền,Phường,Thành phố Huế,Việt Nam,Actived,
1728,41103017,Phường Phong Thái,Phường,Thành phố Huế,Việt Nam,Actived,
1729,41103018,Phường Phong Dinh,Phường,Thành phố Huế,Việt Nam,Actived,
1730,41103019,Phường Phong Phú,Phường,Thành phố Huế,Việt Nam,Actived,
1731,41105020,Phường Phong Quảng,Phường,Thành phố Huế,Việt Nam,Actived,
1732,41105021,Xã Đan Điền,Xã,Thành phố Huế,Việt Nam,Actived,
1733,41105022,Xã Quảng Điền,Xã,Thành phố Huế,Việt Nam,Actived,
1734,41109023,Xã Phú Vinh,Xã,Thành phố Huế,Việt Nam,Actived,
1735,41109024,Xã Phú Hồ,Xã,Thành phố Huế,Việt Nam,Actived,
1736,41109025,Xã Phú Vang,Xã,Thành phố Huế,Việt Nam,Actived,
1737,41113026,Xã Vinh Lộc,Xã,Thành phố Huế,Việt Nam,Actived,
1738,41113027,Xã Hưng Lộc,Xã,Thành phố Huế,Việt Nam,Actived,
1739,41113028,Xã Lộc An,Xã,Thành phố Huế,Việt Nam,Actived,
1740,41113029,Xã Phú Lộc,Xã,Thành phố Huế,Việt Nam,Actived,
1741,41113030,Xã Chân Mây – Lăng Cô,Xã,Thành phố Huế,Việt Nam,Actived,
1742,41113031,Xã Long Quảng,Xã,Thành phố Huế,Việt Nam,Actived,
1743,41113032,Xã Nam Đông,Xã,Thành phố Huế,Việt Nam,Actived,
1744,41113033,Xã Khe Tre,Xã,Thành phố Huế,Việt Nam,Actived,
1745,41107034,Xã Bình Điền,Xã,Thành phố Huế,Việt Nam,Actived,
1746,41115035,Xã A Lưới 1,Xã,Thành phố Huế,Việt Nam,Actived,
1747,41115036,Xã A Lưới 2,Xã,Thành phố Huế,Việt Nam,Actived,
1748,41115037,Xã A Lưới 3,Xã,Thành phố Huế,Việt Nam,Actived,
1749,41115038,Xã A Lưới 4,Xã,Thành phố Huế,Việt Nam,Actived,
1750,41115039,Xã A Lưới 5,Xã,Thành phố Huế,Việt Nam,Actived,
1751,41101040,Phường Dương Nỗ,Phường,Thành phố Huế,Việt Nam,Actived,
1752,50101001,Phường Hải Châu,Phường,Thành phố Đà Nẵng,Việt Nam,Actived,
1753,50101002,Phường Hoà Cường,Phường,Thành phố Đà Nẵng,Việt Nam,Actived,
1754,50103003,Phường Thanh Khê,Phường,Thành phố Đà Nẵng,Việt Nam,Actived,
1755,50115004,Phường An Khê,Phường,Thành phố Đà Nẵng,Việt Nam,Actived,
1756,50105005,Phường An Hải,Phường,Thành phố Đà Nẵng,Việt Nam,Actived,
1757,50105006,Phường Sơn Trà,Phường,Thành phố Đà Nẵng,Việt Nam,Actived,
1758,50107007,Phường Ngũ Hành Sơn,Phường,Thành phố Đà Nẵng,Việt Nam,Actived,
1759,50109008,Phường Hoà Khánh,Phường,Thành phố Đà Nẵng,Việt Nam,Actived,
1760,50109009,Phường Hải Vân,Phường,Thành phố Đà Nẵng,Việt Nam,Actived,
1761,50109010,Phường Liên Chiểu,Phường,Thành phố Đà Nẵng,Việt Nam,Actived,
1762,50115011,Phường Cẩm Lệ,Phường,Thành phố Đà Nẵng,Việt Nam,Actived,
1763,50111012,Phường Hoà Xuân,Phường,Thành phố Đà Nẵng,Việt Nam,Actived,
1764,50111013,Xã Hoà Vang,Xã,Thành phố Đà Nẵng,Việt Nam,Actived,
1765,50111014,Xã Hoà Tiến,Xã,Thành phố Đà Nẵng,Việt Nam,Actived,
1766,50111015,Xã Bà Nà,Xã,Thành phố Đà Nẵng,Việt Nam,Actived,
1767,50113016,Đặc khu Hoàng Sa,Đặc khu,Thành phố Đà Nẵng,Việt Nam,Actived,
1768,50325017,Xã Núi Thành,Xã,Thành phố Đà Nẵng,Việt Nam,Actived,
1769,50325018,Xã Tam Mỹ,Xã,Thành phố Đà Nẵng,Việt Nam,Actived,
1770,50325019,Xã Tam Anh,Xã,Thành phố Đà Nẵng,Việt Nam,Actived,
1771,50325020,Xã Đức Phú,Xã,Thành phố Đà Nẵng,Việt Nam,Actived,
1772,50325021,Xã Tam Xuân,Xã,Thành phố Đà Nẵng,Việt Nam,Actived,
1773,50325022,Xã Tam Hải,Xã,Thành phố Đà Nẵng,Việt Nam,Actived,
1774,50301023,Phường Tam Kỳ,Phường,Thành phố Đà Nẵng,Việt Nam,Actived,
1775,50301024,Phường Quảng Phú,Phường,Thành phố Đà Nẵng,Việt Nam,Actived,
1776,50301025,Phường Hương Trà,Phường,Thành phố Đà Nẵng,Việt Nam,Actived,
1777,50301026,Phường Bàn Thạch,Phường,Thành phố Đà Nẵng,Việt Nam,Actived,
1778,50302027,Xã Tây Hồ,Xã,Thành phố Đà Nẵng,Việt Nam,Actived,
1779,50302028,Xã Chiên Đàn,Xã,Thành phố Đà Nẵng,Việt Nam,Actived,
1780,50302029,Xã Phú Ninh,Xã,Thành phố Đà Nẵng,Việt Nam,Actived,
1781,50321030,Xã Lãnh Ngọc,Xã,Thành phố Đà Nẵng,Việt Nam,Actived,
1782,50321031,Xã Tiên Phước,Xã,Thành phố Đà Nẵng,Việt Nam,Actived,
1783,50321032,Xã Thạnh Bình,Xã,Thành phố Đà Nẵng,Việt Nam,Actived,
1784,50321033,Xã Sơn Cẩm Hà,Xã,Thành phố Đà Nẵng,Việt Nam,Actived,
1785,50327034,Xã Trà Liên,Xã,Thành phố Đà Nẵng,Việt Nam,Actived,
1786,50327035,Xã Trà Giáp,Xã,Thành phố Đà Nẵng,Việt Nam,Actived,
1787,50327036,Xã Trà Tân,Xã,Thành phố Đà Nẵng,Việt Nam,Actived,
1788,50327037,Xã Trà Đốc,Xã,Thành phố Đà Nẵng,Việt Nam,Actived,
1789,50327038,Xã Trà My,Xã,Thành phố Đà Nẵng,Việt Nam,Actived,
1790,50329039,Xã Nam Trà My,Xã,Thành phố Đà Nẵng,Việt Nam,Actived,
1791,50329040,Xã Trà Tập,Xã,Thành phố Đà Nẵng,Việt Nam,Actived,
1792,50329041,Xã Trà Vân,Xã,Thành phố Đà Nẵng,Việt Nam,Actived,
1793,50329042,Xã Trà Linh,Xã,Thành phố Đà Nẵng,Việt Nam,Actived,
1794,50329043,Xã Trà Leng,Xã,Thành phố Đà Nẵng,Việt Nam,Actived,
1795,50315044,Xã Thăng Bình,Xã,Thành phố Đà Nẵng,Việt Nam,Actived,
1796,50315045,Xã Thăng An,Xã,Thành phố Đà Nẵng,Việt Nam,Actived,
1797,50315046,Xã Thăng Trường,Xã,Thành phố Đà Nẵng,Việt Nam,Actived,
1798,50315047,Xã Thăng Điền,Xã,Thành phố Đà Nẵng,Việt Nam,Actived,
1799,50315048,Xã Thăng Phú,Xã,Thành phố Đà Nẵng,Việt Nam,Actived,
1800,50315049,Xã Đồng Dương,Xã,Thành phố Đà Nẵng,Việt Nam,Actived,
1801,50317050,Xã Quế Sơn Trung,Xã,Thành phố Đà Nẵng,Việt Nam,Actived,
1802,50317051,Xã Quế Sơn,Xã,Thành phố Đà Nẵng,Việt Nam,Actived,
1803,50317052,Xã Xuân Phú,Xã,Thành phố Đà Nẵng,Việt Nam,Actived,
1804,50317053,Xã Nông Sơn,Xã,Thành phố Đà Nẵng,Việt Nam,Actived,
1805,50317054,Xã Quế Phước,Xã,Thành phố Đà Nẵng,Việt Nam,Actived,
1806,50311055,Xã Duy Nghĩa,Xã,Thành phố Đà Nẵng,Việt Nam,Actived,
1807,50311056,Xã Nam Phước,Xã,Thành phố Đà Nẵng,Việt Nam,Actived,
1808,50311057,Xã Duy Xuyên,Xã,Thành phố Đà Nẵng,Việt Nam,Actived,
1809,50311058,Xã Thu Bồn,Xã,Thành phố Đà Nẵng,Việt Nam,Actived,
1810,50309059,Phường Điện Bàn,Phường,Thành phố Đà Nẵng,Việt Nam,Actived,
1811,50309060,Phường Điện Bàn Đông,Phường,Thành phố Đà Nẵng,Việt Nam,Actived,
1812,50309061,Phường An Thắng,Phường,Thành phố Đà Nẵng,Việt Nam,Actived,
1813,50309062,Phường Điện Bàn Bắc,Phường,Thành phố Đà Nẵng,Việt Nam,Actived,
1814,50309063,Xã Điện Bàn Tây,Xã,Thành phố Đà Nẵng,Việt Nam,Actived,
1815,50309064,Xã Gò Nổi,Xã,Thành phố Đà Nẵng,Việt Nam,Actived,
1816,50303065,Phường Hội An,Phường,Thành phố Đà Nẵng,Việt Nam,Actived,
1817,50303066,Phường Hội An Đông,Phường,Thành phố Đà Nẵng,Việt Nam,Actived,
1818,50303067,Phường Hội An Tây,Phường,Thành phố Đà Nẵng,Việt Nam,Actived,
1819,50303068,Xã Tân Hiệp,Xã,Thành phố Đà Nẵng,Việt Nam,Actived,
1820,50307069,Xã Đại Lộc,Xã,Thành phố Đà Nẵng,Việt Nam,Actived,
1821,50307070,Xã Hà Nha,Xã,Thành phố Đà Nẵng,Việt Nam,Actived,
1822,50307071,Xã Thượng Đức,Xã,Thành phố Đà Nẵng,Việt Nam,Actived,
1823,50307072,Xã Vu Gia,Xã,Thành phố Đà Nẵng,Việt Nam,Actived,
1824,50307073,Xã Phú Thuận,Xã,Thành phố Đà Nẵng,Việt Nam,Actived,
1825,50313074,Xã Thạnh Mỹ,Xã,Thành phố Đà Nẵng,Việt Nam,Actived,
1826,50313075,Xã Bến Giằng,Xã,Thành phố Đà Nẵng,Việt Nam,Actived,
1827,50313076,Xã Nam Giang,Xã,Thành phố Đà Nẵng,Việt Nam,Actived,
1828,50313077,Xã Đắc Pring,Xã,Thành phố Đà Nẵng,Việt Nam,Actived,
1829,50313078,Xã La Dêê,Xã,Thành phố Đà Nẵng,Việt Nam,Actived,
1830,50313079,Xã La Êê,Xã,Thành phố Đà Nẵng,Việt Nam,Actived,
1831,50305080,Xã Sông Vàng,Xã,Thành phố Đà Nẵng,Việt Nam,Actived,
1832,50305081,Xã Sông Kôn,Xã,Thành phố Đà Nẵng,Việt Nam,Actived,
1833,50305082,Xã Đông Giang,Xã,Thành phố Đà Nẵng,Việt Nam,Actived,
1834,50305083,Xã Bến Hiên,Xã,Thành phố Đà Nẵng,Việt Nam,Actived,
1835,50304084,Xã Avương,Xã,Thành phố Đà Nẵng,Việt Nam,Actived,
1836,50304085,Xã Tây Giang,Xã,Thành phố Đà Nẵng,Việt Nam,Actived,
1837,50304086,Xã Hùng Sơn,Xã,Thành phố Đà Nẵng,Việt Nam,Actived,
1838,50319087,Xã Hiệp Đức,Xã,Thành phố Đà Nẵng,Việt Nam,Actived,
1839,50319088,Xã Việt An,Xã,Thành phố Đà Nẵng,Việt Nam,Actived,
1840,50319089,Xã Phước Trà,Xã,Thành phố Đà Nẵng,Việt Nam,Actived,
1841,50323090,Xã Khâm Đức,Xã,Thành phố Đà Nẵng,Việt Nam,Actived,
1842,50323091,Xã Phước Năng,Xã,Thành phố Đà Nẵng,Việt Nam,Actived,
1843,50323092,Xã Phước Chánh,Xã,Thành phố Đà Nẵng,Việt Nam,Actived,
1844,50323093,Xã Phước Thành,Xã,Thành phố Đà Nẵng,Việt Nam,Actived,
1845,50323094,Xã Phước Hiệp,Xã,Thành phố Đà Nẵng,Việt Nam,Actived,
1846,50501001,Xã Tịnh Khê,Xã,Tỉnh Quãng Ngãi,Việt Nam,Actived,
1847,50501002,Phường Trương Quang Trọng,Phường,Tỉnh Quãng Ngãi,Việt Nam,Actived,
1848,50501003,Xã An Phú,Xã,Tỉnh Quãng Ngãi,Việt Nam,Actived,
1849,50501004,Phường Cẩm Thành,Phường,Tỉnh Quãng Ngãi,Việt Nam,Actived,
1850,50501005,Phường Nghĩa Lộ,Phường,Tỉnh Quãng Ngãi,Việt Nam,Actived,
1851,50523006,Phường Trà Câu,Phường,Tỉnh Quãng Ngãi,Việt Nam,Actived,
1852,50523007,Xã Nguyễn Nghiêm,Xã,Tỉnh Quãng Ngãi,Việt Nam,Actived,
1853,50523008,Phường Đức Phổ,Phường,Tỉnh Quãng Ngãi,Việt Nam,Actived,
1854,50523009,Xã Khánh Cường,Xã,Tỉnh Quãng Ngãi,Việt Nam,Actived,
1855,50523010,Phường Sa Huỳnh,Phường,Tỉnh Quãng Ngãi,Việt Nam,Actived,
1856,50505011,Xã Bình Minh,Xã,Tỉnh Quãng Ngãi,Việt Nam,Actived,
1857,50505012,Xã Bình Chương,Xã,Tỉnh Quãng Ngãi,Việt Nam,Actived,
1858,50505013,Xã Bình Sơn,Xã,Tỉnh Quãng Ngãi,Việt Nam,Actived,
1859,50505014,Xã Vạn Tường,Xã,Tỉnh Quãng Ngãi,Việt Nam,Actived,
1860,50505015,Xã Đông Sơn,Xã,Tỉnh Quãng Ngãi,Việt Nam,Actived,
1861,50509016,Xã Trường Giang,Xã,Tỉnh Quãng Ngãi,Việt Nam,Actived,
1862,50509017,Xã Ba Gia,Xã,Tỉnh Quãng Ngãi,Việt Nam,Actived,
1863,50509018,Xã Sơn Tịnh,Xã,Tỉnh Quãng Ngãi,Việt Nam,Actived,
1864,50509019,Xã Thọ Phong,Xã,Tỉnh Quãng Ngãi,Việt Nam,Actived,
1865,50515020,Xã Tư Nghĩa,Xã,Tỉnh Quãng Ngãi,Việt Nam,Actived,
1866,50515021,Xã Vệ Giang,Xã,Tỉnh Quãng Ngãi,Việt Nam,Actived,
1867,50515022,Xã Nghĩa Giang,Xã,Tỉnh Quãng Ngãi,Việt Nam,Actived,
1868,50515023,Xã Trà Giang,Xã,Tỉnh Quãng Ngãi,Việt Nam,Actived,
1869,50517024,Xã Nghĩa Hành,Xã,Tỉnh Quãng Ngãi,Việt Nam,Actived,
1870,50517025,Xã Đình Cương,Xã,Tỉnh Quãng Ngãi,Việt Nam,Actived,
1871,50517026,Xã Thiện Tín,Xã,Tỉnh Quãng Ngãi,Việt Nam,Actived,
1872,50517027,Xã Phước Giang,Xã,Tỉnh Quãng Ngãi,Việt Nam,Actived,
1873,50521028,Xã Long Phụng,Xã,Tỉnh Quãng Ngãi,Việt Nam,Actived,
1874,50521029,Xã Mỏ Cày,Xã,Tỉnh Quãng Ngãi,Việt Nam,Actived,
1875,50521030,Xã Mộ Đức,Xã,Tỉnh Quãng Ngãi,Việt Nam,Actived,
1876,50521031,Xã Lân Phong,Xã,Tỉnh Quãng Ngãi,Việt Nam,Actived,
1877,50507032,Xã Trà Bồng,Xã,Tỉnh Quãng Ngãi,Việt Nam,Actived,
1878,50507033,Xã Đông Trà Bồng,Xã,Tỉnh Quãng Ngãi,Việt Nam,Actived,
1879,50507034,Xã Tây Trà,Xã,Tỉnh Quãng Ngãi,Việt Nam,Actived,
1880,50507035,Xã Thanh Bồng,Xã,Tỉnh Quãng Ngãi,Việt Nam,Actived,
1881,50507036,Xã Cà Đam,Xã,Tỉnh Quãng Ngãi,Việt Nam,Actived,
1882,50507037,Xã Tây Trà Bồng,Xã,Tỉnh Quãng Ngãi,Việt Nam,Actived,
1883,50513038,Xã Sơn Hạ,Xã,Tỉnh Quãng Ngãi,Việt Nam,Actived,
1884,50513039,Xã Sơn Linh,Xã,Tỉnh Quãng Ngãi,Việt Nam,Actived,
1885,50513040,Xã Sơn Hà,Xã,Tỉnh Quãng Ngãi,Việt Nam,Actived,
1886,50513041,Xã Sơn Thủy,Xã,Tỉnh Quãng Ngãi,Việt Nam,Actived,
1887,50513042,Xã Sơn Kỳ,Xã,Tỉnh Quãng Ngãi,Việt Nam,Actived,
1888,50511043,Xã Sơn Tây,Xã,Tỉnh Quãng Ngãi,Việt Nam,Actived,
1889,50511044,Xã Sơn Tây Thượng,Xã,Tỉnh Quãng Ngãi,Việt Nam,Actived,
1890,50511045,Xã Sơn Tây Hạ,Xã,Tỉnh Quãng Ngãi,Việt Nam,Actived,
1891,50519046,Xã Minh Long,Xã,Tỉnh Quãng Ngãi,Việt Nam,Actived,
1892,50519047,Xã Sơn Mai,Xã,Tỉnh Quãng Ngãi,Việt Nam,Actived,
1893,50525048,Xã Ba Vì,Xã,Tỉnh Quãng Ngãi,Việt Nam,Actived,
1894,50525049,Xã Ba Tô,Xã,Tỉnh Quãng Ngãi,Việt Nam,Actived,
1895,50525050,Xã Ba Dinh,Xã,Tỉnh Quãng Ngãi,Việt Nam,Actived,
1896,50525051,Xã Ba Tơ,Xã,Tỉnh Quãng Ngãi,Việt Nam,Actived,
1897,50525052,Xã Ba Vinh,Xã,Tỉnh Quãng Ngãi,Việt Nam,Actived,
1898,50525053,Xã Ba Động,Xã,Tỉnh Quãng Ngãi,Việt Nam,Actived,
1899,50525054,Xã Đặng Thùy Trâm,Xã,Tỉnh Quãng Ngãi,Việt Nam,Actived,
1900,50525055,Xã Ba Xa,Xã,Tỉnh Quãng Ngãi,Việt Nam,Actived,
1901,50503056,Đặc khu Lý Sơn,Đặc khu,Tỉnh Quãng Ngãi,Việt Nam,Actived,
1902,60101057,Phường Kon Tum,Phường,Tỉnh Quãng Ngãi,Việt Nam,Actived,
1903,60101058,Phường Đăk Cấm,Phường,Tỉnh Quãng Ngãi,Việt Nam,Actived,
1904,60101059,Phường Đăk BLa,Phường,Tỉnh Quãng Ngãi,Việt Nam,Actived,
1905,60101060,Xã Ngọk Bay,Xã,Tỉnh Quãng Ngãi,Việt Nam,Actived,
1906,60101061,Xã Ia Chim,Xã,Tỉnh Quãng Ngãi,Việt Nam,Actived,
1907,60101062,Xã Đăk Rơ Wa,Xã,Tỉnh Quãng Ngãi,Việt Nam,Actived,
1908,60111063,Xã Đăk Pxi,Xã,Tỉnh Quãng Ngãi,Việt Nam,Actived,
1909,60111064,Xã Đăk Mar,Xã,Tỉnh Quãng Ngãi,Việt Nam,Actived,
1910,60111065,Xã Đăk Ui,Xã,Tỉnh Quãng Ngãi,Việt Nam,Actived,
1911,60111066,Xã Ngọk Réo,Xã,Tỉnh Quãng Ngãi,Việt Nam,Actived,
1912,60111067,Xã Đăk Hà,Xã,Tỉnh Quãng Ngãi,Việt Nam,Actived,
1913,60107068,Xã Ngọk Tụ,Xã,Tỉnh Quãng Ngãi,Việt Nam,Actived,
1914,60107069,Xã Đăk Tô,Xã,Tỉnh Quãng Ngãi,Việt Nam,Actived,
1915,60107070,Xã Kon Đào,Xã,Tỉnh Quãng Ngãi,Việt Nam,Actived,
1916,60115071,Xã Đăk Sao,Xã,Tỉnh Quãng Ngãi,Việt Nam,Actived,
1917,60115072,Xã Đăk Tờ Kan,Xã,Tỉnh Quãng Ngãi,Việt Nam,Actived,
1918,60115073,Xã Tu Mơ Rông,Xã,Tỉnh Quãng Ngãi,Việt Nam,Actived,
1919,60115074,Xã Măng Ri,Xã,Tỉnh Quãng Ngãi,Việt Nam,Actived,
1920,60105075,Xã Bờ Y,Xã,Tỉnh Quãng Ngãi,Việt Nam,Actived,
1921,60105076,Xã Sa Loong,Xã,Tỉnh Quãng Ngãi,Việt Nam,Actived,
1922,60105077,Xã Dục Nông,Xã,Tỉnh Quãng Ngãi,Việt Nam,Actived,
1923,60103078,Xã Xốp,Xã,Tỉnh Quãng Ngãi,Việt Nam,Actived,
1924,60103079,Xã Ngọc Linh,Xã,Tỉnh Quãng Ngãi,Việt Nam,Actived,
1925,60103080,Xã Đăk Plô,Xã,Tỉnh Quãng Ngãi,Việt Nam,Actived,
1926,60103081,Xã Đăk Pék,Xã,Tỉnh Quãng Ngãi,Việt Nam,Actived,
1927,60103082,Xã Đăk Môn,Xã,Tỉnh Quãng Ngãi,Việt Nam,Actived,
1928,60113083,Xã Sa Thầy,Xã,Tỉnh Quãng Ngãi,Việt Nam,Actived,
1929,60113084,Xã Sa Bình,Xã,Tỉnh Quãng Ngãi,Việt Nam,Actived,
1930,60113085,Xã Ya Ly,Xã,Tỉnh Quãng Ngãi,Việt Nam,Actived,
1931,60114086,Xã Ia Tơi,Xã,Tỉnh Quãng Ngãi,Việt Nam,Actived,
1932,60108087,Xã Đăk Kôi,Xã,Tỉnh Quãng Ngãi,Việt Nam,Actived,
1933,60108088,Xã Kon Braih,Xã,Tỉnh Quãng Ngãi,Việt Nam,Actived,
1934,60108089,Xã Đăk Rve,Xã,Tỉnh Quãng Ngãi,Việt Nam,Actived,
1935,60109090,Xã Măng Đen,Xã,Tỉnh Quãng Ngãi,Việt Nam,Actived,
1936,60109091,Xã Măng Bút,Xã,Tỉnh Quãng Ngãi,Việt Nam,Actived,
1937,60109092,Xã Kon Plông,Xã,Tỉnh Quãng Ngãi,Việt Nam,Actived,
1938,60103093,Xã Đăk Long,Xã,Tỉnh Quãng Ngãi,Việt Nam,Actived,
1939,60113094,Xã Rờ Kơi,Xã,Tỉnh Quãng Ngãi,Việt Nam,Actived,
1940,60113095,Xã Mô Rai,Xã,Tỉnh Quãng Ngãi,Việt Nam,Actived,
1941,60114096,Xã Ia Đal,Xã,Tỉnh Quãng Ngãi,Việt Nam,Actived,
1942,51101001,Phường Nha Trang,Phường,Tỉnh Khánh Hòa,Việt Nam,Actived,
1943,51101002,Phường Bắc Nha Trang,Phường,Tỉnh Khánh Hòa,Việt Nam,Actived,
1944,51101003,Phường Tây Nha Trang,Phường,Tỉnh Khánh Hòa,Việt Nam,Actived,
1945,51101004,Phường Nam Nha Trang,Phường,Tỉnh Khánh Hòa,Việt Nam,Actived,
1946,51109005,Phường Bắc Cam Ranh,Phường,Tỉnh Khánh Hòa,Việt Nam,Actived,
1947,51109006,Phường Cam Ranh,Phường,Tỉnh Khánh Hòa,Việt Nam,Actived,
1948,51109007,Phường Cam Linh,Phường,Tỉnh Khánh Hòa,Việt Nam,Actived,
1949,51109008,Phường Ba Ngòi,Phường,Tỉnh Khánh Hòa,Việt Nam,Actived,
1950,51109009,Xã Nam Cam Ranh,Xã,Tỉnh Khánh Hòa,Việt Nam,Actived,
1951,51105010,Xã Bắc Ninh Hoà,Xã,Tỉnh Khánh Hòa,Việt Nam,Actived,
1952,51105011,Phường Ninh Hoà,Phường,Tỉnh Khánh Hòa,Việt Nam,Actived,
1953,51105012,Xã Tân Định,Xã,Tỉnh Khánh Hòa,Việt Nam,Actived,
1954,51105013,Phường Đông Ninh Hoà,Phường,Tỉnh Khánh Hòa,Việt Nam,Actived,
1955,51105014,Phường Hoà Thắng,Phường,Tỉnh Khánh Hòa,Việt Nam,Actived,
1956,51105015,Xã Nam Ninh Hoà,Xã,Tỉnh Khánh Hòa,Việt Nam,Actived,
1957,51105016,Xã Tây Ninh Hoà,Xã,Tỉnh Khánh Hòa,Việt Nam,Actived,
1958,51105017,Xã Hoà Trí,Xã,Tỉnh Khánh Hòa,Việt Nam,Actived,
1959,51103018,Xã Đại Lãnh,Xã,Tỉnh Khánh Hòa,Việt Nam,Actived,
1960,51103019,Xã Tu Bông,Xã,Tỉnh Khánh Hòa,Việt Nam,Actived,
1961,51103020,Xã Vạn Thắng,Xã,Tỉnh Khánh Hòa,Việt Nam,Actived,
1962,51103021,Xã Vạn Ninh,Xã,Tỉnh Khánh Hòa,Việt Nam,Actived,
1963,51103022,Xã Vạn Hưng,Xã,Tỉnh Khánh Hòa,Việt Nam,Actived,
1964,51107023,Xã Diên Khánh,Xã,Tỉnh Khánh Hòa,Việt Nam,Actived,
1965,51107024,Xã Diên Lạc,Xã,Tỉnh Khánh Hòa,Việt Nam,Actived,
1966,51107025,Xã Diên Điền,Xã,Tỉnh Khánh Hòa,Việt Nam,Actived,
1967,51107026,Xã Diên Lâm,Xã,Tỉnh Khánh Hòa,Việt Nam,Actived,
1968,51107027,Xã Diên Thọ,Xã,Tỉnh Khánh Hòa,Việt Nam,Actived,
1969,51107028,Xã Suối Hiệp,Xã,Tỉnh Khánh Hòa,Việt Nam,Actived,
1970,51117029,Xã Cam Lâm,Xã,Tỉnh Khánh Hòa,Việt Nam,Actived,
1971,51117030,Xã Suối Dầu,Xã,Tỉnh Khánh Hòa,Việt Nam,Actived,
1972,51117031,Xã Cam Hiệp,Xã,Tỉnh Khánh Hòa,Việt Nam,Actived,
1973,51117032,Xã Cam An,Xã,Tỉnh Khánh Hòa,Việt Nam,Actived,
1974,51111033,Xã Bắc Khánh Vĩnh,Xã,Tỉnh Khánh Hòa,Việt Nam,Actived,
1975,51111034,Xã Trung Khánh Vĩnh,Xã,Tỉnh Khánh Hòa,Việt Nam,Actived,
1976,51111035,Xã Tây Khánh Vĩnh,Xã,Tỉnh Khánh Hòa,Việt Nam,Actived,
1977,51111036,Xã Nam Khánh Vĩnh,Xã,Tỉnh Khánh Hòa,Việt Nam,Actived,
1978,51111037,Xã Khánh Vĩnh,Xã,Tỉnh Khánh Hòa,Việt Nam,Actived,
1979,51113038,Xã Khánh Sơn,Xã,Tỉnh Khánh Hòa,Việt Nam,Actived,
1980,51113039,Xã Tây Khánh Sơn,Xã,Tỉnh Khánh Hòa,Việt Nam,Actived,
1981,51113040,Xã Đông Khánh Sơn,Xã,Tỉnh Khánh Hòa,Việt Nam,Actived,
1982,51115041,Đặc khu Trường Sa,Đặc khu,Tỉnh Khánh Hòa,Việt Nam,Actived,
1983,70501042,Phường Phan Rang,Phường,Tỉnh Khánh Hòa,Việt Nam,Actived,
1984,70501043,Phường Đông Hải,Phường,Tỉnh Khánh Hòa,Việt Nam,Actived,
1985,70505044,Phường Ninh Chử,Phường,Tỉnh Khánh Hòa,Việt Nam,Actived,
1986,70501045,Phường Bảo An,Phường,Tỉnh Khánh Hòa,Việt Nam,Actived,
1987,70501046,Phường Đô Vinh,Phường,Tỉnh Khánh Hòa,Việt Nam,Actived,
1988,70507047,Xã Ninh Phước,Xã,Tỉnh Khánh Hòa,Việt Nam,Actived,
1989,70507048,Xã Phước Hữu,Xã,Tỉnh Khánh Hòa,Việt Nam,Actived,
1990,70507049,Xã Phước Hậu,Xã,Tỉnh Khánh Hòa,Việt Nam,Actived,
1991,70513050,Xã Thuận Nam,Xã,Tỉnh Khánh Hòa,Việt Nam,Actived,
1992,70513051,Xã Cà Ná,Xã,Tỉnh Khánh Hòa,Việt Nam,Actived,
1993,70513052,Xã Phước Hà,Xã,Tỉnh Khánh Hòa,Việt Nam,Actived,
1994,70513053,Xã Phước Dinh,Xã,Tỉnh Khánh Hòa,Việt Nam,Actived,
1995,70505054,Xã Ninh Hải,Xã,Tỉnh Khánh Hòa,Việt Nam,Actived,
1996,70505055,Xã Xuân Hải,Xã,Tỉnh Khánh Hòa,Việt Nam,Actived,
1997,70505056,Xã Vĩnh Hải,Xã,Tỉnh Khánh Hòa,Việt Nam,Actived,
1998,70511057,Xã Thuận Bắc,Xã,Tỉnh Khánh Hòa,Việt Nam,Actived,
1999,70511058,Xã Công Hải,Xã,Tỉnh Khánh Hòa,Việt Nam,Actived,
2000,70503059,Xã Ninh Sơn,Xã,Tỉnh Khánh Hòa,Việt Nam,Actived,
2001,70503060,Xã Lâm Sơn,Xã,Tỉnh Khánh Hòa,Việt Nam,Actived,
2002,70503061,Xã Anh Dũng,Xã,Tỉnh Khánh Hòa,Việt Nam,Actived,
2003,70503062,Xã Mỹ Sơn,Xã,Tỉnh Khánh Hòa,Việt Nam,Actived,
2004,70509063,Xã Bác Ái Đông,Xã,Tỉnh Khánh Hòa,Việt Nam,Actived,
2005,70509064,Xã Bác Ái,Xã,Tỉnh Khánh Hòa,Việt Nam,Actived,
2006,70509065,Xã Bác Ái Tây,Xã,Tỉnh Khánh Hòa,Việt Nam,Actived,
2007,50701001,Phường Quy Nhơn,Phường,Tỉnh Gia Lai,Việt Nam,Actived,
2008,50701002,Phường Quy Nhơn Đông,Phường,Tỉnh Gia Lai,Việt Nam,Actived,
2009,50701003,Phường Quy Nhơn Tây,Phường,Tỉnh Gia Lai,Việt Nam,Actived,
2010,50701004,Phường Quy Nhơn Nam,Phường,Tỉnh Gia Lai,Việt Nam,Actived,
2011,50701005,Phường Quy Nhơn Bắc,Phường,Tỉnh Gia Lai,Việt Nam,Actived,
2012,50717006,Phường Bình Định,Phường,Tỉnh Gia Lai,Việt Nam,Actived,
2013,50717007,Phường An Nhơn,Phường,Tỉnh Gia Lai,Việt Nam,Actived,
2014,50717008,Phường An Nhơn Đông,Phường,Tỉnh Gia Lai,Việt Nam,Actived,
2015,50717009,Phường An Nhơn Nam,Phường,Tỉnh Gia Lai,Việt Nam,Actived,
2016,50717010,Phường An Nhơn Bắc,Phường,Tỉnh Gia Lai,Việt Nam,Actived,
2017,50717011,Xã An Nhơn Tây,Xã,Tỉnh Gia Lai,Việt Nam,Actived,
2018,50705012,Phường Bồng Sơn,Phường,Tỉnh Gia Lai,Việt Nam,Actived,
2019,50705013,Phường Hoài Nhơn,Phường,Tỉnh Gia Lai,Việt Nam,Actived,
2020,50705014,Phường Tam Quan,Phường,Tỉnh Gia Lai,Việt Nam,Actived,
2021,50705015,Phường Hoài Nhơn Đông,Phường,Tỉnh Gia Lai,Việt Nam,Actived,
2022,50705016,Phường Hoài Nhơn Tây,Phường,Tỉnh Gia Lai,Việt Nam,Actived,
2023,50705017,Phường Hoài Nhơn Nam,Phường,Tỉnh Gia Lai,Việt Nam,Actived,
2024,50705018,Phường Hoài Nhơn Bắc,Phường,Tỉnh Gia Lai,Việt Nam,Actived,
2025,50713019,Xã Phù Cát,Xã,Tỉnh Gia Lai,Việt Nam,Actived,
2026,50713020,Xã Xuân An,Xã,Tỉnh Gia Lai,Việt Nam,Actived,
2027,50713021,Xã Ngô Mây,Xã,Tỉnh Gia Lai,Việt Nam,Actived,
2028,50713022,Xã Cát Tiến,Xã,Tỉnh Gia Lai,Việt Nam,Actived,
2029,50713023,Xã Đề Gi,Xã,Tỉnh Gia Lai,Việt Nam,Actived,
2030,50713024,Xã Hoà Hội,Xã,Tỉnh Gia Lai,Việt Nam,Actived,
2031,50713025,Xã Hội Sơn,Xã,Tỉnh Gia Lai,Việt Nam,Actived,
2032,50709026,Xã Phù Mỹ,Xã,Tỉnh Gia Lai,Việt Nam,Actived,
2033,50709027,Xã An Lương,Xã,Tỉnh Gia Lai,Việt Nam,Actived,
2034,50709028,Xã Bình Dương,Xã,Tỉnh Gia Lai,Việt Nam,Actived,
2035,50709029,Xã Phù Mỹ Đông,Xã,Tỉnh Gia Lai,Việt Nam,Actived,
2036,50709030,Xã Phù Mỹ Tây,Xã,Tỉnh Gia Lai,Việt Nam,Actived,
2037,50709031,Xã Phù Mỹ Nam,Xã,Tỉnh Gia Lai,Việt Nam,Actived,
2038,50709032,Xã Phù Mỹ Bắc,Xã,Tỉnh Gia Lai,Việt Nam,Actived,
2039,50719033,Xã Tuy Phước,Xã,Tỉnh Gia Lai,Việt Nam,Actived,
2040,50719034,Xã Tuy Phước Đông,Xã,Tỉnh Gia Lai,Việt Nam,Actived,
2041,50719035,Xã Tuy Phước Tây,Xã,Tỉnh Gia Lai,Việt Nam,Actived,
2042,50719036,Xã Tuy Phước Bắc,Xã,Tỉnh Gia Lai,Việt Nam,Actived,
2043,50715037,Xã Tây Sơn,Xã,Tỉnh Gia Lai,Việt Nam,Actived,
2044,50715038,Xã Bình Khê,Xã,Tỉnh Gia Lai,Việt Nam,Actived,
2045,50715039,Xã Bình Phú,Xã,Tỉnh Gia Lai,Việt Nam,Actived,
2046,50715040,Xã Bình Hiệp,Xã,Tỉnh Gia Lai,Việt Nam,Actived,
2047,50715041,Xã Bình An,Xã,Tỉnh Gia Lai,Việt Nam,Actived,
2048,50707042,Xã Hoài Ân,Xã,Tỉnh Gia Lai,Việt Nam,Actived,
2049,50707043,Xã Ân Tường,Xã,Tỉnh Gia Lai,Việt Nam,Actived,
2050,50707044,Xã Kim Sơn,Xã,Tỉnh Gia Lai,Việt Nam,Actived,
2051,50707045,Xã Vạn Đức,Xã,Tỉnh Gia Lai,Việt Nam,Actived,
2052,50707046,Xã Ân Hảo,Xã,Tỉnh Gia Lai,Việt Nam,Actived,
2053,50721047,Xã Vân Canh,Xã,Tỉnh Gia Lai,Việt Nam,Actived,
2054,50721048,Xã Canh Vinh,Xã,Tỉnh Gia Lai,Việt Nam,Actived,
2055,50721049,Xã Canh Liên,Xã,Tỉnh Gia Lai,Việt Nam,Actived,
2056,50711050,Xã Vĩnh Thạnh,Xã,Tỉnh Gia Lai,Việt Nam,Actived,
2057,50711051,Xã Vĩnh Thịnh,Xã,Tỉnh Gia Lai,Việt Nam,Actived,
2058,50711052,Xã Vĩnh Quang,Xã,Tỉnh Gia Lai,Việt Nam,Actived,
2059,50711053,Xã Vĩnh Sơn,Xã,Tỉnh Gia Lai,Việt Nam,Actived,
2060,50703054,Xã An Hoà,Xã,Tỉnh Gia Lai,Việt Nam,Actived,
2061,50703055,Xã An Lão,Xã,Tỉnh Gia Lai,Việt Nam,Actived,
2062,50703056,Xã An Vinh,Xã,Tỉnh Gia Lai,Việt Nam,Actived,
2063,50703057,Xã An Toàn,Xã,Tỉnh Gia Lai,Việt Nam,Actived,
2064,60301058,Phường Pleiku,Phường,Tỉnh Gia Lai,Việt Nam,Actived,
2065,60301059,Phường Hội Phú,Phường,Tỉnh Gia Lai,Việt Nam,Actived,
2066,60301060,Phường Thống Nhất,Phường,Tỉnh Gia Lai,Việt Nam,Actived,
2067,60301061,Phường Diên Hồng,Phường,Tỉnh Gia Lai,Việt Nam,Actived,
2068,60301062,Phường An Phú,Phường,Tỉnh Gia Lai,Việt Nam,Actived,
2069,60301063,Xã Biển Hồ,Xã,Tỉnh Gia Lai,Việt Nam,Actived,
2070,60301064,Xã Gào,Xã,Tỉnh Gia Lai,Việt Nam,Actived,
2071,60307065,Xã Ia Ly,Xã,Tỉnh Gia Lai,Việt Nam,Actived,
2072,60307066,Xã Chư Păh,Xã,Tỉnh Gia Lai,Việt Nam,Actived,
2073,60307067,Xã Ia Khươl,Xã,Tỉnh Gia Lai,Việt Nam,Actived,
2074,60307068,Xã Ia Phí,Xã,Tỉnh Gia Lai,Việt Nam,Actived,
2075,60317069,Xã Chư Prông,Xã,Tỉnh Gia Lai,Việt Nam,Actived,
2076,60317070,Xã Bàu Cạn,Xã,Tỉnh Gia Lai,Việt Nam,Actived,
2077,60317071,Xã Ia Boòng,Xã,Tỉnh Gia Lai,Việt Nam,Actived,
2078,60317072,Xã Ia Lâu,Xã,Tỉnh Gia Lai,Việt Nam,Actived,
2079,60317073,Xã Ia Pia,Xã,Tỉnh Gia Lai,Việt Nam,Actived,
2080,60317074,Xã Ia Tôr,Xã,Tỉnh Gia Lai,Việt Nam,Actived,
2081,60319075,Xã Chư Sê,Xã,Tỉnh Gia Lai,Việt Nam,Actived,
2082,60319076,Xã Bờ Ngoong,Xã,Tỉnh Gia Lai,Việt Nam,Actived,
2083,60319077,Xã Ia Ko,Xã,Tỉnh Gia Lai,Việt Nam,Actived,
2084,60319078,Xã Albá,Xã,Tỉnh Gia Lai,Việt Nam,Actived,
2085,60331079,Xã Chư Pưh,Xã,Tỉnh Gia Lai,Việt Nam,Actived,
2086,60331080,Xã Ia Le,Xã,Tỉnh Gia Lai,Việt Nam,Actived,
2087,60331081,Xã Ia Hrú,Xã,Tỉnh Gia Lai,Việt Nam,Actived,
2088,60311082,Phường An Khê,Phường,Tỉnh Gia Lai,Việt Nam,Actived,
2089,60311083,Phường An Bình,Phường,Tỉnh Gia Lai,Việt Nam,Actived,
2090,60311084,Xã Cửu An,Xã,Tỉnh Gia Lai,Việt Nam,Actived,
2091,60327085,Xã Đak Pơ,Xã,Tỉnh Gia Lai,Việt Nam,Actived,
2092,60327086,Xã Ya Hội,Xã,Tỉnh Gia Lai,Việt Nam,Actived,
2093,60303087,Xã Kbang,Xã,Tỉnh Gia Lai,Việt Nam,Actived,
2094,60303088,Xã Kông Bơ La,Xã,Tỉnh Gia Lai,Việt Nam,Actived,
2095,60303089,Xã Tơ Tung,Xã,Tỉnh Gia Lai,Việt Nam,Actived,
2096,60303090,Xã Sơn Lang,Xã,Tỉnh Gia Lai,Việt Nam,Actived,
2097,60303091,Xã Đak Rong,Xã,Tỉnh Gia Lai,Việt Nam,Actived,
2098,60313092,Xã Kông Chro,Xã,Tỉnh Gia Lai,Việt Nam,Actived,
2099,60313093,Xã Ya Ma,Xã,Tỉnh Gia Lai,Việt Nam,Actived,
2100,60313094,Xã Chư Krey,Xã,Tỉnh Gia Lai,Việt Nam,Actived,
2101,60313095,Xã SRó,Xã,Tỉnh Gia Lai,Việt Nam,Actived,
2102,60313096,Xã Đăk Song,Xã,Tỉnh Gia Lai,Việt Nam,Actived,
2103,60313097,Xã Chơ Long,Xã,Tỉnh Gia Lai,Việt Nam,Actived,
2104,60321098,Phường Ayun Pa,Phường,Tỉnh Gia Lai,Việt Nam,Actived,
2105,60321099,Xã Ia Rbol,Xã,Tỉnh Gia Lai,Việt Nam,Actived,
2106,60321100,Xã Ia Sao,Xã,Tỉnh Gia Lai,Việt Nam,Actived,
2107,60329101,Xã Phú Thiện,Xã,Tỉnh Gia Lai,Việt Nam,Actived,
2108,60329102,Xã Chư A Thai,Xã,Tỉnh Gia Lai,Việt Nam,Actived,
2109,60329103,Xã Ia Hiao,Xã,Tỉnh Gia Lai,Việt Nam,Actived,
2110,60320104,Xã Pờ Tó,Xã,Tỉnh Gia Lai,Việt Nam,Actived,
2111,60320105,Xã Ia Pa,Xã,Tỉnh Gia Lai,Việt Nam,Actived,
2112,60320106,Xã Ia Tul,Xã,Tỉnh Gia Lai,Việt Nam,Actived,
2113,60323107,Xã Phú Túc,Xã,Tỉnh Gia Lai,Việt Nam,Actived,
2114,60323108,Xã Ia Dreh,Xã,Tỉnh Gia Lai,Việt Nam,Actived,
2115,60323109,Xã Ia Rsai,Xã,Tỉnh Gia Lai,Việt Nam,Actived,
2116,60323110,Xã Uar,Xã,Tỉnh Gia Lai,Việt Nam,Actived,
2117,60325111,Xã Đak Đoa,Xã,Tỉnh Gia Lai,Việt Nam,Actived,
2118,60325112,Xã Kon Gang,Xã,Tỉnh Gia Lai,Việt Nam,Actived,
2119,60325113,Xã Ia Băng,Xã,Tỉnh Gia Lai,Việt Nam,Actived,
2120,60325114,Xã KDang,Xã,Tỉnh Gia Lai,Việt Nam,Actived,
2121,60325115,Xã Đak Sơmei,Xã,Tỉnh Gia Lai,Việt Nam,Actived,
2122,60305116,Xã Mang Yang,Xã,Tỉnh Gia Lai,Việt Nam,Actived,
2123,60305117,Xã Lơ Pang,Xã,Tỉnh Gia Lai,Việt Nam,Actived,
2124,60305118,Xã Kon Chiêng,Xã,Tỉnh Gia Lai,Việt Nam,Actived,
2125,60305119,Xã Hra,Xã,Tỉnh Gia Lai,Việt Nam,Actived,
2126,60305120,Xã Ayun,Xã,Tỉnh Gia Lai,Việt Nam,Actived,
2127,60309121,Xã Ia Grai,Xã,Tỉnh Gia Lai,Việt Nam,Actived,
2128,60309122,Xã Ia Krái,Xã,Tỉnh Gia Lai,Việt Nam,Actived,
2129,60309123,Xã Ia Hrung,Xã,Tỉnh Gia Lai,Việt Nam,Actived,
2130,60315124,Xã Đức Cơ,Xã,Tỉnh Gia Lai,Việt Nam,Actived,
2131,60315125,Xã Ia Dơk,Xã,Tỉnh Gia Lai,Việt Nam,Actived,
2132,60315126,Xã Ia Krêl,Xã,Tỉnh Gia Lai,Việt Nam,Actived,
2133,50701127,Xã Nhơn Châu,Xã,Tỉnh Gia Lai,Việt Nam,Actived,
2134,60317128,Xã Ia Púch,Xã,Tỉnh Gia Lai,Việt Nam,Actived,
2135,60317129,Xã Ia Mơ,Xã,Tỉnh Gia Lai,Việt Nam,Actived,
2136,60315130,Xã Ia Pnôn,Xã,Tỉnh Gia Lai,Việt Nam,Actived,
2137,60315131,Xã Ia Nan,Xã,Tỉnh Gia Lai,Việt Nam,Actived,
2138,60315132,Xã Ia Dom,Xã,Tỉnh Gia Lai,Việt Nam,Actived,
2139,60309133,Xã Ia Chia,Xã,Tỉnh Gia Lai,Việt Nam,Actived,
2140,60309134,Xã Ia O,Xã,Tỉnh Gia Lai,Việt Nam,Actived,
2141,60303135,Xã Krong,Xã,Tỉnh Gia Lai,Việt Nam,Actived,
2142,60501001,Xã Hoà Phú,Xã,Tỉnh Đắk Lắk,Việt Nam,Actived,
2143,60501002,Phường Buôn Ma Thuột,Phường,Tỉnh Đắk Lắk,Việt Nam,Actived,
2144,60501003,Phường Tân An,Phường,Tỉnh Đắk Lắk,Việt Nam,Actived,
2145,60501004,Phường Tân Lập,Phường,Tỉnh Đắk Lắk,Việt Nam,Actived,
2146,60501005,Phường Thành Nhất,Phường,Tỉnh Đắk Lắk,Việt Nam,Actived,
2147,60501006,Phường Ea Kao,Phường,Tỉnh Đắk Lắk,Việt Nam,Actived,
2148,60509007,Xã Ea Drông,Xã,Tỉnh Đắk Lắk,Việt Nam,Actived,
2149,60509008,Phường Buôn Hồ,Phường,Tỉnh Đắk Lắk,Việt Nam,Actived,
2150,60509009,Phường Cư Bao,Phường,Tỉnh Đắk Lắk,Việt Nam,Actived,
2151,60505010,Xã Ea Súp,Xã,Tỉnh Đắk Lắk,Việt Nam,Actived,
2152,60505011,Xã Ea Rốk,Xã,Tỉnh Đắk Lắk,Việt Nam,Actived,
2153,60505012,Xã Ea Bung,Xã,Tỉnh Đắk Lắk,Việt Nam,Actived,
2154,60505013,Xã Ia Rvê,Xã,Tỉnh Đắk Lắk,Việt Nam,Actived,
2155,60505014,Xã Ia Lốp,Xã,Tỉnh Đắk Lắk,Việt Nam,Actived,
2156,60511015,Xã Ea Wer,Xã,Tỉnh Đắk Lắk,Việt Nam,Actived,
2157,60511016,Xã Ea Nuôl,Xã,Tỉnh Đắk Lắk,Việt Nam,Actived,
2158,60511017,Xã Buôn Đôn,Xã,Tỉnh Đắk Lắk,Việt Nam,Actived,
2159,60513018,Xã Ea Kiết,Xã,Tỉnh Đắk Lắk,Việt Nam,Actived,
2160,60513019,Xã Ea M’Droh,Xã,Tỉnh Đắk Lắk,Việt Nam,Actived,
2161,60513020,Xã Quảng Phú,Xã,Tỉnh Đắk Lắk,Việt Nam,Actived,
2162,60513021,Xã Cuôr Đăng,Xã,Tỉnh Đắk Lắk,Việt Nam,Actived,
2163,60513022,Xã Cư M’gar,Xã,Tỉnh Đắk Lắk,Việt Nam,Actived,
2164,60513023,Xã Ea Tul,Xã,Tỉnh Đắk Lắk,Việt Nam,Actived,
2165,60539024,Xã Pơng Drang,Xã,Tỉnh Đắk Lắk,Việt Nam,Actived,
2166,60539025,Xã Krông Búk,Xã,Tỉnh Đắk Lắk,Việt Nam,Actived,
2167,60539026,Xã Cư Pơng,Xã,Tỉnh Đắk Lắk,Việt Nam,Actived,
2168,60503027,Xã Ea Khăl,Xã,Tỉnh Đắk Lắk,Việt Nam,Actived,
2169,60503028,Xã Ea Drăng,Xã,Tỉnh Đắk Lắk,Việt Nam,Actived,
2170,60503029,Xã Ea Wy,Xã,Tỉnh Đắk Lắk,Việt Nam,Actived,
2171,60503030,Xã Ea H’leo,Xã,Tỉnh Đắk Lắk,Việt Nam,Actived,
2172,60503031,Xã Ea Hiao,Xã,Tỉnh Đắk Lắk,Việt Nam,Actived,
2173,60507032,Xã Krông Năng,Xã,Tỉnh Đắk Lắk,Việt Nam,Actived,
2174,60507033,Xã Dliê Ya,Xã,Tỉnh Đắk Lắk,Việt Nam,Actived,
2175,60507034,Xã Tam Giang,Xã,Tỉnh Đắk Lắk,Việt Nam,Actived,
2176,60507035,Xã Phú Xuân,Xã,Tỉnh Đắk Lắk,Việt Nam,Actived,
2177,60519036,Xã Krông Pắc,Xã,Tỉnh Đắk Lắk,Việt Nam,Actived,
2178,60519037,Xã Ea Knuếc,Xã,Tỉnh Đắk Lắk,Việt Nam,Actived,
2179,60519038,Xã Tân Tiến,Xã,Tỉnh Đắk Lắk,Việt Nam,Actived,
2180,60519039,Xã Ea Phê,Xã,Tỉnh Đắk Lắk,Việt Nam,Actived,
2181,60519040,Xã Ea Kly,Xã,Tỉnh Đắk Lắk,Việt Nam,Actived,
2182,60519041,Xã Vụ Bổn,Xã,Tỉnh Đắk Lắk,Việt Nam,Actived,
2183,60515042,Xã Ea Kar,Xã,Tỉnh Đắk Lắk,Việt Nam,Actived,
2184,60515043,Xã Ea Ô,Xã,Tỉnh Đắk Lắk,Việt Nam,Actived,
2185,60515044,Xã Ea Knốp,Xã,Tỉnh Đắk Lắk,Việt Nam,Actived,
2186,60515045,Xã Cư Yang,Xã,Tỉnh Đắk Lắk,Việt Nam,Actived,
2187,60515046,Xã Ea Păl,Xã,Tỉnh Đắk Lắk,Việt Nam,Actived,
2188,60517047,Xã M’Drắk,Xã,Tỉnh Đắk Lắk,Việt Nam,Actived,
2189,60517048,Xã Ea Riêng,Xã,Tỉnh Đắk Lắk,Việt Nam,Actived,
2190,60517049,Xã Cư M’ta,Xã,Tỉnh Đắk Lắk,Việt Nam,Actived,
2191,60517050,Xã Krông Á,Xã,Tỉnh Đắk Lắk,Việt Nam,Actived,
2192,60517051,Xã Cư Prao,Xã,Tỉnh Đắk Lắk,Việt Nam,Actived,
2193,60517052,Xã Ea Trang,Xã,Tỉnh Đắk Lắk,Việt Nam,Actived,
2194,60525053,Xã Hoà Sơn,Xã,Tỉnh Đắk Lắk,Việt Nam,Actived,
2195,60525054,Xã Dang Kang,Xã,Tỉnh Đắk Lắk,Việt Nam,Actived,
2196,60525055,Xã Krông Bông,Xã,Tỉnh Đắk Lắk,Việt Nam,Actived,
2197,60525056,Xã Yang Mao,Xã,Tỉnh Đắk Lắk,Việt Nam,Actived,
2198,60525057,Xã Cư Pui,Xã,Tỉnh Đắk Lắk,Việt Nam,Actived,
2199,60531058,Xã Liên Sơn Lắk,Xã,Tỉnh Đắk Lắk,Việt Nam,Actived,
2200,60531059,Xã Đắk Liêng,Xã,Tỉnh Đắk Lắk,Việt Nam,Actived,
2201,60531060,Xã Nam Ka,Xã,Tỉnh Đắk Lắk,Việt Nam,Actived,
2202,60531061,Xã Đắk Phơi,Xã,Tỉnh Đắk Lắk,Việt Nam,Actived,
2203,60531062,Xã Krông Nô,Xã,Tỉnh Đắk Lắk,Việt Nam,Actived,
2204,60537063,Xã Ea Ning,Xã,Tỉnh Đắk Lắk,Việt Nam,Actived,
2205,60537064,Xã Dray Bhăng,Xã,Tỉnh Đắk Lắk,Việt Nam,Actived,
2206,60537065,Xã Ea Ktur,Xã,Tỉnh Đắk Lắk,Việt Nam,Actived,
2207,60523066,Xã Krông Ana,Xã,Tỉnh Đắk Lắk,Việt Nam,Actived,
2208,60523067,Xã Dur Kmăl,Xã,Tỉnh Đắk Lắk,Việt Nam,Actived,
2209,60523068,Xã Ea Na,Xã,Tỉnh Đắk Lắk,Việt Nam,Actived,
2210,50901069,Phường Tuy Hòa,Phường,Tỉnh Đắk Lắk,Việt Nam,Actived,
2211,50901070,Phường Phú Yên,Phường,Tỉnh Đắk Lắk,Việt Nam,Actived,
2212,50901071,Phường Bình Kiến,Phường,Tỉnh Đắk Lắk,Việt Nam,Actived,
2213,50905072,Xã Xuân Thọ,Xã,Tỉnh Đắk Lắk,Việt Nam,Actived,
2214,50905073,Xã Xuân Cảnh,Xã,Tỉnh Đắk Lắk,Việt Nam,Actived,
2215,50905074,Xã Xuân Lộc,Xã,Tỉnh Đắk Lắk,Việt Nam,Actived,
2216,50905075,Phường Xuân Đài,Phường,Tỉnh Đắk Lắk,Việt Nam,Actived,
2217,50905076,Phường Sông Cầu,Phường,Tỉnh Đắk Lắk,Việt Nam,Actived,
2218,50911077,Xã Hòa Xuân,Xã,Tỉnh Đắk Lắk,Việt Nam,Actived,
2219,50911078,Phường Đông Hòa,Phường,Tỉnh Đắk Lắk,Việt Nam,Actived,
2220,50911079,Phường Hòa Hiệp,Phường,Tỉnh Đắk Lắk,Việt Nam,Actived,
2221,50907080,Xã Tuy An Bắc,Xã,Tỉnh Đắk Lắk,Việt Nam,Actived,
2222,50907081,Xã Tuy An Đông,Xã,Tỉnh Đắk Lắk,Việt Nam,Actived,
2223,50907082,Xã Ô Loan,Xã,Tỉnh Đắk Lắk,Việt Nam,Actived,
2224,50907083,Xã Tuy An Nam,Xã,Tỉnh Đắk Lắk,Việt Nam,Actived,
2225,50907084,Xã Tuy An Tây,Xã,Tỉnh Đắk Lắk,Việt Nam,Actived,
2226,50915085,Xã Phú Hòa 1,Xã,Tỉnh Đắk Lắk,Việt Nam,Actived,
2227,50915086,Xã Phú Hòa 2,Xã,Tỉnh Đắk Lắk,Việt Nam,Actived,
2228,50912087,Xã Tây Hòa,Xã,Tỉnh Đắk Lắk,Việt Nam,Actived,
2229,50912088,Xã Hòa Thịnh,Xã,Tỉnh Đắk Lắk,Việt Nam,Actived,
2230,50912089,Xã Hòa Mỹ,Xã,Tỉnh Đắk Lắk,Việt Nam,Actived,
2231,50912090,Xã Sơn Thành,Xã,Tỉnh Đắk Lắk,Việt Nam,Actived,
2232,50909091,Xã Sơn Hòa,Xã,Tỉnh Đắk Lắk,Việt Nam,Actived,
2233,50909092,Xã Vân Hòa,Xã,Tỉnh Đắk Lắk,Việt Nam,Actived,
2234,50909093,Xã Tây Sơn,Xã,Tỉnh Đắk Lắk,Việt Nam,Actived,
2235,50909094,Xã Suối Trai,Xã,Tỉnh Đắk Lắk,Việt Nam,Actived,
2236,50913095,Xã Ea Ly,Xã,Tỉnh Đắk Lắk,Việt Nam,Actived,
2237,50913096,Xã Ea Bá,Xã,Tỉnh Đắk Lắk,Việt Nam,Actived,
2238,50913097,Xã Đức Bình,Xã,Tỉnh Đắk Lắk,Việt Nam,Actived,
2239,50913098,Xã Sông Hinh,Xã,Tỉnh Đắk Lắk,Việt Nam,Actived,
2240,50903099,Xã Xuân Lãnh,Xã,Tỉnh Đắk Lắk,Việt Nam,Actived,
2241,50903100,Xã Phú Mỡ,Xã,Tỉnh Đắk Lắk,Việt Nam,Actived,
2242,50903101,Xã Xuân Phước,Xã,Tỉnh Đắk Lắk,Việt Nam,Actived,
2243,50903102,Xã Đồng Xuân,Xã,Tỉnh Đắk Lắk,Việt Nam,Actived,
2244,70301001,Phường Xuân Hương - Đà Lạt,Phường,Tỉnh Lâm Đồng,Việt Nam,Actived,
2245,70301002,Phường Cam Ly - Đà Lạt,Phường,Tỉnh Lâm Đồng,Việt Nam,Actived,
2246,70301003,Phường Lâm Viên - Đà Lạt,Phường,Tỉnh Lâm Đồng,Việt Nam,Actived,
2247,70301004,Phường Xuân Trường - Đà Lạt,Phường,Tỉnh Lâm Đồng,Việt Nam,Actived,
2248,70305005,Phường Langbiang - Đà Lạt,Phường,Tỉnh Lâm Đồng,Việt Nam,Actived,
2249,70303006,Phường 1 Bảo Lộc,Phường,Tỉnh Lâm Đồng,Việt Nam,Actived,
2250,70303007,Phường 2 Bảo Lộc,Phường,Tỉnh Lâm Đồng,Việt Nam,Actived,
2251,70303008,Phường 3 Bảo Lộc,Phường,Tỉnh Lâm Đồng,Việt Nam,Actived,
2252,70303009,Phường B' Lao,Phường,Tỉnh Lâm Đồng,Việt Nam,Actived,
2253,70305010,Xã Lạc Dương,Xã,Tỉnh Lâm Đồng,Việt Nam,Actived,
2254,70307011,Xã Đơn Dương,Xã,Tỉnh Lâm Đồng,Việt Nam,Actived,
2255,70307012,Xã Ka Đô,Xã,Tỉnh Lâm Đồng,Việt Nam,Actived,
2256,70307013,Xã Quảng Lập,Xã,Tỉnh Lâm Đồng,Việt Nam,Actived,
2257,70307014,Xã D'Ran,Xã,Tỉnh Lâm Đồng,Việt Nam,Actived,
2258,70309015,Xã Hiệp Thạnh,Xã,Tỉnh Lâm Đồng,Việt Nam,Actived,
2259,70309016,Xã Đức Trọng,Xã,Tỉnh Lâm Đồng,Việt Nam,Actived,
2260,70309017,Xã Tân Hội,Xã,Tỉnh Lâm Đồng,Việt Nam,Actived,
2261,70309018,Xã Tà Hine,Xã,Tỉnh Lâm Đồng,Việt Nam,Actived,
2262,70309019,Xã Tà Năng,Xã,Tỉnh Lâm Đồng,Việt Nam,Actived,
2263,70311020,Xã Đinh Văn - Lâm Hà,Xã,Tỉnh Lâm Đồng,Việt Nam,Actived,
2264,70311021,Xã Phú Sơn - Lâm Hà,Xã,Tỉnh Lâm Đồng,Việt Nam,Actived,
2265,70311022,Xã Nam Hà - Lâm Hà,Xã,Tỉnh Lâm Đồng,Việt Nam,Actived,
2266,70311023,Xã Nam Ban - Lâm Hà,Xã,Tỉnh Lâm Đồng,Việt Nam,Actived,
2267,70311024,Xã Tân Hà - Lâm Hà,Xã,Tỉnh Lâm Đồng,Việt Nam,Actived,
2268,70311025,Xã Phúc Thọ - Lâm Hà,Xã,Tỉnh Lâm Đồng,Việt Nam,Actived,
2269,70323026,Xã Đam Rông 1,Xã,Tỉnh Lâm Đồng,Việt Nam,Actived,
2270,70323027,Xã Đam Rông 2,Xã,Tỉnh Lâm Đồng,Việt Nam,Actived,
2271,70323028,Xã Đam Rông 3,Xã,Tỉnh Lâm Đồng,Việt Nam,Actived,
2272,70323029,Xã Đam Rông 4,Xã,Tỉnh Lâm Đồng,Việt Nam,Actived,
2273,70315030,Xã Di Linh,Xã,Tỉnh Lâm Đồng,Việt Nam,Actived,
2274,70315031,Xã Hoà Ninh,Xã,Tỉnh Lâm Đồng,Việt Nam,Actived,
2275,70315032,Xã Hoà Bắc,Xã,Tỉnh Lâm Đồng,Việt Nam,Actived,
2276,70315033,Xã Đinh Trang Thượng,Xã,Tỉnh Lâm Đồng,Việt Nam,Actived,
2277,70315034,Xã Bảo Thuận,Xã,Tỉnh Lâm Đồng,Việt Nam,Actived,
2278,70315035,Xã Sơn Điền,Xã,Tỉnh Lâm Đồng,Việt Nam,Actived,
2279,70315036,Xã Gia Hiệp,Xã,Tỉnh Lâm Đồng,Việt Nam,Actived,
2280,70313037,Xã Bảo Lâm 1,Xã,Tỉnh Lâm Đồng,Việt Nam,Actived,
2281,70313038,Xã Bảo Lâm 2,Xã,Tỉnh Lâm Đồng,Việt Nam,Actived,
2282,70313039,Xã Bảo Lâm 3,Xã,Tỉnh Lâm Đồng,Việt Nam,Actived,
2283,70313040,Xã Bảo Lâm 4,Xã,Tỉnh Lâm Đồng,Việt Nam,Actived,
2284,70313041,Xã Bảo Lâm 5,Xã,Tỉnh Lâm Đồng,Việt Nam,Actived,
2285,70317042,Xã Đạ Huoai,Xã,Tỉnh Lâm Đồng,Việt Nam,Actived,
2286,70317043,Xã Đạ Huoai 2,Xã,Tỉnh Lâm Đồng,Việt Nam,Actived,
2287,70317044,Xã Đạ Huoai 3,Xã,Tỉnh Lâm Đồng,Việt Nam,Actived,
2288,70317045,Xã Đạ Tẻh,Xã,Tỉnh Lâm Đồng,Việt Nam,Actived,
2289,70317046,Xã Đạ Tẻh 2,Xã,Tỉnh Lâm Đồng,Việt Nam,Actived,
2290,70317047,Xã Đạ Tẻh 3,Xã,Tỉnh Lâm Đồng,Việt Nam,Actived,
2291,70317048,Xã Cát Tiên,Xã,Tỉnh Lâm Đồng,Việt Nam,Actived,
2292,70317049,Xã Cát Tiên 2,Xã,Tỉnh Lâm Đồng,Việt Nam,Actived,
2293,70317050,Xã Cát Tiên 3,Xã,Tỉnh Lâm Đồng,Việt Nam,Actived,
2294,71501051,Phường Hàm Thắng,Phường,Tỉnh Lâm Đồng,Việt Nam,Actived,
2295,71501052,Phường Bình Thuận,Phường,Tỉnh Lâm Đồng,Việt Nam,Actived,
2296,71501053,Phường Mũi Né,Phường,Tỉnh Lâm Đồng,Việt Nam,Actived,
2297,71501054,Phường Phú Thuỷ,Phường,Tỉnh Lâm Đồng,Việt Nam,Actived,
2298,71501055,Phường Phan Thiết,Phường,Tỉnh Lâm Đồng,Việt Nam,Actived,
2299,71501056,Phường Tiến Thành,Phường,Tỉnh Lâm Đồng,Việt Nam,Actived,
2300,71513057,Phường La Gi,Phường,Tỉnh Lâm Đồng,Việt Nam,Actived,
2301,71513058,Phường Phước Hội,Phường,Tỉnh Lâm Đồng,Việt Nam,Actived,
2302,71501059,Xã Tuyên Quang,Xã,Tỉnh Lâm Đồng,Việt Nam,Actived,
2303,71513060,Xã Tân Hải,Xã,Tỉnh Lâm Đồng,Việt Nam,Actived,
2304,71503061,Xã Vĩnh Hảo,Xã,Tỉnh Lâm Đồng,Việt Nam,Actived,
2305,71503062,Xã Liên Hương,Xã,Tỉnh Lâm Đồng,Việt Nam,Actived,
2306,71503063,Xã Tuy Phong,Xã,Tỉnh Lâm Đồng,Việt Nam,Actived,
2307,71503064,Xã Phan Rí Cửa,Xã,Tỉnh Lâm Đồng,Việt Nam,Actived,
2308,71505065,Xã Bắc Bình,Xã,Tỉnh Lâm Đồng,Việt Nam,Actived,
2309,71505066,Xã Hồng Thái,Xã,Tỉnh Lâm Đồng,Việt Nam,Actived,
2310,71505067,Xã Hải Ninh,Xã,Tỉnh Lâm Đồng,Việt Nam,Actived,
2311,71505068,Xã Phan Sơn,Xã,Tỉnh Lâm Đồng,Việt Nam,Actived,
2312,71505069,Xã Sông Lũy,Xã,Tỉnh Lâm Đồng,Việt Nam,Actived,
2313,71505070,Xã Lương Sơn,Xã,Tỉnh Lâm Đồng,Việt Nam,Actived,
2314,71505071,Xã Hoà Thắng,Xã,Tỉnh Lâm Đồng,Việt Nam,Actived,
2315,71507072,Xã Đông Giang,Xã,Tỉnh Lâm Đồng,Việt Nam,Actived,
2316,71507073,Xã La Dạ,Xã,Tỉnh Lâm Đồng,Việt Nam,Actived,
2317,71507074,Xã Hàm Thuận Bắc,Xã,Tỉnh Lâm Đồng,Việt Nam,Actived,
2318,71507075,Xã Hàm Thuận,Xã,Tỉnh Lâm Đồng,Việt Nam,Actived,
2319,71507076,Xã Hồng Sơn,Xã,Tỉnh Lâm Đồng,Việt Nam,Actived,
2320,71507077,Xã Hàm Liêm,Xã,Tỉnh Lâm Đồng,Việt Nam,Actived,
2321,71509078,Xã Hàm Thạnh,Xã,Tỉnh Lâm Đồng,Việt Nam,Actived,
2322,71509079,Xã Hàm Kiệm,Xã,Tỉnh Lâm Đồng,Việt Nam,Actived,
2323,71509080,Xã Tân Thành,Xã,Tỉnh Lâm Đồng,Việt Nam,Actived,
2324,71509081,Xã Hàm Thuận Nam,Xã,Tỉnh Lâm Đồng,Việt Nam,Actived,
2325,71509082,Xã Tân Lập,Xã,Tỉnh Lâm Đồng,Việt Nam,Actived,
2326,71514083,Xã Tân Minh,Xã,Tỉnh Lâm Đồng,Việt Nam,Actived,
2327,71514084,Xã Hàm Tân,Xã,Tỉnh Lâm Đồng,Việt Nam,Actived,
2328,71514085,Xã Sơn Mỹ,Xã,Tỉnh Lâm Đồng,Việt Nam,Actived,
2329,71511086,Xã Bắc Ruộng,Xã,Tỉnh Lâm Đồng,Việt Nam,Actived,
2330,71511087,Xã Nghị Đức,Xã,Tỉnh Lâm Đồng,Việt Nam,Actived,
2331,71511088,Xã Đồng Kho,Xã,Tỉnh Lâm Đồng,Việt Nam,Actived,
2332,71511089,Xã Tánh Linh,Xã,Tỉnh Lâm Đồng,Việt Nam,Actived,
2333,71511090,Xã Suối Kiết,Xã,Tỉnh Lâm Đồng,Việt Nam,Actived,
2334,71515091,Xã Nam Thành,Xã,Tỉnh Lâm Đồng,Việt Nam,Actived,
2335,71515092,Xã Đức Linh,Xã,Tỉnh Lâm Đồng,Việt Nam,Actived,
2336,71515093,Xã Hoài Đức,Xã,Tỉnh Lâm Đồng,Việt Nam,Actived,
2337,71515094,Xã Trà Tân,Xã,Tỉnh Lâm Đồng,Việt Nam,Actived,
2338,71517095,Đặc khu Phú Quý,Đặc khu,Tỉnh Lâm Đồng,Việt Nam,Actived,
2339,60613096,Phường Bắc Gia Nghĩa,Phường,Tỉnh Lâm Đồng,Việt Nam,Actived,
2340,60613097,Phường Nam Gia Nghĩa,Phường,Tỉnh Lâm Đồng,Việt Nam,Actived,
2341,60613098,Phường Đông Gia Nghĩa,Phường,Tỉnh Lâm Đồng,Việt Nam,Actived,
2342,60603099,Xã Đắk Wil,Xã,Tỉnh Lâm Đồng,Việt Nam,Actived,
2343,60603100,Xã Nam Dong,Xã,Tỉnh Lâm Đồng,Việt Nam,Actived,
2344,60603101,Xã Cư Jút,Xã,Tỉnh Lâm Đồng,Việt Nam,Actived,
2345,60607102,Xã Thuận An,Xã,Tỉnh Lâm Đồng,Việt Nam,Actived,
2346,60607103,Xã Đức Lập,Xã,Tỉnh Lâm Đồng,Việt Nam,Actived,
2347,60607104,Xã Đắk Mil,Xã,Tỉnh Lâm Đồng,Việt Nam,Actived,
2348,60607105,Xã Đắk Sắk,Xã,Tỉnh Lâm Đồng,Việt Nam,Actived,
2349,60605106,Xã Nam Đà,Xã,Tỉnh Lâm Đồng,Việt Nam,Actived,
2350,60605107,Xã Krông Nô,Xã,Tỉnh Lâm Đồng,Việt Nam,Actived,
2351,60605108,Xã Nâm Nung,Xã,Tỉnh Lâm Đồng,Việt Nam,Actived,
2352,60605109,Xã Quảng Phú,Xã,Tỉnh Lâm Đồng,Việt Nam,Actived,
2353,60609110,Xã Đắk song,Xã,Tỉnh Lâm Đồng,Việt Nam,Actived,
2354,60609111,Xã Đức An,Xã,Tỉnh Lâm Đồng,Việt Nam,Actived,
2355,60609112,Xã Thuận Hạnh,Xã,Tỉnh Lâm Đồng,Việt Nam,Actived,
2356,60609113,Xã Trường Xuân,Xã,Tỉnh Lâm Đồng,Việt Nam,Actived,
2357,60615114,Xã Tà Đùng,Xã,Tỉnh Lâm Đồng,Việt Nam,Actived,
2358,60615115,Xã Quảng Khê,Xã,Tỉnh Lâm Đồng,Việt Nam,Actived,
2359,60617116,Xã Quảng Tân,Xã,Tỉnh Lâm Đồng,Việt Nam,Actived,
2360,60617117,Xã Tuy Đức,Xã,Tỉnh Lâm Đồng,Việt Nam,Actived,
2361,60611118,Xã Kiến Đức,Xã,Tỉnh Lâm Đồng,Việt Nam,Actived,
2362,60611119,Xã Nhân Cơ,Xã,Tỉnh Lâm Đồng,Việt Nam,Actived,
2363,60611120,Xã Quảng Tín,Xã,Tỉnh Lâm Đồng,Việt Nam,Actived,
2364,70309121,Xã Ninh Gia,Xã,Tỉnh Lâm Đồng,Việt Nam,Actived,
2365,60615122,Xã Quảng Hoà,Xã,Tỉnh Lâm Đồng,Việt Nam,Actived,
2366,60615123,Xã Quảng Sơn,Xã,Tỉnh Lâm Đồng,Việt Nam,Actived,
2367,60617124,Xã Quảng Trực,Xã,Tỉnh Lâm Đồng,Việt Nam,Actived,
2368,80103001,Xã Hưng Điền,Xã,Tỉnh Tây Ninh,Việt Nam,Actived,
2369,80103002,Xã Vĩnh Thạnh,Xã,Tỉnh Tây Ninh,Việt Nam,Actived,
2370,80103003,Xã Tân Hưng,Xã,Tỉnh Tây Ninh,Việt Nam,Actived,
2371,80103004,Xã Vĩnh Châu,Xã,Tỉnh Tây Ninh,Việt Nam,Actived,
2372,80105005,Xã Tuyên Bình,Xã,Tỉnh Tây Ninh,Việt Nam,Actived,
2373,80105006,Xã Vĩnh Hưng,Xã,Tỉnh Tây Ninh,Việt Nam,Actived,
2374,80105007,Xã Khánh Hưng,Xã,Tỉnh Tây Ninh,Việt Nam,Actived,
2375,80129008,Xã Tuyên Thạnh,Xã,Tỉnh Tây Ninh,Việt Nam,Actived,
2376,80129009,Xã Bình Hiệp,Xã,Tỉnh Tây Ninh,Việt Nam,Actived,
2377,80129010,Phường Kiến Tường,Phường,Tỉnh Tây Ninh,Việt Nam,Actived,
2378,80107011,Xã Bình Hoà,Xã,Tỉnh Tây Ninh,Việt Nam,Actived,
2379,80107012,Xã Mộc Hoá,Xã,Tỉnh Tây Ninh,Việt Nam,Actived,
2380,80109013,Xã Hậu Thạnh,Xã,Tỉnh Tây Ninh,Việt Nam,Actived,
2381,80109014,Xã Nhơn Hoà Lập,Xã,Tỉnh Tây Ninh,Việt Nam,Actived,
2382,80109015,Xã Nhơn Ninh,Xã,Tỉnh Tây Ninh,Việt Nam,Actived,
2383,80109016,Xã Tân Thạnh,Xã,Tỉnh Tây Ninh,Việt Nam,Actived,
2384,80111017,Xã Bình Thành,Xã,Tỉnh Tây Ninh,Việt Nam,Actived,
2385,80111018,Xã Thạnh Phước,Xã,Tỉnh Tây Ninh,Việt Nam,Actived,
2386,80111019,Xã Thạnh Hóa,Xã,Tỉnh Tây Ninh,Việt Nam,Actived,
2387,80111020,Xã Tân Tây,Xã,Tỉnh Tây Ninh,Việt Nam,Actived,
2388,80119021,Xã Thủ Thừa,Xã,Tỉnh Tây Ninh,Việt Nam,Actived,
2389,80119022,Xã Mỹ An,Xã,Tỉnh Tây Ninh,Việt Nam,Actived,
2390,80119023,Xã Mỹ Thạnh,Xã,Tỉnh Tây Ninh,Việt Nam,Actived,
2391,80119024,Xã Tân Long,Xã,Tỉnh Tây Ninh,Việt Nam,Actived,
2392,80113025,Xã Mỹ Quý,Xã,Tỉnh Tây Ninh,Việt Nam,Actived,
2393,80113026,Xã Đông Thành,Xã,Tỉnh Tây Ninh,Việt Nam,Actived,
2394,80113027,Xã Đức Huệ,Xã,Tỉnh Tây Ninh,Việt Nam,Actived,
2395,80115028,Xã An Ninh,Xã,Tỉnh Tây Ninh,Việt Nam,Actived,
2396,80115029,Xã Hiệp Hoà,Xã,Tỉnh Tây Ninh,Việt Nam,Actived,
2397,80115030,Xã Hậu Nghĩa,Xã,Tỉnh Tây Ninh,Việt Nam,Actived,
2398,80115031,Xã Hoà Khánh,Xã,Tỉnh Tây Ninh,Việt Nam,Actived,
2399,80115032,Xã Đức Lập,Xã,Tỉnh Tây Ninh,Việt Nam,Actived,
2400,80115033,Xã Mỹ Hạnh,Xã,Tỉnh Tây Ninh,Việt Nam,Actived,
2401,80115034,Xã Đức Hoà,Xã,Tỉnh Tây Ninh,Việt Nam,Actived,
2402,80117035,Xã Thạnh Lợi,Xã,Tỉnh Tây Ninh,Việt Nam,Actived,
2403,80117036,Xã Bình Đức,Xã,Tỉnh Tây Ninh,Việt Nam,Actived,
2404,80117037,Xã Lương Hoà,Xã,Tỉnh Tây Ninh,Việt Nam,Actived,
2405,80117038,Xã Bến Lức,Xã,Tỉnh Tây Ninh,Việt Nam,Actived,
2406,80117039,Xã Mỹ Yên,Xã,Tỉnh Tây Ninh,Việt Nam,Actived,
2407,80125040,Xã Long Cang,Xã,Tỉnh Tây Ninh,Việt Nam,Actived,
2408,80125041,Xã Rạch Kiến,Xã,Tỉnh Tây Ninh,Việt Nam,Actived,
2409,80125042,Xã Mỹ Lệ,Xã,Tỉnh Tây Ninh,Việt Nam,Actived,
2410,80125043,Xã Tân Lân,Xã,Tỉnh Tây Ninh,Việt Nam,Actived,
2411,80125044,Xã Cần Đước,Xã,Tỉnh Tây Ninh,Việt Nam,Actived,
2412,80125045,Xã Long Hựu,Xã,Tỉnh Tây Ninh,Việt Nam,Actived,
2413,80127046,Xã Phước Lý,Xã,Tỉnh Tây Ninh,Việt Nam,Actived,
2414,80127047,Xã Mỹ Lộc,Xã,Tỉnh Tây Ninh,Việt Nam,Actived,
2415,80127048,Xã Cần Giuộc,Xã,Tỉnh Tây Ninh,Việt Nam,Actived,
2416,80127049,Xã Phước Vĩnh Tây,Xã,Tỉnh Tây Ninh,Việt Nam,Actived,
2417,80127050,Xã Tân Tập,Xã,Tỉnh Tây Ninh,Việt Nam,Actived,
2418,80123051,Xã Vàm Cỏ,Xã,Tỉnh Tây Ninh,Việt Nam,Actived,
2419,80123052,Xã Tân Trụ,Xã,Tỉnh Tây Ninh,Việt Nam,Actived,
2420,80123053,Xã Nhựt Tảo,Xã,Tỉnh Tây Ninh,Việt Nam,Actived,
2421,80121054,Xã Thuận Mỹ,Xã,Tỉnh Tây Ninh,Việt Nam,Actived,
2422,80121055,Xã An Lục Long,Xã,Tỉnh Tây Ninh,Việt Nam,Actived,
2423,80121056,Xã Tầm Vu,Xã,Tỉnh Tây Ninh,Việt Nam,Actived,
2424,80121057,Xã Vĩnh Công,Xã,Tỉnh Tây Ninh,Việt Nam,Actived,
2425,80101058,Phường Long An,Phường,Tỉnh Tây Ninh,Việt Nam,Actived,
2426,80101059,Phường Tân An,Phường,Tỉnh Tây Ninh,Việt Nam,Actived,
2427,80101060,Phường Khánh Hậu,Phường,Tỉnh Tây Ninh,Việt Nam,Actived,
2428,70901061,Phường Tân Ninh,Phường,Tỉnh Tây Ninh,Việt Nam,Actived,
2429,70901062,Phường Bình Minh,Phường,Tỉnh Tây Ninh,Việt Nam,Actived,
2430,70907063,Phường Ninh Thạnh,Phường,Tỉnh Tây Ninh,Việt Nam,Actived,
2431,70911064,Phường Long Hoa,Phường,Tỉnh Tây Ninh,Việt Nam,Actived,
2432,70911065,Phường Hoà Thành,Phường,Tỉnh Tây Ninh,Việt Nam,Actived,
2433,70911066,Phường Thanh Điền,Phường,Tỉnh Tây Ninh,Việt Nam,Actived,
2434,70917067,Phường Trảng Bàng,Phường,Tỉnh Tây Ninh,Việt Nam,Actived,
2435,70917068,Phường An Tịnh,Phường,Tỉnh Tây Ninh,Việt Nam,Actived,
2436,70915069,Phường Gò Dầu,Phường,Tỉnh Tây Ninh,Việt Nam,Actived,
2437,70915070,Phường Gia Lộc,Phường,Tỉnh Tây Ninh,Việt Nam,Actived,
2438,70917071,Xã Hưng Thuận,Xã,Tỉnh Tây Ninh,Việt Nam,Actived,
2439,70917072,Xã Phước Chỉ,Xã,Tỉnh Tây Ninh,Việt Nam,Actived,
2440,70915073,Xã Thạnh Đức,Xã,Tỉnh Tây Ninh,Việt Nam,Actived,
2441,70915074,Xã Phước Thạnh,Xã,Tỉnh Tây Ninh,Việt Nam,Actived,
2442,70915075,Xã Truông Mít,Xã,Tỉnh Tây Ninh,Việt Nam,Actived,
2443,70907076,Xã Lộc Ninh,Xã,Tỉnh Tây Ninh,Việt Nam,Actived,
2444,70907077,Xã Cầu Khởi,Xã,Tỉnh Tây Ninh,Việt Nam,Actived,
2445,70907078,Xã Dương Minh Châu,Xã,Tỉnh Tây Ninh,Việt Nam,Actived,
2446,70905079,Xã Tân Đông,Xã,Tỉnh Tây Ninh,Việt Nam,Actived,
2447,70905080,Xã Tân Châu,Xã,Tỉnh Tây Ninh,Việt Nam,Actived,
2448,70905081,Xã Tân Phú,Xã,Tỉnh Tây Ninh,Việt Nam,Actived,
2449,70905082,Xã Tân Hội,Xã,Tỉnh Tây Ninh,Việt Nam,Actived,
2450,70905083,Xã Tân Thành,Xã,Tỉnh Tây Ninh,Việt Nam,Actived,
2451,70905084,Xã Tân Hoà,Xã,Tỉnh Tây Ninh,Việt Nam,Actived,
2452,70903085,Xã Tân Lập,Xã,Tỉnh Tây Ninh,Việt Nam,Actived,
2453,70903086,Xã Tân Biên,Xã,Tỉnh Tây Ninh,Việt Nam,Actived,
2454,70903087,Xã Thạnh Bình,Xã,Tỉnh Tây Ninh,Việt Nam,Actived,
2455,70903088,Xã Trà Vong,Xã,Tỉnh Tây Ninh,Việt Nam,Actived,
2456,70909089,Xã Phước Vinh,Xã,Tỉnh Tây Ninh,Việt Nam,Actived,
2457,70909090,Xã Hoà Hội,Xã,Tỉnh Tây Ninh,Việt Nam,Actived,
2458,70909091,Xã Ninh Điền,Xã,Tỉnh Tây Ninh,Việt Nam,Actived,
2459,70909092,Xã Châu Thành,Xã,Tỉnh Tây Ninh,Việt Nam,Actived,
2460,70909093,Xã Hảo Đước,Xã,Tỉnh Tây Ninh,Việt Nam,Actived,
2461,70913094,Xã Long Chữ,Xã,Tỉnh Tây Ninh,Việt Nam,Actived,
2462,70913095,Xã Long Thuận,Xã,Tỉnh Tây Ninh,Việt Nam,Actived,
2463,70913096,Xã Bến Cầu,Xã,Tỉnh Tây Ninh,Việt Nam,Actived,
2464,71301001,Phường Biên Hoà,Phường,Tỉnh Đồng Nai,Việt Nam,Actived,
2465,71301002,Phường Trấn Biên,Phường,Tỉnh Đồng Nai,Việt Nam,Actived,
2466,71301003,Phường Tam Hiệp,Phường,Tỉnh Đồng Nai,Việt Nam,Actived,
2467,71301004,Phường Long Bình,Phường,Tỉnh Đồng Nai,Việt Nam,Actived,
2468,71301005,Phường Trảng Dài,Phường,Tỉnh Đồng Nai,Việt Nam,Actived,
2469,71301006,Phường Hố Nai,Phường,Tỉnh Đồng Nai,Việt Nam,Actived,
2470,71301007,Phường Long Hưng,Phường,Tỉnh Đồng Nai,Việt Nam,Actived,
2471,71317008,Xã Đại Phước,Xã,Tỉnh Đồng Nai,Việt Nam,Actived,
2472,71317009,Xã Nhơn Trạch,Xã,Tỉnh Đồng Nai,Việt Nam,Actived,
2473,71317010,Xã Phước An,Xã,Tỉnh Đồng Nai,Việt Nam,Actived,
2474,71315011,Xã Phước Thái,Xã,Tỉnh Đồng Nai,Việt Nam,Actived,
2475,71315012,Xã Long Phước,Xã,Tỉnh Đồng Nai,Việt Nam,Actived,
2476,71315013,Xã Bình An,Xã,Tỉnh Đồng Nai,Việt Nam,Actived,
2477,71315014,Xã Long Thành,Xã,Tỉnh Đồng Nai,Việt Nam,Actived,
2478,71315015,Xã An Phước,Xã,Tỉnh Đồng Nai,Việt Nam,Actived,
2479,71308016,Xã An Viễn,Xã,Tỉnh Đồng Nai,Việt Nam,Actived,
2480,71308017,Xã Bình Minh,Xã,Tỉnh Đồng Nai,Việt Nam,Actived,
2481,71308018,Xã Trảng Bom,Xã,Tỉnh Đồng Nai,Việt Nam,Actived,
2482,71308019,Xã Bàu Hàm,Xã,Tỉnh Đồng Nai,Việt Nam,Actived,
2483,71308020,Xã Hưng Thịnh,Xã,Tỉnh Đồng Nai,Việt Nam,Actived,
2484,71309021,Xã Dầu Giây,Xã,Tỉnh Đồng Nai,Việt Nam,Actived,
2485,71309022,Xã Gia Kiệm,Xã,Tỉnh Đồng Nai,Việt Nam,Actived,
2486,71305023,Xã Thống Nhất,Xã,Tỉnh Đồng Nai,Việt Nam,Actived,
2487,71302024,Phường Bình Lộc,Phường,Tỉnh Đồng Nai,Việt Nam,Actived,
2488,71302025,Phường Bảo Vinh,Phường,Tỉnh Đồng Nai,Việt Nam,Actived,
2489,71302026,Phường Xuân Lập,Phường,Tỉnh Đồng Nai,Việt Nam,Actived,
2490,71302027,Phường Long Khánh,Phường,Tỉnh Đồng Nai,Việt Nam,Actived,
2491,71302028,Phường Hàng Gòn,Phường,Tỉnh Đồng Nai,Việt Nam,Actived,
2492,71311029,Xã Xuân Quế,Xã,Tỉnh Đồng Nai,Việt Nam,Actived,
2493,71311030,Xã Xuân Đường,Xã,Tỉnh Đồng Nai,Việt Nam,Actived,
2494,71311031,Xã Cẩm Mỹ,Xã,Tỉnh Đồng Nai,Việt Nam,Actived,
2495,71311032,Xã Sông Ray,Xã,Tỉnh Đồng Nai,Việt Nam,Actived,
2496,71311033,Xã Xuân Đông,Xã,Tỉnh Đồng Nai,Việt Nam,Actived,
2497,71313034,Xã Xuân Định,Xã,Tỉnh Đồng Nai,Việt Nam,Actived,
2498,71313035,Xã Xuân Phú,Xã,Tỉnh Đồng Nai,Việt Nam,Actived,
2499,71313036,Xã Xuân Lộc,Xã,Tỉnh Đồng Nai,Việt Nam,Actived,
2500,71313037,Xã Xuân Hoà,Xã,Tỉnh Đồng Nai,Việt Nam,Actived,
2501,71313038,Xã Xuân Thành,Xã,Tỉnh Đồng Nai,Việt Nam,Actived,
2502,71313039,Xã Xuân Bắc,Xã,Tỉnh Đồng Nai,Việt Nam,Actived,
2503,71305040,Xã La Ngà,Xã,Tỉnh Đồng Nai,Việt Nam,Actived,
2504,71305041,Xã Định Quán,Xã,Tỉnh Đồng Nai,Việt Nam,Actived,
2505,71305042,Xã Phú Vinh,Xã,Tỉnh Đồng Nai,Việt Nam,Actived,
2506,71305043,Xã Phú Hoà,Xã,Tỉnh Đồng Nai,Việt Nam,Actived,
2507,71303044,Xã Tà Lài,Xã,Tỉnh Đồng Nai,Việt Nam,Actived,
2508,71303045,Xã Nam Cát Tiên,Xã,Tỉnh Đồng Nai,Việt Nam,Actived,
2509,71303046,Xã Tân Phú,Xã,Tỉnh Đồng Nai,Việt Nam,Actived,
2510,71303047,Xã Phú Lâm,Xã,Tỉnh Đồng Nai,Việt Nam,Actived,
2511,71307048,Xã Trị An,Xã,Tỉnh Đồng Nai,Việt Nam,Actived,
2512,71307049,Xã Tân An,Xã,Tỉnh Đồng Nai,Việt Nam,Actived,
2513,71307050,Phường Tân Triều,Phường,Tỉnh Đồng Nai,Việt Nam,Actived,
2514,70710051,Phường Minh Hưng,Phường,Tỉnh Đồng Nai,Việt Nam,Actived,
2515,70710052,Phường Chơn Thành,Phường,Tỉnh Đồng Nai,Việt Nam,Actived,
2516,70710053,Xã Nha Bích,Xã,Tỉnh Đồng Nai,Việt Nam,Actived,
2517,70713054,Xã Tân Quan,Xã,Tỉnh Đồng Nai,Việt Nam,Actived,
2518,70713055,Xã Tân Hưng,Xã,Tỉnh Đồng Nai,Việt Nam,Actived,
2519,70713056,Xã Tân Khai,Xã,Tỉnh Đồng Nai,Việt Nam,Actived,
2520,70713057,Xã Minh Đức,Xã,Tỉnh Đồng Nai,Việt Nam,Actived,
2521,70709058,Phường Bình Long,Phường,Tỉnh Đồng Nai,Việt Nam,Actived,
2522,70709059,Phường An Lộc,Phường,Tỉnh Đồng Nai,Việt Nam,Actived,
2523,70705060,Xã Lộc Thành,Xã,Tỉnh Đồng Nai,Việt Nam,Actived,
2524,70705061,Xã Lộc Ninh,Xã,Tỉnh Đồng Nai,Việt Nam,Actived,
2525,70705062,Xã Lộc Hưng,Xã,Tỉnh Đồng Nai,Việt Nam,Actived,
2526,70705063,Xã Lộc Tấn,Xã,Tỉnh Đồng Nai,Việt Nam,Actived,
2527,70705064,Xã Lộc Thạnh,Xã,Tỉnh Đồng Nai,Việt Nam,Actived,
2528,70705065,Xã Lộc Quang,Xã,Tỉnh Đồng Nai,Việt Nam,Actived,
2529,70706066,Xã Tân Tiến,Xã,Tỉnh Đồng Nai,Việt Nam,Actived,
2530,70706067,Xã Thiện Hưng,Xã,Tỉnh Đồng Nai,Việt Nam,Actived,
2531,70706068,Xã Hưng Phước,Xã,Tỉnh Đồng Nai,Việt Nam,Actived,
2532,70715069,Xã Phú Nghĩa,Xã,Tỉnh Đồng Nai,Việt Nam,Actived,
2533,70715070,Xã Đa Kia,Xã,Tỉnh Đồng Nai,Việt Nam,Actived,
2534,70703071,Phường Phước Bình,Phường,Tỉnh Đồng Nai,Việt Nam,Actived,
2535,70703072,Phường Phước Long,Phường,Tỉnh Đồng Nai,Việt Nam,Actived,
2536,70716073,Xã Bình Tân,Xã,Tỉnh Đồng Nai,Việt Nam,Actived,
2537,70716074,Xã Long Hà,Xã,Tỉnh Đồng Nai,Việt Nam,Actived,
2538,70716075,Xã Phú Riềng,Xã,Tỉnh Đồng Nai,Việt Nam,Actived,
2539,70716076,Xã Phú Trung,Xã,Tỉnh Đồng Nai,Việt Nam,Actived,
2540,70711077,Phường Đồng Xoài,Phường,Tỉnh Đồng Nai,Việt Nam,Actived,
2541,70711078,Phường Bình Phước,Phường,Tỉnh Đồng Nai,Việt Nam,Actived,
2542,70701079,Xã Thuận Lợi,Xã,Tỉnh Đồng Nai,Việt Nam,Actived,
2543,70701080,Xã Đồng Tâm,Xã,Tỉnh Đồng Nai,Việt Nam,Actived,
2544,70701081,Xã Tân Lợi,Xã,Tỉnh Đồng Nai,Việt Nam,Actived,
2545,70701082,Xã Đồng Phú,Xã,Tỉnh Đồng Nai,Việt Nam,Actived,
2546,70707083,Xã Phước Sơn,Xã,Tỉnh Đồng Nai,Việt Nam,Actived,
2547,70707084,Xã Nghĩa Trung,Xã,Tỉnh Đồng Nai,Việt Nam,Actived,
2548,70707085,Xã Bù Đăng,Xã,Tỉnh Đồng Nai,Việt Nam,Actived,
2549,70707086,Xã Thọ Sơn,Xã,Tỉnh Đồng Nai,Việt Nam,Actived,
2550,70707087,Xã Đak Nhau,Xã,Tỉnh Đồng Nai,Việt Nam,Actived,
2551,70707088,Xã Bom Bo,Xã,Tỉnh Đồng Nai,Việt Nam,Actived,
2552,71301089,Phường Tam Phước,Phường,Tỉnh Đồng Nai,Việt Nam,Actived,
2553,71301090,Phường Phước Tân,Phường,Tỉnh Đồng Nai,Việt Nam,Actived,
2554,71305091,Xã Thanh Sơn,Xã,Tỉnh Đồng Nai,Việt Nam,Actived,
2555,71303092,Xã Đak Lua,Xã,Tỉnh Đồng Nai,Việt Nam,Actived,
2556,71307093,Xã Phú Lý,Xã,Tỉnh Đồng Nai,Việt Nam,Actived,
2557,70715094,Xã Bù Gia Mập,Xã,Tỉnh Đồng Nai,Việt Nam,Actived,
2558,70715095,Xã Đăk Ơ,Xã,Tỉnh Đồng Nai,Việt Nam,Actived,
2559,71701001,Phường Vũng Tàu,Phường,Thành phố Hồ Chí Minh,Việt Nam,Actived,
2560,71701002,Phường Tam Thắng,Phường,Thành phố Hồ Chí Minh,Việt Nam,Actived,
2561,71701003,Phường Rạch Dừa,Phường,Thành phố Hồ Chí Minh,Việt Nam,Actived,
2562,71701004,Phường Phước Thắng,Phường,Thành phố Hồ Chí Minh,Việt Nam,Actived,
2563,71703005,Phường Bà Rịa,Phường,Thành phố Hồ Chí Minh,Việt Nam,Actived,
2564,71703006,Phường Long Hương,Phường,Thành phố Hồ Chí Minh,Việt Nam,Actived,
2565,71709007,Phường Phú Mỹ,Phường,Thành phố Hồ Chí Minh,Việt Nam,Actived,
2566,71703008,Phường Tam Long,Phường,Thành phố Hồ Chí Minh,Việt Nam,Actived,
2567,71709009,Phường Tân Thành,Phường,Thành phố Hồ Chí Minh,Việt Nam,Actived,
2568,71709010,Phường Tân Phước,Phường,Thành phố Hồ Chí Minh,Việt Nam,Actived,
2569,71709011,Phường Tân Hải,Phường,Thành phố Hồ Chí Minh,Việt Nam,Actived,
2570,71709012,Xã Châu Pha,Xã,Thành phố Hồ Chí Minh,Việt Nam,Actived,
2571,71705013,Xã Ngãi Giao,Xã,Thành phố Hồ Chí Minh,Việt Nam,Actived,
2572,71705014,Xã Bình Giã,Xã,Thành phố Hồ Chí Minh,Việt Nam,Actived,
2573,71705015,Xã Kim Long,Xã,Thành phố Hồ Chí Minh,Việt Nam,Actived,
2574,71705016,Xã Châu Đức,Xã,Thành phố Hồ Chí Minh,Việt Nam,Actived,
2575,71705017,Xã Xuân Sơn,Xã,Thành phố Hồ Chí Minh,Việt Nam,Actived,
2576,71705018,Xã Nghĩa Thành,Xã,Thành phố Hồ Chí Minh,Việt Nam,Actived,
2577,71707019,Xã Hồ Tràm,Xã,Thành phố Hồ Chí Minh,Việt Nam,Actived,
2578,71707020,Xã Xuyên Mộc,Xã,Thành phố Hồ Chí Minh,Việt Nam,Actived,
2579,71707021,Xã Hòa Hội,Xã,Thành phố Hồ Chí Minh,Việt Nam,Actived,
2580,71707022,Xã Bàu Lâm,Xã,Thành phố Hồ Chí Minh,Việt Nam,Actived,
2581,71712023,Xã Phước Hải,Xã,Thành phố Hồ Chí Minh,Việt Nam,Actived,
2582,71712024,Xã Long Hải,Xã,Thành phố Hồ Chí Minh,Việt Nam,Actived,
2583,71712025,Xã Đất Đỏ,Xã,Thành phố Hồ Chí Minh,Việt Nam,Actived,
2584,71712026,Xã Long Điền,Xã,Thành phố Hồ Chí Minh,Việt Nam,Actived,
2585,71713027,Đặc khu Côn Đảo,Đặc khu,Thành phố Hồ Chí Minh,Việt Nam,Actived,
2586,71109028,Phường Đông Hoà,Phường,Thành phố Hồ Chí Minh,Việt Nam,Actived,
2587,71109029,Phường Dĩ An,Phường,Thành phố Hồ Chí Minh,Việt Nam,Actived,
2588,71109030,Phường Tân Đông Hiệp,Phường,Thành phố Hồ Chí Minh,Việt Nam,Actived,
2589,71107031,Phường Thuận An,Phường,Thành phố Hồ Chí Minh,Việt Nam,Actived,
2590,71107032,Phường Thuận Giao,Phường,Thành phố Hồ Chí Minh,Việt Nam,Actived,
2591,71107033,Phường Bình Hoà,Phường,Thành phố Hồ Chí Minh,Việt Nam,Actived,
2592,71107034,Phường Lái Thiêu,Phường,Thành phố Hồ Chí Minh,Việt Nam,Actived,
2593,71107035,Phường An Phú,Phường,Thành phố Hồ Chí Minh,Việt Nam,Actived,
2594,71101036,Phường Bình Dương,Phường,Thành phố Hồ Chí Minh,Việt Nam,Actived,
2595,71101037,Phường Chánh Hiệp,Phường,Thành phố Hồ Chí Minh,Việt Nam,Actived,
2596,71101038,Phường Thủ Dầu Một,Phường,Thành phố Hồ Chí Minh,Việt Nam,Actived,
2597,71101039,Phường Phú Lợi,Phường,Thành phố Hồ Chí Minh,Việt Nam,Actived,
2598,71105040,Phường Vĩnh Tân,Phường,Thành phố Hồ Chí Minh,Việt Nam,Actived,
2599,71105041,Phường Bình Cơ,Phường,Thành phố Hồ Chí Minh,Việt Nam,Actived,
2600,71105042,Phường Tân Uyên,Phường,Thành phố Hồ Chí Minh,Việt Nam,Actived,
2601,71105043,Phường Tân Hiệp,Phường,Thành phố Hồ Chí Minh,Việt Nam,Actived,
2602,71105044,Phường Tân Khánh,Phường,Thành phố Hồ Chí Minh,Việt Nam,Actived,
2603,71103045,Phường Hoà Lợi,Phường,Thành phố Hồ Chí Minh,Việt Nam,Actived,
2604,71101046,Phường Phú An,Phường,Thành phố Hồ Chí Minh,Việt Nam,Actived,
2605,71113047,Phường Tây Nam,Phường,Thành phố Hồ Chí Minh,Việt Nam,Actived,
2606,71115048,Phường Long Nguyên,Phường,Thành phố Hồ Chí Minh,Việt Nam,Actived,
2607,71115049,Phường Bến Cát,Phường,Thành phố Hồ Chí Minh,Việt Nam,Actived,
2608,71115050,Phường Chánh Phú Hoà,Phường,Thành phố Hồ Chí Minh,Việt Nam,Actived,
2609,71117051,Xã Bắc Tân Uyên,Xã,Thành phố Hồ Chí Minh,Việt Nam,Actived,
2610,71117052,Xã Thường Tân,Xã,Thành phố Hồ Chí Minh,Việt Nam,Actived,
2611,71111053,Xã An Long,Xã,Thành phố Hồ Chí Minh,Việt Nam,Actived,
2612,71111054,Xã Phước Thành,Xã,Thành phố Hồ Chí Minh,Việt Nam,Actived,
2613,71111055,Xã Phước Hoà,Xã,Thành phố Hồ Chí Minh,Việt Nam,Actived,
2614,71111056,Xã Phú Giáo,Xã,Thành phố Hồ Chí Minh,Việt Nam,Actived,
2615,71115057,Xã Trừ Văn Thố,Xã,Thành phố Hồ Chí Minh,Việt Nam,Actived,
2616,71115058,Xã Bàu Bàng,Xã,Thành phố Hồ Chí Minh,Việt Nam,Actived,
2617,71113059,Xã Minh Thạnh,Xã,Thành phố Hồ Chí Minh,Việt Nam,Actived,
2618,71113060,Xã Long Hoà,Xã,Thành phố Hồ Chí Minh,Việt Nam,Actived,
2619,71113061,Xã Dầu Tiếng,Xã,Thành phố Hồ Chí Minh,Việt Nam,Actived,
2620,71113062,Xã Thanh An,Xã,Thành phố Hồ Chí Minh,Việt Nam,Actived,
2621,70101063,Phường Sài Gòn,Phường,Thành phố Hồ Chí Minh,Việt Nam,Actived,
2622,70101064,Phường Tân Định,Phường,Thành phố Hồ Chí Minh,Việt Nam,Actived,
2623,70101065,Phường Bến Thành,Phường,Thành phố Hồ Chí Minh,Việt Nam,Actived,
2624,70101066,Phường Cầu Ông Lãnh,Phường,Thành phố Hồ Chí Minh,Việt Nam,Actived,
2625,70105067,Phường Bàn Cờ,Phường,Thành phố Hồ Chí Minh,Việt Nam,Actived,
2626,70105068,Phường Xuân Hoà,Phường,Thành phố Hồ Chí Minh,Việt Nam,Actived,
2627,70105069,Phường Nhiêu Lộc,Phường,Thành phố Hồ Chí Minh,Việt Nam,Actived,
2628,70107070,Phường Xóm Chiếu,Phường,Thành phố Hồ Chí Minh,Việt Nam,Actived,
2629,70107071,Phường Khánh Hội,Phường,Thành phố Hồ Chí Minh,Việt Nam,Actived,
2630,70107072,Phường Vĩnh Hội,Phường,Thành phố Hồ Chí Minh,Việt Nam,Actived,
2631,70109073,Phường Chợ Quán,Phường,Thành phố Hồ Chí Minh,Việt Nam,Actived,
2632,70109074,Phường An Đông,Phường,Thành phố Hồ Chí Minh,Việt Nam,Actived,
2633,70109075,Phường Chợ Lớn,Phường,Thành phố Hồ Chí Minh,Việt Nam,Actived,
2634,70111076,Phường Bình Tây,Phường,Thành phố Hồ Chí Minh,Việt Nam,Actived,
2635,70111077,Phường Bình Tiên,Phường,Thành phố Hồ Chí Minh,Việt Nam,Actived,
2636,70111078,Phường Bình Phú,Phường,Thành phố Hồ Chí Minh,Việt Nam,Actived,
2637,70111079,Phường Phú Lâm,Phường,Thành phố Hồ Chí Minh,Việt Nam,Actived,
2638,70113080,Phường Tân Thuận,Phường,Thành phố Hồ Chí Minh,Việt Nam,Actived,
2639,70113081,Phường Phú Thuận,Phường,Thành phố Hồ Chí Minh,Việt Nam,Actived,
2640,70113082,Phường Tân Mỹ,Phường,Thành phố Hồ Chí Minh,Việt Nam,Actived,
2641,70113083,Phường Tân Hưng,Phường,Thành phố Hồ Chí Minh,Việt Nam,Actived,
2642,70115084,Phường Chánh Hưng,Phường,Thành phố Hồ Chí Minh,Việt Nam,Actived,
2643,70115085,Phường Phú Định,Phường,Thành phố Hồ Chí Minh,Việt Nam,Actived,
2644,70115086,Phường Bình Đông,Phường,Thành phố Hồ Chí Minh,Việt Nam,Actived,
2645,70119087,Phường Diên Hồng,Phường,Thành phố Hồ Chí Minh,Việt Nam,Actived,
2646,70119088,Phường Vườn Lài,Phường,Thành phố Hồ Chí Minh,Việt Nam,Actived,
2647,70119089,Phường Hoà Hưng,Phường,Thành phố Hồ Chí Minh,Việt Nam,Actived,
2648,70121090,Phường Minh Phụng,Phường,Thành phố Hồ Chí Minh,Việt Nam,Actived,
2649,70121091,Phường Bình Thới,Phường,Thành phố Hồ Chí Minh,Việt Nam,Actived,
2650,70121092,Phường Hoà Bình,Phường,Thành phố Hồ Chí Minh,Việt Nam,Actived,
2651,70121093,Phường Phú Thọ,Phường,Thành phố Hồ Chí Minh,Việt Nam,Actived,
2652,70123094,Phường Đông Hưng Thuận,Phường,Thành phố Hồ Chí Minh,Việt Nam,Actived,
2653,70123095,Phường Trung Mỹ Tây,Phường,Thành phố Hồ Chí Minh,Việt Nam,Actived,
2654,70123096,Phường Tân Thới Hiệp,Phường,Thành phố Hồ Chí Minh,Việt Nam,Actived,
2655,70123097,Phường Thới An,Phường,Thành phố Hồ Chí Minh,Việt Nam,Actived,
2656,70123098,Phường An Phú Đông,Phường,Thành phố Hồ Chí Minh,Việt Nam,Actived,
2657,70134099,Phường An Lạc,Phường,Thành phố Hồ Chí Minh,Việt Nam,Actived,
2658,70134100,Phường Tân Tạo,Phường,Thành phố Hồ Chí Minh,Việt Nam,Actived,
2659,70134101,Phường Bình Tân,Phường,Thành phố Hồ Chí Minh,Việt Nam,Actived,
2660,70134102,Phường Bình Trị Đông,Phường,Thành phố Hồ Chí Minh,Việt Nam,Actived,
2661,70134103,Phường Bình Hưng Hoà,Phường,Thành phố Hồ Chí Minh,Việt Nam,Actived,
2662,70129104,Phường Gia Định,Phường,Thành phố Hồ Chí Minh,Việt Nam,Actived,
2663,70129105,Phường Bình Thạnh,Phường,Thành phố Hồ Chí Minh,Việt Nam,Actived,
2664,70129106,Phường Bình Lợi Trung,Phường,Thành phố Hồ Chí Minh,Việt Nam,Actived,
2665,70129107,Phường Thạnh Mỹ Tây,Phường,Thành phố Hồ Chí Minh,Việt Nam,Actived,
2666,70129108,Phường Bình Quới,Phường,Thành phố Hồ Chí Minh,Việt Nam,Actived,
2667,70125109,Phường Hạnh Thông,Phường,Thành phố Hồ Chí Minh,Việt Nam,Actived,
2668,70125110,Phường An Nhơn,Phường,Thành phố Hồ Chí Minh,Việt Nam,Actived,
2669,70125111,Phường Gò Vấp,Phường,Thành phố Hồ Chí Minh,Việt Nam,Actived,
2670,70125112,Phường An Hội Đông,Phường,Thành phố Hồ Chí Minh,Việt Nam,Actived,
2671,70125113,Phường Thông Tây Hội,Phường,Thành phố Hồ Chí Minh,Việt Nam,Actived,
2672,70125114,Phường An Hội Tây,Phường,Thành phố Hồ Chí Minh,Việt Nam,Actived,
2673,70131115,Phường Đức Nhuận,Phường,Thành phố Hồ Chí Minh,Việt Nam,Actived,
2674,70131116,Phường Cầu Kiệu,Phường,Thành phố Hồ Chí Minh,Việt Nam,Actived,
2675,70131117,Phường Phú Nhuận,Phường,Thành phố Hồ Chí Minh,Việt Nam,Actived,
2676,70127118,Phường Tân Sơn Hoà,Phường,Thành phố Hồ Chí Minh,Việt Nam,Actived,
2677,70127119,Phường Tân Sơn Nhất,Phường,Thành phố Hồ Chí Minh,Việt Nam,Actived,
2678,70127120,Phường Tân Hoà,Phường,Thành phố Hồ Chí Minh,Việt Nam,Actived,
2679,70127121,Phường Bảy Hiền,Phường,Thành phố Hồ Chí Minh,Việt Nam,Actived,
2680,70127122,Phường Tân Bình,Phường,Thành phố Hồ Chí Minh,Việt Nam,Actived,
2681,70127123,Phường Tân Sơn,Phường,Thành phố Hồ Chí Minh,Việt Nam,Actived,
2682,70128124,Phường Tây Thạnh,Phường,Thành phố Hồ Chí Minh,Việt Nam,Actived,
2683,70128125,Phường Tân Sơn Nhì,Phường,Thành phố Hồ Chí Minh,Việt Nam,Actived,
2684,70128126,Phường Phú Thọ Hoà,Phường,Thành phố Hồ Chí Minh,Việt Nam,Actived,
2685,70128127,Phường Tân Phú,Phường,Thành phố Hồ Chí Minh,Việt Nam,Actived,
2686,70128128,Phường Phú Thạnh,Phường,Thành phố Hồ Chí Minh,Việt Nam,Actived,
2687,70145129,Phường Hiệp Bình,Phường,Thành phố Hồ Chí Minh,Việt Nam,Actived,
2688,70145130,Phường Thủ Đức,Phường,Thành phố Hồ Chí Minh,Việt Nam,Actived,
2689,70145131,Phường Tam Bình,Phường,Thành phố Hồ Chí Minh,Việt Nam,Actived,
2690,70145132,Phường Linh Xuân,Phường,Thành phố Hồ Chí Minh,Việt Nam,Actived,
2691,70145133,Phường Tăng Nhơn Phú,Phường,Thành phố Hồ Chí Minh,Việt Nam,Actived,
2692,70145134,Phường Long Bình,Phường,Thành phố Hồ Chí Minh,Việt Nam,Actived,
2693,70145135,Phường Long Phước,Phường,Thành phố Hồ Chí Minh,Việt Nam,Actived,
2694,70145136,Phường Long Trường,Phường,Thành phố Hồ Chí Minh,Việt Nam,Actived,
2695,70145137,Phường Cát Lái,Phường,Thành phố Hồ Chí Minh,Việt Nam,Actived,
2696,70145138,Phường Bình Trưng,Phường,Thành phố Hồ Chí Minh,Việt Nam,Actived,
2697,70145139,Phường Phước Long,Phường,Thành phố Hồ Chí Minh,Việt Nam,Actived,
2698,70145140,Phường An Khánh,Phường,Thành phố Hồ Chí Minh,Việt Nam,Actived,
2699,70139141,Xã Vĩnh Lộc,Xã,Thành phố Hồ Chí Minh,Việt Nam,Actived,
2700,70139142,Xã Tân Vĩnh Lộc,Xã,Thành phố Hồ Chí Minh,Việt Nam,Actived,
2701,70139143,Xã Bình Lợi,Xã,Thành phố Hồ Chí Minh,Việt Nam,Actived,
2702,70139144,Xã Tân Nhựt,Xã,Thành phố Hồ Chí Minh,Việt Nam,Actived,
2703,70139145,Xã Bình Chánh,Xã,Thành phố Hồ Chí Minh,Việt Nam,Actived,
2704,70139146,Xã Hưng Long,Xã,Thành phố Hồ Chí Minh,Việt Nam,Actived,
2705,70139147,Xã Bình Hưng,Xã,Thành phố Hồ Chí Minh,Việt Nam,Actived,
2706,70143148,Xã Bình Khánh,Xã,Thành phố Hồ Chí Minh,Việt Nam,Actived,
2707,70143149,Xã An Thới Đông,Xã,Thành phố Hồ Chí Minh,Việt Nam,Actived,
2708,70143150,Xã Cần Giờ,Xã,Thành phố Hồ Chí Minh,Việt Nam,Actived,
2709,70135151,Xã Củ Chi,Xã,Thành phố Hồ Chí Minh,Việt Nam,Actived,
2710,70135152,Xã Tân An Hội,Xã,Thành phố Hồ Chí Minh,Việt Nam,Actived,
2711,70135153,Xã Thái Mỹ,Xã,Thành phố Hồ Chí Minh,Việt Nam,Actived,
2712,70135154,Xã An Nhơn Tây,Xã,Thành phố Hồ Chí Minh,Việt Nam,Actived,
2713,70135155,Xã Nhuận Đức,Xã,Thành phố Hồ Chí Minh,Việt Nam,Actived,
2714,70135156,Xã Phú Hoà Đông,Xã,Thành phố Hồ Chí Minh,Việt Nam,Actived,
2715,70135157,Xã Bình Mỹ,Xã,Thành phố Hồ Chí Minh,Việt Nam,Actived,
2716,70137158,Xã Đông Thạnh,Xã,Thành phố Hồ Chí Minh,Việt Nam,Actived,
2717,70137159,Xã Hóc Môn,Xã,Thành phố Hồ Chí Minh,Việt Nam,Actived,
2718,70137160,Xã Xuân Thới Sơn,Xã,Thành phố Hồ Chí Minh,Việt Nam,Actived,
2719,70137161,Xã Bà Điểm,Xã,Thành phố Hồ Chí Minh,Việt Nam,Actived,
2720,70141162,Xã Nhà Bè,Xã,Thành phố Hồ Chí Minh,Việt Nam,Actived,
2721,70141163,Xã Hiệp Phước,Xã,Thành phố Hồ Chí Minh,Việt Nam,Actived,
2722,71701164,Xã Long Sơn,Xã,Thành phố Hồ Chí Minh,Việt Nam,Actived,
2723,71707165,Xã Hòa Hiệp,Xã,Thành phố Hồ Chí Minh,Việt Nam,Actived,
2724,71707166,Xã Bình Châu,Xã,Thành phố Hồ Chí Minh,Việt Nam,Actived,
2725,71103167,Phường Thới Hoà,Phường,Thành phố Hồ Chí Minh,Việt Nam,Actived,
2726,70143168,Xã Thạnh An,Xã,Thành phố Hồ Chí Minh,Việt Nam,Actived,
2727,81701037,Phường Trà Vinh,Phường,Tỉnh Vĩnh Long,Việt Nam,Actived,
2728,80905001,Xã Cái Nhum,Xã,Tỉnh Vĩnh Long,Việt Nam,Actived,
2729,81701036,Phường Long Đức,Phường,Tỉnh Vĩnh Long,Việt Nam,Actived,
2730,80905002,Xã Tân Long Hội,Xã,Tỉnh Vĩnh Long,Việt Nam,Actived,
2731,81701038,Phường Nguyệt Hóa,Phường,Tỉnh Vĩnh Long,Việt Nam,Actived,
2732,80905003,Xã Nhơn Phú,Xã,Tỉnh Vĩnh Long,Việt Nam,Actived,
2733,81701039,Phường Hòa Thuận,Phường,Tỉnh Vĩnh Long,Việt Nam,Actived,
2734,80905004,Xã Bình Phước,Xã,Tỉnh Vĩnh Long,Việt Nam,Actived,
2735,81703042,Xã Càng Long,Xã,Tỉnh Vĩnh Long,Việt Nam,Actived,
2736,80903005,Xã An Bình,Xã,Tỉnh Vĩnh Long,Việt Nam,Actived,
2737,81703040,Xã An Trường,Xã,Tỉnh Vĩnh Long,Việt Nam,Actived,
2738,80903006,Xã Long Hồ,Xã,Tỉnh Vĩnh Long,Việt Nam,Actived,
2739,81703041,Xã Tân An,Xã,Tỉnh Vĩnh Long,Việt Nam,Actived,
2740,80903007,Xã Phú Quới,Xã,Tỉnh Vĩnh Long,Việt Nam,Actived,
2741,81703043,Xã Nhị Long,Xã,Tỉnh Vĩnh Long,Việt Nam,Actived,
2742,80901008,Phường Thanh Đức,Phường,Tỉnh Vĩnh Long,Việt Nam,Actived,
2743,81703044,Xã Bình Phú,Xã,Tỉnh Vĩnh Long,Việt Nam,Actived,
2744,80901009,Phường Long Châu,Phường,Tỉnh Vĩnh Long,Việt Nam,Actived,
2745,81705046,Xã Châu Thành,Xã,Tỉnh Vĩnh Long,Việt Nam,Actived,
2746,80901010,Phường Phước Hậu,Phường,Tỉnh Vĩnh Long,Việt Nam,Actived,
2747,81705045,Xã Song Lộc,Xã,Tỉnh Vĩnh Long,Việt Nam,Actived,
2748,80901011,Phường Tân Hạnh,Phường,Tỉnh Vĩnh Long,Việt Nam,Actived,
2749,81705047,Xã Hưng Mỹ,Xã,Tỉnh Vĩnh Long,Việt Nam,Actived,
2750,80901012,Phường Tân Ngãi,Phường,Tỉnh Vĩnh Long,Việt Nam,Actived,
2751,81705048,Xã Hòa Minh,Xã,Tỉnh Vĩnh Long,Việt Nam,Actived,
2752,80913013,Xã Quới Thiện,Xã,Tỉnh Vĩnh Long,Việt Nam,Actived,
2753,81705049,Xã Long Hòa,Xã,Tỉnh Vĩnh Long,Việt Nam,Actived,
2754,80913014,Xã Trung Thành,Xã,Tỉnh Vĩnh Long,Việt Nam,Actived,
2755,81707050,Xã Cầu Kè,Xã,Tỉnh Vĩnh Long,Việt Nam,Actived,
2756,80913015,Xã Trung Ngãi,Xã,Tỉnh Vĩnh Long,Việt Nam,Actived,
2757,81707051,Xã Phong Thạnh,Xã,Tỉnh Vĩnh Long,Việt Nam,Actived,
2758,80913016,Xã Quới An,Xã,Tỉnh Vĩnh Long,Việt Nam,Actived,
2759,81707052,Xã An Phú Tân,Xã,Tỉnh Vĩnh Long,Việt Nam,Actived,
2760,80913017,Xã Trung Hiệp,Xã,Tỉnh Vĩnh Long,Việt Nam,Actived,
2761,81707053,Xã Tam Ngãi,Xã,Tỉnh Vĩnh Long,Việt Nam,Actived,
2762,80913018,Xã Hiếu Phụng,Xã,Tỉnh Vĩnh Long,Việt Nam,Actived,
2763,81709056,Xã Tiểu Cần,Xã,Tỉnh Vĩnh Long,Việt Nam,Actived,
2764,80913019,Xã Hiếu Thành,Xã,Tỉnh Vĩnh Long,Việt Nam,Actived,
2765,81709054,Xã Tân Hòa,Xã,Tỉnh Vĩnh Long,Việt Nam,Actived,
2766,80911020,Xã Lục Sỹ Thành,Xã,Tỉnh Vĩnh Long,Việt Nam,Actived,
2767,81709055,Xã Hùng Hòa,Xã,Tỉnh Vĩnh Long,Việt Nam,Actived,
2768,80911021,Xã Trà Ôn,Xã,Tỉnh Vĩnh Long,Việt Nam,Actived,
2769,81709057,Xã Tập Ngãi,Xã,Tỉnh Vĩnh Long,Việt Nam,Actived,
2770,80911022,Xã Trà Côn,Xã,Tỉnh Vĩnh Long,Việt Nam,Actived,
2771,81711060,Xã Cầu Ngang,Xã,Tỉnh Vĩnh Long,Việt Nam,Actived,
2772,80911023,Xã Vĩnh Xuân,Xã,Tỉnh Vĩnh Long,Việt Nam,Actived,
2773,81711058,Xã Mỹ Long,Xã,Tỉnh Vĩnh Long,Việt Nam,Actived,
2774,80911024,Xã Hòa Bình,Xã,Tỉnh Vĩnh Long,Việt Nam,Actived,
2775,81711059,Xã Vinh Kim,Xã,Tỉnh Vĩnh Long,Việt Nam,Actived,
2776,80909025,Xã Hòa Hiệp,Xã,Tỉnh Vĩnh Long,Việt Nam,Actived,
2777,81711061,Xã Nhị Trường,Xã,Tỉnh Vĩnh Long,Việt Nam,Actived,
2778,80909026,Xã Tam Bình,Xã,Tỉnh Vĩnh Long,Việt Nam,Actived,
2779,81711062,Xã Hiệp Mỹ,Xã,Tỉnh Vĩnh Long,Việt Nam,Actived,
2780,80909027,Xã Ngãi Tứ,Xã,Tỉnh Vĩnh Long,Việt Nam,Actived,
2781,81713066,Xã Trà Cú,Xã,Tỉnh Vĩnh Long,Việt Nam,Actived,
2782,80909028,Xã Song Phú,Xã,Tỉnh Vĩnh Long,Việt Nam,Actived,
2783,81713063,Xã Lưu Nghiệp Anh,Xã,Tỉnh Vĩnh Long,Việt Nam,Actived,
2784,80909029,Xã Cái Ngang,Xã,Tỉnh Vĩnh Long,Việt Nam,Actived,
2785,81713064,Xã Đại An,Xã,Tỉnh Vĩnh Long,Việt Nam,Actived,
2786,80908030,Xã Tân Quới,Xã,Tỉnh Vĩnh Long,Việt Nam,Actived,
2787,81713065,Xã Hàm Giang,Xã,Tỉnh Vĩnh Long,Việt Nam,Actived,
2788,80908031,Xã Tân Lược,Xã,Tỉnh Vĩnh Long,Việt Nam,Actived,
2789,81713067,Xã Long Hiệp,Xã,Tỉnh Vĩnh Long,Việt Nam,Actived,
2790,80908032,Xã Mỹ Thuận,Xã,Tỉnh Vĩnh Long,Việt Nam,Actived,
2791,81713068,Xã Tập Sơn,Xã,Tỉnh Vĩnh Long,Việt Nam,Actived,
2792,80907033,Phường Bình Minh,Phường,Tỉnh Vĩnh Long,Việt Nam,Actived,
2793,81716069,Phường Duyên Hải,Phường,Tỉnh Vĩnh Long,Việt Nam,Actived,
2794,80907034,Phường Cái Vồn,Phường,Tỉnh Vĩnh Long,Việt Nam,Actived,
2795,81716070,Phường Trường Long Hòa,Phường,Tỉnh Vĩnh Long,Việt Nam,Actived,
2796,80907035,Phường Đông Thành,Phường,Tỉnh Vĩnh Long,Việt Nam,Actived,
2797,81716071,Xã Long Hữu,Xã,Tỉnh Vĩnh Long,Việt Nam,Actived,
2798,81715072,Xã Long Thành,Xã,Tỉnh Vĩnh Long,Việt Nam,Actived,
2799,81715073,Xã Đông Hải,Xã,Tỉnh Vĩnh Long,Việt Nam,Actived,
2800,81715074,Xã Long Vĩnh,Xã,Tỉnh Vĩnh Long,Việt Nam,Actived,
2801,81715075,Xã Đôn Châu,Xã,Tỉnh Vĩnh Long,Việt Nam,Actived,
2802,81715076,Xã Ngũ Lạc,Xã,Tỉnh Vĩnh Long,Việt Nam,Actived,
2803,81101077,Phường An Hội,Phường,Tỉnh Vĩnh Long,Việt Nam,Actived,
2804,81101078,Phường Phú Khương,Phường,Tỉnh Vĩnh Long,Việt Nam,Actived,
2805,81101079,Phường Bến Tre,Phường,Tỉnh Vĩnh Long,Việt Nam,Actived,
2806,81101080,Phường Sơn Đông,Phường,Tỉnh Vĩnh Long,Việt Nam,Actived,
2807,81103081,Phường Phú Tân,Phường,Tỉnh Vĩnh Long,Việt Nam,Actived,
2808,81103082,Xã Phú Túc,Xã,Tỉnh Vĩnh Long,Việt Nam,Actived,
2809,81103083,Xã Giao Long,Xã,Tỉnh Vĩnh Long,Việt Nam,Actived,
2810,81103084,Xã Tiên Thủy,Xã,Tỉnh Vĩnh Long,Việt Nam,Actived,
2811,81103085,Xã Tân Phú,Xã,Tỉnh Vĩnh Long,Việt Nam,Actived,
2812,81105086,Xã Phú Phụng,Xã,Tỉnh Vĩnh Long,Việt Nam,Actived,
2813,81105087,Xã Chợ Lách,Xã,Tỉnh Vĩnh Long,Việt Nam,Actived,
2814,81105088,Xã Vĩnh Thành,Xã,Tỉnh Vĩnh Long,Việt Nam,Actived,
2815,81105089,Xã Hưng Khánh Trung,Xã,Tỉnh Vĩnh Long,Việt Nam,Actived,
2816,81108090,Xã Phước Mỹ Trung,Xã,Tỉnh Vĩnh Long,Việt Nam,Actived,
2817,81108091,Xã Tân Thành Bình,Xã,Tỉnh Vĩnh Long,Việt Nam,Actived,
2818,81108092,Xã Nhuận Phú Tân,Xã,Tỉnh Vĩnh Long,Việt Nam,Actived,
2819,81107093,Xã Đồng Khởi,Xã,Tỉnh Vĩnh Long,Việt Nam,Actived,
2820,81107094,Xã Mỏ Cày,Xã,Tỉnh Vĩnh Long,Việt Nam,Actived,
2821,81107095,Xã Thành Thới,Xã,Tỉnh Vĩnh Long,Việt Nam,Actived,
2822,81107096,Xã An Định,Xã,Tỉnh Vĩnh Long,Việt Nam,Actived,
2823,81107097,Xã Hương Mỹ,Xã,Tỉnh Vĩnh Long,Việt Nam,Actived,
2824,81115098,Xã Đại Điền,Xã,Tỉnh Vĩnh Long,Việt Nam,Actived,
2825,81115099,Xã Quới Điền,Xã,Tỉnh Vĩnh Long,Việt Nam,Actived,
2826,81115100,Xã Thạnh Phú,Xã,Tỉnh Vĩnh Long,Việt Nam,Actived,
2827,81115101,Xã An Qui,Xã,Tỉnh Vĩnh Long,Việt Nam,Actived,
2828,81115102,Xã Thạnh Hải,Xã,Tỉnh Vĩnh Long,Việt Nam,Actived,
2829,81115103,Xã Thạnh Phong,Xã,Tỉnh Vĩnh Long,Việt Nam,Actived,
2830,81113104,Xã Tân Thủy,Xã,Tỉnh Vĩnh Long,Việt Nam,Actived,
2831,81113105,Xã Bảo Thạnh,Xã,Tỉnh Vĩnh Long,Việt Nam,Actived,
2832,81113106,Xã Ba Tri,Xã,Tỉnh Vĩnh Long,Việt Nam,Actived,
2833,81113107,Xã Tân Xuân,Xã,Tỉnh Vĩnh Long,Việt Nam,Actived,
2834,81113108,Xã Mỹ Chánh Hòa,Xã,Tỉnh Vĩnh Long,Việt Nam,Actived,
2835,81113109,Xã An Ngãi Trung,Xã,Tỉnh Vĩnh Long,Việt Nam,Actived,
2836,81113110,Xã An Hiệp,Xã,Tỉnh Vĩnh Long,Việt Nam,Actived,
2837,81109111,Xã Hưng Nhượng,Xã,Tỉnh Vĩnh Long,Việt Nam,Actived,
2838,81109112,Xã Giồng Trôm,Xã,Tỉnh Vĩnh Long,Việt Nam,Actived,
2839,81109113,Xã Tân Hào,Xã,Tỉnh Vĩnh Long,Việt Nam,Actived,
2840,81109114,Xã Phước Long,Xã,Tỉnh Vĩnh Long,Việt Nam,Actived,
2841,81109115,Xã Lương Phú,Xã,Tỉnh Vĩnh Long,Việt Nam,Actived,
2842,81109116,Xã Châu Hòa,Xã,Tỉnh Vĩnh Long,Việt Nam,Actived,
2843,81109117,Xã Lương Hòa,Xã,Tỉnh Vĩnh Long,Việt Nam,Actived,
2844,81111118,Xã Thới Thuận,Xã,Tỉnh Vĩnh Long,Việt Nam,Actived,
2845,81111119,Xã Thạnh Phước,Xã,Tỉnh Vĩnh Long,Việt Nam,Actived,
2846,81111120,Xã Bình Đại,Xã,Tỉnh Vĩnh Long,Việt Nam,Actived,
2847,81111121,Xã Thạnh Trị,Xã,Tỉnh Vĩnh Long,Việt Nam,Actived,
2848,81111122,Xã Lộc Thuận,Xã,Tỉnh Vĩnh Long,Việt Nam,Actived,
2849,81111123,Xã Châu Hưng,Xã,Tỉnh Vĩnh Long,Việt Nam,Actived,
2850,81111124,Xã Phú Thuận,Xã,Tỉnh Vĩnh Long,Việt Nam,Actived,
2851,80701001,Phường Mỹ Tho,Phường,Tỉnh Đồng Tháp,Việt Nam,Actived,
2852,80701002,Phường Đạo Thạnh,Phường,Tỉnh Đồng Tháp,Việt Nam,Actived,
2853,80701003,Phường Mỹ Phong,Phường,Tỉnh Đồng Tháp,Việt Nam,Actived,
2854,80701004,Phường Thới Sơn,Phường,Tỉnh Đồng Tháp,Việt Nam,Actived,
2855,80701005,Phường Trung An,Phường,Tỉnh Đồng Tháp,Việt Nam,Actived,
2856,80703006,Phường Gò Công,Phường,Tỉnh Đồng Tháp,Việt Nam,Actived,
2857,80703007,Phường Long Thuận,Phường,Tỉnh Đồng Tháp,Việt Nam,Actived,
2858,80703008,Phường Sơn Qui,Phường,Tỉnh Đồng Tháp,Việt Nam,Actived,
2859,80703009,Phường Bình Xuân,Phường,Tỉnh Đồng Tháp,Việt Nam,Actived,
2860,80721010,Phường Mỹ Phước Tây,Phường,Tỉnh Đồng Tháp,Việt Nam,Actived,
2861,80721011,Phường Thanh Hoà,Phường,Tỉnh Đồng Tháp,Việt Nam,Actived,
2862,80721012,Phường Cai Lậy,Phường,Tỉnh Đồng Tháp,Việt Nam,Actived,
2863,80721013,Phường Nhị Quý,Phường,Tỉnh Đồng Tháp,Việt Nam,Actived,
2864,80721014,Xã Tân Phú,Xã,Tỉnh Đồng Tháp,Việt Nam,Actived,
2865,80713015,Xã Thanh Hưng,Xã,Tỉnh Đồng Tháp,Việt Nam,Actived,
2866,80713016,Xã An Hữu,Xã,Tỉnh Đồng Tháp,Việt Nam,Actived,
2867,80713017,Xã Mỹ Lợi,Xã,Tỉnh Đồng Tháp,Việt Nam,Actived,
2868,80713018,Xã Mỹ Đức Tây,Xã,Tỉnh Đồng Tháp,Việt Nam,Actived,
2869,80713019,Xã Mỹ Thiện,Xã,Tỉnh Đồng Tháp,Việt Nam,Actived,
2870,80713020,Xã Hậu Mỹ,Xã,Tỉnh Đồng Tháp,Việt Nam,Actived,
2871,80713021,Xã Hội Cư,Xã,Tỉnh Đồng Tháp,Việt Nam,Actived,
2872,80713022,Xã Cái Bè,Xã,Tỉnh Đồng Tháp,Việt Nam,Actived,
2873,80709023,Xã Bình Phú,Xã,Tỉnh Đồng Tháp,Việt Nam,Actived,
2874,80709024,Xã Hiệp Đức,Xã,Tỉnh Đồng Tháp,Việt Nam,Actived,
2875,80709025,Xã Ngũ Hiệp,Xã,Tỉnh Đồng Tháp,Việt Nam,Actived,
2876,80709026,Xã Long Tiên,Xã,Tỉnh Đồng Tháp,Việt Nam,Actived,
2877,80709027,Xã Mỹ Thành,Xã,Tỉnh Đồng Tháp,Việt Nam,Actived,
2878,80709028,Xã Thạnh Phú,Xã,Tỉnh Đồng Tháp,Việt Nam,Actived,
2879,80705029,Xã Tân Phước 1,Xã,Tỉnh Đồng Tháp,Việt Nam,Actived,
2880,80705030,Xã Tân Phước 2,Xã,Tỉnh Đồng Tháp,Việt Nam,Actived,
2881,80705031,Xã Tân Phước 3,Xã,Tỉnh Đồng Tháp,Việt Nam,Actived,
2882,80705032,Xã Hưng Thạnh,Xã,Tỉnh Đồng Tháp,Việt Nam,Actived,
2883,80707033,Xã Tân Hương,Xã,Tỉnh Đồng Tháp,Việt Nam,Actived,
2884,80707034,Xã Châu Thành,Xã,Tỉnh Đồng Tháp,Việt Nam,Actived,
2885,80707035,Xã Long Hưng,Xã,Tỉnh Đồng Tháp,Việt Nam,Actived,
2886,80707036,Xã Long Định,Xã,Tỉnh Đồng Tháp,Việt Nam,Actived,
2887,80707037,Xã Vĩnh Kim,Xã,Tỉnh Đồng Tháp,Việt Nam,Actived,
2888,80707038,Xã Kim Sơn,Xã,Tỉnh Đồng Tháp,Việt Nam,Actived,
2889,80707039,Xã Bình Trưng,Xã,Tỉnh Đồng Tháp,Việt Nam,Actived,
2890,80711040,Xã Mỹ Tịnh An,Xã,Tỉnh Đồng Tháp,Việt Nam,Actived,
2891,80711041,Xã Lương Hoà Lạc,Xã,Tỉnh Đồng Tháp,Việt Nam,Actived,
2892,80711042,Xã Tân Thuận Bình,Xã,Tỉnh Đồng Tháp,Việt Nam,Actived,
2893,80711043,Xã Chợ Gạo,Xã,Tỉnh Đồng Tháp,Việt Nam,Actived,
2894,80711044,Xã An Thạnh Thủy,Xã,Tỉnh Đồng Tháp,Việt Nam,Actived,
2895,80711045,Xã Bình Ninh,Xã,Tỉnh Đồng Tháp,Việt Nam,Actived,
2896,80715046,Xã Vĩnh Bình,Xã,Tỉnh Đồng Tháp,Việt Nam,Actived,
2897,80715047,Xã Đồng Sơn,Xã,Tỉnh Đồng Tháp,Việt Nam,Actived,
2898,80715048,Xã Phú Thành,Xã,Tỉnh Đồng Tháp,Việt Nam,Actived,
2899,80715049,Xã Long Bình,Xã,Tỉnh Đồng Tháp,Việt Nam,Actived,
2900,80715050,Xã Vĩnh Hựu,Xã,Tỉnh Đồng Tháp,Việt Nam,Actived,
2901,80717051,Xã Gò Công Đông,Xã,Tỉnh Đồng Tháp,Việt Nam,Actived,
2902,80717052,Xã Tân Điền,Xã,Tỉnh Đồng Tháp,Việt Nam,Actived,
2903,80717053,Xã Tân Hoà,Xã,Tỉnh Đồng Tháp,Việt Nam,Actived,
2904,80717054,Xã Tân Đông,Xã,Tỉnh Đồng Tháp,Việt Nam,Actived,
2905,80717055,Xã Gia Thuận,Xã,Tỉnh Đồng Tháp,Việt Nam,Actived,
2906,80719056,Xã Tân Thới,Xã,Tỉnh Đồng Tháp,Việt Nam,Actived,
2907,80719057,Xã Tân Phú Đông,Xã,Tỉnh Đồng Tháp,Việt Nam,Actived,
2908,80305058,Xã Tân Hồng,Xã,Tỉnh Đồng Tháp,Việt Nam,Actived,
2909,80305059,Xã Tân Thành,Xã,Tỉnh Đồng Tháp,Việt Nam,Actived,
2910,80305060,Xã Tân Hộ Cơ,Xã,Tỉnh Đồng Tháp,Việt Nam,Actived,
2911,80305061,Xã An Phước,Xã,Tỉnh Đồng Tháp,Việt Nam,Actived,
2912,80323062,Phường An Bình,Phường,Tỉnh Đồng Tháp,Việt Nam,Actived,
2913,80323063,Phường Hồng Ngự,Phường,Tỉnh Đồng Tháp,Việt Nam,Actived,
2914,80307064,Phường Thường Lạc,Phường,Tỉnh Đồng Tháp,Việt Nam,Actived,
2915,80307065,Xã Thường Phước,Xã,Tỉnh Đồng Tháp,Việt Nam,Actived,
2916,80307066,Xã Long Khánh,Xã,Tỉnh Đồng Tháp,Việt Nam,Actived,
2917,80307067,Xã Long Phú Thuận,Xã,Tỉnh Đồng Tháp,Việt Nam,Actived,
2918,80309068,Xã An Hoà,Xã,Tỉnh Đồng Tháp,Việt Nam,Actived,
2919,80309069,Xã Tam Nông,Xã,Tỉnh Đồng Tháp,Việt Nam,Actived,
2920,80309070,Xã Phú Thọ,Xã,Tỉnh Đồng Tháp,Việt Nam,Actived,
2921,80309071,Xã Tràm Chim,Xã,Tỉnh Đồng Tháp,Việt Nam,Actived,
2922,80309072,Xã Phú Cường,Xã,Tỉnh Đồng Tháp,Việt Nam,Actived,
2923,80309073,Xã An Long,Xã,Tỉnh Đồng Tháp,Việt Nam,Actived,
2924,80311074,Xã Thanh Bình,Xã,Tỉnh Đồng Tháp,Việt Nam,Actived,
2925,80311075,Xã Tân Thạnh,Xã,Tỉnh Đồng Tháp,Việt Nam,Actived,
2926,80311076,Xã Bình Thành,Xã,Tỉnh Đồng Tháp,Việt Nam,Actived,
2927,80311077,Xã Tân Long,Xã,Tỉnh Đồng Tháp,Việt Nam,Actived,
2928,80313078,Xã Tháp Mười,Xã,Tỉnh Đồng Tháp,Việt Nam,Actived,
2929,80313079,Xã Thanh Mỹ,Xã,Tỉnh Đồng Tháp,Việt Nam,Actived,
2930,80313080,Xã Mỹ Quí,Xã,Tỉnh Đồng Tháp,Việt Nam,Actived,
2931,80313081,Xã Đốc Binh Kiều,Xã,Tỉnh Đồng Tháp,Việt Nam,Actived,
2932,80313082,Xã Trường Xuân,Xã,Tỉnh Đồng Tháp,Việt Nam,Actived,
2933,80313083,Xã Phương Thịnh,Xã,Tỉnh Đồng Tháp,Việt Nam,Actived,
2934,80315084,Xã Phong Mỹ,Xã,Tỉnh Đồng Tháp,Việt Nam,Actived,
2935,80315085,Xã Ba Sao,Xã,Tỉnh Đồng Tháp,Việt Nam,Actived,
2936,80315086,Xã Mỹ Thọ,Xã,Tỉnh Đồng Tháp,Việt Nam,Actived,
2937,80315087,Xã Bình Hàng Trung,Xã,Tỉnh Đồng Tháp,Việt Nam,Actived,
2938,80315088,Xã Mỹ Hiệp,Xã,Tỉnh Đồng Tháp,Việt Nam,Actived,
2939,80301089,Phường Cao Lãnh,Phường,Tỉnh Đồng Tháp,Việt Nam,Actived,
2940,80301090,Phường Mỹ Ngãi,Phường,Tỉnh Đồng Tháp,Việt Nam,Actived,
2941,80301091,Phường Mỹ Trà,Phường,Tỉnh Đồng Tháp,Việt Nam,Actived,
2942,80317092,Xã Mỹ An Hưng,Xã,Tỉnh Đồng Tháp,Việt Nam,Actived,
2943,80317093,Xã Tân Khánh Trung,Xã,Tỉnh Đồng Tháp,Việt Nam,Actived,
2944,80317094,Xã Lấp Vò,Xã,Tỉnh Đồng Tháp,Việt Nam,Actived,
2945,80319095,Xã Lai Vung,Xã,Tỉnh Đồng Tháp,Việt Nam,Actived,
2946,80319096,Xã Hoà Long,Xã,Tỉnh Đồng Tháp,Việt Nam,Actived,
2947,80319097,Xã Phong Hoà,Xã,Tỉnh Đồng Tháp,Việt Nam,Actived,
2948,80303098,Phường Sa Đéc,Phường,Tỉnh Đồng Tháp,Việt Nam,Actived,
2949,80319099,Xã Tân Dương,Xã,Tỉnh Đồng Tháp,Việt Nam,Actived,
2950,80321100,Xã Phú Hựu,Xã,Tỉnh Đồng Tháp,Việt Nam,Actived,
2951,80321101,Xã Tân Nhuận Đông,Xã,Tỉnh Đồng Tháp,Việt Nam,Actived,
2952,80321102,Xã Tân Phú Trung,Xã,Tỉnh Đồng Tháp,Việt Nam,Actived,
2953,80501001,Xã Mỹ Hoà Hưng,Xã,Tỉnh An Giang,Việt Nam,Actived,
2954,80501002,Phường Long Xuyên,Phường,Tỉnh An Giang,Việt Nam,Actived,
2955,80501003,Phường Bình Đức,Phường,Tỉnh An Giang,Việt Nam,Actived,
2956,80501004,Phường Mỹ Thới,Phường,Tỉnh An Giang,Việt Nam,Actived,
2957,80503005,Phường Châu Đốc,Phường,Tỉnh An Giang,Việt Nam,Actived,
2958,80503006,Phường Vĩnh Tế,Phường,Tỉnh An Giang,Việt Nam,Actived,
2959,80505007,Xã An Phú,Xã,Tỉnh An Giang,Việt Nam,Actived,
2960,80505008,Xã Vĩnh Hậu,Xã,Tỉnh An Giang,Việt Nam,Actived,
2961,80505009,Xã Nhơn Hội,Xã,Tỉnh An Giang,Việt Nam,Actived,
2962,80505010,Xã Khánh Bình,Xã,Tỉnh An Giang,Việt Nam,Actived,
2963,80505011,Xã Phú Hữu,Xã,Tỉnh An Giang,Việt Nam,Actived,
2964,80507012,Xã Tân An,Xã,Tỉnh An Giang,Việt Nam,Actived,
2965,80507013,Xã Châu Phong,Xã,Tỉnh An Giang,Việt Nam,Actived,
2966,80507014,Xã Vĩnh Xương,Xã,Tỉnh An Giang,Việt Nam,Actived,
2967,80507015,Phường Tân Châu,Phường,Tỉnh An Giang,Việt Nam,Actived,
2968,80507016,Phường Long Phú,Phường,Tỉnh An Giang,Việt Nam,Actived,
2969,80509017,Xã Phú Tân,Xã,Tỉnh An Giang,Việt Nam,Actived,
2970,80509018,Xã Phú An,Xã,Tỉnh An Giang,Việt Nam,Actived,
2971,80509019,Xã Bình Thạnh Đông,Xã,Tỉnh An Giang,Việt Nam,Actived,
2972,80509020,Xã Chợ Vàm,Xã,Tỉnh An Giang,Việt Nam,Actived,
2973,80509021,Xã Hoà Lạc,Xã,Tỉnh An Giang,Việt Nam,Actived,
2974,80509022,Xã Phú Lâm,Xã,Tỉnh An Giang,Việt Nam,Actived,
2975,80511023,Xã Châu Phú,Xã,Tỉnh An Giang,Việt Nam,Actived,
2976,80511024,Xã Mỹ Đức,Xã,Tỉnh An Giang,Việt Nam,Actived,
2977,80511025,Xã Vĩnh Thạnh Trung,Xã,Tỉnh An Giang,Việt Nam,Actived,
2978,80511026,Xã Bình Mỹ,Xã,Tỉnh An Giang,Việt Nam,Actived,
2979,80511027,Xã Thạnh Mỹ Tây,Xã,Tỉnh An Giang,Việt Nam,Actived,
2980,80513028,Xã An Cư,Xã,Tỉnh An Giang,Việt Nam,Actived,
2981,80513029,Xã Núi Cấm,Xã,Tỉnh An Giang,Việt Nam,Actived,
2982,80513030,Phường Tịnh Biên,Phường,Tỉnh An Giang,Việt Nam,Actived,
2983,80513031,Phường Thới Sơn,Phường,Tỉnh An Giang,Việt Nam,Actived,
2984,80513032,Phường Chi Lăng,Phường,Tỉnh An Giang,Việt Nam,Actived,
2985,80515033,Xã Ba Chúc,Xã,Tỉnh An Giang,Việt Nam,Actived,
2986,80515034,Xã Tri Tôn,Xã,Tỉnh An Giang,Việt Nam,Actived,
2987,80515035,Xã Ô Lâm,Xã,Tỉnh An Giang,Việt Nam,Actived,
2988,80515036,Xã Cô Tô,Xã,Tỉnh An Giang,Việt Nam,Actived,
2989,80515037,Xã Vĩnh Gia,Xã,Tỉnh An Giang,Việt Nam,Actived,
2990,80519038,Xã An Châu,Xã,Tỉnh An Giang,Việt Nam,Actived,
2991,80519039,Xã Bình Hoà,Xã,Tỉnh An Giang,Việt Nam,Actived,
2992,80519040,Xã Cần Đăng,Xã,Tỉnh An Giang,Việt Nam,Actived,
2993,80519041,Xã Vĩnh Hanh,Xã,Tỉnh An Giang,Việt Nam,Actived,
2994,80519042,Xã Vĩnh An,Xã,Tỉnh An Giang,Việt Nam,Actived,
2995,80517043,Xã Chợ Mới,Xã,Tỉnh An Giang,Việt Nam,Actived,
2996,80517044,Xã Cù Lao Giêng,Xã,Tỉnh An Giang,Việt Nam,Actived,
2997,80517045,Xã Hội An,Xã,Tỉnh An Giang,Việt Nam,Actived,
2998,80517046,Xã Long Điền,Xã,Tỉnh An Giang,Việt Nam,Actived,
2999,80517047,Xã Nhơn Mỹ,Xã,Tỉnh An Giang,Việt Nam,Actived,
3000,80517048,Xã Long Kiến,Xã,Tỉnh An Giang,Việt Nam,Actived,
3001,80521049,Xã Thoại Sơn,Xã,Tỉnh An Giang,Việt Nam,Actived,
3002,80521050,Xã Óc Eo,Xã,Tỉnh An Giang,Việt Nam,Actived,
3003,80521051,Xã Định Mỹ,Xã,Tỉnh An Giang,Việt Nam,Actived,
3004,80521052,Xã Phú Hoà,Xã,Tỉnh An Giang,Việt Nam,Actived,
3005,80521053,Xã Vĩnh Trạch,Xã,Tỉnh An Giang,Việt Nam,Actived,
3006,80521054,Xã Tây Phú,Xã,Tỉnh An Giang,Việt Nam,Actived,
3007,81319055,Xã Vĩnh Bình,Xã,Tỉnh An Giang,Việt Nam,Actived,
3008,81319056,Xã Vĩnh Thuận,Xã,Tỉnh An Giang,Việt Nam,Actived,
3009,81319057,Xã Vĩnh Phong,Xã,Tỉnh An Giang,Việt Nam,Actived,
3010,81327058,Xã Vĩnh Hoà,Xã,Tỉnh An Giang,Việt Nam,Actived,
3011,81327059,Xã U Minh Thượng,Xã,Tỉnh An Giang,Việt Nam,Actived,
3012,81317060,Xã Đông Hoà,Xã,Tỉnh An Giang,Việt Nam,Actived,
3013,81317061,Xã Tân Thạnh,Xã,Tỉnh An Giang,Việt Nam,Actived,
3014,81317062,Xã Đông Hưng,Xã,Tỉnh An Giang,Việt Nam,Actived,
3015,81317063,Xã An Minh,Xã,Tỉnh An Giang,Việt Nam,Actived,
3016,81317064,Xã Vân Khánh,Xã,Tỉnh An Giang,Việt Nam,Actived,
3017,81315065,Xã Tây Yên,Xã,Tỉnh An Giang,Việt Nam,Actived,
3018,81315066,Xã Đông Thái,Xã,Tỉnh An Giang,Việt Nam,Actived,
3019,81315067,Xã An Biên,Xã,Tỉnh An Giang,Việt Nam,Actived,
3020,81313068,Xã Định Hoà,Xã,Tỉnh An Giang,Việt Nam,Actived,
3021,81313069,Xã Gò Quao,Xã,Tỉnh An Giang,Việt Nam,Actived,
3022,81313070,Xã Vĩnh Hoà Hưng,Xã,Tỉnh An Giang,Việt Nam,Actived,
3023,81313071,Xã Vĩnh Tuy,Xã,Tỉnh An Giang,Việt Nam,Actived,
3024,81311072,Xã Giồng Riềng,Xã,Tỉnh An Giang,Việt Nam,Actived,
3025,81311073,Xã Thạnh Hưng,Xã,Tỉnh An Giang,Việt Nam,Actived,
3026,81311074,Xã Long Thạnh,Xã,Tỉnh An Giang,Việt Nam,Actived,
3027,81311075,Xã Hoà Hưng,Xã,Tỉnh An Giang,Việt Nam,Actived,
3028,81311076,Xã Ngọc Chúc,Xã,Tỉnh An Giang,Việt Nam,Actived,
3029,81311077,Xã Hoà Thuận,Xã,Tỉnh An Giang,Việt Nam,Actived,
3030,81307078,Xã Tân Hội,Xã,Tỉnh An Giang,Việt Nam,Actived,
3031,81307079,Xã Tân Hiệp,Xã,Tỉnh An Giang,Việt Nam,Actived,
3032,81307080,Xã Thạnh Đông,Xã,Tỉnh An Giang,Việt Nam,Actived,
3033,81309081,Xã Thạnh Lộc,Xã,Tỉnh An Giang,Việt Nam,Actived,
3034,81309082,Xã Châu Thành,Xã,Tỉnh An Giang,Việt Nam,Actived,
3035,81309083,Xã Bình An,Xã,Tỉnh An Giang,Việt Nam,Actived,
3036,81305084,Xã Hòn Đất,Xã,Tỉnh An Giang,Việt Nam,Actived,
3037,81305085,Xã Sơn Kiên,Xã,Tỉnh An Giang,Việt Nam,Actived,
3038,81305086,Xã Mỹ Thuận,Xã,Tỉnh An Giang,Việt Nam,Actived,
3039,81305087,Xã Bình Sơn,Xã,Tỉnh An Giang,Việt Nam,Actived,
3040,81305088,Xã Bình Giang,Xã,Tỉnh An Giang,Việt Nam,Actived,
3041,81304089,Xã Giang Thành,Xã,Tỉnh An Giang,Việt Nam,Actived,
3042,81304090,Xã Vĩnh Điều,Xã,Tỉnh An Giang,Việt Nam,Actived,
3043,81303091,Xã Hoà Điền,Xã,Tỉnh An Giang,Việt Nam,Actived,
3044,81303092,Xã Kiên Lương,Xã,Tỉnh An Giang,Việt Nam,Actived,
3045,81303093,Xã Sơn Hải,Xã,Tỉnh An Giang,Việt Nam,Actived,
3046,81303094,Xã Hòn Nghệ,Xã,Tỉnh An Giang,Việt Nam,Actived,
3047,81323095,Đặc khu Kiên Hải,Đặc khu,Tỉnh An Giang,Việt Nam,Actived,
3048,81301096,Phường Vĩnh Thông,Phường,Tỉnh An Giang,Việt Nam,Actived,
3049,81301097,Phường Rạch Giá,Phường,Tỉnh An Giang,Việt Nam,Actived,
3050,81325098,Phường Hà Tiên,Phường,Tỉnh An Giang,Việt Nam,Actived,
3051,81325099,Phường Tô Châu,Phường,Tỉnh An Giang,Việt Nam,Actived,
3052,81325100,Xã Tiên Hải,Xã,Tỉnh An Giang,Việt Nam,Actived,
3053,81321101,Đặc khu Phú Quốc,Đặc khu,Tỉnh An Giang,Việt Nam,Actived,
3054,81321102,Đặc khu Thổ Châu,Đặc khu,Tỉnh An Giang,Việt Nam,Actived,
3055,81519001,Phường Ninh Kiều,Phường,Thành phố Cần Thơ,Việt Nam,Actived,
3056,81519002,Phường Cái Khế,Phường,Thành phố Cần Thơ,Việt Nam,Actived,
3057,81519003,Phường Tân An,Phường,Thành phố Cần Thơ,Việt Nam,Actived,
3058,81519004,Phường An Bình,Phường,Thành phố Cần Thơ,Việt Nam,Actived,
3059,81521005,Phường Thới An Đông,Phường,Thành phố Cần Thơ,Việt Nam,Actived,
3060,81521006,Phường Bình Thủy,Phường,Thành phố Cần Thơ,Việt Nam,Actived,
3061,81521007,Phường Long Tuyền,Phường,Thành phố Cần Thơ,Việt Nam,Actived,
3062,81523008,Phường Cái Răng,Phường,Thành phố Cần Thơ,Việt Nam,Actived,
3063,81523009,Phường Hưng Phú,Phường,Thành phố Cần Thơ,Việt Nam,Actived,
3064,81505010,Phường Ô Môn,Phường,Thành phố Cần Thơ,Việt Nam,Actived,
3065,81505011,Phường Thới Long,Phường,Thành phố Cần Thơ,Việt Nam,Actived,
3066,81505012,Phường Phước Thới,Phường,Thành phố Cần Thơ,Việt Nam,Actived,
3067,81503013,Phường Trung Nhứt,Phường,Thành phố Cần Thơ,Việt Nam,Actived,
3068,81503014,Phường Thốt Nốt,Phường,Thành phố Cần Thơ,Việt Nam,Actived,
3069,81503015,Phường Thuận Hưng,Phường,Thành phố Cần Thơ,Việt Nam,Actived,
3070,81503016,Phường Tân Lộc,Phường,Thành phố Cần Thơ,Việt Nam,Actived,
3071,81529017,Xã Phong Điền,Xã,Thành phố Cần Thơ,Việt Nam,Actived,
3072,81529018,Xã Nhơn Ái,Xã,Thành phố Cần Thơ,Việt Nam,Actived,
3073,81529019,Xã Trường Long,Xã,Thành phố Cần Thơ,Việt Nam,Actived,
3074,81531020,Xã Thới Lai,Xã,Thành phố Cần Thơ,Việt Nam,Actived,
3075,81531021,Xã Đông Thuận,Xã,Thành phố Cần Thơ,Việt Nam,Actived,
3076,81531022,Xã Trường Xuân,Xã,Thành phố Cần Thơ,Việt Nam,Actived,
3077,81531023,Xã Trường Thành,Xã,Thành phố Cần Thơ,Việt Nam,Actived,
3078,81527024,Xã Cờ Đỏ,Xã,Thành phố Cần Thơ,Việt Nam,Actived,
3079,81527025,Xã Đông Hiệp,Xã,Thành phố Cần Thơ,Việt Nam,Actived,
3080,81527026,Xã Thạnh Phú,Xã,Thành phố Cần Thơ,Việt Nam,Actived,
3081,81527027,Xã Thới Hưng,Xã,Thành phố Cần Thơ,Việt Nam,Actived,
3082,81527028,Xã Trung Hưng,Xã,Thành phố Cần Thơ,Việt Nam,Actived,
3083,81525029,Xã Vĩnh Thạnh,Xã,Thành phố Cần Thơ,Việt Nam,Actived,
3084,81525030,Xã Vĩnh Trinh,Xã,Thành phố Cần Thơ,Việt Nam,Actived,
3085,81525031,Xã Thạnh An,Xã,Thành phố Cần Thơ,Việt Nam,Actived,
3086,81525032,Xã Thạnh Quới,Xã,Thành phố Cần Thơ,Việt Nam,Actived,
3087,81601033,Xã Hỏa Lựu,Xã,Thành phố Cần Thơ,Việt Nam,Actived,
3088,81601034,Phường Vị Thanh,Phường,Thành phố Cần Thơ,Việt Nam,Actived,
3089,81601035,Phường Vị Tân,Phường,Thành phố Cần Thơ,Việt Nam,Actived,
3090,81609036,Xã Vị Thủy,Xã,Thành phố Cần Thơ,Việt Nam,Actived,
3091,81609037,Xã Vĩnh Thuận Đông,Xã,Thành phố Cần Thơ,Việt Nam,Actived,
3092,81609038,Xã Vị Thanh 1,Xã,Thành phố Cần Thơ,Việt Nam,Actived,
3093,81609039,Xã Vĩnh Tường,Xã,Thành phố Cần Thơ,Việt Nam,Actived,
3094,81611040,Xã Vĩnh Viễn,Xã,Thành phố Cần Thơ,Việt Nam,Actived,
3095,81611041,Xã Xà Phiên,Xã,Thành phố Cần Thơ,Việt Nam,Actived,
3096,81611042,Xã Lương Tâm,Xã,Thành phố Cần Thơ,Việt Nam,Actived,
3097,81612043,Phường Long Bình,Phường,Thành phố Cần Thơ,Việt Nam,Actived,
3098,81612044,Phường Long Mỹ,Phường,Thành phố Cần Thơ,Việt Nam,Actived,
3099,81612045,Phường Long Phú 1,Phường,Thành phố Cần Thơ,Việt Nam,Actived,
3100,81603046,Xã Thạnh Xuân,Xã,Thành phố Cần Thơ,Việt Nam,Actived,
3101,81603047,Xã Tân Hoà,Xã,Thành phố Cần Thơ,Việt Nam,Actived,
3102,81603048,Xã Trường Long Tây,Xã,Thành phố Cần Thơ,Việt Nam,Actived,
3103,81605049,Xã Châu Thành,Xã,Thành phố Cần Thơ,Việt Nam,Actived,
3104,81605050,Xã Đông Phước,Xã,Thành phố Cần Thơ,Việt Nam,Actived,
3105,81605051,Xã Phú Hữu,Xã,Thành phố Cần Thơ,Việt Nam,Actived,
3106,81607052,Phường Đại Thành,Phường,Thành phố Cần Thơ,Việt Nam,Actived,
3107,81607053,Phường Ngã Bảy,Phường,Thành phố Cần Thơ,Việt Nam,Actived,
3108,81608054,Xã Tân Bình,Xã,Thành phố Cần Thơ,Việt Nam,Actived,
3109,81608055,Xã Hoà An,Xã,Thành phố Cần Thơ,Việt Nam,Actived,
3110,81608056,Xã Phương Bình,Xã,Thành phố Cần Thơ,Việt Nam,Actived,
3111,81608057,Xã Tân Phước Hưng,Xã,Thành phố Cần Thơ,Việt Nam,Actived,
3112,81608058,Xã Hiệp Hưng,Xã,Thành phố Cần Thơ,Việt Nam,Actived,
3113,81608059,Xã Phụng Hiệp,Xã,Thành phố Cần Thơ,Việt Nam,Actived,
3114,81608060,Xã Thạnh Hoà,Xã,Thành phố Cần Thơ,Việt Nam,Actived,
3115,81901061,Phường Phú Lợi,Phường,Thành phố Cần Thơ,Việt Nam,Actived,
3116,81901062,Phường Sóc Trăng,Phường,Thành phố Cần Thơ,Việt Nam,Actived,
3117,81901063,Phường Mỹ Xuyên,Phường,Thành phố Cần Thơ,Việt Nam,Actived,
3118,81909064,Xã Hoà Tú,Xã,Thành phố Cần Thơ,Việt Nam,Actived,
3119,81909065,Xã Gia Hoà,Xã,Thành phố Cần Thơ,Việt Nam,Actived,
3120,81909066,Xã Nhu Gia,Xã,Thành phố Cần Thơ,Việt Nam,Actived,
3121,81909067,Xã Ngọc Tố,Xã,Thành phố Cần Thơ,Việt Nam,Actived,
3122,81905068,Xã Trường Khánh,Xã,Thành phố Cần Thơ,Việt Nam,Actived,
3123,81905069,Xã Đại Ngãi,Xã,Thành phố Cần Thơ,Việt Nam,Actived,
3124,81905070,Xã Tân Thạnh,Xã,Thành phố Cần Thơ,Việt Nam,Actived,
3125,81905071,Xã Long Phú,Xã,Thành phố Cần Thơ,Việt Nam,Actived,
3126,81903072,Xã Nhơn Mỹ,Xã,Thành phố Cần Thơ,Việt Nam,Actived,
3127,81903073,Xã Phong Nẫm,Xã,Thành phố Cần Thơ,Việt Nam,Actived,
3128,81903074,Xã An Lạc Thôn,Xã,Thành phố Cần Thơ,Việt Nam,Actived,
3129,81903075,Xã Kế Sách,Xã,Thành phố Cần Thơ,Việt Nam,Actived,
3130,81903076,Xã Thới An Hội,Xã,Thành phố Cần Thơ,Việt Nam,Actived,
3131,81903077,Xã Đại Hải,Xã,Thành phố Cần Thơ,Việt Nam,Actived,
3132,81915078,Xã Phú Tâm,Xã,Thành phố Cần Thơ,Việt Nam,Actived,
3133,81915079,Xã An Ninh,Xã,Thành phố Cần Thơ,Việt Nam,Actived,
3134,81915080,Xã Thuận Hoà,Xã,Thành phố Cần Thơ,Việt Nam,Actived,
3135,81915081,Xã Hồ Đắc Kiện,Xã,Thành phố Cần Thơ,Việt Nam,Actived,
3136,81907082,Xã Mỹ Tú,Xã,Thành phố Cần Thơ,Việt Nam,Actived,
3137,81907083,Xã Long Hưng,Xã,Thành phố Cần Thơ,Việt Nam,Actived,
3138,81907084,Xã Mỹ Phước,Xã,Thành phố Cần Thơ,Việt Nam,Actived,
3139,81907085,Xã Mỹ Hương,Xã,Thành phố Cần Thơ,Việt Nam,Actived,
3140,81913086,Xã Vĩnh Hải,Xã,Thành phố Cần Thơ,Việt Nam,Actived,
3141,81913087,Xã Lai Hoà,Xã,Thành phố Cần Thơ,Việt Nam,Actived,
3142,81913088,Phường Vĩnh Phước,Phường,Thành phố Cần Thơ,Việt Nam,Actived,
3143,81913089,Phường Vĩnh Châu,Phường,Thành phố Cần Thơ,Việt Nam,Actived,
3144,81913090,Phường Khánh Hoà,Phường,Thành phố Cần Thơ,Việt Nam,Actived,
3145,81912091,Xã Tân Long,Xã,Thành phố Cần Thơ,Việt Nam,Actived,
3146,81912092,Phường Ngã Năm,Phường,Thành phố Cần Thơ,Việt Nam,Actived,
3147,81912093,Phường Mỹ Quới,Phường,Thành phố Cần Thơ,Việt Nam,Actived,
3148,81911094,Xã Phú Lộc,Xã,Thành phố Cần Thơ,Việt Nam,Actived,
3149,81911095,Xã Vĩnh Lợi,Xã,Thành phố Cần Thơ,Việt Nam,Actived,
3150,81911096,Xã Lâm Tân,Xã,Thành phố Cần Thơ,Việt Nam,Actived,
3151,81917097,Xã Thạnh Thới An,Xã,Thành phố Cần Thơ,Việt Nam,Actived,
3152,81917098,Xã Tài Văn,Xã,Thành phố Cần Thơ,Việt Nam,Actived,
3153,81917099,Xã Liêu Tú,Xã,Thành phố Cần Thơ,Việt Nam,Actived,
3154,81917100,Xã Lịch Hội Thượng,Xã,Thành phố Cần Thơ,Việt Nam,Actived,
3155,81917101,Xã Trần Đề,Xã,Thành phố Cần Thơ,Việt Nam,Actived,
3156,81906102,Xã An Thạnh,Xã,Thành phố Cần Thơ,Việt Nam,Actived,
3157,81906103,Xã Cù Lao Dung,Xã,Thành phố Cần Thơ,Việt Nam,Actived,
3158,82301001,Phường An Xuyên,Phường,Tỉnh Cà Mau,Việt Nam,Actived,
3159,82301002,Phường Lý Văn Lâm,Phường,Tỉnh Cà Mau,Việt Nam,Actived,
3160,82301003,Phường Tân Thành,Phường,Tỉnh Cà Mau,Việt Nam,Actived,
3161,82301004,Phường Hòa Thành,Phường,Tỉnh Cà Mau,Việt Nam,Actived,
3162,82311005,Xã Tân Thuận,Xã,Tỉnh Cà Mau,Việt Nam,Actived,
3163,82311006,Xã Tân Tiến,Xã,Tỉnh Cà Mau,Việt Nam,Actived,
3164,82311007,Xã Tạ An Khương,Xã,Tỉnh Cà Mau,Việt Nam,Actived,
3165,82311008,Xã Trần Phán,Xã,Tỉnh Cà Mau,Việt Nam,Actived,
3166,82311009,Xã Thanh Tùng,Xã,Tỉnh Cà Mau,Việt Nam,Actived,
3167,82311010,Xã Đầm Dơi,Xã,Tỉnh Cà Mau,Việt Nam,Actived,
3168,82311011,Xã Quách Phẩm,Xã,Tỉnh Cà Mau,Việt Nam,Actived,
3169,82305012,Xã U Minh,Xã,Tỉnh Cà Mau,Việt Nam,Actived,
3170,82305013,Xã Nguyễn Phích,Xã,Tỉnh Cà Mau,Việt Nam,Actived,
3171,82305014,Xã Khánh Lâm,Xã,Tỉnh Cà Mau,Việt Nam,Actived,
3172,82305015,Xã Khánh An,Xã,Tỉnh Cà Mau,Việt Nam,Actived,
3173,82313016,Xã Phan Ngọc Hiển,Xã,Tỉnh Cà Mau,Việt Nam,Actived,
3174,82313017,Xã Đất Mũi,Xã,Tỉnh Cà Mau,Việt Nam,Actived,
3175,82313018,Xã Tân Ân,Xã,Tỉnh Cà Mau,Việt Nam,Actived,
3176,82307019,Xã Khánh Bình,Xã,Tỉnh Cà Mau,Việt Nam,Actived,
3177,82307020,Xã Đá Bạc,Xã,Tỉnh Cà Mau,Việt Nam,Actived,
3178,82307021,Xã Khánh Hưng,Xã,Tỉnh Cà Mau,Việt Nam,Actived,
3179,82307022,Xã Sông Đốc,Xã,Tỉnh Cà Mau,Việt Nam,Actived,
3180,82307023,Xã Trần Văn Thời,Xã,Tỉnh Cà Mau,Việt Nam,Actived,
3181,82303024,Xã Thới Bình,Xã,Tỉnh Cà Mau,Việt Nam,Actived,
3182,82303025,Xã Trí Phải,Xã,Tỉnh Cà Mau,Việt Nam,Actived,
3183,82303026,Xã Tân Lộc,Xã,Tỉnh Cà Mau,Việt Nam,Actived,
3184,82303027,Xã Hồ Thị Kỷ,Xã,Tỉnh Cà Mau,Việt Nam,Actived,
3185,82303028,Xã Biển Bạch,Xã,Tỉnh Cà Mau,Việt Nam,Actived,
3186,82312029,Xã Đất Mới,Xã,Tỉnh Cà Mau,Việt Nam,Actived,
3187,82312030,Xã Năm Căn,Xã,Tỉnh Cà Mau,Việt Nam,Actived,
3188,82312031,Xã Tam Giang,Xã,Tỉnh Cà Mau,Việt Nam,Actived,
3189,82308032,Xã Cái Đôi Vàm,Xã,Tỉnh Cà Mau,Việt Nam,Actived,
3190,82308033,Xã Nguyễn Việt Khái,Xã,Tỉnh Cà Mau,Việt Nam,Actived,
3191,82308034,Xã Phú Tân,Xã,Tỉnh Cà Mau,Việt Nam,Actived,
3192,82308035,Xã Phú Mỹ,Xã,Tỉnh Cà Mau,Việt Nam,Actived,
3193,82309036,Xã Lương Thế Trân,Xã,Tỉnh Cà Mau,Việt Nam,Actived,
3194,82309037,Xã Tân Hưng,Xã,Tỉnh Cà Mau,Việt Nam,Actived,
3195,82309038,Xã Hưng Mỹ,Xã,Tỉnh Cà Mau,Việt Nam,Actived,
3196,82309039,Xã Cái Nước,Xã,Tỉnh Cà Mau,Việt Nam,Actived,
3197,82101040,Phường Bạc Liêu,Phường,Tỉnh Cà Mau,Việt Nam,Actived,
3198,82101041,Phường Vĩnh Trạch,Phường,Tỉnh Cà Mau,Việt Nam,Actived,
3199,82101042,Phường Hiệp Thành,Phường,Tỉnh Cà Mau,Việt Nam,Actived,
3200,82107043,Phường Giá Rai,Phường,Tỉnh Cà Mau,Việt Nam,Actived,
3201,82107044,Phường Láng Tròn,Phường,Tỉnh Cà Mau,Việt Nam,Actived,
3202,82107045,Xã Phong Thạnh,Xã,Tỉnh Cà Mau,Việt Nam,Actived,
3203,82103046,Xã Hồng Dân,Xã,Tỉnh Cà Mau,Việt Nam,Actived,
3204,82103047,Xã Vĩnh Lộc,Xã,Tỉnh Cà Mau,Việt Nam,Actived,
3205,82103048,Xã Ninh Thạnh Lợi,Xã,Tỉnh Cà Mau,Việt Nam,Actived,
3206,82103049,Xã Ninh Quới,Xã,Tỉnh Cà Mau,Việt Nam,Actived,
3207,82111050,Xã Gành Hào,Xã,Tỉnh Cà Mau,Việt Nam,Actived,
3208,82111051,Xã Định Thành,Xã,Tỉnh Cà Mau,Việt Nam,Actived,
3209,82111052,Xã An Trạch,Xã,Tỉnh Cà Mau,Việt Nam,Actived,
3210,82111053,Xã Long Điền,Xã,Tỉnh Cà Mau,Việt Nam,Actived,
3211,82111054,Xã Đông Hải,Xã,Tỉnh Cà Mau,Việt Nam,Actived,
3212,82106055,Xã Hoà Bình,Xã,Tỉnh Cà Mau,Việt Nam,Actived,
3213,82106056,Xã Vĩnh Mỹ,Xã,Tỉnh Cà Mau,Việt Nam,Actived,
3214,82106057,Xã Vĩnh Hậu,Xã,Tỉnh Cà Mau,Việt Nam,Actived,
3215,82109058,Xã Phước Long,Xã,Tỉnh Cà Mau,Việt Nam,Actived,
3216,82109059,Xã Vĩnh Phước,Xã,Tỉnh Cà Mau,Việt Nam,Actived,
3217,82109060,Xã Phong Hiệp,Xã,Tỉnh Cà Mau,Việt Nam,Actived,
3218,82109061,Xã Vĩnh Thanh,Xã,Tỉnh Cà Mau,Việt Nam,Actived,
3219,82105062,Xã Vĩnh Lợi,Xã,Tỉnh Cà Mau,Việt Nam,Actived,
3220,82105063,Xã Hưng Hội,Xã,Tỉnh Cà Mau,Việt Nam,Actived,
3221,82105064,Xã Châu Thới,Xã,Tỉnh Cà Mau,Việt Nam,Actived,
